{"display":{"thirdperson_righthand":{"rotation":[12,-168,3],"translation":[-0.75,1.25,-2.25],"scale":[0.5,0.5,0.45]},"thirdperson_lefthand":{"rotation":[12,-168,3],"translation":[-0.75,1.25,-2.25],"scale":[0.5,0.5,0.45]},"firstperson_righthand":{"rotation":[23,-57,28],"translation":[7.25,9,-8.25],"scale":[1.25,1.25,1.25]},"firstperson_lefthand":{"rotation":[23,-57,28],"translation":[7.25,9,-8.25],"scale":[1.25,1.25,1.25]},"ground":{"translation":[0,3.5,0],"scale":[0.7,0.7,0.65]},"gui":{"rotation":[90,-34,0],"translation":[-1.25,-0.25,0],"scale":[0.9,0.9,0.85]},"head":{"translation":[0,2.75,-11],"scale":[1,1,0.95]},"fixed":{"rotation":[-90,-180,0],"translation":[0.25,0.25,-8],"scale":[1,1,0.95]}},"texture_size":[64,64],"textures":{"0":"food/cooked_porkchop/pizzacrust","1":"food/cooked_porkchop/cheese","2":"food/cooked_porkchop/pizzastuff","particle":"food/cooked_porkchop/pizzacrust"},"elements":[{"from":[3.5272,0.3596,1.3696],"to":[12.5172,1.0788,3.8868],"rotation":{"angle":0,"axis":"y","origin":[27.2608,23.374,24.384]},"faces":{"north":{"uv":[9.5,16.5,11.5,16.55],"texture":"#0"},"east":{"uv":[9,16.5,9.5,16.55],"texture":"#0"},"south":{"uv":[12,16.5,14,16.55],"texture":"#0"},"west":{"uv":[11.5,16.5,12,16.55],"texture":"#0"},"up":{"uv":[11.5,16.5,9.5,16],"texture":"#0"},"down":{"uv":[13.5,16,11.5,16.5],"texture":"#0"}}},{"from":[4.2464,0.3596,3.8868],"to":[11.798,1.0788,7.1232],"rotation":{"angle":0,"axis":"y","origin":[27.98,23.374,26.9012]},"faces":{"north":{"uv":[9.75,16.75,11.5,16.8],"texture":"#0"},"east":{"uv":[9,16.75,9.75,16.8],"texture":"#0"},"south":{"uv":[12.25,16.75,14,16.8],"texture":"#0"},"west":{"uv":[11.5,16.75,12.25,16.8],"texture":"#0"},"up":{"uv":[11.5,16.75,9.75,16],"texture":"#0"},"down":{"uv":[13.25,16,11.5,16.75],"texture":"#0"}}},{"from":[5.3252,0.3596,7.1232],"to":[10.7192,1.0788,11.0788],"rotation":{"angle":0,"axis":"y","origin":[28.6992,23.374,30.1376]},"faces":{"north":{"uv":[9.75,16.75,11,16.8],"texture":"#0"},"east":{"uv":[9,16.75,9.75,16.8],"texture":"#0"},"south":{"uv":[11.75,16.75,13,16.8],"texture":"#0"},"west":{"uv":[11,16.75,11.75,16.8],"texture":"#0"},"up":{"uv":[11,16.75,9.75,16],"texture":"#0"},"down":{"uv":[12.25,16,11,16.75],"texture":"#0"}}},{"from":[6.0444,0,11.0788],"to":[10,0.7192,13.596],"rotation":{"angle":0,"axis":"y","origin":[29.4184,23.0144,33.0144]},"faces":{"north":{"uv":[9.5,16.5,10.25,16.55],"texture":"#0"},"east":{"uv":[9,16.5,9.5,16.55],"texture":"#0"},"south":{"uv":[10.75,16.5,11.5,16.55],"texture":"#0"},"west":{"uv":[10.25,16.5,10.75,16.55],"texture":"#0"},"up":{"uv":[10.25,16.5,9.5,16],"texture":"#0"},"down":{"uv":[11,16,10.25,16.5],"texture":"#0"}}},{"from":[6.0444,0.75,11.0788],"to":[10,1.4692,13.596],"rotation":{"angle":0,"axis":"y","origin":[29.4184,23.7644,33.0144]},"faces":{"north":{"uv":[5.25,14.75,6,14.8],"texture":"#1"},"east":{"uv":[4.75,14.75,5.25,14.8],"texture":"#1"},"south":{"uv":[6.5,14.75,7.25,14.8],"texture":"#1"},"west":{"uv":[6,14.75,6.5,14.8],"texture":"#1"},"up":{"uv":[6,14.75,5.25,14.25],"texture":"#1"},"down":{"uv":[6.75,14.25,6,14.75],"texture":"#1"}}},{"from":[7.1232,-0.3596,13.4162],"to":[8.9212,0.3596,16.1132],"rotation":{"angle":0,"axis":"y","origin":[30.4972,22.6548,35.172]},"faces":{"north":{"uv":[9.5,16.5,9.75,16.55],"texture":"#0"},"east":{"uv":[9,16.5,9.5,16.55],"texture":"#0"},"south":{"uv":[10.25,16.5,10.5,16.55],"texture":"#0"},"west":{"uv":[9.75,16.5,10.25,16.55],"texture":"#0"},"up":{"uv":[9.75,16.5,9.5,16],"texture":"#0"},"down":{"uv":[10,16,9.75,16.5],"texture":"#0"}}},{"from":[7.4828,-0.3596,15.9334],"to":[8.5616,0.3596,16.8324],"rotation":{"angle":0,"axis":"y","origin":[30.4972,22.6548,36.97]},"faces":{"north":{"uv":[9,15.95,9.25,16],"texture":"#0"},"east":{"uv":[9,15.95,9.05,16],"texture":"#0"},"south":{"uv":[9.25,15.95,9.5,16],"texture":"#0"},"west":{"uv":[9.25,15.95,9.3,16],"texture":"#0"},"up":{"uv":[9.25,15.95,9,16],"texture":"#0"},"down":{"uv":[9.5,15.95,9.25,16],"texture":"#0"}}},{"from":[7.8424,-0.7192,16.6526],"to":[8.202,0,17.192],"rotation":{"angle":0,"axis":"y","origin":[30.4972,22.2952,38.4084]},"faces":{"north":{"uv":[9,15.95,9.05,16],"texture":"#0"},"east":{"uv":[9,15.95,9.05,16],"texture":"#0"},"south":{"uv":[9,15.95,9.05,16],"texture":"#0"},"west":{"uv":[9,15.95,9.05,16],"texture":"#0"},"up":{"uv":[9,15.95,9.05,16],"texture":"#0"},"down":{"uv":[9,15.95,9.05,16],"texture":"#0"}}},{"from":[10.7192,0.3596,7.1232],"to":[11.4384,1.0788,8.5616],"rotation":{"angle":0,"axis":"y","origin":[38.768,23.374,30.1376]},"faces":{"north":{"uv":[9.25,16.25,9.3,16.3],"texture":"#0"},"east":{"uv":[9,16.25,9.25,16.3],"texture":"#0"},"south":{"uv":[9.5,16.25,9.55,16.3],"texture":"#0"},"west":{"uv":[9.25,16.25,9.5,16.3],"texture":"#0"},"up":{"uv":[9.25,16.25,9.3,16],"texture":"#0"},"down":{"uv":[9.25,16,9.3,16.25],"texture":"#0"}}},{"from":[4.606,0.3596,7.1232],"to":[5.3252,1.0788,8.5616],"rotation":{"angle":0,"axis":"y","origin":[32.6548,23.374,30.1376]},"faces":{"north":{"uv":[9.25,16.25,9.3,16.3],"texture":"#0"},"east":{"uv":[9,16.25,9.25,16.3],"texture":"#0"},"south":{"uv":[9.5,16.25,9.55,16.3],"texture":"#0"},"west":{"uv":[9.25,16.25,9.5,16.3],"texture":"#0"},"up":{"uv":[9.25,16.25,9.3,16],"texture":"#0"},"down":{"uv":[9.25,16,9.3,16.25],"texture":"#0"}}},{"from":[10,-0.3596,11.0788],"to":[10.3596,0.3596,12.5172],"rotation":{"angle":0,"axis":"y","origin":[38.0488,22.6548,34.0932]},"faces":{"north":{"uv":[9.25,16.25,9.3,16.3],"texture":"#0"},"east":{"uv":[9,16.25,9.25,16.3],"texture":"#0"},"south":{"uv":[9.5,16.25,9.55,16.3],"texture":"#0"},"west":{"uv":[9.25,16.25,9.5,16.3],"texture":"#0"},"up":{"uv":[9.25,16.25,9.3,16],"texture":"#0"},"down":{"uv":[9.25,16,9.3,16.25],"texture":"#0"}}},{"from":[5.6848,-0.3596,11.0788],"to":[6.0444,0.3596,12.5172],"rotation":{"angle":0,"axis":"y","origin":[33.7336,22.6548,34.0932]},"faces":{"north":{"uv":[9.25,16.25,9.3,16.3],"texture":"#0"},"east":{"uv":[9,16.25,9.25,16.3],"texture":"#0"},"south":{"uv":[9.5,16.25,9.55,16.3],"texture":"#0"},"west":{"uv":[9.25,16.25,9.5,16.3],"texture":"#0"},"up":{"uv":[9.25,16.25,9.3,16],"texture":"#0"},"down":{"uv":[9.25,16,9.3,16.25],"texture":"#0"}}},{"from":[8.9212,-0.3596,13.596],"to":[9.6404,0.3596,15.0344],"rotation":{"angle":0,"axis":"y","origin":[36.97,22.6548,36.6104]},"faces":{"north":{"uv":[9.25,16.25,9.3,16.3],"texture":"#0"},"east":{"uv":[9,16.25,9.25,16.3],"texture":"#0"},"south":{"uv":[9.5,16.25,9.55,16.3],"texture":"#0"},"west":{"uv":[9.25,16.25,9.5,16.3],"texture":"#0"},"up":{"uv":[9.25,16.25,9.3,16],"texture":"#0"},"down":{"uv":[9.25,16,9.3,16.25],"texture":"#0"}}},{"from":[6.404,-0.3596,13.596],"to":[7.1232,0.3596,15.0344],"rotation":{"angle":0,"axis":"y","origin":[34.4528,22.6548,36.6104]},"faces":{"north":{"uv":[9.25,16.25,9.3,16.3],"texture":"#0"},"east":{"uv":[9,16.25,9.25,16.3],"texture":"#0"},"south":{"uv":[9.5,16.25,9.55,16.3],"texture":"#0"},"west":{"uv":[9.25,16.25,9.5,16.3],"texture":"#0"},"up":{"uv":[9.25,16.25,9.3,16],"texture":"#0"},"down":{"uv":[9.25,16,9.3,16.25],"texture":"#0"}}},{"from":[8.9212,-0.7192,15.0344],"to":[9.2808,0,15.394],"rotation":{"angle":0,"axis":"y","origin":[36.97,22.2952,36.97]},"faces":{"north":{"uv":[9,15.95,9.05,16],"texture":"#0"},"east":{"uv":[9,15.95,9.05,16],"texture":"#0"},"south":{"uv":[9,15.95,9.05,16],"texture":"#0"},"west":{"uv":[9,15.95,9.05,16],"texture":"#0"},"up":{"uv":[9,15.95,9.05,16],"texture":"#0"},"down":{"uv":[9,15.95,9.05,16],"texture":"#0"}}},{"from":[6.7636,-0.7192,15.0344],"to":[7.1232,0,15.394],"rotation":{"angle":0,"axis":"y","origin":[34.8124,22.2952,36.97]},"faces":{"north":{"uv":[9,15.95,9.05,16],"texture":"#0"},"east":{"uv":[9,15.95,9.05,16],"texture":"#0"},"south":{"uv":[9,15.95,9.05,16],"texture":"#0"},"west":{"uv":[9,15.95,9.05,16],"texture":"#0"},"up":{"uv":[9,15.95,9.05,16],"texture":"#0"},"down":{"uv":[9,15.95,9.05,16],"texture":"#0"}}},{"from":[10.7192,0,8.5616],"to":[11.0788,0.7192,10],"rotation":{"angle":0,"axis":"y","origin":[38.768,23.0144,31.9356]},"faces":{"north":{"uv":[9.25,16.25,9.3,16.3],"texture":"#0"},"east":{"uv":[9,16.25,9.25,16.3],"texture":"#0"},"south":{"uv":[9.5,16.25,9.55,16.3],"texture":"#0"},"west":{"uv":[9.25,16.25,9.5,16.3],"texture":"#0"},"up":{"uv":[9.25,16.25,9.3,16],"texture":"#0"},"down":{"uv":[9.25,16,9.3,16.25],"texture":"#0"}}},{"from":[11.798,0,3.8868],"to":[12.1576,0.7192,6.0444],"rotation":{"angle":0,"axis":"y","origin":[39.8468,23.0144,27.2608]},"faces":{"north":{"uv":[9.5,16.5,9.55,16.55],"texture":"#0"},"east":{"uv":[9,16.5,9.5,16.55],"texture":"#0"},"south":{"uv":[10,16.5,10.05,16.55],"texture":"#0"},"west":{"uv":[9.5,16.5,10,16.55],"texture":"#0"},"up":{"uv":[9.5,16.5,9.55,16],"texture":"#0"},"down":{"uv":[9.5,16,9.55,16.5],"texture":"#0"}}},{"from":[3.8868,0,3.8868],"to":[4.2464,0.7192,6.0444],"rotation":{"angle":0,"axis":"y","origin":[31.9356,23.0144,27.2608]},"faces":{"north":{"uv":[9.5,16.5,9.55,16.55],"texture":"#0"},"east":{"uv":[9,16.5,9.5,16.55],"texture":"#0"},"south":{"uv":[10,16.5,10.05,16.55],"texture":"#0"},"west":{"uv":[9.5,16.5,10,16.55],"texture":"#0"},"up":{"uv":[9.5,16.5,9.55,16],"texture":"#0"},"down":{"uv":[9.5,16,9.55,16.5],"texture":"#0"}}},{"from":[4.9656,0,8.5616],"to":[5.3252,0.7192,10],"rotation":{"angle":0,"axis":"y","origin":[33.0144,23.0144,31.9356]},"faces":{"north":{"uv":[9.25,16.25,9.3,16.3],"texture":"#0"},"east":{"uv":[9,16.25,9.25,16.3],"texture":"#0"},"south":{"uv":[9.5,16.25,9.55,16.3],"texture":"#0"},"west":{"uv":[9.25,16.25,9.5,16.3],"texture":"#0"},"up":{"uv":[9.25,16.25,9.3,16],"texture":"#0"},"down":{"uv":[9.25,16,9.3,16.25],"texture":"#0"}}},{"from":[4.606,1.1096,7.1232],"to":[5.3252,1.8288,8.5616],"rotation":{"angle":0,"axis":"y","origin":[32.6548,24.124,30.1376]},"faces":{"north":{"uv":[5,14.5,5.05,14.55],"texture":"#1"},"east":{"uv":[4.75,14.5,5,14.55],"texture":"#1"},"south":{"uv":[5.25,14.5,5.3,14.55],"texture":"#1"},"west":{"uv":[5,14.5,5.25,14.55],"texture":"#1"},"up":{"uv":[5,14.5,5.05,14.25],"texture":"#1"},"down":{"uv":[5,14.25,5.05,14.5],"texture":"#1"}}},{"from":[4.2464,1.1096,3.8868],"to":[11.798,1.8288,7.1232],"rotation":{"angle":0,"axis":"y","origin":[27.98,24.124,26.9012]},"faces":{"north":{"uv":[5.5,15,7.25,15.05],"texture":"#1"},"east":{"uv":[4.75,15,5.5,15.05],"texture":"#1"},"south":{"uv":[8,15,9.75,15.05],"texture":"#1"},"west":{"uv":[7.25,15,8,15.05],"texture":"#1"},"up":{"uv":[7.25,15,5.5,14.25],"texture":"#1"},"down":{"uv":[9,14.25,7.25,15],"texture":"#1"}}},{"from":[3.5272,1.1096,1.3696],"to":[12.5172,1.8288,3.8868],"rotation":{"angle":0,"axis":"y","origin":[27.2608,24.124,24.384]},"faces":{"north":{"uv":[5.25,14.75,7.25,14.8],"texture":"#1"},"east":{"uv":[4.75,14.75,5.25,14.8],"texture":"#1"},"south":{"uv":[7.75,14.75,9.75,14.8],"texture":"#1"},"west":{"uv":[7.25,14.75,7.75,14.8],"texture":"#1"},"up":{"uv":[7.25,14.75,5.25,14.25],"texture":"#1"},"down":{"uv":[9.25,14.25,7.25,14.75],"texture":"#1"}}},{"from":[5.3252,1.1096,7.1232],"to":[10.7192,1.8288,11.0788],"rotation":{"angle":0,"axis":"y","origin":[28.6992,24.124,30.1376]},"faces":{"north":{"uv":[5.5,15,6.75,15.05],"texture":"#1"},"east":{"uv":[4.75,15,5.5,15.05],"texture":"#1"},"south":{"uv":[7.5,15,8.75,15.05],"texture":"#1"},"west":{"uv":[6.75,15,7.5,15.05],"texture":"#1"},"up":{"uv":[6.75,15,5.5,14.25],"texture":"#1"},"down":{"uv":[8,14.25,6.75,15],"texture":"#1"}}},{"from":[10.7192,1.1096,7.1232],"to":[11.4384,1.8288,8.5616],"rotation":{"angle":0,"axis":"y","origin":[38.768,24.124,30.1376]},"faces":{"north":{"uv":[11.25,1.5,11.3,1.55],"texture":"#1"},"east":{"uv":[11,1.5,11.25,1.55],"texture":"#1"},"south":{"uv":[11.5,1.5,11.55,1.55],"texture":"#1"},"west":{"uv":[11.25,1.5,11.5,1.55],"texture":"#1"},"up":{"uv":[11.25,1.5,11.3,1.25],"texture":"#1"},"down":{"uv":[11.25,1.25,11.3,1.5],"texture":"#1"}}},{"from":[10.7192,0.75,8.5616],"to":[11.0788,1.4692,10],"rotation":{"angle":0,"axis":"y","origin":[38.768,23.7644,31.9356]},"faces":{"north":{"uv":[5,14.5,5.05,14.55],"texture":"#1"},"east":{"uv":[4.75,14.5,5,14.55],"texture":"#1"},"south":{"uv":[5.25,14.5,5.3,14.55],"texture":"#1"},"west":{"uv":[5,14.5,5.25,14.55],"texture":"#1"},"up":{"uv":[5,14.5,5.05,14.25],"texture":"#1"},"down":{"uv":[5,14.25,5.05,14.5],"texture":"#1"}}},{"from":[11.798,0.75,3.8868],"to":[12.1576,1.4692,6.0444],"rotation":{"angle":0,"axis":"y","origin":[39.8468,23.7644,27.2608]},"faces":{"north":{"uv":[5.25,14.75,5.3,14.8],"texture":"#1"},"east":{"uv":[4.75,14.75,5.25,14.8],"texture":"#1"},"south":{"uv":[5.75,14.75,5.8,14.8],"texture":"#1"},"west":{"uv":[5.25,14.75,5.75,14.8],"texture":"#1"},"up":{"uv":[5.25,14.75,5.3,14.25],"texture":"#1"},"down":{"uv":[5.25,14.25,5.3,14.75],"texture":"#1"}}},{"from":[10,0.3904,11.0788],"to":[10.3596,1.1096,12.5172],"rotation":{"angle":0,"axis":"y","origin":[38.0488,23.4048,34.0932]},"faces":{"north":{"uv":[5,14.5,5.05,14.55],"texture":"#1"},"east":{"uv":[4.75,14.5,5,14.55],"texture":"#1"},"south":{"uv":[5.25,14.5,5.3,14.55],"texture":"#1"},"west":{"uv":[5,14.5,5.25,14.55],"texture":"#1"},"up":{"uv":[5,14.5,5.05,14.25],"texture":"#1"},"down":{"uv":[5,14.25,5.05,14.5],"texture":"#1"}}},{"from":[10.7174,-0.7192,10.0276],"to":[11.077,1.375,10.317],"rotation":{"angle":0,"axis":"y","origin":[33.3722,23.1702,31.7834]},"faces":{"north":{"uv":[4.75,14.25,4.8,14.75],"texture":"#1"},"east":{"uv":[4.75,14.25,4.8,14.75],"texture":"#1"},"south":{"uv":[4.75,14.25,4.8,14.75],"texture":"#1"},"west":{"uv":[4.75,14.25,4.8,14.75],"texture":"#1"},"up":{"uv":[4.75,14.25,4.8,14.3],"texture":"#1"},"down":{"uv":[4.75,14.25,4.8,14.3],"texture":"#1"}}},{"from":[10.4674,-1.2192,11.1526],"to":[10.827,0.875,11.442],"rotation":{"angle":0,"axis":"y","origin":[33.1222,23.1702,32.9084]},"faces":{"north":{"uv":[4.75,14.25,4.8,14.75],"texture":"#1"},"east":{"uv":[4.75,14.25,4.8,14.75],"texture":"#1"},"south":{"uv":[4.75,14.25,4.8,14.75],"texture":"#1"},"west":{"uv":[4.75,14.25,4.8,14.75],"texture":"#1"},"up":{"uv":[4.75,14.25,4.8,14.3],"texture":"#1"},"down":{"uv":[4.75,14.25,4.8,14.3],"texture":"#1"}}},{"from":[10.0462,-1.2192,12.5344],"to":[10.4058,0.75,12.894],"rotation":{"angle":0,"axis":"y","origin":[38.095,22.7952,34.47]},"faces":{"north":{"uv":[4.75,14.25,4.8,14.5],"texture":"#1"},"east":{"uv":[4.75,14.25,4.8,14.5],"texture":"#1"},"south":{"uv":[4.75,14.25,4.8,14.5],"texture":"#1"},"west":{"uv":[4.75,14.25,4.8,14.5],"texture":"#1"},"up":{"uv":[4.75,14.25,4.8,14.3],"texture":"#1"},"down":{"uv":[4.75,14.25,4.8,14.3],"texture":"#1"}}},{"from":[9.6712,-0.7192,13.6594],"to":[10.0308,0.75,14.019],"rotation":{"angle":0,"axis":"y","origin":[37.72,22.7952,35.595]},"faces":{"north":{"uv":[4.75,14.25,4.8,14.5],"texture":"#1"},"east":{"uv":[4.75,14.25,4.8,14.5],"texture":"#1"},"south":{"uv":[4.75,14.25,4.8,14.5],"texture":"#1"},"west":{"uv":[4.75,14.25,4.8,14.5],"texture":"#1"},"up":{"uv":[4.75,14.25,4.8,14.3],"texture":"#1"},"down":{"uv":[4.75,14.25,4.8,14.3],"texture":"#1"}}},{"from":[8.9212,-1.0942,15.4094],"to":[9.2808,0.5,15.769],"rotation":{"angle":0,"axis":"y","origin":[36.97,22.5452,37.345]},"faces":{"north":{"uv":[4.75,14.25,4.8,14.5],"texture":"#1"},"east":{"uv":[4.75,14.25,4.8,14.5],"texture":"#1"},"south":{"uv":[4.75,14.25,4.8,14.5],"texture":"#1"},"west":{"uv":[4.75,14.25,4.8,14.5],"texture":"#1"},"up":{"uv":[4.75,14.25,4.8,14.3],"texture":"#1"},"down":{"uv":[4.75,14.25,4.8,14.3],"texture":"#1"}}},{"from":[8.9212,0.0308,15.0344],"to":[9.2808,0.75,15.394],"rotation":{"angle":0,"axis":"y","origin":[36.97,23.0452,36.97]},"faces":{"north":{"uv":[4.75,14.25,4.8,14.3],"texture":"#1"},"east":{"uv":[4.75,14.25,4.8,14.3],"texture":"#1"},"south":{"uv":[4.75,14.25,4.8,14.3],"texture":"#1"},"west":{"uv":[4.75,14.25,4.8,14.3],"texture":"#1"},"up":{"uv":[4.75,14.25,4.8,14.3],"texture":"#1"},"down":{"uv":[4.75,14.25,4.8,14.3],"texture":"#1"}}},{"from":[8.2174,-1.3442,16.9026],"to":[8.577,0.5,17.192],"rotation":{"angle":0,"axis":"y","origin":[30.8722,22.7952,38.6584]},"faces":{"north":{"uv":[4.75,14.25,4.8,14.5],"texture":"#1"},"east":{"uv":[4.75,14.25,4.8,14.5],"texture":"#1"},"south":{"uv":[4.75,14.25,4.8,14.5],"texture":"#1"},"west":{"uv":[4.75,14.25,4.8,14.5],"texture":"#1"},"up":{"uv":[4.75,14.25,4.8,14.3],"texture":"#1"},"down":{"uv":[4.75,14.25,4.8,14.3],"texture":"#1"}}},{"from":[7.8424,0.0308,16.6526],"to":[8.202,0.75,17.192],"rotation":{"angle":0,"axis":"y","origin":[30.4972,23.0452,38.4084]},"faces":{"north":{"uv":[4.75,14.25,4.8,14.3],"texture":"#1"},"east":{"uv":[4.75,14.25,4.8,14.3],"texture":"#1"},"south":{"uv":[4.75,14.25,4.8,14.3],"texture":"#1"},"west":{"uv":[4.75,14.25,4.8,14.3],"texture":"#1"},"up":{"uv":[4.75,14.25,4.8,14.3],"texture":"#1"},"down":{"uv":[4.75,14.25,4.8,14.3],"texture":"#1"}}},{"from":[7.4828,0.3904,15.9334],"to":[8.5616,1.1096,16.8324],"rotation":{"angle":0,"axis":"y","origin":[30.4972,23.4048,36.97]},"faces":{"north":{"uv":[4.75,14.25,5,14.3],"texture":"#1"},"east":{"uv":[4.75,14.25,4.8,14.3],"texture":"#1"},"south":{"uv":[5,14.25,5.25,14.3],"texture":"#1"},"west":{"uv":[5,14.25,5.05,14.3],"texture":"#1"},"up":{"uv":[5,14.25,4.75,14.3],"texture":"#1"},"down":{"uv":[5.25,14.25,5,14.3],"texture":"#1"}}},{"from":[7.1232,0.3904,13.4162],"to":[8.9212,1.1096,16.1132],"rotation":{"angle":0,"axis":"y","origin":[30.4972,23.4048,35.172]},"faces":{"north":{"uv":[5.25,14.75,5.5,14.8],"texture":"#1"},"east":{"uv":[4.75,14.75,5.25,14.8],"texture":"#1"},"south":{"uv":[6,14.75,6.25,14.8],"texture":"#1"},"west":{"uv":[5.5,14.75,6,14.8],"texture":"#1"},"up":{"uv":[5.5,14.75,5.25,14.25],"texture":"#1"},"down":{"uv":[5.75,14.25,5.5,14.75],"texture":"#1"}}},{"from":[8.9212,0.3904,13.596],"to":[9.6404,1.1096,15.0344],"rotation":{"angle":0,"axis":"y","origin":[36.97,23.4048,36.6104]},"faces":{"north":{"uv":[5,14.5,5.05,14.55],"texture":"#1"},"east":{"uv":[4.75,14.5,5,14.55],"texture":"#1"},"south":{"uv":[5.25,14.5,5.3,14.55],"texture":"#1"},"west":{"uv":[5,14.5,5.25,14.55],"texture":"#1"},"up":{"uv":[5,14.5,5.05,14.25],"texture":"#1"},"down":{"uv":[5,14.25,5.05,14.5],"texture":"#1"}}},{"from":[6.404,0.3904,13.596],"to":[7.1232,1.1096,15.0344],"rotation":{"angle":0,"axis":"y","origin":[34.4528,23.4048,36.6104]},"faces":{"north":{"uv":[5,14.5,5.05,14.55],"texture":"#1"},"east":{"uv":[4.75,14.5,5,14.55],"texture":"#1"},"south":{"uv":[5.25,14.5,5.3,14.55],"texture":"#1"},"west":{"uv":[5,14.5,5.25,14.55],"texture":"#1"},"up":{"uv":[5,14.5,5.05,14.25],"texture":"#1"},"down":{"uv":[5,14.25,5.05,14.5],"texture":"#1"}}},{"from":[6.7174,-1.2192,15.4026],"to":[7.077,0.5,15.692],"rotation":{"angle":0,"axis":"y","origin":[29.3722,22.7952,37.1584]},"faces":{"north":{"uv":[4.75,14.25,4.8,14.5],"texture":"#1"},"east":{"uv":[4.75,14.25,4.8,14.5],"texture":"#1"},"south":{"uv":[4.75,14.25,4.8,14.5],"texture":"#1"},"west":{"uv":[4.75,14.25,4.8,14.5],"texture":"#1"},"up":{"uv":[4.75,14.25,4.8,14.3],"texture":"#1"},"down":{"uv":[4.75,14.25,4.8,14.3],"texture":"#1"}}},{"from":[6.7636,0.0308,15.0344],"to":[7.1232,0.75,15.394],"rotation":{"angle":0,"axis":"y","origin":[34.8124,23.0452,36.97]},"faces":{"north":{"uv":[4.75,14.25,4.8,14.3],"texture":"#1"},"east":{"uv":[4.75,14.25,4.8,14.3],"texture":"#1"},"south":{"uv":[4.75,14.25,4.8,14.3],"texture":"#1"},"west":{"uv":[4.75,14.25,4.8,14.3],"texture":"#1"},"up":{"uv":[4.75,14.25,4.8,14.3],"texture":"#1"},"down":{"uv":[4.75,14.25,4.8,14.3],"texture":"#1"}}},{"from":[5.5924,-1.0942,12.5276],"to":[5.952,0.625,12.817],"rotation":{"angle":0,"axis":"y","origin":[28.2472,22.5452,34.2834]},"faces":{"north":{"uv":[4.75,14.25,4.8,14.5],"texture":"#1"},"east":{"uv":[4.75,14.25,4.8,14.5],"texture":"#1"},"south":{"uv":[4.75,14.25,4.8,14.5],"texture":"#1"},"west":{"uv":[4.75,14.25,4.8,14.5],"texture":"#1"},"up":{"uv":[4.75,14.25,4.8,14.3],"texture":"#1"},"down":{"uv":[4.75,14.25,4.8,14.3],"texture":"#1"}}},{"from":[5.6848,0.3904,11.0788],"to":[6.0444,1.1096,12.5172],"rotation":{"angle":0,"axis":"y","origin":[33.7336,23.4048,34.0932]},"faces":{"north":{"uv":[5,14.5,5.05,14.55],"texture":"#1"},"east":{"uv":[4.75,14.5,5,14.55],"texture":"#1"},"south":{"uv":[5.25,14.5,5.3,14.55],"texture":"#1"},"west":{"uv":[5,14.5,5.25,14.55],"texture":"#1"},"up":{"uv":[5,14.5,5.05,14.25],"texture":"#1"},"down":{"uv":[5,14.25,5.05,14.5],"texture":"#1"}}},{"from":[4.9674,-1.4692,10.0276],"to":[5.327,1.125,10.317],"rotation":{"angle":0,"axis":"y","origin":[27.6222,23.0452,31.7834]},"faces":{"north":{"uv":[4.75,14.25,4.8,14.75],"texture":"#1"},"east":{"uv":[4.75,14.25,4.8,14.75],"texture":"#1"},"south":{"uv":[4.75,14.25,4.8,14.75],"texture":"#1"},"west":{"uv":[4.75,14.25,4.8,14.75],"texture":"#1"},"up":{"uv":[4.75,14.25,4.8,14.3],"texture":"#1"},"down":{"uv":[4.75,14.25,4.8,14.3],"texture":"#1"}}},{"from":[4.9656,0.75,8.5616],"to":[5.3252,1.4692,10],"rotation":{"angle":0,"axis":"y","origin":[33.0144,23.7644,31.9356]},"faces":{"north":{"uv":[5,14.5,5.05,14.55],"texture":"#1"},"east":{"uv":[4.75,14.5,5,14.55],"texture":"#1"},"south":{"uv":[5.25,14.5,5.3,14.55],"texture":"#1"},"west":{"uv":[5,14.5,5.25,14.55],"texture":"#1"},"up":{"uv":[5,14.5,5.05,14.25],"texture":"#1"},"down":{"uv":[5,14.25,5.05,14.5],"texture":"#1"}}},{"from":[4.5924,-1.0942,8.5276],"to":[4.952,0.5,8.817],"rotation":{"angle":0,"axis":"y","origin":[27.2472,22.7952,30.2834]},"faces":{"north":{"uv":[4.75,14.25,4.8,14.5],"texture":"#1"},"east":{"uv":[4.75,14.25,4.8,14.5],"texture":"#1"},"south":{"uv":[4.75,14.25,4.8,14.5],"texture":"#1"},"west":{"uv":[4.75,14.25,4.8,14.5],"texture":"#1"},"up":{"uv":[4.75,14.25,4.8,14.3],"texture":"#1"},"down":{"uv":[4.75,14.25,4.8,14.3],"texture":"#1"}}},{"from":[4.2174,0.1558,7.1526],"to":[4.577,1.25,7.442],"rotation":{"angle":0,"axis":"y","origin":[26.8722,23.5452,28.9084]},"faces":{"north":{"uv":[4.75,14.25,4.8,14.5],"texture":"#1"},"east":{"uv":[4.75,14.25,4.8,14.5],"texture":"#1"},"south":{"uv":[4.75,14.25,4.8,14.5],"texture":"#1"},"west":{"uv":[4.75,14.25,4.8,14.5],"texture":"#1"},"up":{"uv":[4.75,14.25,4.8,14.3],"texture":"#1"},"down":{"uv":[4.75,14.25,4.8,14.3],"texture":"#1"}}},{"from":[3.8868,0.75,3.8868],"to":[4.2464,1.4692,6.0444],"rotation":{"angle":0,"axis":"y","origin":[31.9356,23.7644,27.2608]},"faces":{"north":{"uv":[5.25,14.75,5.3,14.8],"texture":"#1"},"east":{"uv":[4.75,14.75,5.25,14.8],"texture":"#1"},"south":{"uv":[5.75,14.75,5.8,14.8],"texture":"#1"},"west":{"uv":[5.25,14.75,5.75,14.8],"texture":"#1"},"up":{"uv":[5.25,14.75,5.3,14.25],"texture":"#1"},"down":{"uv":[5.25,14.25,5.3,14.75],"texture":"#1"}}},{"from":[13.125,0.875,0.125],"to":[13.375,2.125,0.875],"rotation":{"angle":0,"axis":"y","origin":[18.625,8,7.625]},"faces":{"north":{"uv":[8.25,15,8.3,15.25],"texture":"#0"},"east":{"uv":[8.25,15,8.3,15.25],"texture":"#0"},"south":{"uv":[8.25,15,8.3,15.25],"texture":"#0"},"west":{"uv":[8.25,15,8.3,15.25],"texture":"#0"},"up":{"uv":[8.25,15,8.3,15.05],"texture":"#0"},"down":{"uv":[8.25,15,8.3,15.05],"texture":"#0"}}},{"from":[2.875,0.5,-0.125],"to":[13.125,2.5,1],"rotation":{"angle":0,"axis":"y","origin":[14.5,8,7.625]},"faces":{"north":{"uv":[8.5,15.25,11,15.75],"texture":"#0"},"east":{"uv":[8.25,15.25,8.5,15.75],"texture":"#0"},"south":{"uv":[11.25,15.25,13.75,15.75],"texture":"#0"},"west":{"uv":[11,15.25,11.25,15.75],"texture":"#0"},"up":{"uv":[11,15.25,8.5,15],"texture":"#0"},"down":{"uv":[13.5,15,11,15.25],"texture":"#0"}}},{"from":[3.25,2.5,0.125],"to":[12.875,2.625,0.75],"rotation":{"angle":0,"axis":"y","origin":[14.5,10,7.625]},"faces":{"north":{"uv":[8.25,15,10.5,15.05],"texture":"#0"},"east":{"uv":[8.25,15,8.3,15.05],"texture":"#0"},"south":{"uv":[10.5,15,12.75,15.05],"texture":"#0"},"west":{"uv":[10.5,15,10.55,15.05],"texture":"#0"},"up":{"uv":[10.5,15,8.25,15.05],"texture":"#0"},"down":{"uv":[12.75,15,10.5,15.05],"texture":"#0"}}},{"from":[3.25,0.625,-0.5],"to":[12.75,2.375,0],"rotation":{"angle":0,"axis":"y","origin":[14.5,8,6.625]},"faces":{"north":{"uv":[8.25,15,10.5,15.25],"texture":"#0"},"east":{"uv":[8.25,15,8.3,15.25],"texture":"#0"},"south":{"uv":[10.5,15,12.75,15.25],"texture":"#0"},"west":{"uv":[10.5,15,10.55,15.25],"texture":"#0"},"up":{"uv":[10.5,15,8.25,15.05],"texture":"#0"},"down":{"uv":[12.75,15,10.5,15.05],"texture":"#0"}}},{"from":[3.375,0.5,1],"to":[12.625,2.25,1.375],"rotation":{"angle":0,"axis":"y","origin":[14.5,8,8]},"faces":{"north":{"uv":[8.25,15,10.5,15.25],"texture":"#0"},"east":{"uv":[8.25,15,8.3,15.25],"texture":"#0"},"south":{"uv":[10.5,15,12.75,15.25],"texture":"#0"},"west":{"uv":[10.5,15,10.55,15.25],"texture":"#0"},"up":{"uv":[10.5,15,8.25,15.05],"texture":"#0"},"down":{"uv":[12.75,15,10.5,15.05],"texture":"#0"}}},{"from":[2.625,0.875,0.125],"to":[2.875,2.125,0.875],"rotation":{"angle":0,"axis":"y","origin":[8.125,8,7.625]},"faces":{"north":{"uv":[8.25,15,8.3,15.25],"texture":"#0"},"east":{"uv":[8.25,15,8.3,15.25],"texture":"#0"},"south":{"uv":[8.25,15,8.3,15.25],"texture":"#0"},"west":{"uv":[8.25,15,8.3,15.25],"texture":"#0"},"up":{"uv":[8.25,15,8.3,15.05],"texture":"#0"},"down":{"uv":[8.25,15,8.3,15.05],"texture":"#0"}}},{"from":[4.625,1.75,2.25],"to":[6,2.25,3.5],"rotation":{"angle":0,"axis":"y","origin":[12.625,9.75,10.625]},"faces":{"north":{"uv":[9.75,12.25,10,12.3],"texture":"#2"},"east":{"uv":[9.5,12.25,9.75,12.3],"texture":"#2"},"south":{"uv":[10.25,12.25,10.5,12.3],"texture":"#2"},"west":{"uv":[10,12.25,10.25,12.3],"texture":"#2"},"up":{"uv":[10,12.25,9.75,12],"texture":"#2"},"down":{"uv":[10.25,12,10,12.25],"texture":"#2"}}},{"from":[5.5,1.75,8.125],"to":[6.875,2.25,9.375],"rotation":{"angle":0,"axis":"y","origin":[13.5,9.75,16.5]},"faces":{"north":{"uv":[6.25,10.5,6.5,10.55],"texture":"#2"},"east":{"uv":[6,10.5,6.25,10.55],"texture":"#2"},"south":{"uv":[6.75,10.5,7,10.55],"texture":"#2"},"west":{"uv":[6.5,10.5,6.75,10.55],"texture":"#2"},"up":{"uv":[6.5,10.5,6.25,10.25],"texture":"#2"},"down":{"uv":[6.75,10.25,6.5,10.5],"texture":"#2"}}},{"from":[5.875,1.75,5.25],"to":[7.25,2.25,6.5],"rotation":{"angle":0,"axis":"y","origin":[13.875,9.75,13.625]},"faces":{"north":{"uv":[9.75,12.25,10,12.3],"texture":"#2"},"east":{"uv":[9.5,12.25,9.75,12.3],"texture":"#2"},"south":{"uv":[10.25,12.25,10.5,12.3],"texture":"#2"},"west":{"uv":[10,12.25,10.25,12.3],"texture":"#2"},"up":{"uv":[10,12.25,9.75,12],"texture":"#2"},"down":{"uv":[10.25,12,10,12.25],"texture":"#2"}}},{"from":[8.125,1.5,10.625],"to":[9.5,2,11.875],"rotation":{"angle":0,"axis":"y","origin":[16.125,9.5,19]},"faces":{"north":{"uv":[4.5,10.25,4.75,10.3],"texture":"#2"},"east":{"uv":[4.25,10.25,4.5,10.3],"texture":"#2"},"south":{"uv":[5,10.25,5.25,10.3],"texture":"#2"},"west":{"uv":[4.75,10.25,5,10.3],"texture":"#2"},"up":{"uv":[4.75,10.25,4.5,10],"texture":"#2"},"down":{"uv":[5,10,4.75,10.25],"texture":"#2"}}},{"from":[7.875,1.125,14.625],"to":[9.25,1.625,15.875],"rotation":{"angle":0,"axis":"y","origin":[15.875,9.125,23]},"faces":{"north":{"uv":[6.25,10.5,6.5,10.55],"texture":"#2"},"east":{"uv":[6,10.5,6.25,10.55],"texture":"#2"},"south":{"uv":[6.75,10.5,7,10.55],"texture":"#2"},"west":{"uv":[6.5,10.5,6.75,10.55],"texture":"#2"},"up":{"uv":[6.5,10.5,6.25,10.25],"texture":"#2"},"down":{"uv":[6.75,10.25,6.5,10.5],"texture":"#2"}}},{"from":[6.25,1.5,12.5],"to":[7.625,2,13.75],"rotation":{"angle":0,"axis":"y","origin":[14.25,9.5,20.875]},"faces":{"north":{"uv":[10.5,12.25,10.75,12.3],"texture":"#2"},"east":{"uv":[10.25,12.25,10.5,12.3],"texture":"#2"},"south":{"uv":[11,12.25,11.25,12.3],"texture":"#2","cullface":"south"},"west":{"uv":[10.75,12.25,11,12.3],"texture":"#2"},"up":{"uv":[10.75,12.25,10.5,12],"texture":"#2"},"down":{"uv":[11,12,10.75,12.25],"texture":"#2"}}},{"from":[7.5,1.75,2.75],"to":[8.875,2.25,4],"rotation":{"angle":0,"axis":"y","origin":[15.5,9.75,11.125]},"faces":{"north":{"uv":[4.5,10.25,4.75,10.3],"texture":"#2"},"east":{"uv":[4.25,10.25,4.5,10.3],"texture":"#2"},"south":{"uv":[5,10.25,5.25,10.3],"texture":"#2"},"west":{"uv":[4.75,10.25,5,10.3],"texture":"#2"},"up":{"uv":[4.75,10.25,4.5,10],"texture":"#2"},"down":{"uv":[5,10,4.75,10.25],"texture":"#2"}}},{"from":[9.375,1.75,5],"to":[10.75,2.25,6.25],"rotation":{"angle":0,"axis":"y","origin":[17.375,9.75,13.375]},"faces":{"north":{"uv":[4.5,10.25,4.75,10.3],"texture":"#2"},"east":{"uv":[4.25,10.25,4.5,10.3],"texture":"#2"},"south":{"uv":[5,10.25,5.25,10.3],"texture":"#2"},"west":{"uv":[4.75,10.25,5,10.3],"texture":"#2"},"up":{"uv":[4.75,10.25,4.5,10],"texture":"#2"},"down":{"uv":[5,10,4.75,10.25],"texture":"#2"}}},{"from":[11.125,1.75,1.875],"to":[12.5,2.25,3.125],"rotation":{"angle":0,"axis":"y","origin":[19.125,9.75,10.25]},"faces":{"north":{"uv":[6.25,10.5,6.5,10.55],"texture":"#2"},"east":{"uv":[6,10.5,6.25,10.55],"texture":"#2"},"south":{"uv":[6.75,10.5,7,10.55],"texture":"#2"},"west":{"uv":[6.5,10.5,6.75,10.55],"texture":"#2"},"up":{"uv":[6.5,10.5,6.25,10.25],"texture":"#2"},"down":{"uv":[6.75,10.25,6.5,10.5],"texture":"#2"}}},{"from":[8.5,1.75,8.125],"to":[9.875,2.25,9.375],"rotation":{"angle":0,"axis":"y","origin":[16.5,9.75,16.5]},"faces":{"north":{"uv":[9.75,12.25,10,12.3],"texture":"#2"},"east":{"uv":[9.5,12.25,9.75,12.3],"texture":"#2"},"south":{"uv":[10.25,12.25,10.5,12.3],"texture":"#2"},"west":{"uv":[10,12.25,10.25,12.3],"texture":"#2"},"up":{"uv":[10,12.25,9.75,12],"texture":"#2"},"down":{"uv":[10.25,12,10,12.25],"texture":"#2"}}}],"gui_light":"front"}