{"elements":[{"faces":{"down":{"uv":[4.96,0.96,7.04,3.04],"texture":"#mesh_palette"},"up":{"uv":[4.96,0.96,7.04,3.04],"texture":"#mesh_palette"},"north":{"uv":[4.96,0.96,7.04,3.04],"texture":"#mesh_palette"},"south":{"uv":[4.96,0.96,7.04,3.04],"texture":"#mesh_palette"},"west":{"uv":[4.96,0.96,7.04,3.04],"texture":"#mesh_palette"},"east":{"uv":[4.96,0.96,7.04,3.04],"texture":"#mesh_palette"}},"from":[5.5,4.5,7],"to":[10.5,5.5,9]},{"faces":{"down":{"uv":[5.5,7,10.5,9],"texture":"#texture"},"up":{"uv":[5.5,7,10.5,9],"texture":"#texture"},"north":{"uv":[5.5,5.5,10.5,10.5],"texture":"#texture"},"south":{"uv":[5.5,5.5,10.5,10.5],"texture":"#texture"},"west":{"uv":[7,5.5,9,10.5],"texture":"#texture"},"east":{"uv":[7,5.5,9,10.5],"texture":"#texture"}},"from":[5.5,5.5,7],"to":[10.5,10.5,9]},{"faces":{"down":{"uv":[4.96,0.96,7.04,3.04],"texture":"#mesh_palette"},"up":{"uv":[4.96,0.96,7.04,3.04],"texture":"#mesh_palette"},"north":{"uv":[4.96,0.96,7.04,3.04],"texture":"#mesh_palette"},"south":{"uv":[4.96,0.96,7.04,3.04],"texture":"#mesh_palette"},"west":{"uv":[4.96,0.96,7.04,3.04],"texture":"#mesh_palette"},"east":{"uv":[4.96,0.96,7.04,3.04],"texture":"#mesh_palette"}},"from":[5.5,10.5,7],"to":[10.5,11,9]},{"faces":{"down":{"uv":[4.96,0.96,7.04,3.04],"texture":"#mesh_palette"},"up":{"uv":[4.96,0.96,7.04,3.04],"texture":"#mesh_palette"},"north":{"uv":[4.96,0.96,7.04,3.04],"texture":"#mesh_palette"},"south":{"uv":[4.96,0.96,7.04,3.04],"texture":"#mesh_palette"},"west":{"uv":[4.96,0.96,7.04,3.04],"texture":"#mesh_palette"},"east":{"uv":[4.96,0.96,7.04,3.04],"texture":"#mesh_palette"}},"from":[6,4,7],"to":[10,4.5,9]},{"faces":{"down":{"uv":[4.96,0.96,7.04,3.04],"texture":"#mesh_palette"},"up":{"uv":[4.96,0.96,7.04,3.04],"texture":"#mesh_palette"},"north":{"uv":[4.96,0.96,7.04,3.04],"texture":"#mesh_palette"},"south":{"uv":[4.96,0.96,7.04,3.04],"texture":"#mesh_palette"},"west":{"uv":[4.96,0.96,7.04,3.04],"texture":"#mesh_palette"},"east":{"uv":[4.96,0.96,7.04,3.04],"texture":"#mesh_palette"}},"from":[6,4.5,6],"to":[10,5.5,7]},{"faces":{"down":{"uv":[4.96,0.96,7.04,3.04],"texture":"#mesh_palette"},"up":{"uv":[4.96,0.96,7.04,3.04],"texture":"#mesh_palette"},"north":{"uv":[4.96,0.96,7.04,3.04],"texture":"#mesh_palette"},"south":{"uv":[4.96,0.96,7.04,3.04],"texture":"#mesh_palette"},"west":{"uv":[4.96,0.96,7.04,3.04],"texture":"#mesh_palette"},"east":{"uv":[4.96,0.96,7.04,3.04],"texture":"#mesh_palette"}},"from":[6,4.5,9],"to":[10,5.5,10]},{"faces":{"down":{"uv":[6,9,10,10],"texture":"#texture"},"up":{"uv":[6,6,10,7],"texture":"#texture"},"north":{"uv":[6,5.5,10,10.5],"texture":"#texture"},"south":{"uv":[6,5.5,10,10.5],"texture":"#texture"},"west":{"uv":[6,5.5,7,10.5],"texture":"#texture"},"east":{"uv":[9,5.5,10,10.5],"texture":"#texture"}},"from":[6,5.5,6],"to":[10,10.5,7]},{"faces":{"down":{"uv":[6,6,10,7],"texture":"#texture"},"up":{"uv":[6,9,10,10],"texture":"#texture"},"north":{"uv":[6,5.5,10,10.5],"texture":"#texture"},"south":{"uv":[6,5.5,10,10.5],"texture":"#texture"},"west":{"uv":[9,5.5,10,10.5],"texture":"#texture"},"east":{"uv":[6,5.5,7,10.5],"texture":"#texture"}},"from":[6,5.5,9],"to":[10,10.5,10]},{"faces":{"down":{"uv":[4.96,0.96,7.04,3.04],"texture":"#mesh_palette"},"up":{"uv":[4.96,0.96,7.04,3.04],"texture":"#mesh_palette"},"north":{"uv":[4.96,0.96,7.04,3.04],"texture":"#mesh_palette"},"south":{"uv":[4.96,0.96,7.04,3.04],"texture":"#mesh_palette"},"west":{"uv":[4.96,0.96,7.04,3.04],"texture":"#mesh_palette"},"east":{"uv":[4.96,0.96,7.04,3.04],"texture":"#mesh_palette"}},"from":[6,10.5,6],"to":[10,11,7]},{"faces":{"down":{"uv":[4.96,0.96,7.04,3.04],"texture":"#mesh_palette"},"up":{"uv":[4.96,0.96,7.04,3.04],"texture":"#mesh_palette"},"north":{"uv":[4.96,0.96,7.04,3.04],"texture":"#mesh_palette"},"south":{"uv":[4.96,0.96,7.04,3.04],"texture":"#mesh_palette"},"west":{"uv":[4.96,0.96,7.04,3.04],"texture":"#mesh_palette"},"east":{"uv":[4.96,0.96,7.04,3.04],"texture":"#mesh_palette"}},"from":[6,10.5,9],"to":[10,11,10]},{"faces":{"down":{"uv":[4.96,0.96,7.04,3.04],"texture":"#mesh_palette"},"up":{"uv":[4.96,0.96,7.04,3.04],"texture":"#mesh_palette"},"north":{"uv":[4.96,0.96,7.04,3.04],"texture":"#mesh_palette"},"south":{"uv":[4.96,0.96,7.04,3.04],"texture":"#mesh_palette"},"west":{"uv":[4.96,0.96,7.04,3.04],"texture":"#mesh_palette"},"east":{"uv":[4.96,0.96,7.04,3.04],"texture":"#mesh_palette"}},"from":[6,11,7],"to":[10,11.5,9]},{"faces":{"down":{"uv":[4.96,0.96,7.04,3.04],"texture":"#mesh_palette"},"up":{"uv":[4.96,0.96,7.04,3.04],"texture":"#mesh_palette"},"north":{"uv":[4.96,0.96,7.04,3.04],"texture":"#mesh_palette"},"south":{"uv":[4.96,0.96,7.04,3.04],"texture":"#mesh_palette"},"west":{"uv":[4.96,0.96,7.04,3.04],"texture":"#mesh_palette"},"east":{"uv":[4.96,0.96,7.04,3.04],"texture":"#mesh_palette"}},"from":[6.5,4,6.5],"to":[9.5,4.5,7]},{"faces":{"down":{"uv":[4.96,0.96,7.04,3.04],"texture":"#mesh_palette"},"up":{"uv":[4.96,0.96,7.04,3.04],"texture":"#mesh_palette"},"north":{"uv":[4.96,0.96,7.04,3.04],"texture":"#mesh_palette"},"south":{"uv":[4.96,0.96,7.04,3.04],"texture":"#mesh_palette"},"west":{"uv":[4.96,0.96,7.04,3.04],"texture":"#mesh_palette"},"east":{"uv":[4.96,0.96,7.04,3.04],"texture":"#mesh_palette"}},"from":[6.5,4,9],"to":[9.5,4.5,9.5]},{"faces":{"down":{"uv":[4.96,0.96,7.04,3.04],"texture":"#mesh_palette"},"up":{"uv":[4.96,0.96,7.04,3.04],"texture":"#mesh_palette"},"north":{"uv":[4.96,0.96,7.04,3.04],"texture":"#mesh_palette"},"south":{"uv":[4.96,0.96,7.04,3.04],"texture":"#mesh_palette"},"west":{"uv":[4.96,0.96,7.04,3.04],"texture":"#mesh_palette"},"east":{"uv":[4.96,0.96,7.04,3.04],"texture":"#mesh_palette"}},"from":[6.5,11,6.5],"to":[9.5,11.5,7]},{"faces":{"down":{"uv":[4.96,0.96,7.04,3.04],"texture":"#mesh_palette"},"up":{"uv":[4.96,0.96,7.04,3.04],"texture":"#mesh_palette"},"north":{"uv":[4.96,0.96,7.04,3.04],"texture":"#mesh_palette"},"south":{"uv":[4.96,0.96,7.04,3.04],"texture":"#mesh_palette"},"west":{"uv":[4.96,0.96,7.04,3.04],"texture":"#mesh_palette"},"east":{"uv":[4.96,0.96,7.04,3.04],"texture":"#mesh_palette"}},"from":[6.5,11,9],"to":[9.5,11.5,9.5]},{"faces":{"down":{"uv":[8.96,0.96,11.04,3.04],"texture":"#mesh_palette"},"up":{"uv":[8.96,0.96,11.04,3.04],"texture":"#mesh_palette"},"north":{"uv":[8.96,0.96,11.04,3.04],"texture":"#mesh_palette"},"south":{"uv":[8.96,0.96,11.04,3.04],"texture":"#mesh_palette"},"west":{"uv":[8.96,0.96,11.04,3.04],"texture":"#mesh_palette"},"east":{"uv":[8.96,0.96,11.04,3.04],"texture":"#mesh_palette"}},"from":[6.5,12,7],"to":[9.5,13,9]},{"faces":{"down":{"uv":[4.96,0.96,7.04,3.04],"texture":"#mesh_palette"},"up":{"uv":[4.96,0.96,7.04,3.04],"texture":"#mesh_palette"},"north":{"uv":[4.96,0.96,7.04,3.04],"texture":"#mesh_palette"},"south":{"uv":[4.96,0.96,7.04,3.04],"texture":"#mesh_palette"},"west":{"uv":[4.96,0.96,7.04,3.04],"texture":"#mesh_palette"},"east":{"uv":[4.96,0.96,7.04,3.04],"texture":"#mesh_palette"}},"from":[7,4,6],"to":[9,4.5,6.5]},{"faces":{"down":{"uv":[4.96,0.96,7.04,3.04],"texture":"#mesh_palette"},"up":{"uv":[4.96,0.96,7.04,3.04],"texture":"#mesh_palette"},"north":{"uv":[4.96,0.96,7.04,3.04],"texture":"#mesh_palette"},"south":{"uv":[4.96,0.96,7.04,3.04],"texture":"#mesh_palette"},"west":{"uv":[4.96,0.96,7.04,3.04],"texture":"#mesh_palette"},"east":{"uv":[4.96,0.96,7.04,3.04],"texture":"#mesh_palette"}},"from":[7,4,9.5],"to":[9,4.5,10]},{"faces":{"down":{"uv":[4.96,0.96,7.04,3.04],"texture":"#mesh_palette"},"up":{"uv":[4.96,0.96,7.04,3.04],"texture":"#mesh_palette"},"north":{"uv":[4.96,0.96,7.04,3.04],"texture":"#mesh_palette"},"south":{"uv":[4.96,0.96,7.04,3.04],"texture":"#mesh_palette"},"west":{"uv":[4.96,0.96,7.04,3.04],"texture":"#mesh_palette"},"east":{"uv":[4.96,0.96,7.04,3.04],"texture":"#mesh_palette"}},"from":[7,4.5,5.5],"to":[9,5.5,6]},{"faces":{"down":{"uv":[4.96,0.96,7.04,3.04],"texture":"#mesh_palette"},"up":{"uv":[4.96,0.96,7.04,3.04],"texture":"#mesh_palette"},"north":{"uv":[4.96,0.96,7.04,3.04],"texture":"#mesh_palette"},"south":{"uv":[4.96,0.96,7.04,3.04],"texture":"#mesh_palette"},"west":{"uv":[4.96,0.96,7.04,3.04],"texture":"#mesh_palette"},"east":{"uv":[4.96,0.96,7.04,3.04],"texture":"#mesh_palette"}},"from":[7,4.5,10],"to":[9,5.5,10.5]},{"faces":{"down":{"uv":[7,10,9,10.5],"texture":"#texture"},"up":{"uv":[7,5.5,9,6],"texture":"#texture"},"north":{"uv":[7,5.5,9,11],"texture":"#texture"},"south":{"uv":[7,5.5,9,10.5],"texture":"#texture"},"west":{"uv":[5.5,5.5,6,10.5],"texture":"#texture"},"east":{"uv":[10,5.5,10.5,10.5],"texture":"#texture"}},"from":[7,5.5,5.5],"to":[9,10.5,6]},{"faces":{"down":{"uv":[7,5.5,9,6],"texture":"#texture"},"up":{"uv":[7,10,9,10.5],"texture":"#texture"},"north":{"uv":[7,5.5,9,10.5],"texture":"#texture"},"south":{"uv":[7,5.5,9,10.5],"texture":"#texture"},"west":{"uv":[10,5.5,10.5,10.5],"texture":"#texture"},"east":{"uv":[5.5,5.5,6,10.5],"texture":"#texture"}},"from":[7,5.5,10],"to":[9,10.5,10.5]},{"faces":{"down":{"uv":[4.96,0.96,7.04,3.04],"texture":"#mesh_palette"},"up":{"uv":[4.96,0.96,7.04,3.04],"texture":"#mesh_palette"},"north":{"uv":[4.96,0.96,7.04,3.04],"texture":"#mesh_palette"},"south":{"uv":[4.96,0.96,7.04,3.04],"texture":"#mesh_palette"},"west":{"uv":[4.96,0.96,7.04,3.04],"texture":"#mesh_palette"},"east":{"uv":[4.96,0.96,7.04,3.04],"texture":"#mesh_palette"}},"from":[7,10.5,5.5],"to":[9,11,6]},{"faces":{"down":{"uv":[4.96,0.96,7.04,3.04],"texture":"#mesh_palette"},"up":{"uv":[4.96,0.96,7.04,3.04],"texture":"#mesh_palette"},"north":{"uv":[4.96,0.96,7.04,3.04],"texture":"#mesh_palette"},"south":{"uv":[4.96,0.96,7.04,3.04],"texture":"#mesh_palette"},"west":{"uv":[4.96,0.96,7.04,3.04],"texture":"#mesh_palette"},"east":{"uv":[4.96,0.96,7.04,3.04],"texture":"#mesh_palette"}},"from":[7,10.5,10],"to":[9,11,10.5]},{"faces":{"down":{"uv":[4.96,0.96,7.04,3.04],"texture":"#mesh_palette"},"up":{"uv":[4.96,0.96,7.04,3.04],"texture":"#mesh_palette"},"north":{"uv":[4.96,0.96,7.04,3.04],"texture":"#mesh_palette"},"south":{"uv":[4.96,0.96,7.04,3.04],"texture":"#mesh_palette"},"west":{"uv":[4.96,0.96,7.04,3.04],"texture":"#mesh_palette"},"east":{"uv":[4.96,0.96,7.04,3.04],"texture":"#mesh_palette"}},"from":[7,11,6],"to":[9,11.5,6.5]},{"faces":{"down":{"uv":[4.96,0.96,7.04,3.04],"texture":"#mesh_palette"},"up":{"uv":[4.96,0.96,7.04,3.04],"texture":"#mesh_palette"},"north":{"uv":[4.96,0.96,7.04,3.04],"texture":"#mesh_palette"},"south":{"uv":[4.96,0.96,7.04,3.04],"texture":"#mesh_palette"},"west":{"uv":[4.96,0.96,7.04,3.04],"texture":"#mesh_palette"},"east":{"uv":[4.96,0.96,7.04,3.04],"texture":"#mesh_palette"}},"from":[7,11,9.5],"to":[9,11.5,10]},{"faces":{"down":{"uv":[4.96,0.96,7.04,3.04],"texture":"#mesh_palette"},"up":{"uv":[4.96,0.96,7.04,3.04],"texture":"#mesh_palette"},"north":{"uv":[4.96,0.96,7.04,3.04],"texture":"#mesh_palette"},"south":{"uv":[4.96,0.96,7.04,3.04],"texture":"#mesh_palette"},"west":{"uv":[4.96,0.96,7.04,3.04],"texture":"#mesh_palette"},"east":{"uv":[4.96,0.96,7.04,3.04],"texture":"#mesh_palette"}},"from":[7,11.5,7.5],"to":[9,12,8.5]},{"faces":{"down":{"uv":[8.96,0.96,11.04,3.04],"texture":"#mesh_palette"},"up":{"uv":[8.96,0.96,11.04,3.04],"texture":"#mesh_palette"},"north":{"uv":[8.96,0.96,11.04,3.04],"texture":"#mesh_palette"},"south":{"uv":[8.96,0.96,11.04,3.04],"texture":"#mesh_palette"},"west":{"uv":[8.96,0.96,11.04,3.04],"texture":"#mesh_palette"},"east":{"uv":[8.96,0.96,11.04,3.04],"texture":"#mesh_palette"}},"from":[7,12,6.5],"to":[9,13,7]},{"faces":{"down":{"uv":[8.96,0.96,11.04,3.04],"texture":"#mesh_palette"},"up":{"uv":[8.96,0.96,11.04,3.04],"texture":"#mesh_palette"},"north":{"uv":[8.96,0.96,11.04,3.04],"texture":"#mesh_palette"},"south":{"uv":[8.96,0.96,11.04,3.04],"texture":"#mesh_palette"},"west":{"uv":[8.96,0.96,11.04,3.04],"texture":"#mesh_palette"},"east":{"uv":[8.96,0.96,11.04,3.04],"texture":"#mesh_palette"}},"from":[7,12,9],"to":[9,13,9.5]},{"faces":{"down":{"uv":[4.96,0.96,7.04,3.04],"texture":"#mesh_palette"},"up":{"uv":[4.96,0.96,7.04,3.04],"texture":"#mesh_palette"},"north":{"uv":[4.96,0.96,7.04,3.04],"texture":"#mesh_palette"},"south":{"uv":[4.96,0.96,7.04,3.04],"texture":"#mesh_palette"},"west":{"uv":[4.96,0.96,7.04,3.04],"texture":"#mesh_palette"},"east":{"uv":[4.96,0.96,7.04,3.04],"texture":"#mesh_palette"}},"from":[7.5,11.5,7],"to":[8.5,12,7.5]},{"faces":{"down":{"uv":[4.96,0.96,7.04,3.04],"texture":"#mesh_palette"},"up":{"uv":[4.96,0.96,7.04,3.04],"texture":"#mesh_palette"},"north":{"uv":[4.96,0.96,7.04,3.04],"texture":"#mesh_palette"},"south":{"uv":[4.96,0.96,7.04,3.04],"texture":"#mesh_palette"},"west":{"uv":[4.96,0.96,7.04,3.04],"texture":"#mesh_palette"},"east":{"uv":[4.96,0.96,7.04,3.04],"texture":"#mesh_palette"}},"from":[7.5,11.5,8.5],"to":[8.5,12,9]}],"textures":{"particle":"other/bst_logo","texture":"other/bst_logo","mesh_palette":"other/bst_bottle"}}