{"display":{"thirdperson_righthand":{"rotation":[0,62,101],"translation":[0,-1.391,0],"scale":[0.8,0.8,0.8]},"thirdperson_lefthand":{"rotation":[0,-62,-101],"translation":[0,-1.391,0],"scale":[0.8,0.8,0.8]},"firstperson_righthand":{"rotation":[-64,-168,3],"translation":[2.0879,1.3912,-2.782]},"firstperson_lefthand":{"rotation":[105,-12,3],"translation":[2.0879,1.3912,-2.782]},"gui":{"rotation":[63,132,0],"translation":[0.6956,-0.695,0],"scale":[1.1,1.1,1.1]},"fixed":{"rotation":[-90,-35,0]}},"textures":{"particle":"drugs/needle","mesh_palette":"drugs/needle"},"elements":[{"faces":{"down":{"uv":[4.96,0.96,7.04,3.04],"texture":"#mesh_palette"},"up":{"uv":[4.96,0.96,7.04,3.04],"texture":"#mesh_palette"},"north":{"uv":[4.96,0.96,7.04,3.04],"texture":"#mesh_palette"},"south":{"uv":[4.96,0.96,7.04,3.04],"texture":"#mesh_palette"},"west":{"uv":[4.96,0.96,7.04,3.04],"texture":"#mesh_palette"},"east":{"uv":[4.96,0.96,7.04,3.04],"texture":"#mesh_palette"}},"from":[2.5,7.25,7.5],"to":[2.75,8.5,8.25]},{"faces":{"down":{"uv":[4.96,0.96,7.04,3.04],"texture":"#mesh_palette"},"up":{"uv":[4.96,0.96,7.04,3.04],"texture":"#mesh_palette"},"north":{"uv":[4.96,0.96,7.04,3.04],"texture":"#mesh_palette"},"south":{"uv":[4.96,0.96,7.04,3.04],"texture":"#mesh_palette"},"west":{"uv":[4.96,0.96,7.04,3.04],"texture":"#mesh_palette"},"east":{"uv":[4.96,0.96,7.04,3.04],"texture":"#mesh_palette"}},"from":[2.5,7.5,7.25],"to":[2.75,8.25,7.5]},{"faces":{"down":{"uv":[4.96,0.96,7.04,3.04],"texture":"#mesh_palette"},"up":{"uv":[4.96,0.96,7.04,3.04],"texture":"#mesh_palette"},"north":{"uv":[4.96,0.96,7.04,3.04],"texture":"#mesh_palette"},"south":{"uv":[4.96,0.96,7.04,3.04],"texture":"#mesh_palette"},"west":{"uv":[4.96,0.96,7.04,3.04],"texture":"#mesh_palette"},"east":{"uv":[4.96,0.96,7.04,3.04],"texture":"#mesh_palette"}},"from":[2.5,7.5,8.25],"to":[2.75,8.25,8.5]},{"faces":{"down":{"uv":[8.96,0.96,11.04,3.04],"texture":"#mesh_palette"},"up":{"uv":[8.96,0.96,11.04,3.04],"texture":"#mesh_palette"},"north":{"uv":[8.96,0.96,11.04,3.04],"texture":"#mesh_palette"},"south":{"uv":[8.96,0.96,11.04,3.04],"texture":"#mesh_palette"},"west":{"uv":[8.96,0.96,11.04,3.04],"texture":"#mesh_palette"},"east":{"uv":[8.96,0.96,11.04,3.04],"texture":"#mesh_palette"}},"from":[2.75,7.5,7.75],"to":[11.5,8.25,8]},{"faces":{"down":{"uv":[8.96,0.96,11.04,3.04],"texture":"#mesh_palette"},"up":{"uv":[8.96,0.96,11.04,3.04],"texture":"#mesh_palette"},"north":{"uv":[8.96,0.96,11.04,3.04],"texture":"#mesh_palette"},"south":{"uv":[8.96,0.96,11.04,3.04],"texture":"#mesh_palette"},"west":{"uv":[8.96,0.96,11.04,3.04],"texture":"#mesh_palette"},"east":{"uv":[8.96,0.96,11.04,3.04],"texture":"#mesh_palette"}},"from":[2.75,7.75,7.5],"to":[9,8,7.75]},{"faces":{"down":{"uv":[8.96,0.96,11.04,3.04],"texture":"#mesh_palette"},"up":{"uv":[8.96,0.96,11.04,3.04],"texture":"#mesh_palette"},"north":{"uv":[8.96,0.96,11.04,3.04],"texture":"#mesh_palette"},"south":{"uv":[8.96,0.96,11.04,3.04],"texture":"#mesh_palette"},"west":{"uv":[8.96,0.96,11.04,3.04],"texture":"#mesh_palette"},"east":{"uv":[8.96,0.96,11.04,3.04],"texture":"#mesh_palette"}},"from":[2.75,7.75,8],"to":[6,8,8.25]},{"faces":{"down":{"uv":[4.96,0.96,7.04,3.04],"texture":"#mesh_palette"},"up":{"uv":[4.96,0.96,7.04,3.04],"texture":"#mesh_palette"},"north":{"uv":[4.96,0.96,7.04,3.04],"texture":"#mesh_palette"},"south":{"uv":[4.96,0.96,7.04,3.04],"texture":"#mesh_palette"},"west":{"uv":[4.96,0.96,7.04,3.04],"texture":"#mesh_palette"},"east":{"uv":[4.96,0.96,7.04,3.04],"texture":"#mesh_palette"}},"from":[5.5,7,7.25],"to":[5.75,8.75,7.5]},{"faces":{"down":{"uv":[4.96,0.96,7.04,3.04],"texture":"#mesh_palette"},"up":{"uv":[4.96,0.96,7.04,3.04],"texture":"#mesh_palette"},"north":{"uv":[4.96,0.96,7.04,3.04],"texture":"#mesh_palette"},"south":{"uv":[4.96,0.96,7.04,3.04],"texture":"#mesh_palette"},"west":{"uv":[4.96,0.96,7.04,3.04],"texture":"#mesh_palette"},"east":{"uv":[4.96,0.96,7.04,3.04],"texture":"#mesh_palette"}},"from":[5.5,7,7.5],"to":[5.75,7.5,8.5]},{"faces":{"down":{"uv":[4.96,0.96,7.04,3.04],"texture":"#mesh_palette"},"up":{"uv":[4.96,0.96,7.04,3.04],"texture":"#mesh_palette"},"north":{"uv":[4.96,0.96,7.04,3.04],"texture":"#mesh_palette"},"south":{"uv":[4.96,0.96,7.04,3.04],"texture":"#mesh_palette"},"west":{"uv":[4.96,0.96,7.04,3.04],"texture":"#mesh_palette"},"east":{"uv":[4.96,0.96,7.04,3.04],"texture":"#mesh_palette"}},"from":[5.5,7.25,6.75],"to":[5.75,8.5,7.25]},{"faces":{"down":{"uv":[4.96,0.96,7.04,3.04],"texture":"#mesh_palette"},"up":{"uv":[4.96,0.96,7.04,3.04],"texture":"#mesh_palette"},"north":{"uv":[4.96,0.96,7.04,3.04],"texture":"#mesh_palette"},"south":{"uv":[4.96,0.96,7.04,3.04],"texture":"#mesh_palette"},"west":{"uv":[4.96,0.96,7.04,3.04],"texture":"#mesh_palette"},"east":{"uv":[4.96,0.96,7.04,3.04],"texture":"#mesh_palette"}},"from":[5.5,7.25,8.5],"to":[5.75,8.5,9]},{"faces":{"down":{"uv":[4.96,0.96,7.04,3.04],"texture":"#mesh_palette"},"up":{"uv":[4.96,0.96,7.04,3.04],"texture":"#mesh_palette"},"north":{"uv":[4.96,0.96,7.04,3.04],"texture":"#mesh_palette"},"south":{"uv":[4.96,0.96,7.04,3.04],"texture":"#mesh_palette"},"west":{"uv":[4.96,0.96,7.04,3.04],"texture":"#mesh_palette"},"east":{"uv":[4.96,0.96,7.04,3.04],"texture":"#mesh_palette"}},"from":[5.5,7.5,6.5],"to":[5.75,8.25,6.75]},{"faces":{"down":{"uv":[4.96,0.96,7.04,3.04],"texture":"#mesh_palette"},"up":{"uv":[4.96,0.96,7.04,3.04],"texture":"#mesh_palette"},"north":{"uv":[4.96,0.96,7.04,3.04],"texture":"#mesh_palette"},"south":{"uv":[4.96,0.96,7.04,3.04],"texture":"#mesh_palette"},"west":{"uv":[4.96,0.96,7.04,3.04],"texture":"#mesh_palette"},"east":{"uv":[4.96,0.96,7.04,3.04],"texture":"#mesh_palette"}},"from":[5.5,7.5,8.25],"to":[5.75,8.75,8.5]},{"faces":{"down":{"uv":[4.96,0.96,7.04,3.04],"texture":"#mesh_palette"},"up":{"uv":[4.96,0.96,7.04,3.04],"texture":"#mesh_palette"},"north":{"uv":[4.96,0.96,7.04,3.04],"texture":"#mesh_palette"},"south":{"uv":[4.96,0.96,7.04,3.04],"texture":"#mesh_palette"},"west":{"uv":[4.96,0.96,7.04,3.04],"texture":"#mesh_palette"},"east":{"uv":[4.96,0.96,7.04,3.04],"texture":"#mesh_palette"}},"from":[5.5,7.5,9],"to":[5.75,8.25,9.25]},{"faces":{"down":{"uv":[4.96,0.96,7.04,3.04],"texture":"#mesh_palette"},"up":{"uv":[4.96,0.96,7.04,3.04],"texture":"#mesh_palette"},"north":{"uv":[4.96,0.96,7.04,3.04],"texture":"#mesh_palette"},"south":{"uv":[4.96,0.96,7.04,3.04],"texture":"#mesh_palette"},"west":{"uv":[4.96,0.96,7.04,3.04],"texture":"#mesh_palette"},"east":{"uv":[4.96,0.96,7.04,3.04],"texture":"#mesh_palette"}},"from":[5.5,8.25,7.5],"to":[5.75,8.75,8.25]},{"faces":{"down":{"uv":[12.96,0.96,15.04,3.04],"texture":"#mesh_palette"},"up":{"uv":[12.96,0.96,15.04,3.04],"texture":"#mesh_palette"},"north":{"uv":[12.96,0.96,15.04,3.04],"texture":"#mesh_palette"},"south":{"uv":[12.96,0.96,15.04,3.04],"texture":"#mesh_palette"},"west":{"uv":[12.96,0.96,15.04,3.04],"texture":"#mesh_palette"},"east":{"uv":[12.96,0.96,15.04,3.04],"texture":"#mesh_palette"}},"from":[5.75,7.25,7.5],"to":[9,7.5,7.75]},{"faces":{"down":{"uv":[8.96,0.96,11.04,3.04],"texture":"#mesh_palette"},"up":{"uv":[8.96,0.96,11.04,3.04],"texture":"#mesh_palette"},"north":{"uv":[8.96,0.96,11.04,3.04],"texture":"#mesh_palette"},"south":{"uv":[8.96,0.96,11.04,3.04],"texture":"#mesh_palette"},"west":{"uv":[8.96,0.96,11.04,3.04],"texture":"#mesh_palette"},"east":{"uv":[8.96,0.96,11.04,3.04],"texture":"#mesh_palette"}},"from":[5.75,7.25,7.75],"to":[9,7.5,8]},{"faces":{"down":{"uv":[12.96,0.96,15.04,3.04],"texture":"#mesh_palette"},"up":{"uv":[12.96,0.96,15.04,3.04],"texture":"#mesh_palette"},"north":{"uv":[12.96,0.96,15.04,3.04],"texture":"#mesh_palette"},"south":{"uv":[12.96,0.96,15.04,3.04],"texture":"#mesh_palette"},"west":{"uv":[12.96,0.96,15.04,3.04],"texture":"#mesh_palette"},"east":{"uv":[12.96,0.96,15.04,3.04],"texture":"#mesh_palette"}},"from":[5.75,7.25,8],"to":[9,7.5,8.25]},{"faces":{"down":{"uv":[12.96,0.96,15.04,3.04],"texture":"#mesh_palette"},"up":{"uv":[12.96,0.96,15.04,3.04],"texture":"#mesh_palette"},"north":{"uv":[12.96,0.96,15.04,3.04],"texture":"#mesh_palette"},"south":{"uv":[12.96,0.96,15.04,3.04],"texture":"#mesh_palette"},"west":{"uv":[12.96,0.96,15.04,3.04],"texture":"#mesh_palette"},"east":{"uv":[12.96,0.96,15.04,3.04],"texture":"#mesh_palette"}},"from":[5.75,7.5,7.25],"to":[9,7.75,7.5]},{"faces":{"down":{"uv":[12.96,0.96,15.04,3.04],"texture":"#mesh_palette"},"up":{"uv":[12.96,0.96,15.04,3.04],"texture":"#mesh_palette"},"north":{"uv":[12.96,0.96,15.04,3.04],"texture":"#mesh_palette"},"south":{"uv":[12.96,0.96,15.04,3.04],"texture":"#mesh_palette"},"west":{"uv":[12.96,0.96,15.04,3.04],"texture":"#mesh_palette"},"east":{"uv":[12.96,0.96,15.04,3.04],"texture":"#mesh_palette"}},"from":[5.75,7.5,8.25],"to":[9,7.75,8.5]},{"faces":{"down":{"uv":[8.96,0.96,11.04,3.04],"texture":"#mesh_palette"},"up":{"uv":[8.96,0.96,11.04,3.04],"texture":"#mesh_palette"},"north":{"uv":[8.96,0.96,11.04,3.04],"texture":"#mesh_palette"},"south":{"uv":[8.96,0.96,11.04,3.04],"texture":"#mesh_palette"},"west":{"uv":[8.96,0.96,11.04,3.04],"texture":"#mesh_palette"},"east":{"uv":[8.96,0.96,11.04,3.04],"texture":"#mesh_palette"}},"from":[5.75,7.75,7.25],"to":[9,8,7.5]},{"faces":{"down":{"uv":[8.96,0.96,11.04,3.04],"texture":"#mesh_palette"},"up":{"uv":[8.96,0.96,11.04,3.04],"texture":"#mesh_palette"},"north":{"uv":[8.96,0.96,11.04,3.04],"texture":"#mesh_palette"},"south":{"uv":[8.96,0.96,11.04,3.04],"texture":"#mesh_palette"},"west":{"uv":[8.96,0.96,11.04,3.04],"texture":"#mesh_palette"},"east":{"uv":[8.96,0.96,11.04,3.04],"texture":"#mesh_palette"}},"from":[5.75,7.75,8.25],"to":[9,8,8.5]},{"faces":{"down":{"uv":[12.96,0.96,15.04,3.04],"texture":"#mesh_palette"},"up":{"uv":[12.96,0.96,15.04,3.04],"texture":"#mesh_palette"},"north":{"uv":[12.96,0.96,15.04,3.04],"texture":"#mesh_palette"},"south":{"uv":[12.96,0.96,15.04,3.04],"texture":"#mesh_palette"},"west":{"uv":[12.96,0.96,15.04,3.04],"texture":"#mesh_palette"},"east":{"uv":[12.96,0.96,15.04,3.04],"texture":"#mesh_palette"}},"from":[5.75,8,7.25],"to":[9,8.25,7.5]},{"faces":{"down":{"uv":[12.96,0.96,15.04,3.04],"texture":"#mesh_palette"},"up":{"uv":[12.96,0.96,15.04,3.04],"texture":"#mesh_palette"},"north":{"uv":[12.96,0.96,15.04,3.04],"texture":"#mesh_palette"},"south":{"uv":[12.96,0.96,15.04,3.04],"texture":"#mesh_palette"},"west":{"uv":[12.96,0.96,15.04,3.04],"texture":"#mesh_palette"},"east":{"uv":[12.96,0.96,15.04,3.04],"texture":"#mesh_palette"}},"from":[5.75,8,8.25],"to":[9,8.25,8.5]},{"faces":{"down":{"uv":[12.96,0.96,15.04,3.04],"texture":"#mesh_palette"},"up":{"uv":[12.96,0.96,15.04,3.04],"texture":"#mesh_palette"},"north":{"uv":[12.96,0.96,15.04,3.04],"texture":"#mesh_palette"},"south":{"uv":[12.96,0.96,15.04,3.04],"texture":"#mesh_palette"},"west":{"uv":[12.96,0.96,15.04,3.04],"texture":"#mesh_palette"},"east":{"uv":[12.96,0.96,15.04,3.04],"texture":"#mesh_palette"}},"from":[5.75,8.25,7.5],"to":[9,8.5,7.75]},{"faces":{"down":{"uv":[8.96,0.96,11.04,3.04],"texture":"#mesh_palette"},"up":{"uv":[8.96,0.96,11.04,3.04],"texture":"#mesh_palette"},"north":{"uv":[8.96,0.96,11.04,3.04],"texture":"#mesh_palette"},"south":{"uv":[8.96,0.96,11.04,3.04],"texture":"#mesh_palette"},"west":{"uv":[8.96,0.96,11.04,3.04],"texture":"#mesh_palette"},"east":{"uv":[8.96,0.96,11.04,3.04],"texture":"#mesh_palette"}},"from":[5.75,8.25,7.75],"to":[9,8.5,8]},{"faces":{"down":{"uv":[12.96,0.96,15.04,3.04],"texture":"#mesh_palette"},"up":{"uv":[12.96,0.96,15.04,3.04],"texture":"#mesh_palette"},"north":{"uv":[12.96,0.96,15.04,3.04],"texture":"#mesh_palette"},"south":{"uv":[12.96,0.96,15.04,3.04],"texture":"#mesh_palette"},"west":{"uv":[12.96,0.96,15.04,3.04],"texture":"#mesh_palette"},"east":{"uv":[12.96,0.96,15.04,3.04],"texture":"#mesh_palette"}},"from":[5.75,8.25,8],"to":[9,8.5,8.25]},{"faces":{"down":{"uv":[12.96,0.96,15.04,3.04],"texture":"#mesh_palette"},"up":{"uv":[12.96,0.96,15.04,3.04],"texture":"#mesh_palette"},"north":{"uv":[12.96,0.96,15.04,3.04],"texture":"#mesh_palette"},"south":{"uv":[12.96,0.96,15.04,3.04],"texture":"#mesh_palette"},"west":{"uv":[12.96,0.96,15.04,3.04],"texture":"#mesh_palette"},"east":{"uv":[12.96,0.96,15.04,3.04],"texture":"#mesh_palette"}},"from":[6.25,7.5,7.5],"to":[9,7.75,7.75]},{"faces":{"down":{"uv":[12.96,0.96,15.04,3.04],"texture":"#mesh_palette"},"up":{"uv":[12.96,0.96,15.04,3.04],"texture":"#mesh_palette"},"north":{"uv":[12.96,0.96,15.04,3.04],"texture":"#mesh_palette"},"south":{"uv":[12.96,0.96,15.04,3.04],"texture":"#mesh_palette"},"west":{"uv":[12.96,0.96,15.04,3.04],"texture":"#mesh_palette"},"east":{"uv":[12.96,0.96,15.04,3.04],"texture":"#mesh_palette"}},"from":[6.25,7.5,8],"to":[9,7.75,8.25]},{"faces":{"down":{"uv":[8.96,0.96,11.04,3.04],"texture":"#mesh_palette"},"up":{"uv":[8.96,0.96,11.04,3.04],"texture":"#mesh_palette"},"north":{"uv":[8.96,0.96,11.04,3.04],"texture":"#mesh_palette"},"south":{"uv":[8.96,0.96,11.04,3.04],"texture":"#mesh_palette"},"west":{"uv":[8.96,0.96,11.04,3.04],"texture":"#mesh_palette"},"east":{"uv":[8.96,0.96,11.04,3.04],"texture":"#mesh_palette"}},"from":[6.25,7.75,8],"to":[9,8,8.25]},{"faces":{"down":{"uv":[12.96,0.96,15.04,3.04],"texture":"#mesh_palette"},"up":{"uv":[12.96,0.96,15.04,3.04],"texture":"#mesh_palette"},"north":{"uv":[12.96,0.96,15.04,3.04],"texture":"#mesh_palette"},"south":{"uv":[12.96,0.96,15.04,3.04],"texture":"#mesh_palette"},"west":{"uv":[12.96,0.96,15.04,3.04],"texture":"#mesh_palette"},"east":{"uv":[12.96,0.96,15.04,3.04],"texture":"#mesh_palette"}},"from":[6.25,8,7.5],"to":[9,8.25,7.75]},{"faces":{"down":{"uv":[12.96,0.96,15.04,3.04],"texture":"#mesh_palette"},"up":{"uv":[12.96,0.96,15.04,3.04],"texture":"#mesh_palette"},"north":{"uv":[12.96,0.96,15.04,3.04],"texture":"#mesh_palette"},"south":{"uv":[12.96,0.96,15.04,3.04],"texture":"#mesh_palette"},"west":{"uv":[12.96,0.96,15.04,3.04],"texture":"#mesh_palette"},"east":{"uv":[12.96,0.96,15.04,3.04],"texture":"#mesh_palette"}},"from":[6.25,8,8],"to":[9,8.25,8.25]},{"faces":{"down":{"uv":[0.96,4.96,3.04,7.04],"texture":"#mesh_palette"},"up":{"uv":[0.96,4.96,3.04,7.04],"texture":"#mesh_palette"},"north":{"uv":[0.96,4.96,3.04,7.04],"texture":"#mesh_palette"},"south":{"uv":[0.96,4.96,3.04,7.04],"texture":"#mesh_palette"},"west":{"uv":[0.96,4.96,3.04,7.04],"texture":"#mesh_palette"},"east":{"uv":[0.96,4.96,3.04,7.04],"texture":"#mesh_palette"}},"from":[9,7.25,7.5],"to":[9.25,8.5,7.75]},{"faces":{"down":{"uv":[0.96,4.96,3.04,7.04],"texture":"#mesh_palette"},"up":{"uv":[0.96,4.96,3.04,7.04],"texture":"#mesh_palette"},"north":{"uv":[0.96,4.96,3.04,7.04],"texture":"#mesh_palette"},"south":{"uv":[0.96,4.96,3.04,7.04],"texture":"#mesh_palette"},"west":{"uv":[0.96,4.96,3.04,7.04],"texture":"#mesh_palette"},"east":{"uv":[0.96,4.96,3.04,7.04],"texture":"#mesh_palette"}},"from":[9,7.25,7.75],"to":[9.25,7.5,8.25]},{"faces":{"down":{"uv":[0.96,4.96,3.04,7.04],"texture":"#mesh_palette"},"up":{"uv":[0.96,4.96,3.04,7.04],"texture":"#mesh_palette"},"north":{"uv":[0.96,4.96,3.04,7.04],"texture":"#mesh_palette"},"south":{"uv":[0.96,4.96,3.04,7.04],"texture":"#mesh_palette"},"west":{"uv":[0.96,4.96,3.04,7.04],"texture":"#mesh_palette"},"east":{"uv":[0.96,4.96,3.04,7.04],"texture":"#mesh_palette"}},"from":[9,7.5,7.25],"to":[9.25,8.25,7.5]},{"faces":{"down":{"uv":[0.96,4.96,3.04,7.04],"texture":"#mesh_palette"},"up":{"uv":[0.96,4.96,3.04,7.04],"texture":"#mesh_palette"},"north":{"uv":[0.96,4.96,3.04,7.04],"texture":"#mesh_palette"},"south":{"uv":[0.96,4.96,3.04,7.04],"texture":"#mesh_palette"},"west":{"uv":[0.96,4.96,3.04,7.04],"texture":"#mesh_palette"},"east":{"uv":[0.96,4.96,3.04,7.04],"texture":"#mesh_palette"}},"from":[9,7.5,8],"to":[9.25,8.5,8.25]},{"faces":{"down":{"uv":[0.96,4.96,3.04,7.04],"texture":"#mesh_palette"},"up":{"uv":[0.96,4.96,3.04,7.04],"texture":"#mesh_palette"},"north":{"uv":[0.96,4.96,3.04,7.04],"texture":"#mesh_palette"},"south":{"uv":[0.96,4.96,3.04,7.04],"texture":"#mesh_palette"},"west":{"uv":[0.96,4.96,3.04,7.04],"texture":"#mesh_palette"},"east":{"uv":[0.96,4.96,3.04,7.04],"texture":"#mesh_palette"}},"from":[9,7.5,8.25],"to":[9.25,8.25,8.5]},{"faces":{"down":{"uv":[0.96,4.96,3.04,7.04],"texture":"#mesh_palette"},"up":{"uv":[0.96,4.96,3.04,7.04],"texture":"#mesh_palette"},"north":{"uv":[0.96,4.96,3.04,7.04],"texture":"#mesh_palette"},"south":{"uv":[0.96,4.96,3.04,7.04],"texture":"#mesh_palette"},"west":{"uv":[0.96,4.96,3.04,7.04],"texture":"#mesh_palette"},"east":{"uv":[0.96,4.96,3.04,7.04],"texture":"#mesh_palette"}},"from":[9,8.25,7.75],"to":[9.25,8.5,8]},{"faces":{"down":{"uv":[4.96,4.96,7.04,7.04],"texture":"#mesh_palette"},"up":{"uv":[4.96,4.96,7.04,7.04],"texture":"#mesh_palette"},"north":{"uv":[4.96,4.96,7.04,7.04],"texture":"#mesh_palette"},"south":{"uv":[4.96,4.96,7.04,7.04],"texture":"#mesh_palette"},"west":{"uv":[4.96,4.96,7.04,7.04],"texture":"#mesh_palette"},"east":{"uv":[4.96,4.96,7.04,7.04],"texture":"#mesh_palette"}},"from":[9.25,7.25,7.5],"to":[9.5,8.5,7.75]},{"faces":{"down":{"uv":[4.96,4.96,7.04,7.04],"texture":"#mesh_palette"},"up":{"uv":[4.96,4.96,7.04,7.04],"texture":"#mesh_palette"},"north":{"uv":[4.96,4.96,7.04,7.04],"texture":"#mesh_palette"},"south":{"uv":[4.96,4.96,7.04,7.04],"texture":"#mesh_palette"},"west":{"uv":[4.96,4.96,7.04,7.04],"texture":"#mesh_palette"},"east":{"uv":[4.96,4.96,7.04,7.04],"texture":"#mesh_palette"}},"from":[9.25,7.25,7.75],"to":[9.5,7.5,8.25]},{"faces":{"down":{"uv":[4.96,4.96,7.04,7.04],"texture":"#mesh_palette"},"up":{"uv":[4.96,4.96,7.04,7.04],"texture":"#mesh_palette"},"north":{"uv":[4.96,4.96,7.04,7.04],"texture":"#mesh_palette"},"south":{"uv":[4.96,4.96,7.04,7.04],"texture":"#mesh_palette"},"west":{"uv":[4.96,4.96,7.04,7.04],"texture":"#mesh_palette"},"east":{"uv":[4.96,4.96,7.04,7.04],"texture":"#mesh_palette"}},"from":[9.25,7.5,7.25],"to":[9.5,8.25,7.5]},{"faces":{"down":{"uv":[4.96,4.96,7.04,7.04],"texture":"#mesh_palette"},"up":{"uv":[4.96,4.96,7.04,7.04],"texture":"#mesh_palette"},"north":{"uv":[4.96,4.96,7.04,7.04],"texture":"#mesh_palette"},"south":{"uv":[4.96,4.96,7.04,7.04],"texture":"#mesh_palette"},"west":{"uv":[4.96,4.96,7.04,7.04],"texture":"#mesh_palette"},"east":{"uv":[4.96,4.96,7.04,7.04],"texture":"#mesh_palette"}},"from":[9.25,7.5,8],"to":[9.5,8.5,8.25]},{"faces":{"down":{"uv":[4.96,4.96,7.04,7.04],"texture":"#mesh_palette"},"up":{"uv":[4.96,4.96,7.04,7.04],"texture":"#mesh_palette"},"north":{"uv":[4.96,4.96,7.04,7.04],"texture":"#mesh_palette"},"south":{"uv":[4.96,4.96,7.04,7.04],"texture":"#mesh_palette"},"west":{"uv":[4.96,4.96,7.04,7.04],"texture":"#mesh_palette"},"east":{"uv":[4.96,4.96,7.04,7.04],"texture":"#mesh_palette"}},"from":[9.25,7.5,8.25],"to":[9.5,8.25,8.5]},{"faces":{"down":{"uv":[4.96,4.96,7.04,7.04],"texture":"#mesh_palette"},"up":{"uv":[4.96,4.96,7.04,7.04],"texture":"#mesh_palette"},"north":{"uv":[4.96,4.96,7.04,7.04],"texture":"#mesh_palette"},"south":{"uv":[4.96,4.96,7.04,7.04],"texture":"#mesh_palette"},"west":{"uv":[4.96,4.96,7.04,7.04],"texture":"#mesh_palette"},"east":{"uv":[4.96,4.96,7.04,7.04],"texture":"#mesh_palette"}},"from":[9.25,8.25,7.75],"to":[9.5,8.5,8]},{"faces":{"down":{"uv":[8.96,4.96,11.04,7.04],"texture":"#mesh_palette"},"up":{"uv":[8.96,4.96,11.04,7.04],"texture":"#mesh_palette"},"north":{"uv":[8.96,4.96,11.04,7.04],"texture":"#mesh_palette"},"south":{"uv":[8.96,4.96,11.04,7.04],"texture":"#mesh_palette"},"west":{"uv":[8.96,4.96,11.04,7.04],"texture":"#mesh_palette"},"east":{"uv":[8.96,4.96,11.04,7.04],"texture":"#mesh_palette"}},"from":[9.5,7.25,7.5],"to":[10.5,7.5,7.75]},{"faces":{"down":{"uv":[12.96,4.96,15.04,7.04],"texture":"#mesh_palette"},"up":{"uv":[12.96,4.96,15.04,7.04],"texture":"#mesh_palette"},"north":{"uv":[12.96,4.96,15.04,7.04],"texture":"#mesh_palette"},"south":{"uv":[12.96,4.96,15.04,7.04],"texture":"#mesh_palette"},"west":{"uv":[12.96,4.96,15.04,7.04],"texture":"#mesh_palette"},"east":{"uv":[12.96,4.96,15.04,7.04],"texture":"#mesh_palette"}},"from":[9.5,7.25,7.75],"to":[9.75,7.5,8]},{"faces":{"down":{"uv":[8.96,4.96,11.04,7.04],"texture":"#mesh_palette"},"up":{"uv":[8.96,4.96,11.04,7.04],"texture":"#mesh_palette"},"north":{"uv":[8.96,4.96,11.04,7.04],"texture":"#mesh_palette"},"south":{"uv":[8.96,4.96,11.04,7.04],"texture":"#mesh_palette"},"west":{"uv":[8.96,4.96,11.04,7.04],"texture":"#mesh_palette"},"east":{"uv":[8.96,4.96,11.04,7.04],"texture":"#mesh_palette"}},"from":[9.5,7.25,8],"to":[9.75,8.5,8.25]},{"faces":{"down":{"uv":[8.96,4.96,11.04,7.04],"texture":"#mesh_palette"},"up":{"uv":[8.96,4.96,11.04,7.04],"texture":"#mesh_palette"},"north":{"uv":[8.96,4.96,11.04,7.04],"texture":"#mesh_palette"},"south":{"uv":[8.96,4.96,11.04,7.04],"texture":"#mesh_palette"},"west":{"uv":[8.96,4.96,11.04,7.04],"texture":"#mesh_palette"},"east":{"uv":[8.96,4.96,11.04,7.04],"texture":"#mesh_palette"}},"from":[9.5,7.5,7.25],"to":[10,8,7.75]},{"faces":{"down":{"uv":[8.96,4.96,11.04,7.04],"texture":"#mesh_palette"},"up":{"uv":[8.96,4.96,11.04,7.04],"texture":"#mesh_palette"},"north":{"uv":[8.96,4.96,11.04,7.04],"texture":"#mesh_palette"},"south":{"uv":[8.96,4.96,11.04,7.04],"texture":"#mesh_palette"},"west":{"uv":[8.96,4.96,11.04,7.04],"texture":"#mesh_palette"},"east":{"uv":[8.96,4.96,11.04,7.04],"texture":"#mesh_palette"}},"from":[9.5,7.5,8.25],"to":[10,8,8.5]},{"faces":{"down":{"uv":[8.96,4.96,11.04,7.04],"texture":"#mesh_palette"},"up":{"uv":[8.96,4.96,11.04,7.04],"texture":"#mesh_palette"},"north":{"uv":[8.96,4.96,11.04,7.04],"texture":"#mesh_palette"},"south":{"uv":[8.96,4.96,11.04,7.04],"texture":"#mesh_palette"},"west":{"uv":[8.96,4.96,11.04,7.04],"texture":"#mesh_palette"},"east":{"uv":[8.96,4.96,11.04,7.04],"texture":"#mesh_palette"}},"from":[9.5,8,7.25],"to":[9.75,8.25,7.75]},{"faces":{"down":{"uv":[8.96,4.96,11.04,7.04],"texture":"#mesh_palette"},"up":{"uv":[8.96,4.96,11.04,7.04],"texture":"#mesh_palette"},"north":{"uv":[8.96,4.96,11.04,7.04],"texture":"#mesh_palette"},"south":{"uv":[8.96,4.96,11.04,7.04],"texture":"#mesh_palette"},"west":{"uv":[8.96,4.96,11.04,7.04],"texture":"#mesh_palette"},"east":{"uv":[8.96,4.96,11.04,7.04],"texture":"#mesh_palette"}},"from":[9.5,8,8.25],"to":[9.75,8.25,8.5]},{"faces":{"down":{"uv":[8.96,4.96,11.04,7.04],"texture":"#mesh_palette"},"up":{"uv":[8.96,4.96,11.04,7.04],"texture":"#mesh_palette"},"north":{"uv":[8.96,4.96,11.04,7.04],"texture":"#mesh_palette"},"south":{"uv":[8.96,4.96,11.04,7.04],"texture":"#mesh_palette"},"west":{"uv":[8.96,4.96,11.04,7.04],"texture":"#mesh_palette"},"east":{"uv":[8.96,4.96,11.04,7.04],"texture":"#mesh_palette"}},"from":[9.5,8.25,7.5],"to":[10.5,8.5,7.75]},{"faces":{"down":{"uv":[12.96,4.96,15.04,7.04],"texture":"#mesh_palette"},"up":{"uv":[12.96,4.96,15.04,7.04],"texture":"#mesh_palette"},"north":{"uv":[12.96,4.96,15.04,7.04],"texture":"#mesh_palette"},"south":{"uv":[12.96,4.96,15.04,7.04],"texture":"#mesh_palette"},"west":{"uv":[12.96,4.96,15.04,7.04],"texture":"#mesh_palette"},"east":{"uv":[12.96,4.96,15.04,7.04],"texture":"#mesh_palette"}},"from":[9.5,8.25,7.75],"to":[9.75,8.5,8]},{"faces":{"down":{"uv":[8.96,4.96,11.04,7.04],"texture":"#mesh_palette"},"up":{"uv":[8.96,4.96,11.04,7.04],"texture":"#mesh_palette"},"north":{"uv":[8.96,4.96,11.04,7.04],"texture":"#mesh_palette"},"south":{"uv":[8.96,4.96,11.04,7.04],"texture":"#mesh_palette"},"west":{"uv":[8.96,4.96,11.04,7.04],"texture":"#mesh_palette"},"east":{"uv":[8.96,4.96,11.04,7.04],"texture":"#mesh_palette"}},"from":[9.75,7.25,7.75],"to":[10,7.5,8]},{"faces":{"down":{"uv":[0.96,8.96,3.04,11.04],"texture":"#mesh_palette"},"up":{"uv":[0.96,8.96,3.04,11.04],"texture":"#mesh_palette"},"north":{"uv":[0.96,8.96,3.04,11.04],"texture":"#mesh_palette"},"south":{"uv":[0.96,8.96,3.04,11.04],"texture":"#mesh_palette"},"west":{"uv":[0.96,8.96,3.04,11.04],"texture":"#mesh_palette"},"east":{"uv":[0.96,8.96,3.04,11.04],"texture":"#mesh_palette"}},"from":[9.75,7.25,8],"to":[10,8.5,8.25]},{"faces":{"down":{"uv":[12.96,4.96,15.04,7.04],"texture":"#mesh_palette"},"up":{"uv":[12.96,4.96,15.04,7.04],"texture":"#mesh_palette"},"north":{"uv":[12.96,4.96,15.04,7.04],"texture":"#mesh_palette"},"south":{"uv":[12.96,4.96,15.04,7.04],"texture":"#mesh_palette"},"west":{"uv":[12.96,4.96,15.04,7.04],"texture":"#mesh_palette"},"east":{"uv":[12.96,4.96,15.04,7.04],"texture":"#mesh_palette"}},"from":[9.75,8,7.25],"to":[10,8.25,7.75]},{"faces":{"down":{"uv":[12.96,4.96,15.04,7.04],"texture":"#mesh_palette"},"up":{"uv":[12.96,4.96,15.04,7.04],"texture":"#mesh_palette"},"north":{"uv":[12.96,4.96,15.04,7.04],"texture":"#mesh_palette"},"south":{"uv":[12.96,4.96,15.04,7.04],"texture":"#mesh_palette"},"west":{"uv":[12.96,4.96,15.04,7.04],"texture":"#mesh_palette"},"east":{"uv":[12.96,4.96,15.04,7.04],"texture":"#mesh_palette"}},"from":[9.75,8,8.25],"to":[10,8.25,8.5]},{"faces":{"down":{"uv":[8.96,4.96,11.04,7.04],"texture":"#mesh_palette"},"up":{"uv":[8.96,4.96,11.04,7.04],"texture":"#mesh_palette"},"north":{"uv":[8.96,4.96,11.04,7.04],"texture":"#mesh_palette"},"south":{"uv":[8.96,4.96,11.04,7.04],"texture":"#mesh_palette"},"west":{"uv":[8.96,4.96,11.04,7.04],"texture":"#mesh_palette"},"east":{"uv":[8.96,4.96,11.04,7.04],"texture":"#mesh_palette"}},"from":[9.75,8.25,7.75],"to":[10,8.5,8]},{"faces":{"down":{"uv":[0.96,8.96,3.04,11.04],"texture":"#mesh_palette"},"up":{"uv":[0.96,8.96,3.04,11.04],"texture":"#mesh_palette"},"north":{"uv":[0.96,8.96,3.04,11.04],"texture":"#mesh_palette"},"south":{"uv":[0.96,8.96,3.04,11.04],"texture":"#mesh_palette"},"west":{"uv":[0.96,8.96,3.04,11.04],"texture":"#mesh_palette"},"east":{"uv":[0.96,8.96,3.04,11.04],"texture":"#mesh_palette"}},"from":[10,7.25,7.75],"to":[10.25,7.5,8]},{"faces":{"down":{"uv":[8.96,4.96,11.04,7.04],"texture":"#mesh_palette"},"up":{"uv":[8.96,4.96,11.04,7.04],"texture":"#mesh_palette"},"north":{"uv":[8.96,4.96,11.04,7.04],"texture":"#mesh_palette"},"south":{"uv":[8.96,4.96,11.04,7.04],"texture":"#mesh_palette"},"west":{"uv":[8.96,4.96,11.04,7.04],"texture":"#mesh_palette"},"east":{"uv":[8.96,4.96,11.04,7.04],"texture":"#mesh_palette"}},"from":[10,7.25,8],"to":[10.25,7.5,8.25]},{"faces":{"down":{"uv":[0.96,8.96,3.04,11.04],"texture":"#mesh_palette"},"up":{"uv":[0.96,8.96,3.04,11.04],"texture":"#mesh_palette"},"north":{"uv":[0.96,8.96,3.04,11.04],"texture":"#mesh_palette"},"south":{"uv":[0.96,8.96,3.04,11.04],"texture":"#mesh_palette"},"west":{"uv":[0.96,8.96,3.04,11.04],"texture":"#mesh_palette"},"east":{"uv":[0.96,8.96,3.04,11.04],"texture":"#mesh_palette"}},"from":[10,7.5,7.25],"to":[10.25,8,7.75]},{"faces":{"down":{"uv":[0.96,8.96,3.04,11.04],"texture":"#mesh_palette"},"up":{"uv":[0.96,8.96,3.04,11.04],"texture":"#mesh_palette"},"north":{"uv":[0.96,8.96,3.04,11.04],"texture":"#mesh_palette"},"south":{"uv":[0.96,8.96,3.04,11.04],"texture":"#mesh_palette"},"west":{"uv":[0.96,8.96,3.04,11.04],"texture":"#mesh_palette"},"east":{"uv":[0.96,8.96,3.04,11.04],"texture":"#mesh_palette"}},"from":[10,7.5,8],"to":[10.25,8,8.5]},{"faces":{"down":{"uv":[8.96,4.96,11.04,7.04],"texture":"#mesh_palette"},"up":{"uv":[8.96,4.96,11.04,7.04],"texture":"#mesh_palette"},"north":{"uv":[8.96,4.96,11.04,7.04],"texture":"#mesh_palette"},"south":{"uv":[8.96,4.96,11.04,7.04],"texture":"#mesh_palette"},"west":{"uv":[8.96,4.96,11.04,7.04],"texture":"#mesh_palette"},"east":{"uv":[8.96,4.96,11.04,7.04],"texture":"#mesh_palette"}},"from":[10,8,7.25],"to":[10.25,8.25,7.75]},{"faces":{"down":{"uv":[8.96,4.96,11.04,7.04],"texture":"#mesh_palette"},"up":{"uv":[8.96,4.96,11.04,7.04],"texture":"#mesh_palette"},"north":{"uv":[8.96,4.96,11.04,7.04],"texture":"#mesh_palette"},"south":{"uv":[8.96,4.96,11.04,7.04],"texture":"#mesh_palette"},"west":{"uv":[8.96,4.96,11.04,7.04],"texture":"#mesh_palette"},"east":{"uv":[8.96,4.96,11.04,7.04],"texture":"#mesh_palette"}},"from":[10,8,8],"to":[10.25,8.5,8.25]},{"faces":{"down":{"uv":[8.96,4.96,11.04,7.04],"texture":"#mesh_palette"},"up":{"uv":[8.96,4.96,11.04,7.04],"texture":"#mesh_palette"},"north":{"uv":[8.96,4.96,11.04,7.04],"texture":"#mesh_palette"},"south":{"uv":[8.96,4.96,11.04,7.04],"texture":"#mesh_palette"},"west":{"uv":[8.96,4.96,11.04,7.04],"texture":"#mesh_palette"},"east":{"uv":[8.96,4.96,11.04,7.04],"texture":"#mesh_palette"}},"from":[10,8,8.25],"to":[10.25,8.25,8.5]},{"faces":{"down":{"uv":[0.96,8.96,3.04,11.04],"texture":"#mesh_palette"},"up":{"uv":[0.96,8.96,3.04,11.04],"texture":"#mesh_palette"},"north":{"uv":[0.96,8.96,3.04,11.04],"texture":"#mesh_palette"},"south":{"uv":[0.96,8.96,3.04,11.04],"texture":"#mesh_palette"},"west":{"uv":[0.96,8.96,3.04,11.04],"texture":"#mesh_palette"},"east":{"uv":[0.96,8.96,3.04,11.04],"texture":"#mesh_palette"}},"from":[10,8.25,7.75],"to":[10.25,8.5,8]},{"faces":{"down":{"uv":[8.96,4.96,11.04,7.04],"texture":"#mesh_palette"},"up":{"uv":[8.96,4.96,11.04,7.04],"texture":"#mesh_palette"},"north":{"uv":[8.96,4.96,11.04,7.04],"texture":"#mesh_palette"},"south":{"uv":[8.96,4.96,11.04,7.04],"texture":"#mesh_palette"},"west":{"uv":[8.96,4.96,11.04,7.04],"texture":"#mesh_palette"},"east":{"uv":[8.96,4.96,11.04,7.04],"texture":"#mesh_palette"}},"from":[10.25,7.25,7.75],"to":[10.5,7.5,8]},{"faces":{"down":{"uv":[12.96,4.96,15.04,7.04],"texture":"#mesh_palette"},"up":{"uv":[12.96,4.96,15.04,7.04],"texture":"#mesh_palette"},"north":{"uv":[12.96,4.96,15.04,7.04],"texture":"#mesh_palette"},"south":{"uv":[12.96,4.96,15.04,7.04],"texture":"#mesh_palette"},"west":{"uv":[12.96,4.96,15.04,7.04],"texture":"#mesh_palette"},"east":{"uv":[12.96,4.96,15.04,7.04],"texture":"#mesh_palette"}},"from":[10.25,7.25,8],"to":[10.5,8,8.25]},{"faces":{"down":{"uv":[12.96,4.96,15.04,7.04],"texture":"#mesh_palette"},"up":{"uv":[12.96,4.96,15.04,7.04],"texture":"#mesh_palette"},"north":{"uv":[12.96,4.96,15.04,7.04],"texture":"#mesh_palette"},"south":{"uv":[12.96,4.96,15.04,7.04],"texture":"#mesh_palette"},"west":{"uv":[12.96,4.96,15.04,7.04],"texture":"#mesh_palette"},"east":{"uv":[12.96,4.96,15.04,7.04],"texture":"#mesh_palette"}},"from":[10.25,7.5,7.25],"to":[10.5,7.75,7.75]},{"faces":{"down":{"uv":[12.96,4.96,15.04,7.04],"texture":"#mesh_palette"},"up":{"uv":[12.96,4.96,15.04,7.04],"texture":"#mesh_palette"},"north":{"uv":[12.96,4.96,15.04,7.04],"texture":"#mesh_palette"},"south":{"uv":[12.96,4.96,15.04,7.04],"texture":"#mesh_palette"},"west":{"uv":[12.96,4.96,15.04,7.04],"texture":"#mesh_palette"},"east":{"uv":[12.96,4.96,15.04,7.04],"texture":"#mesh_palette"}},"from":[10.25,7.5,8.25],"to":[10.5,7.75,8.5]},{"faces":{"down":{"uv":[8.96,4.96,11.04,7.04],"texture":"#mesh_palette"},"up":{"uv":[8.96,4.96,11.04,7.04],"texture":"#mesh_palette"},"north":{"uv":[8.96,4.96,11.04,7.04],"texture":"#mesh_palette"},"south":{"uv":[8.96,4.96,11.04,7.04],"texture":"#mesh_palette"},"west":{"uv":[8.96,4.96,11.04,7.04],"texture":"#mesh_palette"},"east":{"uv":[8.96,4.96,11.04,7.04],"texture":"#mesh_palette"}},"from":[10.25,7.75,7.25],"to":[11.5,8,7.5]},{"faces":{"down":{"uv":[8.96,4.96,11.04,7.04],"texture":"#mesh_palette"},"up":{"uv":[8.96,4.96,11.04,7.04],"texture":"#mesh_palette"},"north":{"uv":[8.96,4.96,11.04,7.04],"texture":"#mesh_palette"},"south":{"uv":[8.96,4.96,11.04,7.04],"texture":"#mesh_palette"},"west":{"uv":[8.96,4.96,11.04,7.04],"texture":"#mesh_palette"},"east":{"uv":[8.96,4.96,11.04,7.04],"texture":"#mesh_palette"}},"from":[10.25,7.75,7.5],"to":[10.5,8,7.75]},{"faces":{"down":{"uv":[8.96,4.96,11.04,7.04],"texture":"#mesh_palette"},"up":{"uv":[8.96,4.96,11.04,7.04],"texture":"#mesh_palette"},"north":{"uv":[8.96,4.96,11.04,7.04],"texture":"#mesh_palette"},"south":{"uv":[8.96,4.96,11.04,7.04],"texture":"#mesh_palette"},"west":{"uv":[8.96,4.96,11.04,7.04],"texture":"#mesh_palette"},"east":{"uv":[8.96,4.96,11.04,7.04],"texture":"#mesh_palette"}},"from":[10.25,7.75,8.25],"to":[11.5,8,8.5]},{"faces":{"down":{"uv":[0.96,8.96,3.04,11.04],"texture":"#mesh_palette"},"up":{"uv":[0.96,8.96,3.04,11.04],"texture":"#mesh_palette"},"north":{"uv":[0.96,8.96,3.04,11.04],"texture":"#mesh_palette"},"south":{"uv":[0.96,8.96,3.04,11.04],"texture":"#mesh_palette"},"west":{"uv":[0.96,8.96,3.04,11.04],"texture":"#mesh_palette"},"east":{"uv":[0.96,8.96,3.04,11.04],"texture":"#mesh_palette"}},"from":[10.25,8,7.25],"to":[10.5,8.25,7.75]},{"faces":{"down":{"uv":[0.96,8.96,3.04,11.04],"texture":"#mesh_palette"},"up":{"uv":[0.96,8.96,3.04,11.04],"texture":"#mesh_palette"},"north":{"uv":[0.96,8.96,3.04,11.04],"texture":"#mesh_palette"},"south":{"uv":[0.96,8.96,3.04,11.04],"texture":"#mesh_palette"},"west":{"uv":[0.96,8.96,3.04,11.04],"texture":"#mesh_palette"},"east":{"uv":[0.96,8.96,3.04,11.04],"texture":"#mesh_palette"}},"from":[10.25,8,8],"to":[10.5,8.25,8.5]},{"faces":{"down":{"uv":[8.96,4.96,11.04,7.04],"texture":"#mesh_palette"},"up":{"uv":[8.96,4.96,11.04,7.04],"texture":"#mesh_palette"},"north":{"uv":[8.96,4.96,11.04,7.04],"texture":"#mesh_palette"},"south":{"uv":[8.96,4.96,11.04,7.04],"texture":"#mesh_palette"},"west":{"uv":[8.96,4.96,11.04,7.04],"texture":"#mesh_palette"},"east":{"uv":[8.96,4.96,11.04,7.04],"texture":"#mesh_palette"}},"from":[10.25,8.25,7.75],"to":[10.5,8.5,8]},{"faces":{"down":{"uv":[12.96,4.96,15.04,7.04],"texture":"#mesh_palette"},"up":{"uv":[12.96,4.96,15.04,7.04],"texture":"#mesh_palette"},"north":{"uv":[12.96,4.96,15.04,7.04],"texture":"#mesh_palette"},"south":{"uv":[12.96,4.96,15.04,7.04],"texture":"#mesh_palette"},"west":{"uv":[12.96,4.96,15.04,7.04],"texture":"#mesh_palette"},"east":{"uv":[12.96,4.96,15.04,7.04],"texture":"#mesh_palette"}},"from":[10.25,8.25,8],"to":[10.5,8.5,8.25]},{"faces":{"down":{"uv":[12.96,4.96,15.04,7.04],"texture":"#mesh_palette"},"up":{"uv":[12.96,4.96,15.04,7.04],"texture":"#mesh_palette"},"north":{"uv":[12.96,4.96,15.04,7.04],"texture":"#mesh_palette"},"south":{"uv":[12.96,4.96,15.04,7.04],"texture":"#mesh_palette"},"west":{"uv":[12.96,4.96,15.04,7.04],"texture":"#mesh_palette"},"east":{"uv":[12.96,4.96,15.04,7.04],"texture":"#mesh_palette"}},"from":[10.5,7.25,7.5],"to":[10.75,8.5,7.75]},{"faces":{"down":{"uv":[0.96,8.96,3.04,11.04],"texture":"#mesh_palette"},"up":{"uv":[0.96,8.96,3.04,11.04],"texture":"#mesh_palette"},"north":{"uv":[0.96,8.96,3.04,11.04],"texture":"#mesh_palette"},"south":{"uv":[0.96,8.96,3.04,11.04],"texture":"#mesh_palette"},"west":{"uv":[0.96,8.96,3.04,11.04],"texture":"#mesh_palette"},"east":{"uv":[0.96,8.96,3.04,11.04],"texture":"#mesh_palette"}},"from":[10.5,7.25,7.75],"to":[10.75,7.5,8]},{"faces":{"down":{"uv":[8.96,4.96,11.04,7.04],"texture":"#mesh_palette"},"up":{"uv":[8.96,4.96,11.04,7.04],"texture":"#mesh_palette"},"north":{"uv":[8.96,4.96,11.04,7.04],"texture":"#mesh_palette"},"south":{"uv":[8.96,4.96,11.04,7.04],"texture":"#mesh_palette"},"west":{"uv":[8.96,4.96,11.04,7.04],"texture":"#mesh_palette"},"east":{"uv":[8.96,4.96,11.04,7.04],"texture":"#mesh_palette"}},"from":[10.5,7.25,8],"to":[11,8.5,8.25]},{"faces":{"down":{"uv":[8.96,4.96,11.04,7.04],"texture":"#mesh_palette"},"up":{"uv":[8.96,4.96,11.04,7.04],"texture":"#mesh_palette"},"north":{"uv":[8.96,4.96,11.04,7.04],"texture":"#mesh_palette"},"south":{"uv":[8.96,4.96,11.04,7.04],"texture":"#mesh_palette"},"west":{"uv":[8.96,4.96,11.04,7.04],"texture":"#mesh_palette"},"east":{"uv":[8.96,4.96,11.04,7.04],"texture":"#mesh_palette"}},"from":[10.5,7.5,7.25],"to":[11,7.75,7.5]},{"faces":{"down":{"uv":[8.96,4.96,11.04,7.04],"texture":"#mesh_palette"},"up":{"uv":[8.96,4.96,11.04,7.04],"texture":"#mesh_palette"},"north":{"uv":[8.96,4.96,11.04,7.04],"texture":"#mesh_palette"},"south":{"uv":[8.96,4.96,11.04,7.04],"texture":"#mesh_palette"},"west":{"uv":[8.96,4.96,11.04,7.04],"texture":"#mesh_palette"},"east":{"uv":[8.96,4.96,11.04,7.04],"texture":"#mesh_palette"}},"from":[10.5,7.5,8.25],"to":[11,7.75,8.5]},{"faces":{"down":{"uv":[8.96,4.96,11.04,7.04],"texture":"#mesh_palette"},"up":{"uv":[8.96,4.96,11.04,7.04],"texture":"#mesh_palette"},"north":{"uv":[8.96,4.96,11.04,7.04],"texture":"#mesh_palette"},"south":{"uv":[8.96,4.96,11.04,7.04],"texture":"#mesh_palette"},"west":{"uv":[8.96,4.96,11.04,7.04],"texture":"#mesh_palette"},"east":{"uv":[8.96,4.96,11.04,7.04],"texture":"#mesh_palette"}},"from":[10.5,8,7.25],"to":[11,8.25,7.5]},{"faces":{"down":{"uv":[8.96,4.96,11.04,7.04],"texture":"#mesh_palette"},"up":{"uv":[8.96,4.96,11.04,7.04],"texture":"#mesh_palette"},"north":{"uv":[8.96,4.96,11.04,7.04],"texture":"#mesh_palette"},"south":{"uv":[8.96,4.96,11.04,7.04],"texture":"#mesh_palette"},"west":{"uv":[8.96,4.96,11.04,7.04],"texture":"#mesh_palette"},"east":{"uv":[8.96,4.96,11.04,7.04],"texture":"#mesh_palette"}},"from":[10.5,8,8.25],"to":[11,8.25,8.5]},{"faces":{"down":{"uv":[0.96,8.96,3.04,11.04],"texture":"#mesh_palette"},"up":{"uv":[0.96,8.96,3.04,11.04],"texture":"#mesh_palette"},"north":{"uv":[0.96,8.96,3.04,11.04],"texture":"#mesh_palette"},"south":{"uv":[0.96,8.96,3.04,11.04],"texture":"#mesh_palette"},"west":{"uv":[0.96,8.96,3.04,11.04],"texture":"#mesh_palette"},"east":{"uv":[0.96,8.96,3.04,11.04],"texture":"#mesh_palette"}},"from":[10.5,8.25,7.75],"to":[10.75,8.5,8]},{"faces":{"down":{"uv":[8.96,4.96,11.04,7.04],"texture":"#mesh_palette"},"up":{"uv":[8.96,4.96,11.04,7.04],"texture":"#mesh_palette"},"north":{"uv":[8.96,4.96,11.04,7.04],"texture":"#mesh_palette"},"south":{"uv":[8.96,4.96,11.04,7.04],"texture":"#mesh_palette"},"west":{"uv":[8.96,4.96,11.04,7.04],"texture":"#mesh_palette"},"east":{"uv":[8.96,4.96,11.04,7.04],"texture":"#mesh_palette"}},"from":[10.75,7.25,7.5],"to":[11,8.5,7.75]},{"faces":{"down":{"uv":[8.96,4.96,11.04,7.04],"texture":"#mesh_palette"},"up":{"uv":[8.96,4.96,11.04,7.04],"texture":"#mesh_palette"},"north":{"uv":[8.96,4.96,11.04,7.04],"texture":"#mesh_palette"},"south":{"uv":[8.96,4.96,11.04,7.04],"texture":"#mesh_palette"},"west":{"uv":[8.96,4.96,11.04,7.04],"texture":"#mesh_palette"},"east":{"uv":[8.96,4.96,11.04,7.04],"texture":"#mesh_palette"}},"from":[10.75,7.25,7.75],"to":[11.5,7.5,8]},{"faces":{"down":{"uv":[8.96,4.96,11.04,7.04],"texture":"#mesh_palette"},"up":{"uv":[8.96,4.96,11.04,7.04],"texture":"#mesh_palette"},"north":{"uv":[8.96,4.96,11.04,7.04],"texture":"#mesh_palette"},"south":{"uv":[8.96,4.96,11.04,7.04],"texture":"#mesh_palette"},"west":{"uv":[8.96,4.96,11.04,7.04],"texture":"#mesh_palette"},"east":{"uv":[8.96,4.96,11.04,7.04],"texture":"#mesh_palette"}},"from":[10.75,8.25,7.75],"to":[11.5,8.5,8]},{"faces":{"down":{"uv":[0.96,8.96,3.04,11.04],"texture":"#mesh_palette"},"up":{"uv":[0.96,8.96,3.04,11.04],"texture":"#mesh_palette"},"north":{"uv":[0.96,8.96,3.04,11.04],"texture":"#mesh_palette"},"south":{"uv":[0.96,8.96,3.04,11.04],"texture":"#mesh_palette"},"west":{"uv":[0.96,8.96,3.04,11.04],"texture":"#mesh_palette"},"east":{"uv":[0.96,8.96,3.04,11.04],"texture":"#mesh_palette"}},"from":[11,7.25,7.5],"to":[11.25,8.5,7.75]},{"faces":{"down":{"uv":[12.96,4.96,15.04,7.04],"texture":"#mesh_palette"},"up":{"uv":[12.96,4.96,15.04,7.04],"texture":"#mesh_palette"},"north":{"uv":[12.96,4.96,15.04,7.04],"texture":"#mesh_palette"},"south":{"uv":[12.96,4.96,15.04,7.04],"texture":"#mesh_palette"},"west":{"uv":[12.96,4.96,15.04,7.04],"texture":"#mesh_palette"},"east":{"uv":[12.96,4.96,15.04,7.04],"texture":"#mesh_palette"}},"from":[11,7.25,8],"to":[11.25,7.5,8.25]},{"faces":{"down":{"uv":[0.96,8.96,3.04,11.04],"texture":"#mesh_palette"},"up":{"uv":[0.96,8.96,3.04,11.04],"texture":"#mesh_palette"},"north":{"uv":[0.96,8.96,3.04,11.04],"texture":"#mesh_palette"},"south":{"uv":[0.96,8.96,3.04,11.04],"texture":"#mesh_palette"},"west":{"uv":[0.96,8.96,3.04,11.04],"texture":"#mesh_palette"},"east":{"uv":[0.96,8.96,3.04,11.04],"texture":"#mesh_palette"}},"from":[11,7.5,7.25],"to":[11.25,7.75,7.5]},{"faces":{"down":{"uv":[0.96,8.96,3.04,11.04],"texture":"#mesh_palette"},"up":{"uv":[0.96,8.96,3.04,11.04],"texture":"#mesh_palette"},"north":{"uv":[0.96,8.96,3.04,11.04],"texture":"#mesh_palette"},"south":{"uv":[0.96,8.96,3.04,11.04],"texture":"#mesh_palette"},"west":{"uv":[0.96,8.96,3.04,11.04],"texture":"#mesh_palette"},"east":{"uv":[0.96,8.96,3.04,11.04],"texture":"#mesh_palette"}},"from":[11,7.5,8],"to":[11.25,7.75,8.5]},{"faces":{"down":{"uv":[12.96,4.96,15.04,7.04],"texture":"#mesh_palette"},"up":{"uv":[12.96,4.96,15.04,7.04],"texture":"#mesh_palette"},"north":{"uv":[12.96,4.96,15.04,7.04],"texture":"#mesh_palette"},"south":{"uv":[12.96,4.96,15.04,7.04],"texture":"#mesh_palette"},"west":{"uv":[12.96,4.96,15.04,7.04],"texture":"#mesh_palette"},"east":{"uv":[12.96,4.96,15.04,7.04],"texture":"#mesh_palette"}},"from":[11,7.75,8],"to":[11.25,8.5,8.25]},{"faces":{"down":{"uv":[12.96,4.96,15.04,7.04],"texture":"#mesh_palette"},"up":{"uv":[12.96,4.96,15.04,7.04],"texture":"#mesh_palette"},"north":{"uv":[12.96,4.96,15.04,7.04],"texture":"#mesh_palette"},"south":{"uv":[12.96,4.96,15.04,7.04],"texture":"#mesh_palette"},"west":{"uv":[12.96,4.96,15.04,7.04],"texture":"#mesh_palette"},"east":{"uv":[12.96,4.96,15.04,7.04],"texture":"#mesh_palette"}},"from":[11,8,7.25],"to":[11.25,8.25,7.5]},{"faces":{"down":{"uv":[12.96,4.96,15.04,7.04],"texture":"#mesh_palette"},"up":{"uv":[12.96,4.96,15.04,7.04],"texture":"#mesh_palette"},"north":{"uv":[12.96,4.96,15.04,7.04],"texture":"#mesh_palette"},"south":{"uv":[12.96,4.96,15.04,7.04],"texture":"#mesh_palette"},"west":{"uv":[12.96,4.96,15.04,7.04],"texture":"#mesh_palette"},"east":{"uv":[12.96,4.96,15.04,7.04],"texture":"#mesh_palette"}},"from":[11,8,8.25],"to":[11.25,8.25,8.5]},{"faces":{"down":{"uv":[8.96,4.96,11.04,7.04],"texture":"#mesh_palette"},"up":{"uv":[8.96,4.96,11.04,7.04],"texture":"#mesh_palette"},"north":{"uv":[8.96,4.96,11.04,7.04],"texture":"#mesh_palette"},"south":{"uv":[8.96,4.96,11.04,7.04],"texture":"#mesh_palette"},"west":{"uv":[8.96,4.96,11.04,7.04],"texture":"#mesh_palette"},"east":{"uv":[8.96,4.96,11.04,7.04],"texture":"#mesh_palette"}},"from":[11.25,7.25,7.5],"to":[11.5,8.5,7.75]},{"faces":{"down":{"uv":[8.96,4.96,11.04,7.04],"texture":"#mesh_palette"},"up":{"uv":[8.96,4.96,11.04,7.04],"texture":"#mesh_palette"},"north":{"uv":[8.96,4.96,11.04,7.04],"texture":"#mesh_palette"},"south":{"uv":[8.96,4.96,11.04,7.04],"texture":"#mesh_palette"},"west":{"uv":[8.96,4.96,11.04,7.04],"texture":"#mesh_palette"},"east":{"uv":[8.96,4.96,11.04,7.04],"texture":"#mesh_palette"}},"from":[11.25,7.25,8],"to":[11.5,8.5,8.25]},{"faces":{"down":{"uv":[8.96,4.96,11.04,7.04],"texture":"#mesh_palette"},"up":{"uv":[8.96,4.96,11.04,7.04],"texture":"#mesh_palette"},"north":{"uv":[8.96,4.96,11.04,7.04],"texture":"#mesh_palette"},"south":{"uv":[8.96,4.96,11.04,7.04],"texture":"#mesh_palette"},"west":{"uv":[8.96,4.96,11.04,7.04],"texture":"#mesh_palette"},"east":{"uv":[8.96,4.96,11.04,7.04],"texture":"#mesh_palette"}},"from":[11.25,7.5,7.25],"to":[11.5,7.75,7.5]},{"faces":{"down":{"uv":[8.96,4.96,11.04,7.04],"texture":"#mesh_palette"},"up":{"uv":[8.96,4.96,11.04,7.04],"texture":"#mesh_palette"},"north":{"uv":[8.96,4.96,11.04,7.04],"texture":"#mesh_palette"},"south":{"uv":[8.96,4.96,11.04,7.04],"texture":"#mesh_palette"},"west":{"uv":[8.96,4.96,11.04,7.04],"texture":"#mesh_palette"},"east":{"uv":[8.96,4.96,11.04,7.04],"texture":"#mesh_palette"}},"from":[11.25,7.5,8.25],"to":[11.5,7.75,8.5]},{"faces":{"down":{"uv":[8.96,4.96,11.04,7.04],"texture":"#mesh_palette"},"up":{"uv":[8.96,4.96,11.04,7.04],"texture":"#mesh_palette"},"north":{"uv":[8.96,4.96,11.04,7.04],"texture":"#mesh_palette"},"south":{"uv":[8.96,4.96,11.04,7.04],"texture":"#mesh_palette"},"west":{"uv":[8.96,4.96,11.04,7.04],"texture":"#mesh_palette"},"east":{"uv":[8.96,4.96,11.04,7.04],"texture":"#mesh_palette"}},"from":[11.25,8,7.25],"to":[11.5,8.25,7.5]},{"faces":{"down":{"uv":[8.96,4.96,11.04,7.04],"texture":"#mesh_palette"},"up":{"uv":[8.96,4.96,11.04,7.04],"texture":"#mesh_palette"},"north":{"uv":[8.96,4.96,11.04,7.04],"texture":"#mesh_palette"},"south":{"uv":[8.96,4.96,11.04,7.04],"texture":"#mesh_palette"},"west":{"uv":[8.96,4.96,11.04,7.04],"texture":"#mesh_palette"},"east":{"uv":[8.96,4.96,11.04,7.04],"texture":"#mesh_palette"}},"from":[11.25,8,8.25],"to":[11.5,8.25,8.5]},{"faces":{"down":{"uv":[12.96,0.96,15.04,3.04],"texture":"#mesh_palette"},"up":{"uv":[12.96,0.96,15.04,3.04],"texture":"#mesh_palette"},"north":{"uv":[12.96,0.96,15.04,3.04],"texture":"#mesh_palette"},"south":{"uv":[12.96,0.96,15.04,3.04],"texture":"#mesh_palette"},"west":{"uv":[12.96,0.96,15.04,3.04],"texture":"#mesh_palette"},"east":{"uv":[12.96,0.96,15.04,3.04],"texture":"#mesh_palette"}},"from":[11.5,7.5,7.75],"to":[12,8.25,8]},{"faces":{"down":{"uv":[12.96,0.96,15.04,3.04],"texture":"#mesh_palette"},"up":{"uv":[12.96,0.96,15.04,3.04],"texture":"#mesh_palette"},"north":{"uv":[12.96,0.96,15.04,3.04],"texture":"#mesh_palette"},"south":{"uv":[12.96,0.96,15.04,3.04],"texture":"#mesh_palette"},"west":{"uv":[12.96,0.96,15.04,3.04],"texture":"#mesh_palette"},"east":{"uv":[12.96,0.96,15.04,3.04],"texture":"#mesh_palette"}},"from":[11.5,7.75,7.5],"to":[12,8,7.75]},{"faces":{"down":{"uv":[12.96,0.96,15.04,3.04],"texture":"#mesh_palette"},"up":{"uv":[12.96,0.96,15.04,3.04],"texture":"#mesh_palette"},"north":{"uv":[12.96,0.96,15.04,3.04],"texture":"#mesh_palette"},"south":{"uv":[12.96,0.96,15.04,3.04],"texture":"#mesh_palette"},"west":{"uv":[12.96,0.96,15.04,3.04],"texture":"#mesh_palette"},"east":{"uv":[12.96,0.96,15.04,3.04],"texture":"#mesh_palette"}},"from":[11.5,7.75,8],"to":[12,8,8.25]},{"faces":{"down":{"uv":[4.96,8.96,7.04,11.04],"texture":"#mesh_palette"},"up":{"uv":[4.96,8.96,7.04,11.04],"texture":"#mesh_palette"},"north":{"uv":[4.96,8.96,7.04,11.04],"texture":"#mesh_palette"},"south":{"uv":[4.96,8.96,7.04,11.04],"texture":"#mesh_palette"},"west":{"uv":[4.96,8.96,7.04,11.04],"texture":"#mesh_palette"},"east":{"uv":[4.96,8.96,7.04,11.04],"texture":"#mesh_palette"}},"from":[12,7.75,7.75],"to":[16,8,8]},{"faces":{"down":{"uv":[8.96,8.96,11.04,11.04],"texture":"#mesh_palette"},"up":{"uv":[8.96,8.96,11.04,11.04],"texture":"#mesh_palette"},"north":{"uv":[8.96,8.96,11.04,11.04],"texture":"#mesh_palette"},"south":{"uv":[8.96,8.96,11.04,11.04],"texture":"#mesh_palette"},"west":{"uv":[8.96,8.96,11.04,11.04],"texture":"#mesh_palette"},"east":{"uv":[8.96,8.96,11.04,11.04],"texture":"#mesh_palette"}},"from":[12.5,7.5,7.75],"to":[13.25,7.75,8]},{"faces":{"down":{"uv":[8.96,8.96,11.04,11.04],"texture":"#mesh_palette"},"up":{"uv":[8.96,8.96,11.04,11.04],"texture":"#mesh_palette"},"north":{"uv":[8.96,8.96,11.04,11.04],"texture":"#mesh_palette"},"south":{"uv":[8.96,8.96,11.04,11.04],"texture":"#mesh_palette"},"west":{"uv":[8.96,8.96,11.04,11.04],"texture":"#mesh_palette"},"east":{"uv":[8.96,8.96,11.04,11.04],"texture":"#mesh_palette"}},"from":[12.5,7.75,7.5],"to":[13.5,8,7.75]},{"faces":{"down":{"uv":[8.96,8.96,11.04,11.04],"texture":"#mesh_palette"},"up":{"uv":[8.96,8.96,11.04,11.04],"texture":"#mesh_palette"},"north":{"uv":[8.96,8.96,11.04,11.04],"texture":"#mesh_palette"},"south":{"uv":[8.96,8.96,11.04,11.04],"texture":"#mesh_palette"},"west":{"uv":[8.96,8.96,11.04,11.04],"texture":"#mesh_palette"},"east":{"uv":[8.96,8.96,11.04,11.04],"texture":"#mesh_palette"}},"from":[12.5,7.75,8],"to":[13.5,8,8.25]},{"faces":{"down":{"uv":[8.96,8.96,11.04,11.04],"texture":"#mesh_palette"},"up":{"uv":[8.96,8.96,11.04,11.04],"texture":"#mesh_palette"},"north":{"uv":[8.96,8.96,11.04,11.04],"texture":"#mesh_palette"},"south":{"uv":[8.96,8.96,11.04,11.04],"texture":"#mesh_palette"},"west":{"uv":[8.96,8.96,11.04,11.04],"texture":"#mesh_palette"},"east":{"uv":[8.96,8.96,11.04,11.04],"texture":"#mesh_palette"}},"from":[12.5,8,7.75],"to":[13.25,8.25,8]}],"gui_light":"front"}