{"sources":[{"type":"directory","source":"guns","prefix":"guns/"},{"type":"directory","source":"drugs","prefix":"drugs/"},{"type":"directory","source":"other","prefix":"other/"},{"type":"directory","source":"crates","prefix":"crates/"},{"type":"directory","source":"supplydrops","prefix":"supplydrops/"},{"type":"directory","source":"items","prefix":"items/"},{"type":"directory","source":"christmas_models","prefix":"christmas_models/"},{"type":"directory","source":"halloween_models","prefix":"halloween_models/"},{"type":"directory","source":"vehicles","prefix":"vehicles/"},{"type":"directory","source":"casino","prefix":"casino/"},{"type":"directory","source":"atm","prefix":"atm/"},{"type":"directory","source":"food","prefix":"food/"},{"type":"directory","source":"blocks","prefix":"blocks/"},{"type":"directory","source":"medkits","prefix":"medkits/"},{"type":"directory","source":"icons","prefix":"icons/"},{"type":"directory","source":"weapon","prefix":"weapon/"},{"type":"directory","source":"advancedrifleskins","prefix":"advancedrifleskins/"},{"type":"directory","source":"assaultrifleskin","prefix":"assaultrifleskin/"},{"type":"directory","source":"assaultshotgunskin","prefix":"assaultshotgunskin/"},{"type":"directory","source":"assaultsmgskin","prefix":"assaultsmgskin/"},{"type":"directory","source":"baseballbatskin","prefix":"baseballbatskin/"},{"type":"directory","source":"browningm2skin","prefix":"browningm2skin/"},{"type":"directory","source":"bullpupskin","prefix":"bullpupskin/"},{"type":"directory","source":"carbinerifleskin","prefix":"carbinerifleskin/"},{"type":"directory","source":"chainsawskin","prefix":"chainsawskin/"},{"type":"directory","source":"combatmgskin","prefix":"combatmgskin/"},{"type":"directory","source":"combatpdwskin","prefix":"combatpdwskin/"},{"type":"directory","source":"combatpistolskin","prefix":"combatpistolskin/"},{"type":"directory","source":"flamethrowerskin","prefix":"flamethrowerskin/"},{"type":"directory","source":"grenadelauncherskin","prefix":"grenadelauncherskin/"},{"type":"directory","source":"gusenburgsweeperskin","prefix":"gusenburgsweeperskin/"},{"type":"directory","source":"heavypistolskins","prefix":"heavypistolskins/"},{"type":"directory","source":"heavyrevolverskin","prefix":"heavyrevolverskin/"},{"type":"directory","source":"heavyshotgunskin","prefix":"heavyshotgunskin/"},{"type":"directory","source":"heavysniperskin","prefix":"heavysniperskin/"},{"type":"directory","source":"hominglauncherskin","prefix":"hominglauncherskin/"},{"type":"directory","source":"knifeskin","prefix":"knifeskin/"},{"type":"directory","source":"macheteskin","prefix":"macheteskin/"},{"type":"directory","source":"machinepistolskin","prefix":"machinepistolskin/"},{"type":"directory","source":"marksmanpistolskin","prefix":"marksmanpistolskin/"},{"type":"directory","source":"mgskin","prefix":"mgskin/"},{"type":"directory","source":"microsmgskin","prefix":"microsmgskin/"},{"type":"directory","source":"minigunskin","prefix":"minigunskin/"},{"type":"directory","source":"musketskin","prefix":"musketskin/"},{"type":"directory","source":"netlauncherskin","prefix":"netlauncherskin/"},{"type":"directory","source":"nightstickskin","prefix":"nightstickskin/"},{"type":"directory","source":"pistolskin","prefix":"pistolskin/"},{"type":"directory","source":"pumpshotgunskin","prefix":"pumpshotgunskin/"},{"type":"directory","source":"railgunskin","prefix":"railgunskin/"},{"type":"directory","source":"rakeskin","prefix":"rakeskin/"},{"type":"directory","source":"rpgskin","prefix":"rpgskin/"},{"type":"directory","source":"sawed-offshotgunskin","prefix":"sawed-offshotgunskin/"},{"type":"directory","source":"smgskin","prefix":"smgskin/"},{"type":"directory","source":"sniperrifleskin","prefix":"sniperrifleskin/"},{"type":"directory","source":"specialcarbineskin","prefix":"specialcarbineskin/"},{"type":"directory","source":"stungunskin","prefix":"stungunskin/"},{"type":"directory","source":"attachments","prefix":"attachments/"},{"type":"directory","source":"armor","prefix":"armor/"},{"type":"directory","source":"christmas_outfit","prefix":"christmas_outfit/"},{"type":"directory","source":"food2d","prefix":"food2d/"},{"type":"directory","source":"food3d","prefix":"food3d/"},{"type":"directory","source":"manager_items","prefix":"manager_items/"},{"type":"directory","source":"halloween","prefix":"halloween/"},{"type":"directory","source":"minigun","prefix":"minigun/"},{"type":"directory","source":"micro_smg","prefix":"micro_smg/"},{"type":"directory","source":"gusenberg_sweeper","prefix":"gusenberg_sweeper/"},{"type":"directory","source":"katana","prefix":"katana/"},{"type":"directory","source":"machete","prefix":"machete/"},{"type":"directory","source":"smg","prefix":"smg/"}]}