{
	"format_version": "1.21.6",
	"credit": "Made with Blockbench",
	"parent": "item/generated",
	"textures": {
		"particle": "item/flans/weapons/melee/chanlas",
		"layer0": "item/flans/weapons/melee/chanlas"
	},
	"display": {
		"thirdperson_righthand": {
			"rotation": [0, -90, -45],
			"translation": [0, 1, 0.5],
			"scale": [0.7, 0.7, 0.7]
		},
		"thirdperson_lefthand": {
			"rotation": [0, 90, 45],
			"translation": [0, 1, 0.5],
			"scale": [0.7, 0.7, 0.7]
		},
		"firstperson_righthand": {
			"rotation": [0, -90, -45],
			"translation": [0, 3, -0.25],
			"scale": [0.6, 0.6, 0.6]
		},
		"firstperson_lefthand": {
			"rotation": [0, 90, 45],
			"translation": [0, 3, 0.25],
			"scale": [0.6, 0.6, 0.6]
		},
		"ground": {
			"translation": [0, 3, 0],
			"scale": [0.7, 0.7, 0.7]
		},
		"head": {
			"translation": [0, 13.5, 0]
		}
	}
}