{
	"format_version": "1.21.6",
	"credit": "Made with Blockbench",
	"parent": "item/generated",
	"textures": {
		"particle": "item/flans/weapons/melee/rake",
		"layer0": "item/flans/weapons/melee/rake"
	},
	"display": {
		"thirdperson_righthand": {
			"rotation": [0, -90, 45],
			"translation": [0, 0.25, 0.25],
			"scale": [0.8, 0.8, 0.8]
		},
		"thirdperson_lefthand": {
			"rotation": [0, 90, -45],
			"translation": [0, 0.25, 0.25],
			"scale": [0.8, 0.8, 0.8]
		},
		"firstperson_righthand": {
			"rotation": [0, -90, 45],
			"translation": [0, 3.5, -0.25],
			"scale": [0.7, 0.7, 0.7]
		},
		"firstperson_lefthand": {
			"rotation": [0, 90, -45],
			"translation": [0, 3.5, 0.25],
			"scale": [0.7, 0.7, 0.7]
		},
		"ground": {
			"translation": [0, 3, 0],
			"scale": [0.7, 0.7, 0.7]
		},
		"head": {
			"translation": [0, 13.5, 0]
		}
	}
}