{
	"format_version": "1.21.6",
	"credit": "Made with Blockbench",
	"textures": {
		"0": "item/flans/weapons/medkit/yellow_kit",
		"particle": "item/flans/weapons/medkit/yellow_kit"
	},
	"elements": [
		{
			"name": "yellow_kit_0",
			"from": [5, 2, 0],
			"to": [11, 15, 1],
			"faces": {
				"north": {"uv": [11, 1, 5, 14], "texture": "#0"},
				"east": {"uv": [10, 1, 11, 14], "texture": "#0"},
				"south": {"uv": [5, 1, 11, 14], "texture": "#0"},
				"west": {"uv": [5, 1, 6, 14], "texture": "#0"},
				"up": {"uv": [5, 1, 11, 2], "texture": "#0"},
				"down": {"uv": [5, 13, 11, 14], "texture": "#0"}
			}
		},
		{
			"name": "yellow_kit_1",
			"from": [4, 2, 0],
			"to": [5, 14, 1],
			"faces": {
				"north": {"uv": [5, 2, 4, 14], "texture": "#0"},
				"east": {"uv": [4, 2, 5, 14], "texture": "#0"},
				"south": {"uv": [4, 2, 5, 14], "texture": "#0"},
				"west": {"uv": [4, 2, 5, 14], "texture": "#0"},
				"up": {"uv": [4, 2, 5, 3], "texture": "#0"},
				"down": {"uv": [4, 13, 5, 14], "texture": "#0"}
			}
		},
		{
			"name": "yellow_kit_2",
			"from": [11, 2, 0],
			"to": [12, 14, 1],
			"faces": {
				"north": {"uv": [12, 2, 11, 14], "texture": "#0"},
				"east": {"uv": [11, 2, 12, 14], "texture": "#0"},
				"south": {"uv": [11, 2, 12, 14], "texture": "#0"},
				"west": {"uv": [11, 2, 12, 14], "texture": "#0"},
				"up": {"uv": [11, 2, 12, 3], "texture": "#0"},
				"down": {"uv": [11, 13, 12, 14], "texture": "#0"}
			}
		},
		{
			"name": "yellow_kit_3",
			"from": [2, 2, 0],
			"to": [4, 12, 1],
			"faces": {
				"north": {"uv": [4, 4, 2, 14], "texture": "#0"},
				"east": {"uv": [3, 4, 4, 14], "texture": "#0"},
				"south": {"uv": [2, 4, 4, 14], "texture": "#0"},
				"west": {"uv": [2, 4, 3, 14], "texture": "#0"},
				"up": {"uv": [2, 4, 4, 5], "texture": "#0"},
				"down": {"uv": [2, 13, 4, 14], "texture": "#0"}
			}
		},
		{
			"name": "yellow_kit_4",
			"from": [12, 2, 0],
			"to": [14, 12, 1],
			"faces": {
				"north": {"uv": [14, 4, 12, 14], "texture": "#0"},
				"east": {"uv": [13, 4, 14, 14], "texture": "#0"},
				"south": {"uv": [12, 4, 14, 14], "texture": "#0"},
				"west": {"uv": [12, 4, 13, 14], "texture": "#0"},
				"up": {"uv": [12, 4, 14, 5], "texture": "#0"},
				"down": {"uv": [12, 13, 14, 14], "texture": "#0"}
			}
		},
		{
			"name": "yellow_kit_5",
			"from": [1, 3, 0],
			"to": [2, 11, 1],
			"faces": {
				"north": {"uv": [2, 5, 1, 13], "texture": "#0"},
				"east": {"uv": [1, 5, 2, 13], "texture": "#0"},
				"south": {"uv": [1, 5, 2, 13], "texture": "#0"},
				"west": {"uv": [1, 5, 2, 13], "texture": "#0"},
				"up": {"uv": [1, 5, 2, 6], "texture": "#0"},
				"down": {"uv": [1, 12, 2, 13], "texture": "#0"}
			}
		},
		{
			"name": "yellow_kit_6",
			"from": [14, 3, 0],
			"to": [15, 11, 1],
			"faces": {
				"north": {"uv": [15, 5, 14, 13], "texture": "#0"},
				"east": {"uv": [14, 5, 15, 13], "texture": "#0"},
				"south": {"uv": [14, 5, 15, 13], "texture": "#0"},
				"west": {"uv": [14, 5, 15, 13], "texture": "#0"},
				"up": {"uv": [14, 5, 15, 6], "texture": "#0"},
				"down": {"uv": [14, 12, 15, 13], "texture": "#0"}
			}
		}
	],
	"display": {
		"thirdperson_righthand": {
			"rotation": [-90, 90, -180],
			"translation": [4.5, -2.32, -3.12],
			"scale": [0.6, 0.6, 0.6]
		},
		"thirdperson_lefthand": {
			"rotation": [-90, 90, -180],
			"translation": [4.5, -1.82, -3.37],
			"scale": [0.6, 0.6, 0.6]
		},
		"firstperson_righthand": {
			"translation": [-9.26, 0.39, 2.63],
			"scale": [0.6, 0.6, 0.6]
		},
		"firstperson_lefthand": {
			"translation": [-8.46, 0.14, 2.62],
			"scale": [0.6, 0.6, 0.6]
		},
		"ground": {
			"translation": [0, 5, 0],
			"scale": [0.8, 0.8, 0.8]
		},
		"gui": {
			"rotation": [14, -180, 0],
			"translation": [0.81, 1.75, 0]
		},
		"head": {
			"translation": [-0.25, 9.25, -2.5],
			"scale": [0.4, 0.4, 0.4]
		},
		"fixed": {
			"translation": [0.3, 0.2, 7.9]
		}
	},
	"groups": [
		{
			"name": "yellow_kit",
			"origin": [8, 8, 8],
			"color": 0,
			"children": [0, 1, 2, 3, 4, 5, 6]
		}
	]
}