{
	"format_version": "1.21.6",
	"credit": "Made with Blockbench",
	"texture_size": [32, 32],
	"textures": {
		"0": "item/flans/weapons/shotgun/sawed_off_shotgun",
		"particle": "item/flans/weapons/shotgun/sawed_off_shotgun"
	},
	"elements": [
		{
			"name": "sawed_off_shotgun_0",
			"from": [1, 15, 0],
			"to": [2, 16, 1],
			"faces": {
				"north": {"uv": [2, 0, 1, 1], "texture": "#0"},
				"east": {"uv": [1, 0, 2, 1], "texture": "#0"},
				"south": {"uv": [1, 0, 2, 1], "texture": "#0"},
				"west": {"uv": [1, 0, 2, 1], "texture": "#0"},
				"up": {"uv": [1, 0, 2, 1], "texture": "#0"},
				"down": {"uv": [1, 0, 2, 1], "texture": "#0"}
			}
		},
		{
			"name": "sawed_off_shotgun_1",
			"from": [3, 9, 0],
			"to": [4, 16, 1],
			"faces": {
				"north": {"uv": [4, 0, 3, 7], "texture": "#0"},
				"east": {"uv": [3, 0, 4, 7], "texture": "#0"},
				"south": {"uv": [3, 0, 4, 7], "texture": "#0"},
				"west": {"uv": [3, 0, 4, 7], "texture": "#0"},
				"up": {"uv": [3, 0, 4, 1], "texture": "#0"},
				"down": {"uv": [3, 6, 4, 7], "texture": "#0"}
			}
		},
		{
			"name": "sawed_off_shotgun_2",
			"from": [2, 10, 0],
			"to": [3, 15, 1],
			"faces": {
				"north": {"uv": [3, 1, 2, 6], "texture": "#0"},
				"east": {"uv": [2, 1, 3, 6], "texture": "#0"},
				"south": {"uv": [2, 1, 3, 6], "texture": "#0"},
				"west": {"uv": [2, 1, 3, 6], "texture": "#0"},
				"up": {"uv": [2, 1, 3, 2], "texture": "#0"},
				"down": {"uv": [2, 5, 3, 6], "texture": "#0"}
			}
		},
		{
			"name": "sawed_off_shotgun_3",
			"from": [4, 8, 0],
			"to": [5, 15, 1],
			"faces": {
				"north": {"uv": [5, 1, 4, 8], "texture": "#0"},
				"east": {"uv": [4, 1, 5, 8], "texture": "#0"},
				"south": {"uv": [4, 1, 5, 8], "texture": "#0"},
				"west": {"uv": [4, 1, 5, 8], "texture": "#0"},
				"up": {"uv": [4, 1, 5, 2], "texture": "#0"},
				"down": {"uv": [4, 7, 5, 8], "texture": "#0"}
			}
		},
		{
			"name": "sawed_off_shotgun_4",
			"from": [5, 7, 0],
			"to": [6, 14, 1],
			"faces": {
				"north": {"uv": [6, 2, 5, 9], "texture": "#0"},
				"east": {"uv": [5, 2, 6, 9], "texture": "#0"},
				"south": {"uv": [5, 2, 6, 9], "texture": "#0"},
				"west": {"uv": [5, 2, 6, 9], "texture": "#0"},
				"up": {"uv": [5, 2, 6, 3], "texture": "#0"},
				"down": {"uv": [5, 8, 6, 9], "texture": "#0"}
			}
		},
		{
			"name": "sawed_off_shotgun_5",
			"from": [1, 11, 0],
			"to": [2, 13, 1],
			"faces": {
				"north": {"uv": [2, 3, 1, 5], "texture": "#0"},
				"east": {"uv": [1, 3, 2, 5], "texture": "#0"},
				"south": {"uv": [1, 3, 2, 5], "texture": "#0"},
				"west": {"uv": [1, 3, 2, 5], "texture": "#0"},
				"up": {"uv": [1, 3, 2, 4], "texture": "#0"},
				"down": {"uv": [1, 4, 2, 5], "texture": "#0"}
			}
		},
		{
			"name": "sawed_off_shotgun_6",
			"from": [6, 6, 0],
			"to": [7, 13, 1],
			"faces": {
				"north": {"uv": [7, 3, 6, 10], "texture": "#0"},
				"east": {"uv": [6, 3, 7, 10], "texture": "#0"},
				"south": {"uv": [6, 3, 7, 10], "texture": "#0"},
				"west": {"uv": [6, 3, 7, 10], "texture": "#0"},
				"up": {"uv": [6, 3, 7, 4], "texture": "#0"},
				"down": {"uv": [6, 9, 7, 10], "texture": "#0"}
			}
		},
		{
			"name": "sawed_off_shotgun_7",
			"from": [7, 7, 0],
			"to": [8, 12, 1],
			"faces": {
				"north": {"uv": [8, 4, 7, 9], "texture": "#0"},
				"east": {"uv": [7, 4, 8, 9], "texture": "#0"},
				"south": {"uv": [7, 4, 8, 9], "texture": "#0"},
				"west": {"uv": [7, 4, 8, 9], "texture": "#0"},
				"up": {"uv": [7, 4, 8, 5], "texture": "#0"},
				"down": {"uv": [7, 8, 8, 9], "texture": "#0"}
			}
		},
		{
			"name": "sawed_off_shotgun_8",
			"from": [8, 1, 0],
			"to": [9, 11, 1],
			"faces": {
				"north": {"uv": [9, 5, 8, 15], "texture": "#0"},
				"east": {"uv": [8, 5, 9, 15], "texture": "#0"},
				"south": {"uv": [8, 5, 9, 15], "texture": "#0"},
				"west": {"uv": [8, 5, 9, 15], "texture": "#0"},
				"up": {"uv": [8, 5, 9, 6], "texture": "#0"},
				"down": {"uv": [8, 14, 9, 15], "texture": "#0"}
			}
		},
		{
			"name": "sawed_off_shotgun_9",
			"from": [9, 0, 0],
			"to": [10, 10, 1],
			"faces": {
				"north": {"uv": [10, 6, 9, 16], "texture": "#0"},
				"east": {"uv": [9, 6, 10, 16], "texture": "#0"},
				"south": {"uv": [9, 6, 10, 16], "texture": "#0"},
				"west": {"uv": [9, 6, 10, 16], "texture": "#0"},
				"up": {"uv": [9, 6, 10, 7], "texture": "#0"},
				"down": {"uv": [9, 15, 10, 16], "texture": "#0"}
			}
		},
		{
			"name": "sawed_off_shotgun_10",
			"from": [10, 1, 0],
			"to": [11, 9, 1],
			"faces": {
				"north": {"uv": [11, 7, 10, 15], "texture": "#0"},
				"east": {"uv": [10, 7, 11, 15], "texture": "#0"},
				"south": {"uv": [10, 7, 11, 15], "texture": "#0"},
				"west": {"uv": [10, 7, 11, 15], "texture": "#0"},
				"up": {"uv": [10, 7, 11, 8], "texture": "#0"},
				"down": {"uv": [10, 14, 11, 15], "texture": "#0"}
			}
		},
		{
			"name": "sawed_off_shotgun_11",
			"from": [11, 3, 0],
			"to": [12, 8, 1],
			"faces": {
				"north": {"uv": [12, 8, 11, 13], "texture": "#0"},
				"east": {"uv": [11, 8, 12, 13], "texture": "#0"},
				"south": {"uv": [11, 8, 12, 13], "texture": "#0"},
				"west": {"uv": [11, 8, 12, 13], "texture": "#0"},
				"up": {"uv": [11, 8, 12, 9], "texture": "#0"},
				"down": {"uv": [11, 12, 12, 13], "texture": "#0"}
			}
		},
		{
			"name": "sawed_off_shotgun_12",
			"from": [12, 4, 0],
			"to": [13, 7, 1],
			"faces": {
				"north": {"uv": [13, 9, 12, 12], "texture": "#0"},
				"east": {"uv": [12, 9, 13, 12], "texture": "#0"},
				"south": {"uv": [12, 9, 13, 12], "texture": "#0"},
				"west": {"uv": [12, 9, 13, 12], "texture": "#0"},
				"up": {"uv": [12, 9, 13, 10], "texture": "#0"},
				"down": {"uv": [12, 11, 13, 12], "texture": "#0"}
			}
		},
		{
			"name": "sawed_off_shotgun_13",
			"from": [7, 5, 0],
			"to": [8, 6, 1],
			"faces": {
				"north": {"uv": [8, 10, 7, 11], "texture": "#0"},
				"east": {"uv": [7, 10, 8, 11], "texture": "#0"},
				"south": {"uv": [7, 10, 8, 11], "texture": "#0"},
				"west": {"uv": [7, 10, 8, 11], "texture": "#0"},
				"up": {"uv": [7, 10, 8, 11], "texture": "#0"},
				"down": {"uv": [7, 10, 8, 11], "texture": "#0"}
			}
		}
	],
	"gui_light": "front",
	"display": {
		"thirdperson_righthand": {
			"rotation": [-40, -90, 0],
			"translation": [-5.75, 1.25, -2.25],
			"scale": [0.8, 0.8, 0.8]
		},
		"thirdperson_lefthand": {
			"rotation": [-40, 90, 0],
			"translation": [5.75, 1.25, -2.5],
			"scale": [0.8, 0.8, 0.8]
		},
		"firstperson_righthand": {
			"rotation": [1, -90, 35],
			"translation": [-5, 3.75, -2.5],
			"scale": [0.8, 0.8, 0.8]
		},
		"firstperson_lefthand": {
			"rotation": [0, 90, -35],
			"translation": [6, 4, -1.5],
			"scale": [0.8, 0.8, 0.8]
		},
		"ground": {
			"translation": [0, 3.5, 1.5],
			"scale": [0.8, 0.8, 0.8]
		},
		"gui": {
			"rotation": [14, -180, 0],
			"translation": [0.31, 1.75, 0]
		},
		"head": {
			"translation": [0, 13, 2]
		},
		"fixed": {
			"rotation": [1, -3, 90],
			"translation": [-0.25, -0.25, 7.5]
		}
	},
	"groups": [
		{
			"name": "sawed_off_shotgun",
			"origin": [8, 8, 8],
			"color": 0,
			"children": [0, 1, 2, 3, 4, 5, 6, 7, 8, 9, 10, 11, 12, 13]
		}
	]
}