{"display":{"thirdperson_righthand":{"rotation":[75,-48,0],"translation":[-3,0,-6],"scale":[0.3,0.3,0.3]},"thirdperson_lefthand":{"rotation":[75,-48,0],"translation":[-3,0,-6],"scale":[0.3,0.3,0.3]},"firstperson_righthand":{"rotation":[25,-75,0],"translation":[1,2.5,0],"scale":[0.25,0.25,0.25]},"firstperson_lefthand":{"rotation":[25,-75,0],"translation":[1,2.5,0],"scale":[0.25,0.25,0.25]},"ground":{"translation":[0,12,0],"scale":[0.4,0.4,0.4]},"gui":{"rotation":[30,45,0],"translation":[0,-1,0],"scale":[0.3,0.3,0.3]},"head":{"rotation":[0,180,0],"translation":[0,-8.25,0],"scale":[1.6,1.6,1.6]},"fixed":{"rotation":[0,180,0],"translation":[0,-1,-1],"scale":[0.3,0.3,0.3]}},"texture_size":[128,128],"textures":{"0":"atm/atm"},"elements":[{"from":[0,-16,0],"to":[16,1,16],"faces":{"north":{"uv":[0,0,2,2.125],"texture":"#0"},"east":{"uv":[2,0,4,2.125],"texture":"#0"},"south":{"uv":[0,2.125,2,4.25],"texture":"#0"},"west":{"uv":[2,2.125,4,4.25],"texture":"#0"},"up":{"uv":[2,6.25,0,4.25],"texture":"#0"},"down":{"uv":[4,4.25,2,6.25],"texture":"#0"}}},{"from":[0,4,0],"to":[16,21,12],"faces":{"north":{"uv":[4,0,6,2.125],"texture":"#0"},"east":{"uv":[6,2,7.5,4.125],"texture":"#0"},"south":{"uv":[4,2.125,6,4.25],"texture":"#0"},"west":{"uv":[6,4.125,7.5,6.25],"texture":"#0"},"up":{"uv":[2,7.75,0,6.25],"texture":"#0"},"down":{"uv":[4,6.25,2,7.75],"texture":"#0"}}},{"from":[0,21,9],"to":[16,23.5,12],"faces":{"north":{"uv":[8,1.5,10,1.8125],"texture":"#0"},"east":{"uv":[6.5,9.625,6.875,9.9375],"texture":"#0"},"south":{"uv":[8,1.875,10,2.1875],"texture":"#0"},"west":{"uv":[6.875,9.625,7.25,9.9375],"texture":"#0"},"up":{"uv":[9.5,6.375,7.5,6],"texture":"#0"},"down":{"uv":[9.5,6.375,7.5,6.75],"texture":"#0"}}},{"from":[0,21,6],"to":[16,23,9],"faces":{"north":{"uv":[8,2.75,10,3],"texture":"#0"},"east":{"uv":[7.25,9.625,7.625,9.875],"texture":"#0"},"south":{"uv":[8,3,10,3.25],"texture":"#0"},"west":{"uv":[9.875,0,10.25,0.25],"texture":"#0"},"up":{"uv":[9.5,7.125,7.5,6.75],"texture":"#0"},"down":{"uv":[9.5,7.125,7.5,7.5],"texture":"#0"}}},{"from":[0,21,3],"to":[16,22.5,6],"faces":{"north":{"uv":[0,8.625,2,8.8125],"texture":"#0"},"east":{"uv":[9.875,4.75,10.25,4.9375],"texture":"#0"},"south":{"uv":[2,8.75,4,8.9375],"texture":"#0"},"west":{"uv":[9.875,5,10.25,5.1875],"texture":"#0"},"up":{"uv":[9.5,7.875,7.5,7.5],"texture":"#0"},"down":{"uv":[2,7.75,0,8.125],"texture":"#0"}}},{"from":[0,21,0],"to":[16,22,3],"faces":{"north":{"uv":[8.875,4,10.875,4.125],"texture":"#0"},"east":{"uv":[2,8.625,2.375,8.75],"texture":"#0"},"south":{"uv":[8.875,4.125,10.875,4.25],"texture":"#0"},"west":{"uv":[2.375,8.625,2.75,8.75],"texture":"#0"},"up":{"uv":[4,8.125,2,7.75],"texture":"#0"},"down":{"uv":[9.5,7.875,7.5,8.25],"texture":"#0"}}},{"from":[0,3,0],"to":[16,4,16],"faces":{"north":{"uv":[8.875,4.25,10.875,4.375],"texture":"#0"},"east":{"uv":[8.875,4.375,10.875,4.5],"texture":"#0"},"south":{"uv":[8.875,4.5,10.875,4.625],"texture":"#0"},"west":{"uv":[8.875,4.625,10.875,4.75],"texture":"#0"},"up":{"uv":[6,6.25,4,4.25],"texture":"#0"},"down":{"uv":[8,0,6,2],"texture":"#0"}}},{"from":[12,1,0],"to":[16,3,16],"faces":{"north":{"uv":[9.625,5.25,10.125,5.5],"texture":"#0"},"east":{"uv":[8,3.25,10,3.5],"texture":"#0"},"south":{"uv":[9.625,5.5,10.125,5.75],"texture":"#0"},"west":{"uv":[8,3.5,10,3.75],"texture":"#0"},"up":{"uv":[6.5,8.25,6,6.25],"texture":"#0"},"down":{"uv":[7,6.25,6.5,8.25],"texture":"#0"}}},{"from":[0,1,0],"to":[4,3,16],"faces":{"north":{"uv":[9.625,5.75,10.125,6],"texture":"#0"},"east":{"uv":[8,3.75,10,4],"texture":"#0"},"south":{"uv":[6,9.625,6.5,9.875],"texture":"#0"},"west":{"uv":[4,8,6,8.25],"texture":"#0"},"up":{"uv":[7.5,8.25,7,6.25],"texture":"#0"},"down":{"uv":[8,2,7.5,4],"texture":"#0"}}},{"from":[4,1,0],"to":[12,3,14],"faces":{"north":{"uv":[8.875,4.75,9.875,5],"texture":"#0"},"east":{"uv":[5.625,8.5,7.375,8.75],"texture":"#0"},"south":{"uv":[8.875,5,9.875,5.25],"texture":"#0"},"west":{"uv":[7.375,8.5,9.125,8.75],"texture":"#0"},"up":{"uv":[5,8,4,6.25],"texture":"#0"},"down":{"uv":[6,6.25,5,8],"texture":"#0"}}},{"from":[15.5,-4,16],"to":[16.5,6,17],"faces":{"north":{"uv":[3,9,3.125,10.25],"texture":"#0"},"east":{"uv":[3.125,9,3.25,10.25],"texture":"#0"},"south":{"uv":[3.25,9,3.375,10.25],"texture":"#0"},"west":{"uv":[3.375,9,3.5,10.25],"texture":"#0"},"up":{"uv":[10.125,9.125,10,9],"texture":"#0"},"down":{"uv":[10.125,9.125,10,9.25],"texture":"#0"}}},{"from":[-0.5,-4,16],"to":[0.5,6,17],"faces":{"north":{"uv":[3.5,9,3.625,10.25],"texture":"#0"},"east":{"uv":[3.625,9,3.75,10.25],"texture":"#0"},"south":{"uv":[3.75,9,3.875,10.25],"texture":"#0"},"west":{"uv":[3.875,9,4,10.25],"texture":"#0"},"up":{"uv":[9.375,10.125,9.25,10],"texture":"#0"},"down":{"uv":[10.125,9.25,10,9.375],"texture":"#0"}}},{"from":[-0.5,-2,17],"to":[16.5,1,17.5],"rotation":{"angle":0,"axis":"y","origin":[0,-3,1]},"faces":{"north":{"uv":[7.5,5.25,9.625,5.625],"texture":"#0"},"east":{"uv":[10,2.75,10.0625,3.125],"texture":"#0"},"south":{"uv":[7.5,5.625,9.625,6],"texture":"#0"},"west":{"uv":[10,3.125,10.0625,3.5],"texture":"#0"},"up":{"uv":[11.625,7.9375,9.5,7.875],"texture":"#0"},"down":{"uv":[11.625,8,9.5,8.0625],"texture":"#0"}}},{"from":[0.5,-2,16],"to":[15.5,1,17],"rotation":{"angle":0,"axis":"y","origin":[0,-3,1]},"faces":{"north":{"uv":[8,0,9.875,0.375],"texture":"#0"},"east":{"uv":[6,9.875,6.125,10.25],"texture":"#0"},"south":{"uv":[8,0.375,9.875,0.75],"texture":"#0"},"west":{"uv":[6.125,9.875,6.25,10.25],"texture":"#0"},"up":{"uv":[7.875,9.625,6,9.5],"texture":"#0"},"down":{"uv":[11.375,6,9.5,6.125],"texture":"#0"}}},{"from":[0.5,-4,16],"to":[15.5,-2,17],"faces":{"north":{"uv":[4,8.25,5.875,8.5],"texture":"#0"},"east":{"uv":[10,0.25,10.125,0.5],"texture":"#0"},"south":{"uv":[5.875,8.25,7.75,8.5],"texture":"#0"},"west":{"uv":[10,0.5,10.125,0.75],"texture":"#0"},"up":{"uv":[11.375,6.25,9.5,6.125],"texture":"#0"},"down":{"uv":[11.375,6.25,9.5,6.375],"texture":"#0"}}},{"from":[-0.5,-6,16],"to":[16.5,-4,16.5],"faces":{"north":{"uv":[8,2.25,10.125,2.5],"texture":"#0"},"east":{"uv":[9.375,10,9.4375,10.25],"texture":"#0"},"south":{"uv":[8,2.5,10.125,2.75],"texture":"#0"},"west":{"uv":[9.5,10,9.5625,10.25],"texture":"#0"},"up":{"uv":[11.625,8.1875,9.5,8.125],"texture":"#0"},"down":{"uv":[11,9.5,8.875,9.5625],"texture":"#0"}}},{"from":[0.5,23,12],"to":[15.5,24,13],"faces":{"north":{"uv":[9.5,6.375,11.375,6.5],"texture":"#0"},"east":{"uv":[10,9.375,10.125,9.5],"texture":"#0"},"south":{"uv":[9.5,6.5,11.375,6.625],"texture":"#0"},"west":{"uv":[9.625,10,9.75,10.125],"texture":"#0"},"up":{"uv":[11.375,6.75,9.5,6.625],"texture":"#0"},"down":{"uv":[11.375,6.75,9.5,6.875],"texture":"#0"}}},{"from":[0.5,22,13],"to":[15.5,23,13.5],"faces":{"north":{"uv":[9.5,6.875,11.375,7],"texture":"#0"},"east":{"uv":[10.25,0.25,10.3125,0.375],"texture":"#0"},"south":{"uv":[9.5,7,11.375,7.125],"texture":"#0"},"west":{"uv":[10.25,0.375,10.3125,0.5],"texture":"#0"},"up":{"uv":[10.75,9.6875,8.875,9.625],"texture":"#0"},"down":{"uv":[10.75,9.75,8.875,9.8125],"texture":"#0"}}},{"from":[0.5,21,12],"to":[15.5,22,14],"faces":{"north":{"uv":[9.5,7.125,11.375,7.25],"texture":"#0"},"east":{"uv":[3.75,8.375,4,8.5],"texture":"#0"},"south":{"uv":[9.5,7.25,11.375,7.375],"texture":"#0"},"west":{"uv":[3.5,8.625,3.75,8.75],"texture":"#0"},"up":{"uv":[9.625,8.5,7.75,8.25],"texture":"#0"},"down":{"uv":[1.875,8.375,0,8.625],"texture":"#0"}}},{"from":[15.5,-6,15],"to":[16.5,12,16],"faces":{"north":{"uv":[1,8.875,1.125,11.125],"texture":"#0"},"east":{"uv":[1.125,8.875,1.25,11.125],"texture":"#0"},"south":{"uv":[1.25,8.875,1.375,11.125],"texture":"#0"},"west":{"uv":[1.375,8.875,1.5,11.125],"texture":"#0"},"up":{"uv":[9.875,10.125,9.75,10],"texture":"#0"},"down":{"uv":[10,10,9.875,10.125],"texture":"#0"}}},{"from":[15.5,-4,14],"to":[16.5,16,15],"faces":{"north":{"uv":[0,8.875,0.125,11.375],"texture":"#0"},"east":{"uv":[0.125,8.875,0.25,11.375],"texture":"#0"},"south":{"uv":[0.25,8.875,0.375,11.375],"texture":"#0"},"west":{"uv":[0.375,8.875,0.5,11.375],"texture":"#0"},"up":{"uv":[10.125,10,10,9.875],"texture":"#0"},"down":{"uv":[10.125,10,10,10.125],"texture":"#0"}}},{"from":[15.5,-2,13],"to":[16.5,22,14],"faces":{"north":{"uv":[4,8.75,4.125,11.75],"texture":"#0"},"east":{"uv":[4.125,8.75,4.25,11.75],"texture":"#0"},"south":{"uv":[4.25,8.75,4.375,11.75],"texture":"#0"},"west":{"uv":[4.375,8.75,4.5,11.75],"texture":"#0"},"up":{"uv":[10.25,0.375,10.125,0.25],"texture":"#0"},"down":{"uv":[10.25,0.375,10.125,0.5],"texture":"#0"}}},{"from":[15.5,0,12],"to":[16.5,24,13],"faces":{"north":{"uv":[4.5,8.75,4.625,11.75],"texture":"#0"},"east":{"uv":[4.625,8.75,4.75,11.75],"texture":"#0"},"south":{"uv":[4.75,8.75,4.875,11.75],"texture":"#0"},"west":{"uv":[4.875,8.75,5,11.75],"texture":"#0"},"up":{"uv":[10.25,0.625,10.125,0.5],"texture":"#0"},"down":{"uv":[10.25,0.625,10.125,0.75],"texture":"#0"}}},{"from":[15.5,4,11],"to":[16.5,20,12],"faces":{"north":{"uv":[2,9,2.125,11],"texture":"#0"},"east":{"uv":[2.125,9,2.25,11],"texture":"#0"},"south":{"uv":[2.25,9,2.375,11],"texture":"#0"},"west":{"uv":[2.375,9,2.5,11],"texture":"#0"},"up":{"uv":[10.25,1.125,10.125,1],"texture":"#0"},"down":{"uv":[10.25,1.125,10.125,1.25],"texture":"#0"}}},{"from":[15.5,-5,14.5],"to":[16.5,-4,15],"faces":{"north":{"uv":[10.125,1.25,10.25,1.375],"texture":"#0"},"east":{"uv":[10.25,0.5,10.3125,0.625],"texture":"#0"},"south":{"uv":[10.125,1.375,10.25,1.5],"texture":"#0"},"west":{"uv":[10.25,0.625,10.3125,0.75],"texture":"#0"},"up":{"uv":[10.375,0.8125,10.25,0.75],"texture":"#0"},"down":{"uv":[10.375,0.875,10.25,0.9375],"texture":"#0"}}},{"from":[15.5,-5,16.5],"to":[16.5,-4,17],"faces":{"north":{"uv":[10.125,1.75,10.25,1.875],"texture":"#0"},"east":{"uv":[10.25,1,10.3125,1.125],"texture":"#0"},"south":{"uv":[10.125,1.875,10.25,2],"texture":"#0"},"west":{"uv":[10.25,1.125,10.3125,1.25],"texture":"#0"},"up":{"uv":[10.375,1.3125,10.25,1.25],"texture":"#0"},"down":{"uv":[10.375,1.375,10.25,1.4375],"texture":"#0"}}},{"from":[15.5,-3,17],"to":[16.5,-2,17.5],"faces":{"north":{"uv":[10.125,2,10.25,2.125],"texture":"#0"},"east":{"uv":[10.25,1.5,10.3125,1.625],"texture":"#0"},"south":{"uv":[10.125,2.125,10.25,2.25],"texture":"#0"},"west":{"uv":[10.25,1.625,10.3125,1.75],"texture":"#0"},"up":{"uv":[10.375,1.8125,10.25,1.75],"texture":"#0"},"down":{"uv":[10.375,1.875,10.25,1.9375],"texture":"#0"}}},{"from":[15.5,1,17],"to":[16.5,2,17.5],"faces":{"north":{"uv":[10.125,2.25,10.25,2.375],"texture":"#0"},"east":{"uv":[10.25,2,10.3125,2.125],"texture":"#0"},"south":{"uv":[10.125,2.375,10.25,2.5],"texture":"#0"},"west":{"uv":[10.25,2.125,10.3125,2.25],"texture":"#0"},"up":{"uv":[10.375,2.3125,10.25,2.25],"texture":"#0"},"down":{"uv":[10.375,2.375,10.25,2.4375],"texture":"#0"}}},{"from":[15.5,6,16],"to":[16.5,7,16.5],"faces":{"north":{"uv":[10.125,2.5,10.25,2.625],"texture":"#0"},"east":{"uv":[10.25,2.5,10.3125,2.625],"texture":"#0"},"south":{"uv":[10.125,2.625,10.25,2.75],"texture":"#0"},"west":{"uv":[10.25,2.625,10.3125,2.75],"texture":"#0"},"up":{"uv":[10.375,2.8125,10.25,2.75],"texture":"#0"},"down":{"uv":[10.375,2.875,10.25,2.9375],"texture":"#0"}}},{"from":[15.5,12,15],"to":[16.5,13,15.5],"faces":{"north":{"uv":[10.125,2.75,10.25,2.875],"texture":"#0"},"east":{"uv":[3,10.25,3.0625,10.375],"texture":"#0"},"south":{"uv":[10.125,2.875,10.25,3],"texture":"#0"},"west":{"uv":[10.25,3,10.3125,3.125],"texture":"#0"},"up":{"uv":[3.25,10.3125,3.125,10.25],"texture":"#0"},"down":{"uv":[10.375,3.125,10.25,3.1875],"texture":"#0"}}},{"from":[15.5,16,14],"to":[16.5,17,14.5],"faces":{"north":{"uv":[10.125,3,10.25,3.125],"texture":"#0"},"east":{"uv":[3.25,10.25,3.3125,10.375],"texture":"#0"},"south":{"uv":[10.125,3.125,10.25,3.25],"texture":"#0"},"west":{"uv":[10.25,3.25,10.3125,3.375],"texture":"#0"},"up":{"uv":[3.5,10.3125,3.375,10.25],"texture":"#0"},"down":{"uv":[10.375,3.375,10.25,3.4375],"texture":"#0"}}},{"from":[15.5,20,11.5],"to":[16.5,21,12],"faces":{"north":{"uv":[10.125,3.25,10.25,3.375],"texture":"#0"},"east":{"uv":[3.5,10.25,3.5625,10.375],"texture":"#0"},"south":{"uv":[10.125,3.375,10.25,3.5],"texture":"#0"},"west":{"uv":[10.25,3.5,10.3125,3.625],"texture":"#0"},"up":{"uv":[3.75,10.3125,3.625,10.25],"texture":"#0"},"down":{"uv":[10.375,3.625,10.25,3.6875],"texture":"#0"}}},{"from":[15.5,22,13],"to":[16.5,23,13.5],"faces":{"north":{"uv":[10.125,3.5,10.25,3.625],"texture":"#0"},"east":{"uv":[3.75,10.25,3.8125,10.375],"texture":"#0"},"south":{"uv":[10.125,3.625,10.25,3.75],"texture":"#0"},"west":{"uv":[10.25,3.75,10.3125,3.875],"texture":"#0"},"up":{"uv":[4,10.3125,3.875,10.25],"texture":"#0"},"down":{"uv":[10.375,3.875,10.25,3.9375],"texture":"#0"}}},{"from":[15.5,-3,13.5],"to":[16.5,-2,14],"faces":{"north":{"uv":[10.125,3.75,10.25,3.875],"texture":"#0"},"east":{"uv":[10.25,4.75,10.3125,4.875],"texture":"#0"},"south":{"uv":[10.125,3.875,10.25,4],"texture":"#0"},"west":{"uv":[10.25,4.875,10.3125,5],"texture":"#0"},"up":{"uv":[10.375,5.0625,10.25,5],"texture":"#0"},"down":{"uv":[10.375,5.125,10.25,5.1875],"texture":"#0"}}},{"from":[15.5,-1,12.5],"to":[16.5,0,13],"faces":{"north":{"uv":[10.125,5.25,10.25,5.375],"texture":"#0"},"east":{"uv":[10.25,5.25,10.3125,5.375],"texture":"#0"},"south":{"uv":[10.125,5.375,10.25,5.5],"texture":"#0"},"west":{"uv":[10.25,5.375,10.3125,5.5],"texture":"#0"},"up":{"uv":[10.375,5.5625,10.25,5.5],"texture":"#0"},"down":{"uv":[10.375,5.625,10.25,5.6875],"texture":"#0"}}},{"from":[15.5,3,11.5],"to":[16.5,4,12],"faces":{"north":{"uv":[10.125,5.5,10.25,5.625],"texture":"#0"},"east":{"uv":[10.25,5.75,10.3125,5.875],"texture":"#0"},"south":{"uv":[10.125,5.625,10.25,5.75],"texture":"#0"},"west":{"uv":[10.25,5.875,10.3125,6],"texture":"#0"},"up":{"uv":[6.125,10.3125,6,10.25],"texture":"#0"},"down":{"uv":[6.25,10.25,6.125,10.3125],"texture":"#0"}}},{"from":[-0.5,-6,15],"to":[0.5,12,16],"faces":{"north":{"uv":[1.5,8.875,1.625,11.125],"texture":"#0"},"east":{"uv":[1.625,8.875,1.75,11.125],"texture":"#0"},"south":{"uv":[1.75,8.875,1.875,11.125],"texture":"#0"},"west":{"uv":[1.875,8.875,2,11.125],"texture":"#0"},"up":{"uv":[10.25,5.875,10.125,5.75],"texture":"#0"},"down":{"uv":[10.25,5.875,10.125,6],"texture":"#0"}}},{"from":[-0.5,-4,14],"to":[0.5,16,15],"faces":{"north":{"uv":[0.5,8.875,0.625,11.375],"texture":"#0"},"east":{"uv":[0.625,8.875,0.75,11.375],"texture":"#0"},"south":{"uv":[0.75,8.875,0.875,11.375],"texture":"#0"},"west":{"uv":[0.875,8.875,1,11.375],"texture":"#0"},"up":{"uv":[6.625,10.25,6.5,10.125],"texture":"#0"},"down":{"uv":[6.75,10.125,6.625,10.25],"texture":"#0"}}},{"from":[-0.5,-2,13],"to":[0.5,22,14],"faces":{"north":{"uv":[5,8.75,5.125,11.75],"texture":"#0"},"east":{"uv":[5.125,8.75,5.25,11.75],"texture":"#0"},"south":{"uv":[5.25,8.75,5.375,11.75],"texture":"#0"},"west":{"uv":[5.375,8.75,5.5,11.75],"texture":"#0"},"up":{"uv":[6.875,10.25,6.75,10.125],"texture":"#0"},"down":{"uv":[7,10.125,6.875,10.25],"texture":"#0"}}},{"from":[-0.5,0,12],"to":[0.5,24,13],"faces":{"north":{"uv":[5.5,8.75,5.625,11.75],"texture":"#0"},"east":{"uv":[5.625,8.75,5.75,11.75],"texture":"#0"},"south":{"uv":[5.75,8.75,5.875,11.75],"texture":"#0"},"west":{"uv":[5.875,8.75,6,11.75],"texture":"#0"},"up":{"uv":[7.125,10.25,7,10.125],"texture":"#0"},"down":{"uv":[7.25,10.125,7.125,10.25],"texture":"#0"}}},{"from":[-0.5,4,11],"to":[0.5,20,12],"faces":{"north":{"uv":[2.5,9,2.625,11],"texture":"#0"},"east":{"uv":[2.625,9,2.75,11],"texture":"#0"},"south":{"uv":[2.75,9,2.875,11],"texture":"#0"},"west":{"uv":[2.875,9,3,11],"texture":"#0"},"up":{"uv":[7.375,10.25,7.25,10.125],"texture":"#0"},"down":{"uv":[7.5,10.125,7.375,10.25],"texture":"#0"}}},{"from":[-0.5,-5,14.5],"to":[0.5,-4,15],"faces":{"north":{"uv":[7.5,10.125,7.625,10.25],"texture":"#0"},"east":{"uv":[6.25,10.25,6.3125,10.375],"texture":"#0"},"south":{"uv":[7.875,10.125,8,10.25],"texture":"#0"},"west":{"uv":[6.375,10.25,6.4375,10.375],"texture":"#0"},"up":{"uv":[6.625,10.3125,6.5,10.25],"texture":"#0"},"down":{"uv":[6.75,10.25,6.625,10.3125],"texture":"#0"}}},{"from":[-0.5,-5,16.5],"to":[0.5,-4,17],"faces":{"north":{"uv":[8,10.125,8.125,10.25],"texture":"#0"},"east":{"uv":[6.75,10.25,6.8125,10.375],"texture":"#0"},"south":{"uv":[8.125,10.125,8.25,10.25],"texture":"#0"},"west":{"uv":[6.875,10.25,6.9375,10.375],"texture":"#0"},"up":{"uv":[7.125,10.3125,7,10.25],"texture":"#0"},"down":{"uv":[7.25,10.25,7.125,10.3125],"texture":"#0"}}},{"from":[-0.5,-3,17],"to":[0.5,-2,17.5],"faces":{"north":{"uv":[8.25,10.125,8.375,10.25],"texture":"#0"},"east":{"uv":[7.25,10.25,7.3125,10.375],"texture":"#0"},"south":{"uv":[8.375,10.125,8.5,10.25],"texture":"#0"},"west":{"uv":[7.375,10.25,7.4375,10.375],"texture":"#0"},"up":{"uv":[7.625,10.3125,7.5,10.25],"texture":"#0"},"down":{"uv":[7.75,10.25,7.625,10.3125],"texture":"#0"}}},{"from":[-0.5,1,17],"to":[0.5,2,17.5],"faces":{"north":{"uv":[8.5,10.125,8.625,10.25],"texture":"#0"},"east":{"uv":[7.75,10.25,7.8125,10.375],"texture":"#0"},"south":{"uv":[8.625,10.125,8.75,10.25],"texture":"#0"},"west":{"uv":[7.875,10.25,7.9375,10.375],"texture":"#0"},"up":{"uv":[8.125,10.3125,8,10.25],"texture":"#0"},"down":{"uv":[8.25,10.25,8.125,10.3125],"texture":"#0"}}},{"from":[-0.5,6,16],"to":[0.5,7,16.5],"faces":{"north":{"uv":[8.75,10.125,8.875,10.25],"texture":"#0"},"east":{"uv":[8.25,10.25,8.3125,10.375],"texture":"#0"},"south":{"uv":[8.875,10.125,9,10.25],"texture":"#0"},"west":{"uv":[8.375,10.25,8.4375,10.375],"texture":"#0"},"up":{"uv":[8.625,10.3125,8.5,10.25],"texture":"#0"},"down":{"uv":[8.75,10.25,8.625,10.3125],"texture":"#0"}}},{"from":[-0.5,12,15],"to":[0.5,13,15.5],"faces":{"north":{"uv":[9,10.125,9.125,10.25],"texture":"#0"},"east":{"uv":[8.75,10.25,8.8125,10.375],"texture":"#0"},"south":{"uv":[10.125,9,10.25,9.125],"texture":"#0"},"west":{"uv":[8.875,10.25,8.9375,10.375],"texture":"#0"},"up":{"uv":[9.125,10.3125,9,10.25],"texture":"#0"},"down":{"uv":[10.375,9,10.25,9.0625],"texture":"#0"}}},{"from":[-0.5,16,14],"to":[0.5,17,14.5],"faces":{"north":{"uv":[9.125,10.125,9.25,10.25],"texture":"#0"},"east":{"uv":[9.125,10.25,9.1875,10.375],"texture":"#0"},"south":{"uv":[10.125,9.125,10.25,9.25],"texture":"#0"},"west":{"uv":[10.25,9.125,10.3125,9.25],"texture":"#0"},"up":{"uv":[9.375,10.3125,9.25,10.25],"texture":"#0"},"down":{"uv":[10.375,9.25,10.25,9.3125],"texture":"#0"}}},{"from":[-0.5,20,11.5],"to":[0.5,21,12],"faces":{"north":{"uv":[9.25,10.125,9.375,10.25],"texture":"#0"},"east":{"uv":[9.375,10.25,9.4375,10.375],"texture":"#0"},"south":{"uv":[10.125,9.25,10.25,9.375],"texture":"#0"},"west":{"uv":[10.25,9.375,10.3125,9.5],"texture":"#0"},"up":{"uv":[9.625,10.3125,9.5,10.25],"texture":"#0"},"down":{"uv":[9.75,10.25,9.625,10.3125],"texture":"#0"}}},{"from":[-0.5,22,13],"to":[0.5,23,13.5],"faces":{"north":{"uv":[10.125,9.375,10.25,9.5],"texture":"#0"},"east":{"uv":[9.75,10.25,9.8125,10.375],"texture":"#0"},"south":{"uv":[9.625,10.125,9.75,10.25],"texture":"#0"},"west":{"uv":[9.875,10.25,9.9375,10.375],"texture":"#0"},"up":{"uv":[10.375,9.9375,10.25,9.875],"texture":"#0"},"down":{"uv":[10.125,10.25,10,10.3125],"texture":"#0"}}},{"from":[-0.5,-3,13.5],"to":[0.5,-2,14],"faces":{"north":{"uv":[9.75,10.125,9.875,10.25],"texture":"#0"},"east":{"uv":[10.25,10,10.3125,10.125],"texture":"#0"},"south":{"uv":[9.875,10.125,10,10.25],"texture":"#0"},"west":{"uv":[10.125,10.25,10.1875,10.375],"texture":"#0"},"up":{"uv":[10.375,10.1875,10.25,10.125],"texture":"#0"},"down":{"uv":[10.375,10.25,10.25,10.3125],"texture":"#0"}}},{"from":[-0.5,-1,12.5],"to":[0.5,0,13],"faces":{"north":{"uv":[10.125,9.875,10.25,10],"texture":"#0"},"east":{"uv":[10.375,0,10.4375,0.125],"texture":"#0"},"south":{"uv":[10,10.125,10.125,10.25],"texture":"#0"},"west":{"uv":[10.375,0.125,10.4375,0.25],"texture":"#0"},"up":{"uv":[10.5,0.3125,10.375,0.25],"texture":"#0"},"down":{"uv":[10.5,0.375,10.375,0.4375],"texture":"#0"}}},{"from":[-0.5,3,11.5],"to":[0.5,4,12],"faces":{"north":{"uv":[10.125,10,10.25,10.125],"texture":"#0"},"east":{"uv":[10.375,0.5,10.4375,0.625],"texture":"#0"},"south":{"uv":[10.125,10.125,10.25,10.25],"texture":"#0"},"west":{"uv":[10.375,0.625,10.4375,0.75],"texture":"#0"},"up":{"uv":[10.5,0.8125,10.375,0.75],"texture":"#0"},"down":{"uv":[10.5,0.875,10.375,0.9375],"texture":"#0"}}},{"from":[1,13.5,13],"to":[2,14,13.5],"faces":{"north":{"uv":[10.375,1,10.5,1.0625],"texture":"#0"},"east":{"uv":[10.375,4.75,10.4375,4.8125],"texture":"#0"},"south":{"uv":[10.375,1.125,10.5,1.1875],"texture":"#0"},"west":{"uv":[10.375,4.875,10.4375,4.9375],"texture":"#0"},"up":{"uv":[10.5,1.3125,10.375,1.25],"texture":"#0"},"down":{"uv":[10.5,1.375,10.375,1.4375],"texture":"#0"}}},{"from":[14,13.5,13],"to":[15,14,13.5],"faces":{"north":{"uv":[10.375,1.5,10.5,1.5625],"texture":"#0"},"east":{"uv":[10.375,5,10.4375,5.0625],"texture":"#0"},"south":{"uv":[10.375,1.625,10.5,1.6875],"texture":"#0"},"west":{"uv":[10.375,5.125,10.4375,5.1875],"texture":"#0"},"up":{"uv":[10.5,1.8125,10.375,1.75],"texture":"#0"},"down":{"uv":[10.5,1.875,10.375,1.9375],"texture":"#0"}}},{"from":[1,14.5,13],"to":[2,15,13.5],"faces":{"north":{"uv":[10.375,2,10.5,2.0625],"texture":"#0"},"east":{"uv":[10.375,5.25,10.4375,5.3125],"texture":"#0"},"south":{"uv":[10.375,2.125,10.5,2.1875],"texture":"#0"},"west":{"uv":[10.375,5.375,10.4375,5.4375],"texture":"#0"},"up":{"uv":[10.5,2.3125,10.375,2.25],"texture":"#0"},"down":{"uv":[10.5,2.375,10.375,2.4375],"texture":"#0"}}},{"from":[14,14.5,13],"to":[15,15,13.5],"faces":{"north":{"uv":[10.375,2.5,10.5,2.5625],"texture":"#0"},"east":{"uv":[10.375,5.5,10.4375,5.5625],"texture":"#0"},"south":{"uv":[10.375,2.625,10.5,2.6875],"texture":"#0"},"west":{"uv":[10.375,5.625,10.4375,5.6875],"texture":"#0"},"up":{"uv":[10.5,2.8125,10.375,2.75],"texture":"#0"},"down":{"uv":[10.5,2.875,10.375,2.9375],"texture":"#0"}}},{"from":[1,15.5,13],"to":[2,16,13.5],"faces":{"north":{"uv":[3,10.375,3.125,10.4375],"texture":"#0"},"east":{"uv":[10.375,5.75,10.4375,5.8125],"texture":"#0"},"south":{"uv":[10.375,3,10.5,3.0625],"texture":"#0"},"west":{"uv":[10.375,5.875,10.4375,5.9375],"texture":"#0"},"up":{"uv":[3.25,10.4375,3.125,10.375],"texture":"#0"},"down":{"uv":[10.5,3.125,10.375,3.1875],"texture":"#0"}}},{"from":[14,15.5,13],"to":[15,16,13.5],"faces":{"north":{"uv":[3.25,10.375,3.375,10.4375],"texture":"#0"},"east":{"uv":[6,10.375,6.0625,10.4375],"texture":"#0"},"south":{"uv":[10.375,3.25,10.5,3.3125],"texture":"#0"},"west":{"uv":[6.125,10.375,6.1875,10.4375],"texture":"#0"},"up":{"uv":[3.5,10.4375,3.375,10.375],"texture":"#0"},"down":{"uv":[10.5,3.375,10.375,3.4375],"texture":"#0"}}},{"from":[0.5,18,12],"to":[15.5,21,13],"faces":{"north":{"uv":[8,0.75,9.875,1.125],"texture":"#0"},"east":{"uv":[6.25,9.875,6.375,10.25],"texture":"#0"},"south":{"uv":[8,1.125,9.875,1.5],"texture":"#0"},"west":{"uv":[6.375,9.875,6.5,10.25],"texture":"#0"},"up":{"uv":[11.375,7.5,9.5,7.375],"texture":"#0"},"down":{"uv":[11.375,7.5,9.5,7.625],"texture":"#0"}}},{"from":[0.5,13,12],"to":[2.5,18,13],"faces":{"north":{"uv":[7.875,9.5,8.125,10.125],"texture":"#0"},"east":{"uv":[7.625,9.625,7.75,10.25],"texture":"#0"},"south":{"uv":[8.125,9.5,8.375,10.125],"texture":"#0"},"west":{"uv":[7.75,9.625,7.875,10.25],"texture":"#0"},"up":{"uv":[10.25,0.875,10,0.75],"texture":"#0"},"down":{"uv":[10.25,0.875,10,1],"texture":"#0"}}},{"from":[0.5,11,12],"to":[15.5,13,13],"faces":{"north":{"uv":[1.875,8.375,3.75,8.625],"texture":"#0"},"east":{"uv":[10,1,10.125,1.25],"texture":"#0"},"south":{"uv":[3.75,8.5,5.625,8.75],"texture":"#0"},"west":{"uv":[10,1.25,10.125,1.5],"texture":"#0"},"up":{"uv":[11.375,7.75,9.5,7.625],"texture":"#0"},"down":{"uv":[11.375,7.75,9.5,7.875],"texture":"#0"}}},{"from":[2.5,13,12.1],"to":[13.5,18,12.1],"faces":{"north":{"uv":[7.5,4,8.875,4.625],"texture":"#0"},"east":{"uv":[0,0,0.05,0.625],"texture":"#0"},"south":{"uv":[7.5,4.625,8.875,5.25],"texture":"#0"},"west":{"uv":[0,0,0.05,0.625],"texture":"#0"},"up":{"uv":[1.375,0,0,0.05],"texture":"#0"},"down":{"uv":[1.375,0,0,0.05],"texture":"#0"}}},{"from":[13.5,13,12],"to":[15.5,18,13],"faces":{"north":{"uv":[8.375,9.5,8.625,10.125],"texture":"#0"},"east":{"uv":[9.875,0.25,10,0.875],"texture":"#0"},"south":{"uv":[8.625,9.5,8.875,10.125],"texture":"#0"},"west":{"uv":[9.875,0.875,10,1.5],"texture":"#0"},"up":{"uv":[10.25,1.625,10,1.5],"texture":"#0"},"down":{"uv":[10.25,1.625,10,1.75],"texture":"#0"}}},{"from":[0,4,15],"to":[16,4.5,16],"faces":{"north":{"uv":[9.625,8.25,11.625,8.3125],"texture":"#0"},"east":{"uv":[3.5,10.375,3.625,10.4375],"texture":"#0"},"south":{"uv":[9.625,8.375,11.625,8.4375],"texture":"#0"},"west":{"uv":[10.375,3.5,10.5,3.5625],"texture":"#0"},"up":{"uv":[8,9.125,6,9],"texture":"#0"},"down":{"uv":[10,9,8,9.125],"texture":"#0"}}},{"from":[0,4,14],"to":[16,5,15],"faces":{"north":{"uv":[6,9.125,8,9.25],"texture":"#0"},"east":{"uv":[10.25,0,10.375,0.125],"texture":"#0"},"south":{"uv":[8,9.125,10,9.25],"texture":"#0"},"west":{"uv":[10.25,0.125,10.375,0.25],"texture":"#0"},"up":{"uv":[11.125,8.625,9.125,8.5],"texture":"#0"},"down":{"uv":[11.125,8.625,9.125,8.75],"texture":"#0"}}},{"from":[0,4,13],"to":[16,5.5,14],"faces":{"north":{"uv":[6,8.75,8,8.9375],"texture":"#0"},"east":{"uv":[10,3.5,10.125,3.6875],"texture":"#0"},"south":{"uv":[8,8.75,10,8.9375],"texture":"#0"},"west":{"uv":[10,3.75,10.125,3.9375],"texture":"#0"},"up":{"uv":[8,9.375,6,9.25],"texture":"#0"},"down":{"uv":[10,9.25,8,9.375],"texture":"#0"}}},{"from":[0,4,12],"to":[16,6,13],"faces":{"north":{"uv":[0,8.125,2,8.375],"texture":"#0"},"east":{"uv":[10,1.75,10.125,2],"texture":"#0"},"south":{"uv":[2,8.125,4,8.375],"texture":"#0"},"west":{"uv":[10,2,10.125,2.25],"texture":"#0"},"up":{"uv":[8,9.5,6,9.375],"texture":"#0"},"down":{"uv":[10,9.375,8,9.5],"texture":"#0"}}},{"from":[10.5,8,12],"to":[13.5,9,12.5],"faces":{"north":{"uv":[2.75,8.625,3.125,8.75],"texture":"#0"},"east":{"uv":[3.625,10.375,3.6875,10.5],"texture":"#0"},"south":{"uv":[3.125,8.625,3.5,8.75],"texture":"#0"},"west":{"uv":[10.375,3.625,10.4375,3.75],"texture":"#0"},"up":{"uv":[6.875,10.0625,6.5,10],"texture":"#0"},"down":{"uv":[7.25,10,6.875,10.0625],"texture":"#0"}}},{"from":[2.5,9,12],"to":[5.5,10,12.5],"faces":{"north":{"uv":[7.25,9.875,7.625,10],"texture":"#0"},"east":{"uv":[3.75,10.375,3.8125,10.5],"texture":"#0"},"south":{"uv":[8.875,9.875,9.25,10],"texture":"#0"},"west":{"uv":[10.375,3.75,10.4375,3.875],"texture":"#0"},"up":{"uv":[7.625,10.0625,7.25,10],"texture":"#0"},"down":{"uv":[10.375,8.75,10,8.8125],"texture":"#0"}}},{"from":[2.5,7,12],"to":[5.5,8,12.5],"faces":{"north":{"uv":[9.25,9.875,9.625,10],"texture":"#0"},"east":{"uv":[3.875,10.375,3.9375,10.5],"texture":"#0"},"south":{"uv":[9.625,9.875,10,10],"texture":"#0"},"west":{"uv":[10.375,3.875,10.4375,4],"texture":"#0"},"up":{"uv":[9.25,10.0625,8.875,10],"texture":"#0"},"down":{"uv":[10.375,8.875,10,8.9375],"texture":"#0"}}}],"gui_light":"front"}