{"display":{"thirdperson_righthand":{"rotation":[34.5,45,0],"translation":[0,2,-0.5]},"firstperson_righthand":{"rotation":[5,18,3],"translation":[-1.25,5.75,1],"scale":[1.75,1.75,1.75]},"ground":{"translation":[0,2,0],"scale":[1.25,1.25,1.25]},"gui":{"rotation":[22.5,45,0],"translation":[0,0.5,0],"scale":[2.5,2.5,2.5]},"head":{"rotation":[0,45,0],"translation":[0,11.75,0],"scale":[4,4,4]}},"texture_size":[64,64],"textures":{"0":"food/burger","particle":"food/burger"},"elements":[{"name":"octagon","from":[5.98064,6.025,7.17157],"to":[9.98064,6.525,8.82843],"rotation":{"angle":0,"axis":"y","origin":[7.98064,6.7125,8]},"faces":{"north":{"uv":[2,1.75,3,1.875],"texture":"#0"},"east":{"uv":[4.5,7.75,4.875,7.875],"texture":"#0"},"south":{"uv":[4,4.75,5,4.875],"texture":"#0"},"west":{"uv":[5,7.75,5.375,7.875],"texture":"#0"},"up":{"uv":[4.5,2.375,3.5,2],"texture":"#0"},"down":{"uv":[4.5,2.5,3.5,2.875],"texture":"#0"}}},{"name":"octagon","from":[7.15221,6.025,6],"to":[8.80907,6.525,10],"rotation":{"angle":45,"axis":"y","origin":[7.98064,6.7125,8]},"faces":{"north":{"uv":[5.5,7.75,5.875,7.875],"texture":"#0"},"east":{"uv":[1.5,5,2.5,5.125],"texture":"#0"},"south":{"uv":[6,7.75,6.375,7.875],"texture":"#0"},"west":{"uv":[2.5,5,3.5,5.125],"texture":"#0"},"up":{"uv":[3.375,4.5,3,3.5],"texture":"#0"},"down":{"uv":[3.875,3.5,3.5,4.5],"texture":"#0"}}},{"name":"octagon","from":[7.15221,6.025,6],"to":[8.80907,6.525,10],"rotation":{"angle":0,"axis":"y","origin":[7.98064,6.7125,8]},"faces":{"north":{"uv":[7.75,6,8.125,6.125],"texture":"#0"},"east":{"uv":[3.5,5,4.5,5.125],"texture":"#0"},"south":{"uv":[7.75,6.25,8.125,6.375],"texture":"#0"},"west":{"uv":[5,3.5,6,3.625],"texture":"#0"},"up":{"uv":[0.375,4.75,0,3.75],"texture":"#0"},"down":{"uv":[4.125,0,3.75,1],"texture":"#0"}}},{"name":"octagon","from":[5.98064,6.025,7.17157],"to":[9.98064,6.525,8.82843],"rotation":{"angle":45,"axis":"y","origin":[7.98064,6.7125,8]},"faces":{"north":{"uv":[5,3.75,6,3.875],"texture":"#0"},"east":{"uv":[6.5,7.75,6.875,7.875],"texture":"#0"},"south":{"uv":[5,4,6,4.125],"texture":"#0"},"west":{"uv":[7.75,6.5,8.125,6.625],"texture":"#0"},"up":{"uv":[1.5,4.125,0.5,3.75],"texture":"#0"},"down":{"uv":[2.5,3.75,1.5,4.125],"texture":"#0"}}},{"name":"octagon","from":[5.78063,6.525,7.08873],"to":[10.18063,7.125,8.91127],"rotation":{"angle":-22.5,"axis":"y","origin":[7.98064,6.7125,8]},"faces":{"north":{"uv":[4.75,1.75,5.875,1.875],"texture":"#0"},"east":{"uv":[3.5,7.75,4,7.875],"texture":"#0"},"south":{"uv":[2.75,4.75,3.875,4.875],"texture":"#0"},"west":{"uv":[4,7.75,4.5,7.875],"texture":"#0"},"up":{"uv":[4.375,1.5,3.25,1],"texture":"#0"},"down":{"uv":[4.625,1.5,3.5,2],"texture":"#0"}}},{"name":"octagon","from":[7.06937,6.525,5.8],"to":[8.89191,7.125,10.2],"rotation":{"angle":22.5,"axis":"y","origin":[7.98064,6.7125,8]},"faces":{"north":{"uv":[7.25,6,7.75,6.125],"texture":"#0"},"east":{"uv":[4.5,1,5.625,1.125],"texture":"#0"},"south":{"uv":[7.25,6.25,7.75,6.375],"texture":"#0"},"west":{"uv":[4.5,1.25,5.625,1.375],"texture":"#0"},"up":{"uv":[0.5,3.125,0,2],"texture":"#0"},"down":{"uv":[2.5,0,2,1.125],"texture":"#0"}}},{"name":"octagon","from":[7.06937,6.525,5.8],"to":[8.89191,7.125,10.2],"rotation":{"angle":-22.5,"axis":"y","origin":[7.98064,6.7125,8]},"faces":{"north":{"uv":[6.5,7.25,7,7.375],"texture":"#0"},"east":{"uv":[4.5,2,5.625,2.125],"texture":"#0"},"south":{"uv":[7.25,6.5,7.75,6.625],"texture":"#0"},"west":{"uv":[4.5,2.25,5.625,2.375],"texture":"#0"},"up":{"uv":[1,3.125,0.5,2],"texture":"#0"},"down":{"uv":[1.5,2,1,3.125],"texture":"#0"}}},{"name":"octagon","from":[5.78063,6.525,7.08873],"to":[10.18063,7.125,8.91127],"rotation":{"angle":22.5,"axis":"y","origin":[7.98064,6.7125,8]},"faces":{"north":{"uv":[4.5,2.5,5.625,2.625],"texture":"#0"},"east":{"uv":[7.25,6.75,7.75,6.875],"texture":"#0"},"south":{"uv":[4.5,2.75,5.625,2.875],"texture":"#0"},"west":{"uv":[7.25,7,7.75,7.125],"texture":"#0"},"up":{"uv":[3.125,1.75,2,1.25],"texture":"#0"},"down":{"uv":[2.625,2,1.5,2.5],"texture":"#0"}}},{"name":"octagon","from":[6.06937,7.275,6.05],"to":[9.93063,7.425,9.95],"rotation":{"angle":0,"axis":"y","origin":[7.98064,6.8625,8]},"faces":{"north":{"uv":[4,6,5,6.125],"texture":"#0"},"east":{"uv":[6,4,7,4.125],"texture":"#0"},"south":{"uv":[6,4.25,7,4.375],"texture":"#0"},"west":{"uv":[6,4.75,7,4.875],"texture":"#0"},"up":{"uv":[2,1,1,0],"texture":"#0"},"down":{"uv":[2,1,1,2],"texture":"#0"}}},{"name":"octagon","from":[6.15935,5.77968,6.37746],"to":[6.35934,5.92968,9.7],"shade":false,"rotation":{"angle":45,"axis":"z","origin":[4.40934,5.80468,8.03873]},"faces":{"north":{"uv":[3.25,8,3.375,8.125],"texture":"#0"},"east":{"uv":[7,5.75,7.875,5.875],"texture":"#0"},"south":{"uv":[3.5,8,3.625,8.125],"texture":"#0"},"west":{"uv":[6,7,6.875,7.125],"texture":"#0"},"up":{"uv":[7.125,6.875,7,6],"texture":"#0"},"down":{"uv":[7.125,7,7,7.875],"texture":"#0"}}},{"name":"octagon","from":[5.86563,6.53828,6.12746],"to":[6.26564,6.68828,9.95],"shade":false,"rotation":{"angle":22.5,"axis":"z","origin":[4.31563,6.56328,8.03873]},"faces":{"north":{"uv":[8,3.5,8.125,3.625],"texture":"#0"},"east":{"uv":[1,5.25,2,5.375],"texture":"#0"},"south":{"uv":[3.75,8,3.875,8.125],"texture":"#0"},"west":{"uv":[2,5.25,3,5.375],"texture":"#0"},"up":{"uv":[3.125,6.25,3,5.25],"texture":"#0"},"down":{"uv":[3.375,5.25,3.25,6.25],"texture":"#0"}}},{"name":"octagon","from":[9.64065,5.77968,6.33873],"to":[9.84065,5.92968,9.66127],"rotation":{"angle":-45,"axis":"z","origin":[11.59066,5.80468,8]},"faces":{"north":{"uv":[8,3.75,8.125,3.875],"texture":"#0"},"east":{"uv":[0,7.25,0.875,7.375],"texture":"#0"},"south":{"uv":[4,8,4.125,8.125],"texture":"#0"},"west":{"uv":[1,7.25,1.875,7.375],"texture":"#0"},"up":{"uv":[2.125,8.125,2,7.25],"texture":"#0"},"down":{"uv":[2.375,7.25,2.25,8.125],"texture":"#0"}}},{"name":"octagon","from":[9.73436,6.53828,6.08873],"to":[10.13436,6.68828,9.91127],"rotation":{"angle":-22.5,"axis":"z","origin":[11.68437,6.56328,8]},"faces":{"north":{"uv":[8,4,8.125,4.125],"texture":"#0"},"east":{"uv":[5.25,3,6.25,3.125],"texture":"#0"},"south":{"uv":[4.25,8,4.375,8.125],"texture":"#0"},"west":{"uv":[5.25,3.25,6.25,3.375],"texture":"#0"},"up":{"uv":[3.625,6.25,3.5,5.25],"texture":"#0"},"down":{"uv":[3.875,5.25,3.75,6.25],"texture":"#0"}}},{"name":"octagon","from":[6.06937,7.99935,9.69156],"to":[9.89191,8.14935,10.09156],"rotation":{"angle":22.5,"axis":"x","origin":[7.98064,7.13755,8]},"faces":{"north":{"uv":[4,5.25,5,5.375],"texture":"#0"},"east":{"uv":[8,4.25,8.125,4.375],"texture":"#0"},"south":{"uv":[5,5.25,6,5.375],"texture":"#0"},"west":{"uv":[4.5,8,4.625,8.125],"texture":"#0"},"up":{"uv":[1,5.625,0,5.5],"texture":"#0"},"down":{"uv":[2,5.5,1,5.625],"texture":"#0"}}},{"name":"octagon","from":[6.31937,8.72274,9.54515],"to":[9.64191,8.87274,9.74515],"rotation":{"angle":45,"axis":"x","origin":[7.98064,7.13755,8]},"faces":{"north":{"uv":[7.25,2,8.125,2.125],"texture":"#0"},"east":{"uv":[8,4.5,8.125,4.625],"texture":"#0"},"south":{"uv":[7.25,2.25,8.125,2.375],"texture":"#0"},"west":{"uv":[4.75,8,4.875,8.125],"texture":"#0"},"up":{"uv":[3.375,7.375,2.5,7.25],"texture":"#0"},"down":{"uv":[8.125,3,7.25,3.125],"texture":"#0"}}},{"name":"octagon","from":[6.06937,7.99935,5.90844],"to":[9.89191,8.14935,6.30844],"shade":false,"rotation":{"angle":-22.5,"axis":"x","origin":[7.98064,7.13755,8]},"faces":{"north":{"uv":[2,5.5,3,5.625],"texture":"#0"},"east":{"uv":[8,4.75,8.125,4.875],"texture":"#0"},"south":{"uv":[4,5.5,5,5.625],"texture":"#0"},"west":{"uv":[5,8,5.125,8.125],"texture":"#0"},"up":{"uv":[6.5,4.625,5.5,4.5],"texture":"#0"},"down":{"uv":[6,5.5,5,5.625],"texture":"#0"}}},{"name":"octagon","from":[6.31937,8.72274,6.25485],"to":[9.64191,8.87274,6.45485],"shade":false,"rotation":{"angle":-45,"axis":"x","origin":[7.98064,7.13755,8]},"faces":{"north":{"uv":[7.25,3.25,8.125,3.375],"texture":"#0"},"east":{"uv":[8,5,8.125,5.125],"texture":"#0"},"south":{"uv":[3.5,7.25,4.375,7.375],"texture":"#0"},"west":{"uv":[5.25,8,5.375,8.125],"texture":"#0"},"up":{"uv":[5.375,7.375,4.5,7.25],"texture":"#0"},"down":{"uv":[6.375,7.25,5.5,7.375],"texture":"#0"}}},{"name":"octagon","from":[6.06937,7.66762,7.30925],"to":[9.93064,7.81762,7.60925],"rotation":{"angle":-22.5,"axis":"x","origin":[8,6.74262,7.75925]},"faces":{"north":{"uv":[6,6.5,7,6.625],"texture":"#0"},"east":{"uv":[8.25,0.25,8.375,0.375],"texture":"#0"},"south":{"uv":[0,6.75,1,6.875],"texture":"#0"},"west":{"uv":[0.5,8.25,0.625,8.375],"texture":"#0"},"up":{"uv":[2,6.875,1,6.75],"texture":"#0"},"down":{"uv":[3,6.75,2,6.875],"texture":"#0"}}},{"name":"octagon","from":[6.06937,7.52839,7.20929],"to":[9.93064,7.67839,7.50929],"rotation":{"angle":0,"axis":"x","origin":[8,7.60339,7.35929]},"faces":{"north":{"uv":[6.75,2.5,7.75,2.625],"texture":"#0"},"east":{"uv":[8.25,0.5,8.375,0.625],"texture":"#0"},"south":{"uv":[6.75,2.75,7.75,2.875],"texture":"#0"},"west":{"uv":[0.75,8.25,0.875,8.375],"texture":"#0"},"up":{"uv":[4,6.875,3,6.75],"texture":"#0"},"down":{"uv":[5,6.75,4,6.875],"texture":"#0"}}},{"name":"octagon","from":[6.06937,7.425,7.72905],"to":[9.93064,7.575,8.02905],"rotation":{"angle":0,"axis":"x","origin":[8,7.5,7.87905]},"faces":{"north":{"uv":[5,6.75,6,6.875],"texture":"#0"},"east":{"uv":[8.25,0.75,8.375,0.875],"texture":"#0"},"south":{"uv":[6,6.75,7,6.875],"texture":"#0"},"west":{"uv":[1,8.25,1.125,8.375],"texture":"#0"},"up":{"uv":[1,7.125,0,7],"texture":"#0"},"down":{"uv":[8,0,7,0.125],"texture":"#0"}}},{"name":"octagon","from":[6.06937,7.47669,7.46917],"to":[9.93064,7.62669,7.76917],"rotation":{"angle":22.5,"axis":"x","origin":[8,7.55169,7.61917]},"faces":{"north":{"uv":[7,0.25,8,0.375],"texture":"#0"},"east":{"uv":[8.25,1,8.375,1.125],"texture":"#0"},"south":{"uv":[7,0.5,8,0.625],"texture":"#0"},"west":{"uv":[1.25,8.25,1.375,8.375],"texture":"#0"},"up":{"uv":[8,0.875,7,0.75],"texture":"#0"},"down":{"uv":[2,7,1,7.125],"texture":"#0"}}},{"name":"octagon","from":[6.06937,7.66762,6.26973],"to":[9.93064,7.81762,6.56973],"rotation":{"angle":-22.5,"axis":"x","origin":[8,6.74262,6.71973]},"faces":{"north":{"uv":[7,1,8,1.125],"texture":"#0"},"east":{"uv":[8.25,1.25,8.375,1.375],"texture":"#0"},"south":{"uv":[7,1.25,8,1.375],"texture":"#0"},"west":{"uv":[1.5,8.25,1.625,8.375],"texture":"#0"},"up":{"uv":[8,1.625,7,1.5],"texture":"#0"},"down":{"uv":[8,1.75,7,1.875],"texture":"#0"}}},{"name":"octagon","from":[6.06937,7.52839,6.16976],"to":[9.93064,7.67839,6.46976],"rotation":{"angle":0,"axis":"x","origin":[8,7.60339,6.31976]},"faces":{"north":{"uv":[2,7,3,7.125],"texture":"#0"},"east":{"uv":[8.25,1.5,8.375,1.625],"texture":"#0"},"south":{"uv":[3,7,4,7.125],"texture":"#0"},"west":{"uv":[1.75,8.25,1.875,8.375],"texture":"#0"},"up":{"uv":[8,3.625,7,3.5],"texture":"#0"},"down":{"uv":[8,3.75,7,3.875],"texture":"#0"}}},{"name":"octagon","from":[6.06937,7.47669,6.42965],"to":[9.93064,7.62669,6.72965],"rotation":{"angle":22.5,"axis":"x","origin":[8,7.55169,6.57965]},"faces":{"north":{"uv":[4,7,5,7.125],"texture":"#0"},"east":{"uv":[8.25,1.75,8.375,1.875],"texture":"#0"},"south":{"uv":[7,4,8,4.125],"texture":"#0"},"west":{"uv":[2,8.25,2.125,8.375],"texture":"#0"},"up":{"uv":[8,4.375,7,4.25],"texture":"#0"},"down":{"uv":[8,4.75,7,4.875],"texture":"#0"}}},{"name":"octagon","from":[6.06937,7.425,6.68953],"to":[9.93064,7.575,6.98953],"rotation":{"angle":0,"axis":"x","origin":[8,7.5,6.83953]},"faces":{"north":{"uv":[5,7,6,7.125],"texture":"#0"},"east":{"uv":[8.25,2,8.375,2.125],"texture":"#0"},"south":{"uv":[7,5,8,5.125],"texture":"#0"},"west":{"uv":[2.25,8.25,2.375,8.375],"texture":"#0"},"up":{"uv":[8,5.375,7,5.25],"texture":"#0"},"down":{"uv":[8,5.5,7,5.625],"texture":"#0"}}},{"name":"octagon","from":[6.06937,7.66762,9.3883],"to":[9.93064,7.81762,9.6883],"rotation":{"angle":-22.5,"axis":"x","origin":[8,6.74262,9.8383]},"faces":{"north":{"uv":[6,0.75,7,0.875],"texture":"#0"},"east":{"uv":[8,5.25,8.125,5.375],"texture":"#0"},"south":{"uv":[6,1,7,1.125],"texture":"#0"},"west":{"uv":[5.5,8,5.625,8.125],"texture":"#0"},"up":{"uv":[7,1.375,6,1.25],"texture":"#0"},"down":{"uv":[7,1.5,6,1.625],"texture":"#0"}}},{"name":"octagon","from":[6.06937,7.52839,9.28833],"to":[9.93064,7.67839,9.58833],"rotation":{"angle":0,"axis":"x","origin":[8,7.60339,9.43833]},"faces":{"north":{"uv":[1.75,6,2.75,6.125],"texture":"#0"},"east":{"uv":[8,5.5,8.125,5.625],"texture":"#0"},"south":{"uv":[6,1.75,7,1.875],"texture":"#0"},"west":{"uv":[5.75,8,5.875,8.125],"texture":"#0"},"up":{"uv":[7,3.625,6,3.5],"texture":"#0"},"down":{"uv":[7,3.75,6,3.875],"texture":"#0"}}},{"name":"octagon","from":[6.06937,7.425,9.80809],"to":[9.93064,7.575,10.10809],"rotation":{"angle":0,"axis":"x","origin":[8,7.5,9.95809]},"faces":{"north":{"uv":[6,5.75,7,5.875],"texture":"#0"},"east":{"uv":[6.25,8,6.375,8.125],"texture":"#0"},"south":{"uv":[6,6,7,6.125],"texture":"#0"},"west":{"uv":[6.5,8,6.625,8.125],"texture":"#0"},"up":{"uv":[1,6.375,0,6.25],"texture":"#0"},"down":{"uv":[2,6.25,1,6.375],"texture":"#0"}}},{"name":"octagon","from":[6.06937,7.47669,9.54821],"to":[9.93064,7.62669,9.84821],"rotation":{"angle":22.5,"axis":"x","origin":[8,7.55169,9.69821]},"faces":{"north":{"uv":[5,6,6,6.125],"texture":"#0"},"east":{"uv":[8,5.75,8.125,5.875],"texture":"#0"},"south":{"uv":[6,5,7,5.125],"texture":"#0"},"west":{"uv":[6,8,6.125,8.125],"texture":"#0"},"up":{"uv":[7,5.375,6,5.25],"texture":"#0"},"down":{"uv":[7,5.5,6,5.625],"texture":"#0"}}},{"name":"octagon","from":[6.06937,7.66762,8.34878],"to":[9.93064,7.81762,8.64878],"rotation":{"angle":-22.5,"axis":"x","origin":[8,6.74262,8.79878]},"faces":{"north":{"uv":[3,6.5,4,6.625],"texture":"#0"},"east":{"uv":[0,8.25,0.125,8.375],"texture":"#0"},"south":{"uv":[4,6.5,5,6.625],"texture":"#0"},"west":{"uv":[0.25,8.25,0.375,8.375],"texture":"#0"},"up":{"uv":[7.5,4.625,6.5,4.5],"texture":"#0"},"down":{"uv":[6,6.5,5,6.625],"texture":"#0"}}},{"name":"octagon","from":[6.06937,7.52839,8.24881],"to":[9.93064,7.67839,8.54881],"rotation":{"angle":0,"axis":"x","origin":[8,7.60339,8.39881]},"faces":{"north":{"uv":[6,6.25,7,6.375],"texture":"#0"},"east":{"uv":[7.75,8,7.875,8.125],"texture":"#0"},"south":{"uv":[0,6.5,1,6.625],"texture":"#0"},"west":{"uv":[8,8,8.125,8.125],"texture":"#0"},"up":{"uv":[2,6.625,1,6.5],"texture":"#0"},"down":{"uv":[3,6.5,2,6.625],"texture":"#0"}}},{"name":"octagon","from":[6.06937,7.47669,8.50869],"to":[9.93064,7.62669,8.80869],"rotation":{"angle":22.5,"axis":"x","origin":[8,7.55169,8.65869]},"faces":{"north":{"uv":[6.25,3,7.25,3.125],"texture":"#0"},"east":{"uv":[7.25,8,7.375,8.125],"texture":"#0"},"south":{"uv":[6.25,3.25,7.25,3.375],"texture":"#0"},"west":{"uv":[7.5,8,7.625,8.125],"texture":"#0"},"up":{"uv":[5,6.375,4,6.25],"texture":"#0"},"down":{"uv":[6,6.25,5,6.375],"texture":"#0"}}},{"name":"octagon","from":[6.06937,7.425,8.76857],"to":[9.93064,7.575,9.06857],"rotation":{"angle":0,"axis":"x","origin":[8,7.5,8.91857]},"faces":{"north":{"uv":[2,6.25,3,6.375],"texture":"#0"},"east":{"uv":[6.75,8,6.875,8.125],"texture":"#0"},"south":{"uv":[6.25,2,7.25,2.125],"texture":"#0"},"west":{"uv":[7,8,7.125,8.125],"texture":"#0"},"up":{"uv":[7.25,2.375,6.25,2.25],"texture":"#0"},"down":{"uv":[4,6.25,3,6.375],"texture":"#0"}}},{"name":"octagon","from":[6.81643,7.675,7.75],"to":[7.64484,7.925,9.75],"rotation":{"angle":45,"axis":"y","origin":[7.23064,8.175,8.75]},"faces":{"north":{"uv":[3,1,3.25,1.125],"texture":"#0"},"east":{"uv":[7.25,7.25,7.75,7.375],"texture":"#0"},"south":{"uv":[3.25,1.5,3.5,1.625],"texture":"#0"},"west":{"uv":[0,7.5,0.5,7.625],"texture":"#0"},"up":{"uv":[3,2.5,2.75,2],"texture":"#0"},"down":{"uv":[1.5,3.25,1.25,3.75],"texture":"#0"}}},{"name":"octagon","from":[6.81643,7.675,7.75],"to":[7.64484,7.925,9.75],"rotation":{"angle":0,"axis":"y","origin":[7.23064,8.175,8.75]},"faces":{"north":{"uv":[2.75,5.75,3,5.875],"texture":"#0"},"east":{"uv":[0.5,7.5,1,7.625],"texture":"#0"},"south":{"uv":[2.75,6,3,6.125],"texture":"#0"},"west":{"uv":[1,7.5,1.5,7.625],"texture":"#0"},"up":{"uv":[0.25,5.25,0,4.75],"texture":"#0"},"down":{"uv":[0.5,4.75,0.25,5.25],"texture":"#0"}}},{"name":"octagon","from":[6.23064,7.675,8.33579],"to":[8.23064,7.925,9.16421],"rotation":{"angle":45,"axis":"y","origin":[7.23064,8.175,8.75]},"faces":{"north":{"uv":[1.5,7.5,2,7.625],"texture":"#0"},"east":{"uv":[8,0.25,8.25,0.375],"texture":"#0"},"south":{"uv":[2.5,7.5,3,7.625],"texture":"#0"},"west":{"uv":[0.5,8,0.75,8.125],"texture":"#0"},"up":{"uv":[3,1.25,2.5,1],"texture":"#0"},"down":{"uv":[6,5,5.5,5.25],"texture":"#0"}}},{"name":"octagon","from":[6.23064,7.675,8.33579],"to":[8.23064,7.925,9.16421],"rotation":{"angle":0,"axis":"y","origin":[7.23064,8.175,8.75]},"faces":{"north":{"uv":[3,7.5,3.5,7.625],"texture":"#0"},"east":{"uv":[8,0.5,8.25,0.625],"texture":"#0"},"south":{"uv":[3.5,7.5,4,7.625],"texture":"#0"},"west":{"uv":[0.75,8,1,8.125],"texture":"#0"},"up":{"uv":[0.5,6,0,5.75],"texture":"#0"},"down":{"uv":[1,5.75,0.5,6],"texture":"#0"}}},{"name":"octagon","from":[8.31642,7.675,6.25],"to":[9.14485,7.925,8.25],"rotation":{"angle":45,"axis":"y","origin":[8.73064,8.175,7.25]},"faces":{"north":{"uv":[8,0.75,8.25,0.875],"texture":"#0"},"east":{"uv":[4,7.5,4.5,7.625],"texture":"#0"},"south":{"uv":[1,8,1.25,8.125],"texture":"#0"},"west":{"uv":[4.5,7.5,5,7.625],"texture":"#0"},"up":{"uv":[1.25,6.25,1,5.75],"texture":"#0"},"down":{"uv":[6,1,5.75,1.5],"texture":"#0"}}},{"name":"octagon","from":[8.31642,7.675,6.25],"to":[9.14485,7.925,8.25],"rotation":{"angle":0,"axis":"y","origin":[8.73064,8.175,7.25]},"faces":{"north":{"uv":[8,1,8.25,1.125],"texture":"#0"},"east":{"uv":[7.5,4.5,8,4.625],"texture":"#0"},"south":{"uv":[1.25,8,1.5,8.125],"texture":"#0"},"west":{"uv":[5,7.5,5.5,7.625],"texture":"#0"},"up":{"uv":[1.5,6.25,1.25,5.75],"texture":"#0"},"down":{"uv":[1.75,5.75,1.5,6.25],"texture":"#0"}}},{"name":"octagon","from":[7.73064,7.675,6.83579],"to":[9.73064,7.925,7.66421],"rotation":{"angle":45,"axis":"y","origin":[8.73064,8.175,7.25]},"faces":{"north":{"uv":[5.5,7.5,6,7.625],"texture":"#0"},"east":{"uv":[8,1.25,8.25,1.375],"texture":"#0"},"south":{"uv":[6,7.5,6.5,7.625],"texture":"#0"},"west":{"uv":[1.5,8,1.75,8.125],"texture":"#0"},"up":{"uv":[2.25,6,1.75,5.75],"texture":"#0"},"down":{"uv":[6.25,2,5.75,2.25],"texture":"#0"}}},{"name":"octagon","from":[7.73064,7.675,6.83579],"to":[9.73064,7.925,7.66421],"rotation":{"angle":0,"axis":"y","origin":[8.73064,8.175,7.25]},"faces":{"north":{"uv":[6.5,7.5,7,7.625],"texture":"#0"},"east":{"uv":[8,1.5,8.25,1.625],"texture":"#0"},"south":{"uv":[7.25,7.5,7.75,7.625],"texture":"#0"},"west":{"uv":[1.75,8,2,8.125],"texture":"#0"},"up":{"uv":[2.75,6,2.25,5.75],"texture":"#0"},"down":{"uv":[6.25,2.25,5.75,2.5],"texture":"#0"}}},{"name":"octagon","from":[5.98064,8.3,7.17157],"to":[9.98064,8.825,8.82843],"rotation":{"angle":0,"axis":"y","origin":[7.98064,8.9875,8]},"faces":{"north":{"uv":[5.75,2.5,6.75,2.625],"texture":"#0"},"east":{"uv":[7.75,6.75,8.125,6.875],"texture":"#0"},"south":{"uv":[5.75,2.75,6.75,2.875],"texture":"#0"},"west":{"uv":[7.75,7,8.125,7.125],"texture":"#0"},"up":{"uv":[5,3.875,4,3.5],"texture":"#0"},"down":{"uv":[5,4,4,4.375],"texture":"#0"}}},{"name":"octagon","from":[7.90563,8.625,7.925],"to":[8.05563,9.425,8.075],"rotation":{"angle":0,"axis":"y","origin":[7.98063,9.275,8]},"faces":{"north":{"uv":[8,1.75,8.125,2],"texture":"#0"},"east":{"uv":[2.5,8,2.625,8.25],"texture":"#0"},"south":{"uv":[2.75,8,2.875,8.25],"texture":"#0"},"west":{"uv":[3,8,3.125,8.25],"texture":"#0"},"up":{"uv":[8.375,2.375,8.25,2.25],"texture":"#0"},"down":{"uv":[2.625,8.25,2.5,8.375],"texture":"#0"}}},{"name":"octagon","from":[6.85563,8.625,6.925],"to":[7.05563,8.85,7.025],"rotation":{"angle":22.5,"axis":"y","origin":[6.95563,8.7375,6.975]},"faces":{"north":{"uv":[8,1.75,8.125,2],"texture":"#0"},"east":{"uv":[2.5,8,2.625,8.25],"texture":"#0"},"south":{"uv":[2.75,8,2.875,8.25],"texture":"#0"},"west":{"uv":[3,8,3.125,8.25],"texture":"#0"},"up":{"uv":[8.375,2.375,8.25,2.25],"texture":"#0"},"down":{"uv":[2.625,8.25,2.5,8.375],"texture":"#0"}}},{"name":"octagon","from":[7.85563,8.625,7.925],"to":[8.05563,8.85,8.025],"rotation":{"angle":22.5,"axis":"y","origin":[6.95563,8.7375,6.975]},"faces":{"north":{"uv":[8,1.75,8.125,2],"texture":"#0"},"east":{"uv":[2.5,8,2.625,8.25],"texture":"#0"},"south":{"uv":[2.75,8,2.875,8.25],"texture":"#0"},"west":{"uv":[3,8,3.125,8.25],"texture":"#0"},"up":{"uv":[8.375,2.375,8.25,2.25],"texture":"#0"},"down":{"uv":[2.625,8.25,2.5,8.375],"texture":"#0"}}},{"name":"octagon","from":[7.23831,8.625,7.84888],"to":[7.43831,8.85,7.94888],"rotation":{"angle":-22.5,"axis":"y","origin":[7.33831,8.7375,7.89888]},"faces":{"north":{"uv":[8,1.75,8.125,2],"texture":"#0"},"east":{"uv":[2.5,8,2.625,8.25],"texture":"#0"},"south":{"uv":[2.75,8,2.875,8.25],"texture":"#0"},"west":{"uv":[3,8,3.125,8.25],"texture":"#0"},"up":{"uv":[8.375,2.375,8.25,2.25],"texture":"#0"},"down":{"uv":[2.625,8.25,2.5,8.375],"texture":"#0"}}},{"name":"octagon","from":[9.28831,8.625,7.79888],"to":[9.36331,8.85,7.99888],"rotation":{"angle":22.5,"axis":"y","origin":[7.33831,8.7375,7.89888]},"faces":{"north":{"uv":[3,8,3.125,8.25],"texture":"#0"},"east":{"uv":[8,1.75,8.125,2],"texture":"#0"},"south":{"uv":[2.5,8,2.625,8.25],"texture":"#0"},"west":{"uv":[2.75,8,2.875,8.25],"texture":"#0"},"up":{"uv":[8.375,2.375,8.25,2.25],"rotation":90,"texture":"#0"},"down":{"uv":[2.625,8.25,2.5,8.375],"rotation":270,"texture":"#0"}}},{"name":"octagon","from":[7.23831,8.625,6.84888],"to":[7.43831,8.85,6.94888],"rotation":{"angle":-22.5,"axis":"y","origin":[7.33831,8.7375,7.89888]},"faces":{"north":{"uv":[8,1.75,8.125,2],"texture":"#0"},"east":{"uv":[2.5,8,2.625,8.25],"texture":"#0"},"south":{"uv":[2.75,8,2.875,8.25],"texture":"#0"},"west":{"uv":[3,8,3.125,8.25],"texture":"#0"},"up":{"uv":[8.375,2.375,8.25,2.25],"texture":"#0"},"down":{"uv":[2.625,8.25,2.5,8.375],"texture":"#0"}}},{"name":"octagon","from":[7.621,8.625,6.425],"to":[7.821,8.85,6.525],"rotation":{"angle":22.5,"axis":"y","origin":[7.721,8.7375,6.975]},"faces":{"north":{"uv":[8,1.75,8.125,2],"texture":"#0"},"east":{"uv":[2.5,8,2.625,8.25],"texture":"#0"},"south":{"uv":[2.75,8,2.875,8.25],"texture":"#0"},"west":{"uv":[3,8,3.125,8.25],"texture":"#0"},"up":{"uv":[8.375,2.375,8.25,2.25],"texture":"#0"},"down":{"uv":[2.625,8.25,2.5,8.375],"texture":"#0"}}},{"name":"octagon","from":[8.73831,8.625,6.87388],"to":[8.93831,8.85,6.94888],"rotation":{"angle":-22.5,"axis":"y","origin":[7.33831,8.7375,7.89888]},"faces":{"north":{"uv":[8,1.75,8.125,2],"texture":"#0"},"east":{"uv":[2.5,8,2.625,8.25],"texture":"#0"},"south":{"uv":[2.75,8,2.875,8.25],"texture":"#0"},"west":{"uv":[3,8,3.125,8.25],"texture":"#0"},"up":{"uv":[8.375,2.375,8.25,2.25],"texture":"#0"},"down":{"uv":[2.625,8.25,2.5,8.375],"texture":"#0"}}},{"name":"octagon","from":[8.28831,8.625,9.29888],"to":[8.38831,8.85,9.49888],"rotation":{"angle":-22.5,"axis":"y","origin":[7.33831,8.7375,7.89888]},"faces":{"north":{"uv":[3,8,3.125,8.25],"texture":"#0"},"east":{"uv":[8,1.75,8.125,2],"texture":"#0"},"south":{"uv":[2.5,8,2.625,8.25],"texture":"#0"},"west":{"uv":[2.75,8,2.875,8.25],"texture":"#0"},"up":{"uv":[8.375,2.375,8.25,2.25],"rotation":90,"texture":"#0"},"down":{"uv":[2.625,8.25,2.5,8.375],"rotation":270,"texture":"#0"}}},{"name":"octagon","from":[8.62413,8.625,8.4229],"to":[8.82413,8.85,8.4979],"rotation":{"angle":22.5,"axis":"y","origin":[8.72413,8.7375,8.4729]},"faces":{"north":{"uv":[8,1.75,8.125,2],"texture":"#0"},"east":{"uv":[2.5,8,2.625,8.25],"texture":"#0"},"south":{"uv":[2.75,8,2.875,8.25],"texture":"#0"},"west":{"uv":[3,8,3.125,8.25],"texture":"#0"},"up":{"uv":[8.375,2.375,8.25,2.25],"texture":"#0"},"down":{"uv":[2.625,8.25,2.5,8.375],"texture":"#0"}}},{"name":"octagon","from":[8.70025,8.625,8.80559],"to":[8.90025,8.85,8.88059],"rotation":{"angle":-45,"axis":"y","origin":[7.80025,8.7375,8.85559]},"faces":{"north":{"uv":[8,1.75,8.125,2],"texture":"#0"},"east":{"uv":[2.5,8,2.625,8.25],"texture":"#0"},"south":{"uv":[2.75,8,2.875,8.25],"texture":"#0"},"west":{"uv":[3,8,3.125,8.25],"texture":"#0"},"up":{"uv":[8.375,2.375,8.25,2.25],"texture":"#0"},"down":{"uv":[2.625,8.25,2.5,8.375],"texture":"#0"}}},{"name":"octagon","from":[8.95025,8.625,8.55559],"to":[9.15025,8.85,8.63059],"rotation":{"angle":-22.5,"axis":"y","origin":[7.80025,8.7375,8.85559]},"faces":{"north":{"uv":[8,1.75,8.125,2],"texture":"#0"},"east":{"uv":[2.5,8,2.625,8.25],"texture":"#0"},"south":{"uv":[2.75,8,2.875,8.25],"texture":"#0"},"west":{"uv":[3,8,3.125,8.25],"texture":"#0"},"up":{"uv":[8.375,2.375,8.25,2.25],"texture":"#0"},"down":{"uv":[2.625,8.25,2.5,8.375],"texture":"#0"}}},{"name":"octagon","from":[6.70025,8.625,8.80559],"to":[6.90025,8.85,8.88059],"rotation":{"angle":-22.5,"axis":"y","origin":[7.80025,8.7375,8.85559]},"faces":{"north":{"uv":[8,1.75,8.125,2],"texture":"#0"},"east":{"uv":[2.5,8,2.625,8.25],"texture":"#0"},"south":{"uv":[2.75,8,2.875,8.25],"texture":"#0"},"west":{"uv":[3,8,3.125,8.25],"texture":"#0"},"up":{"uv":[8.375,2.375,8.25,2.25],"texture":"#0"},"down":{"uv":[2.625,8.25,2.5,8.375],"texture":"#0"}}},{"name":"octagon","from":[6.70025,8.625,8.80559],"to":[6.90025,8.85,8.88059],"rotation":{"angle":22.5,"axis":"y","origin":[7.80025,8.7375,8.85559]},"faces":{"north":{"uv":[8,1.75,8.125,2],"texture":"#0"},"east":{"uv":[2.5,8,2.625,8.25],"texture":"#0"},"south":{"uv":[2.75,8,2.875,8.25],"texture":"#0"},"west":{"uv":[3,8,3.125,8.25],"texture":"#0"},"up":{"uv":[8.375,2.375,8.25,2.25],"texture":"#0"},"down":{"uv":[2.625,8.25,2.5,8.375],"texture":"#0"}}},{"name":"octagon","from":[6.70025,8.625,7.30559],"to":[6.90025,8.85,7.35559],"rotation":{"angle":22.5,"axis":"y","origin":[7.80025,8.7375,8.85559]},"faces":{"north":{"uv":[8,1.75,8.125,2],"texture":"#0"},"east":{"uv":[2.5,8,2.625,8.25],"texture":"#0"},"south":{"uv":[2.75,8,2.875,8.25],"texture":"#0"},"west":{"uv":[3,8,3.125,8.25],"texture":"#0"},"up":{"uv":[8.375,2.375,8.25,2.25],"texture":"#0"},"down":{"uv":[2.625,8.25,2.5,8.375],"texture":"#0"}}},{"name":"octagon","from":[5.95399,8.575,8.43639],"to":[6.00399,8.8,8.48639],"rotation":{"angle":-22.5,"axis":"x","origin":[5.97899,8.6875,8.48639]},"faces":{"north":{"uv":[8,1.75,8.125,2],"texture":"#0"},"east":{"uv":[2.5,8,2.625,8.25],"texture":"#0"},"south":{"uv":[2.75,8,2.875,8.25],"texture":"#0"},"west":{"uv":[3,8,3.125,8.25],"texture":"#0"},"up":{"uv":[8.375,2.375,8.25,2.25],"texture":"#0"},"down":{"uv":[2.625,8.25,2.5,8.375],"texture":"#0"}}},{"name":"octagon","from":[5.75399,8.01278,7.36846],"to":[5.80399,8.06278,7.59346],"rotation":{"angle":22.5,"axis":"x","origin":[5.77899,8.03778,7.48096]},"faces":{"north":{"uv":[8.375,2.375,8.25,2.25],"rotation":180,"texture":"#0"},"east":{"uv":[2.5,8,2.625,8.25],"rotation":90,"texture":"#0"},"south":{"uv":[2.625,8.25,2.5,8.375],"texture":"#0"},"west":{"uv":[3,8,3.125,8.25],"rotation":270,"texture":"#0"},"up":{"uv":[2.75,8,2.875,8.25],"texture":"#0"},"down":{"uv":[8,1.75,8.125,2],"rotation":180,"texture":"#0"}}},{"name":"octagon","from":[5.75399,7.72252,8.22531],"to":[5.80399,7.94752,8.27531],"rotation":{"angle":22.5,"axis":"x","origin":[5.77899,7.98502,8.75031]},"faces":{"north":{"uv":[8,1.75,8.125,2],"texture":"#0"},"east":{"uv":[2.5,8,2.625,8.25],"texture":"#0"},"south":{"uv":[2.75,8,2.875,8.25],"texture":"#0"},"west":{"uv":[3,8,3.125,8.25],"texture":"#0"},"up":{"uv":[8.375,2.375,8.25,2.25],"texture":"#0"},"down":{"uv":[2.625,8.25,2.5,8.375],"texture":"#0"}}},{"name":"octagon","from":[10.19601,8.01278,7.36846],"to":[10.24601,8.06278,7.59346],"rotation":{"angle":22.5,"axis":"x","origin":[10.22101,8.03778,7.48096]},"faces":{"north":{"uv":[8.25,2.375,8.375,2.25],"rotation":180,"texture":"#0"},"east":{"uv":[3,8.25,3.125,8],"rotation":270,"texture":"#0"},"south":{"uv":[2.5,8.25,2.625,8.375],"texture":"#0"},"west":{"uv":[2.5,8.25,2.625,8],"rotation":90,"texture":"#0"},"up":{"uv":[2.875,8,2.75,8.25],"texture":"#0"},"down":{"uv":[8.125,1.75,8,2],"rotation":180,"texture":"#0"}}},{"name":"octagon","from":[10.19601,7.72252,8.22531],"to":[10.24601,7.94752,8.27531],"rotation":{"angle":22.5,"axis":"x","origin":[10.22101,7.98502,8.75031]},"faces":{"north":{"uv":[8.125,1.75,8,2],"texture":"#0"},"east":{"uv":[3.125,8,3,8.25],"texture":"#0"},"south":{"uv":[2.875,8,2.75,8.25],"texture":"#0"},"west":{"uv":[2.625,8,2.5,8.25],"texture":"#0"},"up":{"uv":[8.25,2.375,8.375,2.25],"texture":"#0"},"down":{"uv":[2.5,8.25,2.625,8.375],"texture":"#0"}}},{"name":"octagon","from":[8.10851,8.01278,10.20596],"to":[8.33351,8.06278,10.25596],"rotation":{"angle":22.5,"axis":"z","origin":[8.22101,8.03778,10.23096]},"faces":{"north":{"uv":[2.5,8.25,2.625,8],"rotation":90,"texture":"#0"},"east":{"uv":[8.25,2.375,8.375,2.25],"rotation":180,"texture":"#0"},"south":{"uv":[3,8.25,3.125,8],"rotation":270,"texture":"#0"},"west":{"uv":[2.5,8.25,2.625,8.375],"texture":"#0"},"up":{"uv":[2.875,8,2.75,8.25],"rotation":90,"texture":"#0"},"down":{"uv":[8.125,1.75,8,2],"rotation":90,"texture":"#0"}}},{"name":"octagon","from":[7.42667,7.72252,10.20596],"to":[7.47667,7.94752,10.25596],"rotation":{"angle":22.5,"axis":"z","origin":[6.95167,7.98502,10.23096]},"faces":{"north":{"uv":[2.625,8,2.5,8.25],"texture":"#0"},"east":{"uv":[8.125,1.75,8,2],"texture":"#0"},"south":{"uv":[3.125,8,3,8.25],"texture":"#0"},"west":{"uv":[2.875,8,2.75,8.25],"texture":"#0"},"up":{"uv":[8.25,2.375,8.375,2.25],"rotation":90,"texture":"#0"},"down":{"uv":[2.5,8.25,2.625,8.375],"rotation":270,"texture":"#0"}}},{"name":"octagon","from":[8.10851,8.01278,5.76394],"to":[8.33351,8.06278,5.81394],"rotation":{"angle":22.5,"axis":"z","origin":[8.22101,8.03778,5.78894]},"faces":{"north":{"uv":[3,8,3.125,8.25],"rotation":270,"texture":"#0"},"east":{"uv":[8.375,2.375,8.25,2.25],"rotation":180,"texture":"#0"},"south":{"uv":[2.5,8,2.625,8.25],"rotation":90,"texture":"#0"},"west":{"uv":[2.625,8.25,2.5,8.375],"texture":"#0"},"up":{"uv":[2.75,8,2.875,8.25],"rotation":90,"texture":"#0"},"down":{"uv":[8,1.75,8.125,2],"rotation":90,"texture":"#0"}}},{"name":"octagon","from":[7.42667,7.72252,5.76394],"to":[7.47667,7.94752,5.81394],"rotation":{"angle":22.5,"axis":"z","origin":[6.95167,7.98502,5.78894]},"faces":{"north":{"uv":[3,8,3.125,8.25],"texture":"#0"},"east":{"uv":[8,1.75,8.125,2],"texture":"#0"},"south":{"uv":[2.5,8,2.625,8.25],"texture":"#0"},"west":{"uv":[2.75,8,2.875,8.25],"texture":"#0"},"up":{"uv":[8.375,2.375,8.25,2.25],"rotation":90,"texture":"#0"},"down":{"uv":[2.625,8.25,2.5,8.375],"rotation":270,"texture":"#0"}}},{"name":"octagon","from":[5.95399,8.525,7.73639],"to":[6.00399,8.75,7.78639],"rotation":{"angle":45,"axis":"x","origin":[5.97899,8.6375,7.73639]},"faces":{"north":{"uv":[8,1.75,8.125,2],"texture":"#0"},"east":{"uv":[2.5,8,2.625,8.25],"texture":"#0"},"south":{"uv":[2.75,8,2.875,8.25],"texture":"#0"},"west":{"uv":[3,8,3.125,8.25],"texture":"#0"},"up":{"uv":[8.375,2.375,8.25,2.25],"texture":"#0"},"down":{"uv":[2.625,8.25,2.5,8.375],"texture":"#0"}}},{"name":"octagon","from":[9.97101,8.575,7.71139],"to":[10.02101,8.725,7.76139],"rotation":{"angle":45,"axis":"x","origin":[9.99601,8.6875,7.73639]},"faces":{"north":{"uv":[8.125,1.75,8,2],"texture":"#0"},"east":{"uv":[3.125,8,3,8.25],"texture":"#0"},"south":{"uv":[2.875,8,2.75,8.25],"texture":"#0"},"west":{"uv":[2.625,8,2.5,8.25],"texture":"#0"},"up":{"uv":[8.25,2.375,8.375,2.25],"texture":"#0"},"down":{"uv":[2.5,8.25,2.625,8.375],"texture":"#0"}}},{"name":"octagon","from":[7.52101,8.525,9.98639],"to":[7.57101,8.675,10.03639],"rotation":{"angle":45,"axis":"z","origin":[7.52101,8.6375,9.98639]},"faces":{"north":{"uv":[2.625,8,2.5,8.25],"texture":"#0"},"east":{"uv":[8.125,1.75,8,2],"texture":"#0"},"south":{"uv":[3.125,8,3,8.25],"texture":"#0"},"west":{"uv":[2.875,8,2.75,8.25],"texture":"#0"},"up":{"uv":[8.25,2.375,8.375,2.25],"rotation":90,"texture":"#0"},"down":{"uv":[2.5,8.25,2.625,8.375],"rotation":270,"texture":"#0"}}},{"name":"octagon","from":[7.47101,8.575,5.96937],"to":[7.52101,8.725,6.01937],"rotation":{"angle":45,"axis":"z","origin":[7.52101,8.6875,5.99437]},"faces":{"north":{"uv":[3,8,3.125,8.25],"texture":"#0"},"east":{"uv":[8,1.75,8.125,2],"texture":"#0"},"south":{"uv":[2.5,8,2.625,8.25],"texture":"#0"},"west":{"uv":[2.75,8,2.875,8.25],"texture":"#0"},"up":{"uv":[8.375,2.375,8.25,2.25],"rotation":90,"texture":"#0"},"down":{"uv":[2.625,8.25,2.5,8.375],"rotation":270,"texture":"#0"}}},{"name":"octagon","from":[9.97101,8.575,8.46139],"to":[10.02101,8.75,8.51139],"rotation":{"angle":-22.5,"axis":"x","origin":[9.99601,8.6375,8.48639]},"faces":{"north":{"uv":[8.125,1.75,8,2],"texture":"#0"},"east":{"uv":[3.125,8,3,8.25],"texture":"#0"},"south":{"uv":[2.875,8,2.75,8.25],"texture":"#0"},"west":{"uv":[2.625,8,2.5,8.25],"texture":"#0"},"up":{"uv":[8.25,2.375,8.375,2.25],"texture":"#0"},"down":{"uv":[2.5,8.25,2.625,8.375],"texture":"#0"}}},{"name":"octagon","from":[8.22899,8.525,5.98639],"to":[8.27899,8.6,6.03639],"rotation":{"angle":-22.5,"axis":"z","origin":[8.22899,8.6375,6.03639]},"faces":{"north":{"uv":[3,8,3.125,8.25],"texture":"#0"},"east":{"uv":[8,1.75,8.125,2],"texture":"#0"},"south":{"uv":[2.5,8,2.625,8.25],"texture":"#0"},"west":{"uv":[2.75,8,2.875,8.25],"texture":"#0"},"up":{"uv":[8.375,2.375,8.25,2.25],"rotation":90,"texture":"#0"},"down":{"uv":[2.625,8.25,2.5,8.375],"rotation":270,"texture":"#0"}}},{"name":"octagon","from":[9.68254,8.45,6.73994],"to":[9.73254,8.65,6.78994],"rotation":{"angle":-45,"axis":"y","origin":[9.58254,8.6375,6.73994]},"faces":{"north":{"uv":[3,8,3.125,8.25],"texture":"#0"},"east":{"uv":[8,1.75,8.125,2],"texture":"#0"},"south":{"uv":[2.5,8,2.625,8.25],"texture":"#0"},"west":{"uv":[2.75,8,2.875,8.25],"texture":"#0"},"up":{"uv":[8.375,2.375,8.25,2.25],"rotation":90,"texture":"#0"},"down":{"uv":[2.625,8.25,2.5,8.375],"rotation":270,"texture":"#0"}}},{"name":"octagon","from":[9.10399,8.5,6.38639],"to":[9.30399,8.575,6.43639],"rotation":{"angle":-45,"axis":"y","origin":[9.22899,8.6375,6.38639]},"faces":{"north":{"uv":[3,8,3.125,8.25],"texture":"#0"},"east":{"uv":[8,1.75,8.125,2],"texture":"#0"},"south":{"uv":[2.5,8,2.625,8.25],"texture":"#0"},"west":{"uv":[2.75,8,2.875,8.25],"texture":"#0"},"up":{"uv":[8.375,2.375,8.25,2.25],"rotation":90,"texture":"#0"},"down":{"uv":[2.625,8.25,2.5,8.375],"rotation":270,"texture":"#0"}}},{"name":"octagon","from":[9.25399,8,6.18639],"to":[9.30399,8.125,6.23639],"rotation":{"angle":-45,"axis":"y","origin":[9.22899,8.6375,6.38639]},"faces":{"north":{"uv":[3,8,3.125,8.25],"texture":"#0"},"east":{"uv":[8,1.75,8.125,2],"texture":"#0"},"south":{"uv":[2.5,8,2.625,8.25],"texture":"#0"},"west":{"uv":[2.75,8,2.875,8.25],"texture":"#0"},"up":{"uv":[8.375,2.375,8.25,2.25],"rotation":90,"texture":"#0"},"down":{"uv":[2.625,8.25,2.5,8.375],"rotation":270,"texture":"#0"}}},{"name":"octagon","from":[9.60399,7.9,6.18639],"to":[9.75399,7.95,6.23639],"rotation":{"angle":-45,"axis":"y","origin":[9.22899,8.6375,6.38639]},"faces":{"north":{"uv":[3,8,3.125,8.25],"texture":"#0"},"east":{"uv":[8,1.75,8.125,2],"texture":"#0"},"south":{"uv":[2.5,8,2.625,8.25],"texture":"#0"},"west":{"uv":[2.75,8,2.875,8.25],"texture":"#0"},"up":{"uv":[8.375,2.375,8.25,2.25],"rotation":90,"texture":"#0"},"down":{"uv":[2.625,8.25,2.5,8.375],"rotation":270,"texture":"#0"}}},{"name":"octagon","from":[8.75399,8.125,6.18639],"to":[8.90399,8.175,6.23639],"rotation":{"angle":-45,"axis":"y","origin":[9.22899,8.6375,6.38639]},"faces":{"north":{"uv":[3,8,3.125,8.25],"texture":"#0"},"east":{"uv":[8,1.75,8.125,2],"texture":"#0"},"south":{"uv":[2.5,8,2.625,8.25],"texture":"#0"},"west":{"uv":[2.75,8,2.875,8.25],"texture":"#0"},"up":{"uv":[8.375,2.375,8.25,2.25],"rotation":90,"texture":"#0"},"down":{"uv":[2.625,8.25,2.5,8.375],"rotation":270,"texture":"#0"}}},{"name":"octagon","from":[10.10399,7.9,6.18639],"to":[10.15399,8.025,6.23639],"rotation":{"angle":-45,"axis":"y","origin":[9.22899,8.6375,6.38639]},"faces":{"north":{"uv":[3,8,3.125,8.25],"texture":"#0"},"east":{"uv":[8,1.75,8.125,2],"texture":"#0"},"south":{"uv":[2.5,8,2.625,8.25],"texture":"#0"},"west":{"uv":[2.75,8,2.875,8.25],"texture":"#0"},"up":{"uv":[8.375,2.375,8.25,2.25],"rotation":90,"texture":"#0"},"down":{"uv":[2.625,8.25,2.5,8.375],"rotation":270,"texture":"#0"}}},{"name":"octagon","from":[9.25399,8,9.76361],"to":[9.30399,8.125,9.81361],"rotation":{"angle":45,"axis":"y","origin":[9.22899,8.6375,9.61361]},"faces":{"north":{"uv":[2.625,8,2.5,8.25],"texture":"#0"},"east":{"uv":[8.125,1.75,8,2],"texture":"#0"},"south":{"uv":[3.125,8,3,8.25],"texture":"#0"},"west":{"uv":[2.875,8,2.75,8.25],"texture":"#0"},"up":{"uv":[8.25,2.375,8.375,2.25],"rotation":90,"texture":"#0"},"down":{"uv":[2.5,8.25,2.625,8.375],"rotation":270,"texture":"#0"}}},{"name":"octagon","from":[9.60399,7.9,9.76361],"to":[9.75399,7.95,9.81361],"rotation":{"angle":45,"axis":"y","origin":[9.22899,8.6375,9.61361]},"faces":{"north":{"uv":[2.625,8,2.5,8.25],"texture":"#0"},"east":{"uv":[8.125,1.75,8,2],"texture":"#0"},"south":{"uv":[3.125,8,3,8.25],"texture":"#0"},"west":{"uv":[2.875,8,2.75,8.25],"texture":"#0"},"up":{"uv":[8.25,2.375,8.375,2.25],"rotation":90,"texture":"#0"},"down":{"uv":[2.5,8.25,2.625,8.375],"rotation":270,"texture":"#0"}}},{"name":"octagon","from":[10.10399,7.9,9.76361],"to":[10.15399,8.025,9.81361],"rotation":{"angle":45,"axis":"y","origin":[9.22899,8.6375,9.61361]},"faces":{"north":{"uv":[2.625,8,2.5,8.25],"texture":"#0"},"east":{"uv":[8.125,1.75,8,2],"texture":"#0"},"south":{"uv":[3.125,8,3,8.25],"texture":"#0"},"west":{"uv":[2.875,8,2.75,8.25],"texture":"#0"},"up":{"uv":[8.25,2.375,8.375,2.25],"rotation":90,"texture":"#0"},"down":{"uv":[2.5,8.25,2.625,8.375],"rotation":270,"texture":"#0"}}},{"name":"octagon","from":[8.75399,8.125,9.76361],"to":[8.90399,8.175,9.81361],"rotation":{"angle":45,"axis":"y","origin":[9.22899,8.6375,9.61361]},"faces":{"north":{"uv":[2.625,8,2.5,8.25],"texture":"#0"},"east":{"uv":[8.125,1.75,8,2],"texture":"#0"},"south":{"uv":[3.125,8,3,8.25],"texture":"#0"},"west":{"uv":[2.875,8,2.75,8.25],"texture":"#0"},"up":{"uv":[8.25,2.375,8.375,2.25],"rotation":90,"texture":"#0"},"down":{"uv":[2.5,8.25,2.625,8.375],"rotation":270,"texture":"#0"}}},{"name":"octagon","from":[6.67101,8,9.76361],"to":[6.72101,8.125,9.81361],"rotation":{"angle":-45,"axis":"y","origin":[6.74601,8.6375,9.61361]},"faces":{"north":{"uv":[2.5,8,2.625,8.25],"texture":"#0"},"east":{"uv":[2.75,8,2.875,8.25],"texture":"#0"},"south":{"uv":[3,8,3.125,8.25],"texture":"#0"},"west":{"uv":[8,1.75,8.125,2],"texture":"#0"},"up":{"uv":[8.25,2.25,8.375,2.375],"rotation":90,"texture":"#0"},"down":{"uv":[2.5,8.375,2.625,8.25],"rotation":270,"texture":"#0"}}},{"name":"octagon","from":[6.22101,7.9,9.76361],"to":[6.37101,7.95,9.81361],"rotation":{"angle":-45,"axis":"y","origin":[6.74601,8.6375,9.61361]},"faces":{"north":{"uv":[2.5,8,2.625,8.25],"texture":"#0"},"east":{"uv":[2.75,8,2.875,8.25],"texture":"#0"},"south":{"uv":[3,8,3.125,8.25],"texture":"#0"},"west":{"uv":[8,1.75,8.125,2],"texture":"#0"},"up":{"uv":[8.25,2.25,8.375,2.375],"rotation":90,"texture":"#0"},"down":{"uv":[2.5,8.375,2.625,8.25],"rotation":270,"texture":"#0"}}},{"name":"octagon","from":[5.82101,7.9,9.76361],"to":[5.87101,8.025,9.81361],"rotation":{"angle":-45,"axis":"y","origin":[6.74601,8.6375,9.61361]},"faces":{"north":{"uv":[2.5,8,2.625,8.25],"texture":"#0"},"east":{"uv":[2.75,8,2.875,8.25],"texture":"#0"},"south":{"uv":[3,8,3.125,8.25],"texture":"#0"},"west":{"uv":[8,1.75,8.125,2],"texture":"#0"},"up":{"uv":[8.25,2.25,8.375,2.375],"rotation":90,"texture":"#0"},"down":{"uv":[2.5,8.375,2.625,8.25],"rotation":270,"texture":"#0"}}},{"name":"octagon","from":[7.07101,8.125,9.76361],"to":[7.22101,8.175,9.81361],"rotation":{"angle":-45,"axis":"y","origin":[6.74601,8.6375,9.61361]},"faces":{"north":{"uv":[2.5,8,2.625,8.25],"texture":"#0"},"east":{"uv":[2.75,8,2.875,8.25],"texture":"#0"},"south":{"uv":[3,8,3.125,8.25],"texture":"#0"},"west":{"uv":[8,1.75,8.125,2],"texture":"#0"},"up":{"uv":[8.25,2.25,8.375,2.375],"rotation":90,"texture":"#0"},"down":{"uv":[2.5,8.375,2.625,8.25],"rotation":270,"texture":"#0"}}},{"name":"octagon","from":[5.82101,7.9,6.18639],"to":[5.87101,8.025,6.23639],"rotation":{"angle":45,"axis":"y","origin":[6.74601,8.6375,6.38639]},"faces":{"north":{"uv":[3.125,8,3,8.25],"texture":"#0"},"east":{"uv":[2.875,8,2.75,8.25],"texture":"#0"},"south":{"uv":[2.625,8,2.5,8.25],"texture":"#0"},"west":{"uv":[8.125,1.75,8,2],"texture":"#0"},"up":{"uv":[8.375,2.25,8.25,2.375],"rotation":90,"texture":"#0"},"down":{"uv":[2.625,8.375,2.5,8.25],"rotation":270,"texture":"#0"}}},{"name":"octagon","from":[6.22101,7.9,6.18639],"to":[6.37101,7.95,6.23639],"rotation":{"angle":45,"axis":"y","origin":[6.74601,8.6375,6.38639]},"faces":{"north":{"uv":[3.125,8,3,8.25],"texture":"#0"},"east":{"uv":[2.875,8,2.75,8.25],"texture":"#0"},"south":{"uv":[2.625,8,2.5,8.25],"texture":"#0"},"west":{"uv":[8.125,1.75,8,2],"texture":"#0"},"up":{"uv":[8.375,2.25,8.25,2.375],"rotation":90,"texture":"#0"},"down":{"uv":[2.625,8.375,2.5,8.25],"rotation":270,"texture":"#0"}}},{"name":"octagon","from":[6.67101,8,6.18639],"to":[6.72101,8.125,6.23639],"rotation":{"angle":45,"axis":"y","origin":[6.74601,8.6375,6.38639]},"faces":{"north":{"uv":[3.125,8,3,8.25],"texture":"#0"},"east":{"uv":[2.875,8,2.75,8.25],"texture":"#0"},"south":{"uv":[2.625,8,2.5,8.25],"texture":"#0"},"west":{"uv":[8.125,1.75,8,2],"texture":"#0"},"up":{"uv":[8.375,2.25,8.25,2.375],"rotation":90,"texture":"#0"},"down":{"uv":[2.625,8.375,2.5,8.25],"rotation":270,"texture":"#0"}}},{"name":"octagon","from":[7.07101,8.125,6.18639],"to":[7.22101,8.175,6.23639],"rotation":{"angle":45,"axis":"y","origin":[6.74601,8.6375,6.38639]},"faces":{"north":{"uv":[3.125,8,3,8.25],"texture":"#0"},"east":{"uv":[2.875,8,2.75,8.25],"texture":"#0"},"south":{"uv":[2.625,8,2.5,8.25],"texture":"#0"},"west":{"uv":[8.125,1.75,8,2],"texture":"#0"},"up":{"uv":[8.375,2.25,8.25,2.375],"rotation":90,"texture":"#0"},"down":{"uv":[2.625,8.375,2.5,8.25],"rotation":270,"texture":"#0"}}},{"name":"octagon","from":[6.26746,8.45,6.71494],"to":[6.34246,8.675,6.76494],"rotation":{"angle":45,"axis":"y","origin":[6.41746,8.6375,6.73994]},"faces":{"north":{"uv":[3.125,8,3,8.25],"texture":"#0"},"east":{"uv":[2.875,8,2.75,8.25],"texture":"#0"},"south":{"uv":[2.625,8,2.5,8.25],"texture":"#0"},"west":{"uv":[8.125,1.75,8,2],"texture":"#0"},"up":{"uv":[8.375,2.25,8.25,2.375],"rotation":90,"texture":"#0"},"down":{"uv":[2.625,8.375,2.5,8.25],"rotation":270,"texture":"#0"}}},{"name":"octagon","from":[6.69601,8.5,6.36139],"to":[6.97101,8.575,6.41139],"rotation":{"angle":45,"axis":"y","origin":[6.77101,8.6375,6.38639]},"faces":{"north":{"uv":[3.125,8,3,8.25],"texture":"#0"},"east":{"uv":[2.875,8,2.75,8.25],"texture":"#0"},"south":{"uv":[2.625,8,2.5,8.25],"texture":"#0"},"west":{"uv":[8.125,1.75,8,2],"texture":"#0"},"up":{"uv":[8.375,2.25,8.25,2.375],"rotation":90,"texture":"#0"},"down":{"uv":[2.625,8.375,2.5,8.25],"rotation":270,"texture":"#0"}}},{"name":"octagon","from":[6.26746,8.45,9.23506],"to":[6.36746,8.675,9.28506],"rotation":{"angle":-45,"axis":"y","origin":[6.41746,8.6375,9.26006]},"faces":{"north":{"uv":[2.5,8,2.625,8.25],"texture":"#0"},"east":{"uv":[2.75,8,2.875,8.25],"texture":"#0"},"south":{"uv":[3,8,3.125,8.25],"texture":"#0"},"west":{"uv":[8,1.75,8.125,2],"texture":"#0"},"up":{"uv":[8.25,2.25,8.375,2.375],"rotation":90,"texture":"#0"},"down":{"uv":[2.5,8.375,2.625,8.25],"rotation":270,"texture":"#0"}}},{"name":"octagon","from":[6.69601,8.5,9.58861],"to":[6.97101,8.6,9.63861],"rotation":{"angle":-45,"axis":"y","origin":[6.77101,8.6375,9.61361]},"faces":{"north":{"uv":[2.5,8,2.625,8.25],"texture":"#0"},"east":{"uv":[2.75,8,2.875,8.25],"texture":"#0"},"south":{"uv":[3,8,3.125,8.25],"texture":"#0"},"west":{"uv":[8,1.75,8.125,2],"texture":"#0"},"up":{"uv":[8.25,2.25,8.375,2.375],"rotation":90,"texture":"#0"},"down":{"uv":[2.5,8.375,2.625,8.25],"rotation":270,"texture":"#0"}}},{"name":"octagon","from":[9.02899,8.5,9.58861],"to":[9.30399,8.575,9.63861],"rotation":{"angle":45,"axis":"y","origin":[9.22899,8.6375,9.61361]},"faces":{"north":{"uv":[2.625,8,2.5,8.25],"texture":"#0"},"east":{"uv":[8.125,1.75,8,2],"texture":"#0"},"south":{"uv":[3.125,8,3,8.25],"texture":"#0"},"west":{"uv":[2.875,8,2.75,8.25],"texture":"#0"},"up":{"uv":[8.25,2.375,8.375,2.25],"rotation":90,"texture":"#0"},"down":{"uv":[2.5,8.25,2.625,8.375],"rotation":270,"texture":"#0"}}},{"name":"octagon","from":[9.63254,8.45,9.23506],"to":[9.68254,8.675,9.28506],"rotation":{"angle":45,"axis":"y","origin":[9.58254,8.6375,9.26006]},"faces":{"north":{"uv":[2.625,8,2.5,8.25],"texture":"#0"},"east":{"uv":[8.125,1.75,8,2],"texture":"#0"},"south":{"uv":[3.125,8,3,8.25],"texture":"#0"},"west":{"uv":[2.875,8,2.75,8.25],"texture":"#0"},"up":{"uv":[8.25,2.375,8.375,2.25],"rotation":90,"texture":"#0"},"down":{"uv":[2.5,8.25,2.625,8.375],"rotation":270,"texture":"#0"}}},{"name":"octagon","from":[8.17899,8.575,9.97841],"to":[8.22899,8.775,10.02841],"rotation":{"angle":-22.5,"axis":"z","origin":[8.22899,8.6875,10.02841]},"faces":{"north":{"uv":[2.625,8,2.5,8.25],"texture":"#0"},"east":{"uv":[8.125,1.75,8,2],"texture":"#0"},"south":{"uv":[3.125,8,3,8.25],"texture":"#0"},"west":{"uv":[2.875,8,2.75,8.25],"texture":"#0"},"up":{"uv":[8.25,2.375,8.375,2.25],"rotation":90,"texture":"#0"},"down":{"uv":[2.5,8.25,2.625,8.375],"rotation":270,"texture":"#0"}}},{"name":"octagon","from":[9.25025,8.625,8.75559],"to":[9.32525,8.85,8.95559],"rotation":{"angle":22.5,"axis":"y","origin":[7.80025,8.7375,8.85559]},"faces":{"north":{"uv":[3,8,3.125,8.25],"texture":"#0"},"east":{"uv":[8,1.75,8.125,2],"texture":"#0"},"south":{"uv":[2.5,8,2.625,8.25],"texture":"#0"},"west":{"uv":[2.75,8,2.875,8.25],"texture":"#0"},"up":{"uv":[8.375,2.375,8.25,2.25],"rotation":90,"texture":"#0"},"down":{"uv":[2.625,8.25,2.5,8.375],"rotation":270,"texture":"#0"}}},{"name":"octagon","from":[9.25025,8.625,7.00559],"to":[9.32525,8.85,7.20559],"rotation":{"angle":22.5,"axis":"y","origin":[7.80025,8.7375,8.85559]},"faces":{"north":{"uv":[3,8,3.125,8.25],"texture":"#0"},"east":{"uv":[8,1.75,8.125,2],"texture":"#0"},"south":{"uv":[2.5,8,2.625,8.25],"texture":"#0"},"west":{"uv":[2.75,8,2.875,8.25],"texture":"#0"},"up":{"uv":[8.375,2.375,8.25,2.25],"rotation":90,"texture":"#0"},"down":{"uv":[2.625,8.25,2.5,8.375],"rotation":270,"texture":"#0"}}},{"name":"octagon","from":[10.21638,8.625,6.56477],"to":[10.29138,8.85,6.76477],"rotation":{"angle":-45,"axis":"y","origin":[8.51638,8.7375,6.66477]},"faces":{"north":{"uv":[3,8,3.125,8.25],"texture":"#0"},"east":{"uv":[8,1.75,8.125,2],"texture":"#0"},"south":{"uv":[2.5,8,2.625,8.25],"texture":"#0"},"west":{"uv":[2.75,8,2.875,8.25],"texture":"#0"},"up":{"uv":[8.375,2.375,8.25,2.25],"rotation":90,"texture":"#0"},"down":{"uv":[2.625,8.25,2.5,8.375],"rotation":270,"texture":"#0"}}},{"name":"octagon","from":[7.62413,8.625,8.4229],"to":[7.82413,8.85,8.4979],"rotation":{"angle":22.5,"axis":"y","origin":[8.72413,8.7375,8.4729]},"faces":{"north":{"uv":[8,1.75,8.125,2],"texture":"#0"},"east":{"uv":[2.5,8,2.625,8.25],"texture":"#0"},"south":{"uv":[2.75,8,2.875,8.25],"texture":"#0"},"west":{"uv":[3,8,3.125,8.25],"texture":"#0"},"up":{"uv":[8.375,2.375,8.25,2.25],"texture":"#0"},"down":{"uv":[2.625,8.25,2.5,8.375],"texture":"#0"}}},{"name":"octagon","from":[7.75563,9.025,7.775],"to":[8.20563,9.525,8.225],"rotation":{"angle":0,"axis":"y","origin":[7.98063,9.525,8]},"faces":{"north":{"uv":[8.25,3.25,8.375,3.375],"texture":"#0"},"east":{"uv":[3.5,8.25,3.625,8.375],"texture":"#0"},"south":{"uv":[8.25,3.5,8.375,3.625],"texture":"#0"},"west":{"uv":[3.75,8.25,3.875,8.375],"texture":"#0"},"up":{"uv":[8.375,3.875,8.25,3.75],"texture":"#0"},"down":{"uv":[4.125,8.25,4,8.375],"texture":"#0"}}},{"name":"octagon","from":[7.85564,9.525,7.875],"to":[8.10563,9.575,8.125],"rotation":{"angle":0,"axis":"y","origin":[7.98063,10.175,8]},"faces":{"north":{"uv":[8.25,4,8.375,4.125],"texture":"#0"},"east":{"uv":[4.25,8.25,4.375,8.375],"texture":"#0"},"south":{"uv":[8.25,4.25,8.375,4.375],"texture":"#0"},"west":{"uv":[4.5,8.25,4.625,8.375],"texture":"#0"},"up":{"uv":[8.375,4.625,8.25,4.5],"texture":"#0"},"down":{"uv":[4.875,8.25,4.75,8.375],"texture":"#0"}}},{"name":"octagon","from":[7.93063,9.425,7.95],"to":[8.03063,10.025,8.05],"rotation":{"angle":0,"axis":"y","origin":[8.05563,10.8125,8.15343]},"faces":{"north":{"uv":[8.25,2.5,8.375,2.625],"texture":"#0"},"east":{"uv":[2.75,8.25,2.875,8.375],"texture":"#0"},"south":{"uv":[8.25,2.75,8.375,2.875],"texture":"#0"},"west":{"uv":[3,8.25,3.125,8.375],"texture":"#0"},"up":{"uv":[8.375,3.125,8.25,3],"texture":"#0"},"down":{"uv":[3.375,8.25,3.25,8.375],"texture":"#0"}}},{"name":"octagon","from":[7.15221,8.325,6],"to":[8.80907,8.825,10],"rotation":{"angle":45,"axis":"y","origin":[7.98064,9.0125,8]},"faces":{"north":{"uv":[7.25,7.75,7.625,7.875],"texture":"#0"},"east":{"uv":[4,5.75,5,5.875],"texture":"#0"},"south":{"uv":[7.75,7.25,8.125,7.375],"texture":"#0"},"west":{"uv":[5,5.75,6,5.875],"texture":"#0"},"up":{"uv":[2.875,4.75,2.5,3.75],"texture":"#0"},"down":{"uv":[4.625,0,4.25,1],"texture":"#0"}}},{"name":"octagon","from":[7.15221,8.3,6],"to":[8.80907,8.825,10],"rotation":{"angle":0,"axis":"y","origin":[7.98064,8.9875,8]},"faces":{"north":{"uv":[7.75,7.5,8.125,7.625],"texture":"#0"},"east":{"uv":[0,6,1,6.125],"texture":"#0"},"south":{"uv":[7.75,7.75,8.125,7.875],"texture":"#0"},"west":{"uv":[6,0,7,0.125],"texture":"#0"},"up":{"uv":[0.875,5.25,0.5,4.25],"texture":"#0"},"down":{"uv":[1.375,4.25,1,5.25],"texture":"#0"}}},{"name":"octagon","from":[5.98064,8.325,7.17157],"to":[9.98064,8.825,8.82843],"rotation":{"angle":45,"axis":"y","origin":[7.98064,9.0125,8]},"faces":{"north":{"uv":[6,0.25,7,0.375],"texture":"#0"},"east":{"uv":[0,8,0.375,8.125],"texture":"#0"},"south":{"uv":[6,0.5,7,0.625],"texture":"#0"},"west":{"uv":[8,0,8.375,0.125],"texture":"#0"},"up":{"uv":[2.5,4.625,1.5,4.25],"texture":"#0"},"down":{"uv":[5.25,3,4.25,3.375],"texture":"#0"}}},{"name":"octagon","from":[5.78063,7.825,7.08873],"to":[10.18063,8.325,8.91127],"rotation":{"angle":0,"axis":"y","origin":[7.98064,8.5125,8]},"faces":{"north":{"uv":[3,4.5,4.125,4.625],"texture":"#0"},"east":{"uv":[0,7.75,0.5,7.875],"texture":"#0"},"south":{"uv":[4.25,4.5,5.375,4.625],"texture":"#0"},"west":{"uv":[0.5,7.75,1,7.875],"texture":"#0"},"up":{"uv":[3.625,0.5,2.5,0],"texture":"#0"},"down":{"uv":[3.625,0.5,2.5,1],"texture":"#0"}}},{"name":"octagon","from":[7.06937,7.825,5.8],"to":[8.89191,8.325,10.2],"rotation":{"angle":45,"axis":"y","origin":[7.98064,8.5125,8]},"faces":{"north":{"uv":[1,7.75,1.5,7.875],"texture":"#0"},"east":{"uv":[4.75,0,5.875,0.125],"texture":"#0"},"south":{"uv":[1.5,7.75,2,7.875],"texture":"#0"},"west":{"uv":[4.75,0.25,5.875,0.375],"texture":"#0"},"up":{"uv":[2,3.625,1.5,2.5],"texture":"#0"},"down":{"uv":[2.5,2.5,2,3.625],"texture":"#0"}}},{"name":"octagon","from":[7.06937,7.825,5.8],"to":[8.89191,8.325,10.2],"rotation":{"angle":0,"axis":"y","origin":[7.98064,8.5125,8]},"faces":{"north":{"uv":[2.5,7.75,3,7.875],"texture":"#0"},"east":{"uv":[4.75,0.5,5.875,0.625],"texture":"#0"},"south":{"uv":[7.75,2.5,8.25,2.625],"texture":"#0"},"west":{"uv":[4.75,0.75,5.875,0.875],"texture":"#0"},"up":{"uv":[3,3.625,2.5,2.5],"texture":"#0"},"down":{"uv":[3.5,1.75,3,2.875],"texture":"#0"}}},{"name":"octagon","from":[5.78063,7.825,7.08873],"to":[10.18063,8.325,8.91127],"rotation":{"angle":45,"axis":"y","origin":[7.98064,8.5125,8]},"faces":{"north":{"uv":[1.5,4.75,2.625,4.875],"texture":"#0"},"east":{"uv":[7.75,2.75,8.25,2.875],"texture":"#0"},"south":{"uv":[4.75,1.5,5.875,1.625],"texture":"#0"},"west":{"uv":[3,7.75,3.5,7.875],"texture":"#0"},"up":{"uv":[4.125,3.5,3,3],"texture":"#0"},"down":{"uv":[1.125,3.25,0,3.75],"texture":"#0"}}}],"gui_light":"front"}