{
	"format_version": "1.21.6",
	"credit": "Made with Blockbench",
	"textures": {
		"1": "item/flans/weapons/melee/rake",
		"particle": "crates/crowbar"
	},
	"elements": [
		{
			"name": "rake_0",
			"from": [10, 13, 0],
			"to": [13, 15, 1],
			"faces": {
				"north": {"uv": [13, 1, 10, 3], "texture": "#1"},
				"east": {"uv": [12, 1, 13, 3], "texture": "#1"},
				"south": {"uv": [10, 1, 13, 3], "texture": "#1"},
				"west": {"uv": [10, 1, 11, 3], "texture": "#1"},
				"up": {"uv": [10, 1, 13, 2], "texture": "#1"},
				"down": {"uv": [10, 2, 13, 3], "texture": "#1"}
			}
		},
		{
			"name": "rake_1",
			"from": [13, 11, 0],
			"to": [14, 14, 1],
			"faces": {
				"north": {"uv": [14, 2, 13, 5], "texture": "#1"},
				"east": {"uv": [13, 2, 14, 5], "texture": "#1"},
				"south": {"uv": [13, 2, 14, 5], "texture": "#1"},
				"west": {"uv": [13, 2, 14, 5], "texture": "#1"},
				"up": {"uv": [13, 2, 14, 3], "texture": "#1"},
				"down": {"uv": [13, 4, 14, 5], "texture": "#1"}
			}
		},
		{
			"name": "rake_2",
			"from": [11, 10, 0],
			"to": [13, 13, 1],
			"faces": {
				"north": {"uv": [13, 3, 11, 6], "texture": "#1"},
				"east": {"uv": [12, 3, 13, 6], "texture": "#1"},
				"south": {"uv": [11, 3, 13, 6], "texture": "#1"},
				"west": {"uv": [11, 3, 12, 6], "texture": "#1"},
				"up": {"uv": [11, 3, 13, 4], "texture": "#1"},
				"down": {"uv": [11, 5, 13, 6], "texture": "#1"}
			}
		},
		{
			"name": "rake_3",
			"from": [10, 8, 0],
			"to": [11, 12, 1],
			"faces": {
				"north": {"uv": [11, 4, 10, 8], "texture": "#1"},
				"east": {"uv": [10, 4, 11, 8], "texture": "#1"},
				"south": {"uv": [10, 4, 11, 8], "texture": "#1"},
				"west": {"uv": [10, 4, 11, 8], "texture": "#1"},
				"up": {"uv": [10, 4, 11, 5], "texture": "#1"},
				"down": {"uv": [10, 7, 11, 8], "texture": "#1"}
			}
		},
		{
			"name": "rake_4",
			"from": [9, 7, 0],
			"to": [10, 11, 1],
			"faces": {
				"north": {"uv": [10, 5, 9, 9], "texture": "#1"},
				"east": {"uv": [9, 5, 10, 9], "texture": "#1"},
				"south": {"uv": [9, 5, 10, 9], "texture": "#1"},
				"west": {"uv": [9, 5, 10, 9], "texture": "#1"},
				"up": {"uv": [9, 5, 10, 6], "texture": "#1"},
				"down": {"uv": [9, 8, 10, 9], "texture": "#1"}
			}
		},
		{
			"name": "rake_5",
			"from": [8, 6, 0],
			"to": [9, 10, 1],
			"faces": {
				"north": {"uv": [9, 6, 8, 10], "texture": "#1"},
				"east": {"uv": [8, 6, 9, 10], "texture": "#1"},
				"south": {"uv": [8, 6, 9, 10], "texture": "#1"},
				"west": {"uv": [8, 6, 9, 10], "texture": "#1"},
				"up": {"uv": [8, 6, 9, 7], "texture": "#1"},
				"down": {"uv": [8, 9, 9, 10], "texture": "#1"}
			}
		},
		{
			"name": "rake_6",
			"from": [11, 9, 0],
			"to": [12, 10, 1],
			"faces": {
				"north": {"uv": [12, 6, 11, 7], "texture": "#1"},
				"east": {"uv": [11, 6, 12, 7], "texture": "#1"},
				"south": {"uv": [11, 6, 12, 7], "texture": "#1"},
				"west": {"uv": [11, 6, 12, 7], "texture": "#1"},
				"up": {"uv": [11, 6, 12, 7], "texture": "#1"},
				"down": {"uv": [11, 6, 12, 7], "texture": "#1"}
			}
		},
		{
			"name": "rake_7",
			"from": [7, 5, 0],
			"to": [8, 9, 1],
			"faces": {
				"north": {"uv": [8, 7, 7, 11], "texture": "#1"},
				"east": {"uv": [7, 7, 8, 11], "texture": "#1"},
				"south": {"uv": [7, 7, 8, 11], "texture": "#1"},
				"west": {"uv": [7, 7, 8, 11], "texture": "#1"},
				"up": {"uv": [7, 7, 8, 8], "texture": "#1"},
				"down": {"uv": [7, 10, 8, 11], "texture": "#1"}
			}
		},
		{
			"name": "rake_8",
			"from": [6, 4, 0],
			"to": [7, 8, 1],
			"faces": {
				"north": {"uv": [7, 8, 6, 12], "texture": "#1"},
				"east": {"uv": [6, 8, 7, 12], "texture": "#1"},
				"south": {"uv": [6, 8, 7, 12], "texture": "#1"},
				"west": {"uv": [6, 8, 7, 12], "texture": "#1"},
				"up": {"uv": [6, 8, 7, 9], "texture": "#1"},
				"down": {"uv": [6, 11, 7, 12], "texture": "#1"}
			}
		},
		{
			"name": "rake_9",
			"from": [5, 3, 0],
			"to": [6, 7, 1],
			"faces": {
				"north": {"uv": [6, 9, 5, 13], "texture": "#1"},
				"east": {"uv": [5, 9, 6, 13], "texture": "#1"},
				"south": {"uv": [5, 9, 6, 13], "texture": "#1"},
				"west": {"uv": [5, 9, 6, 13], "texture": "#1"},
				"up": {"uv": [5, 9, 6, 10], "texture": "#1"},
				"down": {"uv": [5, 12, 6, 13], "texture": "#1"}
			}
		},
		{
			"name": "rake_10",
			"from": [4, 2, 0],
			"to": [5, 6, 1],
			"faces": {
				"north": {"uv": [5, 10, 4, 14], "texture": "#1"},
				"east": {"uv": [4, 10, 5, 14], "texture": "#1"},
				"south": {"uv": [4, 10, 5, 14], "texture": "#1"},
				"west": {"uv": [4, 10, 5, 14], "texture": "#1"},
				"up": {"uv": [4, 10, 5, 11], "texture": "#1"},
				"down": {"uv": [4, 13, 5, 14], "texture": "#1"}
			}
		},
		{
			"name": "rake_11",
			"from": [3, 1, 0],
			"to": [4, 5, 1],
			"faces": {
				"north": {"uv": [4, 11, 3, 15], "texture": "#1"},
				"east": {"uv": [3, 11, 4, 15], "texture": "#1"},
				"south": {"uv": [3, 11, 4, 15], "texture": "#1"},
				"west": {"uv": [3, 11, 4, 15], "texture": "#1"},
				"up": {"uv": [3, 11, 4, 12], "texture": "#1"},
				"down": {"uv": [3, 14, 4, 15], "texture": "#1"}
			}
		},
		{
			"name": "rake_12",
			"from": [2, 1, 0],
			"to": [3, 4, 1],
			"faces": {
				"north": {"uv": [3, 12, 2, 15], "texture": "#1"},
				"east": {"uv": [2, 12, 3, 15], "texture": "#1"},
				"south": {"uv": [2, 12, 3, 15], "texture": "#1"},
				"west": {"uv": [2, 12, 3, 15], "texture": "#1"},
				"up": {"uv": [2, 12, 3, 13], "texture": "#1"},
				"down": {"uv": [2, 14, 3, 15], "texture": "#1"}
			}
		},
		{
			"name": "rake_13",
			"from": [1, 1, 0],
			"to": [2, 3, 1],
			"faces": {
				"north": {"uv": [2, 13, 1, 15], "texture": "#1"},
				"east": {"uv": [1, 13, 2, 15], "texture": "#1"},
				"south": {"uv": [1, 13, 2, 15], "texture": "#1"},
				"west": {"uv": [1, 13, 2, 15], "texture": "#1"},
				"up": {"uv": [1, 13, 2, 14], "texture": "#1"},
				"down": {"uv": [1, 14, 2, 15], "texture": "#1"}
			}
		}
	],
	"gui_light": "front",
	"display": {
		"thirdperson_righthand": {
			"rotation": [-40, -90, 0],
			"translation": [-5.75, 1.25, -0.25],
			"scale": [0.8, 0.8, 0.8]
		},
		"thirdperson_lefthand": {
			"rotation": [-40, 90, 0],
			"translation": [5.75, 1.25, 0],
			"scale": [0.8, 0.8, 0.8]
		},
		"firstperson_righthand": {
			"rotation": [1, -90, 35],
			"translation": [-2.75, 3.75, -2.5],
			"scale": [0.8, 0.8, 0.8]
		},
		"firstperson_lefthand": {
			"rotation": [0, 90, -35],
			"translation": [8.25, 4, -1.5],
			"scale": [0.8, 0.8, 0.8]
		},
		"ground": {
			"translation": [0, 3.5, 1.5],
			"scale": [0.8, 0.8, 0.8]
		},
		"gui": {
			"rotation": [14, -180, 0],
			"translation": [0.31, 1.75, 0]
		},
		"head": {
			"translation": [0, 13, 2]
		},
		"fixed": {
			"rotation": [1, -3, 90],
			"translation": [-0.25, -0.25, 7.5]
		}
	},
	"groups": [
		{
			"name": "rake",
			"origin": [8, 8, 8],
			"color": 0,
			"children": [0, 1, 2, 3, 4, 5, 6, 7, 8, 9, 10, 11, 12, 13]
		}
	]
}