{"display":{"thirdperson_righthand":{"rotation":[-180,-90,166],"translation":[0,0,0.19],"scale":[0.7,0.7,0.7]},"thirdperson_lefthand":{"rotation":[-180,90,-166],"translation":[0,0,0.19],"scale":[0.7,0.7,0.7]},"ground":{"rotation":[90,0,0],"translation":[0,0,0],"scale":[1,1,1]},"fixed":{"rotation":[0,180,45],"translation":[-0.2,0,-0.4],"scale":[1.5,1.5,1.5]},"firstperson_righthand":{"rotation":[18,-90,0],"translation":[-0.38,0.38,0],"scale":[0.9,0.9,0.9]},"firstperson_lefthand":{"rotation":[18,90,0],"translation":[-1.89,0.38,0],"scale":[0.9,0.9,0.9]},"gui":{"rotation":[0,0,45],"translation":[0.19,0.19,0],"scale":[1,1,1]}},"textures":{"particle":"guns/1-metal","texture":"guns/1-metal","ironblock":"guns/1-metal-light","coalblock":"guns/black","doorwoodlower":"other/wood-light"},"elements":[{"from":[7,12.25,7.25],"to":[9.25,14.25,7.5],"faces":{"down":{"uv":[9,7.5,6.75,7.25],"texture":"#texture"},"up":{"uv":[7,7.25,9.25,7.5],"texture":"#texture"},"north":{"uv":[6.75,1.75,9,3.75],"texture":"#texture"},"south":{"uv":[7,1.75,9.25,3.75],"texture":"#texture"},"west":{"uv":[7.25,1.75,7.5,3.75],"texture":"#texture"},"east":{"uv":[8.5,1.75,8.75,3.75],"texture":"#texture"}}},{"from":[7,12.25,8.5],"to":[9.25,14.25,8.75],"faces":{"down":{"uv":[9,8.75,6.75,8.5],"texture":"#texture"},"up":{"uv":[7,8.5,9.25,8.75],"texture":"#texture"},"north":{"uv":[6.75,1.75,9,3.75],"texture":"#texture"},"south":{"uv":[7,1.75,9.25,3.75],"texture":"#texture"},"west":{"uv":[8.5,1.75,8.75,3.75],"texture":"#texture"},"east":{"uv":[7.25,1.75,7.5,3.75],"texture":"#texture"}}},{"from":[7,12.5,7.5],"to":[7.5,12.75,7.75],"faces":{"down":{"uv":[9,7.75,8.5,7.5],"texture":"#texture"},"up":{"uv":[7,7.5,7.5,7.75],"texture":"#texture"},"north":{"uv":[8.5,3.25,9,3.5],"texture":"#texture"},"south":{"uv":[7,3.25,7.5,3.5],"texture":"#texture"},"west":{"uv":[7.5,3.25,7.75,3.5],"texture":"#texture"},"east":{"uv":[8.25,3.25,8.5,3.5],"texture":"#texture"}}},{"from":[7,12.5,8.25],"to":[7.5,12.75,8.5],"faces":{"down":{"uv":[9,8.5,8.5,8.25],"texture":"#texture"},"up":{"uv":[7,8.25,7.5,8.5],"texture":"#texture"},"north":{"uv":[8.5,3.25,9,3.5],"texture":"#texture"},"south":{"uv":[7,3.25,7.5,3.5],"texture":"#texture"},"west":{"uv":[8.25,3.25,8.5,3.5],"texture":"#texture"},"east":{"uv":[7.5,3.25,7.75,3.5],"texture":"#texture"}}},{"from":[7.75,13.5,7.625],"to":[9,14.25,8.375],"faces":{"down":{"uv":[0,1,1,2],"texture":"#doorwoodlower"},"up":{"uv":[0,1,1,2],"texture":"#doorwoodlower"},"north":{"uv":[0,1,1,2],"texture":"#doorwoodlower"},"south":{"uv":[0,1,1,2],"texture":"#doorwoodlower"},"west":{"uv":[0,1,1,2],"texture":"#doorwoodlower"},"east":{"uv":[0,1,1,2],"texture":"#doorwoodlower"}}},{"from":[7.25,12.625,7.75],"to":[7.75,13.125,8.25],"faces":{"down":{"uv":[7.75,5.75,7.25,5.25],"texture":"#doorwoodlower"},"up":{"uv":[7.25,5.25,7.75,5.75],"texture":"#doorwoodlower"},"north":{"uv":[7.25,5.125,7.75,5.625],"texture":"#doorwoodlower"},"south":{"uv":[7.25,5.125,7.75,5.625],"texture":"#doorwoodlower"},"west":{"uv":[7.25,5.125,7.75,5.625],"texture":"#doorwoodlower"},"east":{"uv":[7.25,5.125,7.75,5.625],"texture":"#doorwoodlower"}}},{"from":[7.875,11.75,7.75],"to":[8.625,13.5,8.25],"faces":{"down":{"uv":[8.125,8.25,7.375,7.75],"texture":"#texture"},"up":{"uv":[7.875,7.75,8.625,8.25],"texture":"#texture"},"north":{"uv":[7.375,2.5,8.125,4.25],"texture":"#texture"},"south":{"uv":[7.875,2.5,8.625,4.25],"texture":"#texture"},"west":{"uv":[7.75,2.5,8.25,4.25],"texture":"#texture"},"east":{"uv":[7.75,2.5,8.25,4.25],"texture":"#texture"}}},{"from":[7,12.75,7.875],"to":[7.25,13,8.125],"faces":{"down":{"uv":[7.75,3.625,7.5,3.375],"texture":"#doorwoodlower"},"up":{"uv":[7.25,3.375,7.5,3.625],"texture":"#doorwoodlower"},"north":{"uv":[7.25,3.5,7.5,3.75],"texture":"#doorwoodlower"},"south":{"uv":[7.25,3.5,7.5,3.75],"texture":"#doorwoodlower"},"west":{"uv":[7.625,3.5,7.875,3.75],"texture":"#doorwoodlower"},"east":{"uv":[7.375,3.5,7.625,3.75],"texture":"#doorwoodlower"}}},{"from":[7.75,12.5,7.625],"to":[9,13.25,8.375],"faces":{"down":{"uv":[0,1,1,2],"texture":"#doorwoodlower"},"up":{"uv":[0,1,1,2],"texture":"#doorwoodlower"},"north":{"uv":[0,1,1,2],"texture":"#doorwoodlower"},"south":{"uv":[0,1,1,2],"texture":"#doorwoodlower"},"west":{"uv":[0,1,1,2],"texture":"#doorwoodlower"},"east":{"uv":[0,1,1,2],"texture":"#doorwoodlower"}}},{"from":[7.25,13.625,7.75],"to":[7.75,14.125,8.25],"faces":{"down":{"uv":[7.75,5.75,7.25,5.25],"texture":"#doorwoodlower"},"up":{"uv":[7.25,5.25,7.75,5.75],"texture":"#doorwoodlower"},"north":{"uv":[7.25,5.125,7.75,5.625],"texture":"#doorwoodlower"},"south":{"uv":[7.25,5.125,7.75,5.625],"texture":"#doorwoodlower"},"west":{"uv":[7.25,5.125,7.75,5.625],"texture":"#doorwoodlower"},"east":{"uv":[7.25,5.125,7.75,5.625],"texture":"#doorwoodlower"}}},{"from":[7,13.75,7.875],"to":[7.25,14,8.125],"faces":{"down":{"uv":[7.75,3.625,7.5,3.375],"texture":"#doorwoodlower"},"up":{"uv":[7.25,3.375,7.5,3.625],"texture":"#doorwoodlower"},"north":{"uv":[7.25,3.5,7.5,3.75],"texture":"#doorwoodlower"},"south":{"uv":[7.25,3.5,7.5,3.75],"texture":"#doorwoodlower"},"west":{"uv":[7.625,3.5,7.875,3.75],"texture":"#doorwoodlower"},"east":{"uv":[7.375,3.5,7.625,3.75],"texture":"#doorwoodlower"}}},{"from":[7.25,14.25,8.5],"to":[9,14.5,8.75],"faces":{"down":{"uv":[8.75,8.75,7,8.5],"texture":"#texture"},"up":{"uv":[7.25,8.5,9,8.75],"texture":"#texture"},"north":{"uv":[7,1.5,8.75,1.75],"texture":"#texture"},"south":{"uv":[7.25,1.5,9,1.75],"texture":"#texture"},"west":{"uv":[8.5,1.5,8.75,1.75],"texture":"#texture"},"east":{"uv":[7.25,1.5,7.5,1.75],"texture":"#texture"}}},{"from":[7.25,14.25,7.25],"to":[9,14.5,7.5],"faces":{"down":{"uv":[8.75,7.5,7,7.25],"texture":"#texture"},"up":{"uv":[7.25,7.25,9,7.5],"texture":"#texture"},"north":{"uv":[7,1.5,8.75,1.75],"texture":"#texture"},"south":{"uv":[7.25,1.5,9,1.75],"texture":"#texture"},"west":{"uv":[7.25,1.5,7.5,1.75],"texture":"#texture"},"east":{"uv":[8.5,1.5,8.75,1.75],"texture":"#texture"}}},{"from":[7,12.25,7.5],"to":[9.25,12.5,8.5],"faces":{"down":{"uv":[9,8.5,6.75,7.5],"texture":"#texture"},"up":{"uv":[7,7.5,9.25,8.5],"texture":"#texture"},"north":{"uv":[6.75,3.5,9,3.75],"texture":"#texture"},"south":{"uv":[7,3.5,9.25,3.75],"texture":"#texture"},"west":{"uv":[7.5,3.5,8.5,3.75],"texture":"#texture"},"east":{"uv":[7.5,3.5,8.5,3.75],"texture":"#texture"}}},{"from":[4.5,7,7],"to":[10.5,12.25,9],"faces":{"down":{"uv":[11.5,9,5.5,7],"texture":"#texture"},"up":{"uv":[4.5,7,10.5,9],"texture":"#texture"},"north":{"uv":[5.5,3.75,11.5,9],"texture":"#texture"},"south":{"uv":[4.5,3.75,10.5,9],"texture":"#texture"},"west":{"uv":[7,3.75,9,9],"texture":"#texture"},"east":{"uv":[7,3.75,9,9],"texture":"#texture"}}},{"from":[4.5,7,9],"to":[10.5,10.25,11],"faces":{"down":{"uv":[11.5,11,5.5,9],"texture":"#texture"},"up":{"uv":[4.5,9,10.5,11],"texture":"#texture"},"north":{"uv":[5.5,5.75,11.5,9],"texture":"#texture"},"south":{"uv":[4.5,5.75,10.5,9],"texture":"#texture"},"west":{"uv":[9,5.75,11,9],"texture":"#texture"},"east":{"uv":[5,5.75,7,9],"texture":"#texture"}}},{"from":[4.5,10,9],"to":[10.5,12.25,11.8125],"rotation":{"origin":[4.5,12.25,9],"axis":"x","angle":45},"faces":{"down":{"uv":[8.5,11,7.5,9],"texture":"#texture"},"up":{"uv":[7.5,9,8.5,11],"texture":"#texture"},"north":{"uv":[7.5,3.75,8.5,6],"texture":"#texture"},"south":{"uv":[7.5,3.75,8.5,6],"texture":"#texture"},"west":{"uv":[9,3.75,11,6],"texture":"#texture"},"east":{"uv":[5,3.75,7,6],"texture":"#texture"}}}],"gui_light":"front"}