{"elements":[{"faces":{"down":{"uv":[0,15,1.5,16],"texture":"#mesh_atlas"},"up":{"uv":[0,15,1.5,16],"texture":"#mesh_atlas"},"north":{"uv":[0,15,2,15.5],"texture":"#mesh_atlas"},"south":{"uv":[0,15,2,15.5],"texture":"#mesh_atlas"},"west":{"uv":[0,15,2,15.5],"texture":"#mesh_atlas"},"east":{"uv":[0,15,2,15.5],"texture":"#mesh_atlas"}},"from":[5,22.5,11],"to":[11,23.5,18],"rotation":{"origin":[5,22.5,11],"axis":"x","angle":-22.5}},{"faces":{"down":{"uv":[0,15,1.5,16],"texture":"#mesh_atlas"},"up":{"uv":[0,15,1.5,16],"texture":"#mesh_atlas"},"north":{"uv":[0,15,2,15.5],"texture":"#mesh_atlas"},"south":{"uv":[0,15,2,15.5],"texture":"#mesh_atlas"},"west":{"uv":[0,15,2,15.5],"texture":"#mesh_atlas"},"east":{"uv":[0,15,2,15.5],"texture":"#mesh_atlas"}},"from":[11,22.5,5],"to":[18,23.5,11],"rotation":{"origin":[11,22.5,5],"axis":"z","angle":22.5}},{"faces":{"down":{"uv":[0,15,1.5,16],"texture":"#mesh_atlas"},"up":{"uv":[0,15,1.5,16],"texture":"#mesh_atlas"},"north":{"uv":[0,15,2,15.5],"texture":"#mesh_atlas"},"south":{"uv":[0,15,2,15.5],"texture":"#mesh_atlas"},"west":{"uv":[0,15,2,15.5],"texture":"#mesh_atlas"},"east":{"uv":[0,15,2,15.5],"texture":"#mesh_atlas"}},"from":[5,25.125,-1.5],"to":[11,26.125,5.5],"rotation":{"origin":[5,25.125,-1.5],"axis":"x","angle":22.5}},{"faces":{"down":{"uv":[0,15,1.5,16],"texture":"#mesh_atlas"},"up":{"uv":[0,15,1.5,16],"texture":"#mesh_atlas"},"north":{"uv":[0,15,2,15.5],"texture":"#mesh_atlas"},"south":{"uv":[0,15,2,15.5],"texture":"#mesh_atlas"},"west":{"uv":[0,15,2,15.5],"texture":"#mesh_atlas"},"east":{"uv":[0,15,2,15.5],"texture":"#mesh_atlas"}},"from":[-1.5,25,5],"to":[5.5,26,11],"rotation":{"origin":[-1.5,25,5],"axis":"z","angle":-22.5}},{"faces":{"down":{"uv":[10.375,14.5,13.25,15.25],"texture":"#mesh_atlas"},"up":{"uv":[10.375,16,13.25,15.25],"texture":"#mesh_atlas"},"north":{"uv":[2.875,13.25,0,16],"texture":"#mesh_atlas"},"south":{"uv":[0,10.5,2.875,13.25],"texture":"#mesh_atlas"},"west":{"uv":[10.375,11.75,11.125,14.5],"texture":"#mesh_atlas"},"east":{"uv":[11.125,9,10.375,11.75],"texture":"#mesh_atlas"}},"from":[-3.5,0,5],"to":[19.5,22,11]},{"faces":{"down":{"uv":[0,9.5,2.75,10.5],"texture":"#mesh_atlas"},"up":{"uv":[2.875,9.5,5.625,8.5],"texture":"#mesh_atlas"},"north":{"uv":[8.375,13.25,5.625,16],"texture":"#mesh_atlas"},"south":{"uv":[5.625,10.5,8.375,13.25],"texture":"#mesh_atlas"},"west":{"uv":[9.375,13.25,10.375,16],"texture":"#mesh_atlas"},"east":{"uv":[10.375,10.5,9.375,13.25],"texture":"#mesh_atlas"}},"from":[-3,0,-3],"to":[19,22,5]},{"faces":{"down":{"uv":[2.875,9.5,5.625,10.5],"texture":"#mesh_atlas"},"up":{"uv":[0,9.5,2.75,8.5],"texture":"#mesh_atlas"},"north":{"uv":[5.625,13.25,2.875,16],"texture":"#mesh_atlas"},"south":{"uv":[2.875,10.5,5.625,13.25],"texture":"#mesh_atlas"},"west":{"uv":[8.375,10.5,9.375,13.25],"texture":"#mesh_atlas"},"east":{"uv":[9.375,13.25,8.375,16],"texture":"#mesh_atlas"}},"from":[-3,0,11],"to":[19,22,19]},{"faces":{"down":{"uv":[5.625,9.75,8.375,10.5],"texture":"#mesh_atlas"},"up":{"uv":[5.625,9.75,8.375,9],"texture":"#mesh_atlas"},"north":{"uv":[2.75,8.4375,0,8.5],"texture":"#mesh_atlas"},"south":{"uv":[0,8.375,2.75,8.4375],"texture":"#mesh_atlas"},"west":{"uv":[1.75,8.25,2.5,8.3125],"texture":"#mesh_atlas"},"east":{"uv":[1.75,8.1875,1,8.25],"texture":"#mesh_atlas"}},"from":[-3,22,5],"to":[19,22.5,11]},{"faces":{"down":{"uv":[1,8.25,1.75,8.3125],"texture":"#mesh_atlas"},"up":{"uv":[1,8.375,1.75,8.3125],"texture":"#mesh_atlas"},"north":{"uv":[11.875,9,11.125,11.75],"texture":"#mesh_atlas"},"south":{"uv":[11.125,11.75,11.875,14.5],"texture":"#mesh_atlas"},"west":{"uv":[13.375,11.75,13.4375,14.5],"texture":"#mesh_atlas"},"east":{"uv":[13.5,11.75,13.4375,14.5],"texture":"#mesh_atlas"}},"from":[5,0,-3.5],"to":[11,22,-3]},{"faces":{"down":{"uv":[1,8.125,1.75,8.1875],"texture":"#mesh_atlas"},"up":{"uv":[1.75,8.375,2.5,8.3125],"texture":"#mesh_atlas"},"north":{"uv":[12.625,11.75,11.875,14.5],"texture":"#mesh_atlas"},"south":{"uv":[12.625,11.75,13.375,14.5],"texture":"#mesh_atlas"},"west":{"uv":[13.5,11.75,13.5625,14.5],"texture":"#mesh_atlas"},"east":{"uv":[13.625,11.75,13.5625,14.5],"texture":"#mesh_atlas"}},"from":[5,0,19],"to":[11,22,19.5]},{"faces":{"down":{"uv":[5.625,8,6.375,9],"texture":"#mesh_atlas"},"up":{"uv":[6.375,9,7.125,8],"texture":"#mesh_atlas"},"north":{"uv":[0.75,8.0625,0,8.125],"texture":"#mesh_atlas"},"south":{"uv":[0,8,0.75,8.0625],"texture":"#mesh_atlas"},"west":{"uv":[0,8.25,1,8.3125],"texture":"#mesh_atlas"},"east":{"uv":[1,8.3125,0,8.375],"texture":"#mesh_atlas"}},"from":[5,22,-3],"to":[11,22.5,5]},{"faces":{"down":{"uv":[7.125,8,7.875,9],"texture":"#mesh_atlas"},"up":{"uv":[8.375,10.5,9.125,9.5],"texture":"#mesh_atlas"},"north":{"uv":[1.75,8.0625,1,8.125],"texture":"#mesh_atlas"},"south":{"uv":[1,8,1.75,8.0625],"texture":"#mesh_atlas"},"west":{"uv":[0,8.1875,1,8.25],"texture":"#mesh_atlas"},"east":{"uv":[1,8.125,0,8.1875],"texture":"#mesh_atlas"}},"from":[5,22,11],"to":[11,22.5,19]}],"textures":{"particle":"christmas_models/present","mesh_atlas":"christmas_models/present"}}