{
	"format_version": "1.21.6",
	"credit": "Made with Blockbench",
	"texture_size": [32, 32],
	"textures": {
		"0": "item/flans/weapons/throwable/sticky_bomb",
		"particle": "item/flans/weapons/throwable/sticky_bomb"
	},
	"elements": [
		{
			"name": "sticky_bomb_0",
			"from": [5, 2, 0],
			"to": [11, 14, 1],
			"faces": {
				"north": {"uv": [11, 2, 5, 14], "texture": "#0"},
				"east": {"uv": [10, 2, 11, 14], "texture": "#0"},
				"south": {"uv": [5, 2, 11, 14], "texture": "#0"},
				"west": {"uv": [5, 2, 6, 14], "texture": "#0"},
				"up": {"uv": [5, 2, 11, 3], "texture": "#0"},
				"down": {"uv": [5, 13, 11, 14], "texture": "#0"}
			}
		},
		{
			"name": "sticky_bomb_1",
			"from": [4, 3, 0],
			"to": [5, 13, 1],
			"faces": {
				"north": {"uv": [5, 3, 4, 13], "texture": "#0"},
				"east": {"uv": [4, 3, 5, 13], "texture": "#0"},
				"south": {"uv": [4, 3, 5, 13], "texture": "#0"},
				"west": {"uv": [4, 3, 5, 13], "texture": "#0"},
				"up": {"uv": [4, 3, 5, 4], "texture": "#0"},
				"down": {"uv": [4, 12, 5, 13], "texture": "#0"}
			}
		},
		{
			"name": "sticky_bomb_2",
			"from": [11, 3, 0],
			"to": [12, 13, 1],
			"faces": {
				"north": {"uv": [12, 3, 11, 13], "texture": "#0"},
				"east": {"uv": [11, 3, 12, 13], "texture": "#0"},
				"south": {"uv": [11, 3, 12, 13], "texture": "#0"},
				"west": {"uv": [11, 3, 12, 13], "texture": "#0"},
				"up": {"uv": [11, 3, 12, 4], "texture": "#0"},
				"down": {"uv": [11, 12, 12, 13], "texture": "#0"}
			}
		},
		{
			"name": "sticky_bomb_3",
			"from": [3, 4, 0],
			"to": [4, 12, 1],
			"faces": {
				"north": {"uv": [4, 4, 3, 12], "texture": "#0"},
				"east": {"uv": [3, 4, 4, 12], "texture": "#0"},
				"south": {"uv": [3, 4, 4, 12], "texture": "#0"},
				"west": {"uv": [3, 4, 4, 12], "texture": "#0"},
				"up": {"uv": [3, 4, 4, 5], "texture": "#0"},
				"down": {"uv": [3, 11, 4, 12], "texture": "#0"}
			}
		},
		{
			"name": "sticky_bomb_4",
			"from": [12, 4, 0],
			"to": [13, 12, 1],
			"faces": {
				"north": {"uv": [13, 4, 12, 12], "texture": "#0"},
				"east": {"uv": [12, 4, 13, 12], "texture": "#0"},
				"south": {"uv": [12, 4, 13, 12], "texture": "#0"},
				"west": {"uv": [12, 4, 13, 12], "texture": "#0"},
				"up": {"uv": [12, 4, 13, 5], "texture": "#0"},
				"down": {"uv": [12, 11, 13, 12], "texture": "#0"}
			}
		}
	],
	"gui_light": "front",
	"display": {
		"thirdperson_righthand": {
			"rotation": [-180, 0, -180],
			"translation": [0.25, 2.68, -2.62],
			"scale": [0.4, 0.4, 0.4]
		},
		"thirdperson_lefthand": {
			"rotation": [-180, 0, -180],
			"translation": [0, 2.68, -2.37],
			"scale": [0.4, 0.4, 0.4]
		},
		"firstperson_righthand": {
			"rotation": [4, 90, 0],
			"translation": [4.49, 4.39, 0.13],
			"scale": [0.4, 0.4, 0.4]
		},
		"firstperson_lefthand": {
			"rotation": [4, -90, 0],
			"translation": [-0.71, 4.64, -0.38],
			"scale": [0.4, 0.4, 0.4]
		},
		"ground": {
			"translation": [0, 5, 0],
			"scale": [0.6, 0.6, 0.6]
		},
		"gui": {
			"rotation": [14, -180, 0],
			"translation": [0.81, 1.75, 0]
		},
		"head": {
			"translation": [-0.25, 9.25, -2.5],
			"scale": [0.4, 0.4, 0.4]
		},
		"fixed": {
			"translation": [0.3, 0.2, 7.9]
		}
	},
	"groups": [
		{
			"name": "sticky_bomb",
			"origin": [8, 8, 8],
			"color": 0,
			"children": [0, 1, 2, 3, 4]
		}
	]
}