{
	"format_version": "1.21.6",
	"credit": "Made with Blockbench",
	"texture_size": [32, 32],
	"textures": {
		"0": "item/flans/weapons/throwable/tear_gas",
		"particle": "item/flans/weapons/throwable/tear_gas"
	},
	"elements": [
		{
			"name": "tear_gas_0",
			"from": [6, 14, 0],
			"to": [10, 15, 1],
			"faces": {
				"north": {"uv": [10, 1, 6, 2], "texture": "#0"},
				"east": {"uv": [9, 1, 10, 2], "texture": "#0"},
				"south": {"uv": [6, 1, 10, 2], "texture": "#0"},
				"west": {"uv": [6, 1, 7, 2], "texture": "#0"},
				"up": {"uv": [6, 1, 10, 2], "texture": "#0"},
				"down": {"uv": [6, 1, 10, 2], "texture": "#0"}
			}
		},
		{
			"name": "tear_gas_1",
			"from": [7, 10, 0],
			"to": [12, 14, 1],
			"faces": {
				"north": {"uv": [12, 2, 7, 6], "texture": "#0"},
				"east": {"uv": [11, 2, 12, 6], "texture": "#0"},
				"south": {"uv": [7, 2, 12, 6], "texture": "#0"},
				"west": {"uv": [7, 2, 8, 6], "texture": "#0"},
				"up": {"uv": [7, 2, 12, 3], "texture": "#0"},
				"down": {"uv": [7, 5, 12, 6], "texture": "#0"}
			}
		},
		{
			"name": "tear_gas_2",
			"from": [5, 10, 0],
			"to": [7, 13, 1],
			"faces": {
				"north": {"uv": [7, 3, 5, 6], "texture": "#0"},
				"east": {"uv": [6, 3, 7, 6], "texture": "#0"},
				"south": {"uv": [5, 3, 7, 6], "texture": "#0"},
				"west": {"uv": [5, 3, 6, 6], "texture": "#0"},
				"up": {"uv": [5, 3, 7, 4], "texture": "#0"},
				"down": {"uv": [5, 5, 7, 6], "texture": "#0"}
			}
		},
		{
			"name": "tear_gas_3",
			"from": [6, 0, 0],
			"to": [10, 10, 1],
			"faces": {
				"north": {"uv": [10, 6, 6, 16], "texture": "#0"},
				"east": {"uv": [9, 6, 10, 16], "texture": "#0"},
				"south": {"uv": [6, 6, 10, 16], "texture": "#0"},
				"west": {"uv": [6, 6, 7, 16], "texture": "#0"},
				"up": {"uv": [6, 6, 10, 7], "texture": "#0"},
				"down": {"uv": [6, 15, 10, 16], "texture": "#0"}
			}
		},
		{
			"name": "tear_gas_4",
			"from": [11, 5, 0],
			"to": [12, 10, 1],
			"faces": {
				"north": {"uv": [12, 6, 11, 11], "texture": "#0"},
				"east": {"uv": [11, 6, 12, 11], "texture": "#0"},
				"south": {"uv": [11, 6, 12, 11], "texture": "#0"},
				"west": {"uv": [11, 6, 12, 11], "texture": "#0"},
				"up": {"uv": [11, 6, 12, 7], "texture": "#0"},
				"down": {"uv": [11, 10, 12, 11], "texture": "#0"}
			}
		},
		{
			"name": "tear_gas_5",
			"from": [5, 0, 0],
			"to": [6, 2, 1],
			"faces": {
				"north": {"uv": [6, 14, 5, 16], "texture": "#0"},
				"east": {"uv": [5, 14, 6, 16], "texture": "#0"},
				"south": {"uv": [5, 14, 6, 16], "texture": "#0"},
				"west": {"uv": [5, 14, 6, 16], "texture": "#0"},
				"up": {"uv": [5, 14, 6, 15], "texture": "#0"},
				"down": {"uv": [5, 15, 6, 16], "texture": "#0"}
			}
		},
		{
			"name": "tear_gas_6",
			"from": [10, 0, 0],
			"to": [11, 2, 1],
			"faces": {
				"north": {"uv": [11, 14, 10, 16], "texture": "#0"},
				"east": {"uv": [10, 14, 11, 16], "texture": "#0"},
				"south": {"uv": [10, 14, 11, 16], "texture": "#0"},
				"west": {"uv": [10, 14, 11, 16], "texture": "#0"},
				"up": {"uv": [10, 14, 11, 15], "texture": "#0"},
				"down": {"uv": [10, 15, 11, 16], "texture": "#0"}
			}
		}
	],
	"gui_light": "front",
	"display": {
		"thirdperson_righthand": {
			"rotation": [-180, 0, -180],
			"translation": [0.25, 2.68, -2.62],
			"scale": [0.4, 0.4, 0.4]
		},
		"thirdperson_lefthand": {
			"rotation": [-180, 0, -180],
			"translation": [0, 2.68, -2.37],
			"scale": [0.4, 0.4, 0.4]
		},
		"firstperson_righthand": {
			"rotation": [4, 90, 0],
			"translation": [4.49, 4.39, 0.13],
			"scale": [0.4, 0.4, 0.4]
		},
		"firstperson_lefthand": {
			"rotation": [4, -90, 0],
			"translation": [-0.71, 4.64, -0.38],
			"scale": [0.4, 0.4, 0.4]
		},
		"ground": {
			"translation": [0, 5, 0],
			"scale": [0.6, 0.6, 0.6]
		},
		"gui": {
			"rotation": [14, -180, 0],
			"translation": [0.81, 1.75, 0]
		},
		"head": {
			"translation": [-0.25, 9.25, -2.5],
			"scale": [0.4, 0.4, 0.4]
		},
		"fixed": {
			"translation": [0.3, 0.2, 7.9]
		}
	},
	"groups": [
		{
			"name": "tear_gas",
			"origin": [8, 8, 8],
			"color": 0,
			"children": [0, 1, 2, 3, 4, 5, 6]
		}
	]
}