{"display":{"thirdperson_righthand":{"rotation":[10,-45,0],"translation":[0,1.89,1.32],"scale":[0.37,0.37,0.37]},"thirdperson_lefthand":{"rotation":[10,-45,0],"translation":[0,1.89,1.32],"scale":[0.37,0.37,0.37]},"head":{"rotation":[0,-90,0],"translation":[0,-0.76,24],"scale":[4,4,4]},"ground":{"rotation":[0,0,0],"translation":[0,9.64,0],"scale":[1,1,1]},"fixed":{"rotation":[0,0,0],"translation":[0,0,0],"scale":[1,1,1]},"firstperson_righthand":{"rotation":[0,-45,-10],"translation":[-2.83,3.21,2],"scale":[0.35,0.35,0.35]},"firstperson_lefthand":{"rotation":[0,135,10],"translation":[-2.83,3.21,2],"scale":[0.35,0.35,0.35]},"gui":{"rotation":[30,135,0],"translation":[-0.76,0,0],"scale":[0.5,0.5,0.5]}},"textures":{"particle":"guns/lime","texture":"guns/lime","mc-coal-b":"guns/mc-coal-b","black":"guns/black","yellow":"guns/yellow"},"elements":[{"from":[-11,6,7.5],"to":[-10,10,8.5],"faces":{"down":{"uv":[15.95,8.5,16,7.5],"texture":"#texture"},"up":{"uv":[0,7.5,0.05,8.5],"texture":"#texture"},"north":{"uv":[15.95,6,16,10],"texture":"#texture"},"south":{"uv":[0,6,0.05,10],"texture":"#texture"},"west":{"uv":[7.5,6,8.5,10],"texture":"#texture"},"east":{"uv":[7.5,6,8.5,10],"texture":"#texture"}}},{"from":[-10,11.5,7.5],"to":[-9,12.5,8.5],"faces":{"down":{"uv":[15.95,8.5,16,7.5],"texture":"#texture"},"up":{"uv":[0,7.5,0.05,8.5],"texture":"#texture"},"north":{"uv":[15.95,3.5,16,4.5],"texture":"#texture"},"south":{"uv":[0,3.5,0.05,4.5],"texture":"#texture"},"west":{"uv":[7.5,3.5,8.5,4.5],"texture":"#texture"},"east":{"uv":[7.5,3.5,8.5,4.5],"texture":"#texture"}}},{"from":[6,2.5,1.5],"to":[9.5,3,14.5],"faces":{"down":{"uv":[10,14.5,6.5,1.5],"texture":"#texture"},"up":{"uv":[6,1.5,9.5,14.5],"texture":"#texture"},"north":{"uv":[6.5,13,10,13.5],"texture":"#texture"},"south":{"uv":[6,13,9.5,13.5],"texture":"#texture"},"west":{"uv":[1.5,13,14.5,13.5],"texture":"#texture"},"east":{"uv":[1.5,13,14.5,13.5],"texture":"#texture"}}},{"from":[-2.5,13.5,2],"to":[0,14.5,3],"faces":{"down":{"uv":[15.95,3,16,2],"texture":"#texture"},"up":{"uv":[0,2,0.05,3],"texture":"#texture"},"north":{"uv":[15.95,1.5,16,2.5],"texture":"#texture"},"south":{"uv":[0,1.5,0.05,2.5],"texture":"#texture"},"west":{"uv":[2,1.5,3,2.5],"texture":"#texture"},"east":{"uv":[13,1.5,14,2.5],"texture":"#texture"}}},{"from":[-7,14.5,7.5],"to":[-6,15.5,8.5],"faces":{"down":{"uv":[15.95,8.5,16,7.5],"texture":"#texture"},"up":{"uv":[0,7.5,0.05,8.5],"texture":"#texture"},"north":{"uv":[15.95,0.5,16,1.5],"texture":"#texture"},"south":{"uv":[0,0.5,0.05,1.5],"texture":"#texture"},"west":{"uv":[7.5,0.5,8.5,1.5],"texture":"#texture"},"east":{"uv":[7.5,0.5,8.5,1.5],"texture":"#texture"}}},{"from":[-4.5,15.5,7.5],"to":[-2.5,16.5,8.5],"faces":{"down":{"uv":[15.95,8.5,16,7.5],"texture":"#texture"},"up":{"uv":[0,7.5,0.05,8.5],"texture":"#texture"},"north":{"uv":[15.95,0,16,0.5],"texture":"#texture"},"south":{"uv":[0,0,0.05,0.5],"texture":"#texture"},"west":{"uv":[7.5,0,8.5,0.5],"texture":"#texture"},"east":{"uv":[7.5,0,8.5,0.5],"texture":"#texture"}}},{"from":[-10.5,4.5,6],"to":[-10,6,10],"faces":{"down":{"uv":[15.95,10,16,6],"texture":"#texture"},"up":{"uv":[0,6,0.05,10],"texture":"#texture"},"north":{"uv":[15.95,10,16,11.5],"texture":"#texture"},"south":{"uv":[0,10,0.05,11.5],"texture":"#texture"},"west":{"uv":[6,10,10,11.5],"texture":"#texture"},"east":{"uv":[6,10,10,11.5],"texture":"#texture"}}},{"from":[-10,3.5,6],"to":[-9.5,4.5,10],"faces":{"down":{"uv":[15.95,10,16,6],"texture":"#texture"},"up":{"uv":[0,6,0.05,10],"texture":"#texture"},"north":{"uv":[15.95,11.5,16,12.5],"texture":"#texture"},"south":{"uv":[0,11.5,0.05,12.5],"texture":"#texture"},"west":{"uv":[6,11.5,10,12.5],"texture":"#texture"},"east":{"uv":[6,11.5,10,12.5],"texture":"#texture"}}},{"from":[-9.5,2.5,6],"to":[-9,3.5,10],"faces":{"down":{"uv":[15.95,10,16,6],"texture":"#texture"},"up":{"uv":[0,6,0.05,10],"texture":"#texture"},"north":{"uv":[15.95,12.5,16,13.5],"texture":"#texture"},"south":{"uv":[0,12.5,0.05,13.5],"texture":"#texture"},"west":{"uv":[6,12.5,10,13.5],"texture":"#texture"},"east":{"uv":[6,12.5,10,13.5],"texture":"#texture"}}},{"from":[-6.5,0.5,6],"to":[-5,1.5,10],"faces":{"down":{"uv":[15.95,10,16,6],"texture":"#texture"},"up":{"uv":[0,6,0.05,10],"texture":"#texture"},"north":{"uv":[15.95,14.5,16,15.5],"texture":"#texture"},"south":{"uv":[0,14.5,0.05,15.5],"texture":"#texture"},"west":{"uv":[6,14.5,10,15.5],"texture":"#texture"},"east":{"uv":[6,14.5,10,15.5],"texture":"#texture"}}},{"from":[-5,0,6],"to":[6,1,10],"faces":{"down":{"uv":[16,10,10,6],"texture":"#texture"},"up":{"uv":[0,6,6,10],"texture":"#texture"},"north":{"uv":[10,15,16,16],"texture":"#texture"},"south":{"uv":[0,15,6,16],"texture":"#texture"},"west":{"uv":[6,15,10,16],"texture":"#texture"},"east":{"uv":[6,15,10,16],"texture":"#texture"}}},{"from":[-2.5,12.5,1],"to":[0,13.5,2],"faces":{"down":{"uv":[15.95,2,16,1],"texture":"#texture"},"up":{"uv":[0,1,0.05,2],"texture":"#texture"},"north":{"uv":[15.95,2.5,16,3.5],"texture":"#texture"},"south":{"uv":[0,2.5,0.05,3.5],"texture":"#texture"},"west":{"uv":[1,2.5,2,3.5],"texture":"#texture"},"east":{"uv":[14,2.5,15,3.5],"texture":"#texture"}}},{"from":[-10.5,10,7.5],"to":[-9.5,11.5,8.5],"faces":{"down":{"uv":[15.95,8.5,16,7.5],"texture":"#texture"},"up":{"uv":[0,7.5,0.05,8.5],"texture":"#texture"},"north":{"uv":[15.95,4.5,16,6],"texture":"#texture"},"south":{"uv":[0,4.5,0.05,6],"texture":"#texture"},"west":{"uv":[7.5,4.5,8.5,6],"texture":"#texture"},"east":{"uv":[7.5,4.5,8.5,6],"texture":"#texture"}}},{"from":[-2.5,14.5,4.5],"to":[6,16,6],"faces":{"down":{"uv":[16,6,10,4.5],"texture":"#texture"},"up":{"uv":[0,4.5,6,6],"texture":"#texture"},"north":{"uv":[10,0,16,1.5],"texture":"#texture"},"south":{"uv":[0,0,6,1.5],"texture":"#texture"},"west":{"uv":[4.5,0,6,1.5],"texture":"#texture"},"east":{"uv":[10,0,11.5,1.5],"texture":"#texture"}}},{"from":[-6,15,7.5],"to":[-4.5,16,8.5],"faces":{"down":{"uv":[15.95,8.5,16,7.5],"texture":"#texture"},"up":{"uv":[0,7.5,0.05,8.5],"texture":"#texture"},"north":{"uv":[15.95,0,16,1],"texture":"#texture"},"south":{"uv":[0,0,0.05,1],"texture":"#texture"},"west":{"uv":[7.5,0,8.5,1],"texture":"#texture"},"east":{"uv":[7.5,0,8.5,1],"texture":"#texture"}}},{"from":[-9,2,6],"to":[-8,3,10],"faces":{"down":{"uv":[15.95,10,16,6],"texture":"#texture"},"up":{"uv":[0,6,0.05,10],"texture":"#texture"},"north":{"uv":[15.95,13,16,14],"texture":"#texture"},"south":{"uv":[0,13,0.05,14],"texture":"#texture"},"west":{"uv":[6,13,10,14],"texture":"#texture"},"east":{"uv":[6,13,10,14],"texture":"#texture"}}},{"from":[-8.5,1.5,6],"to":[-7.5,2.5,10],"faces":{"down":{"uv":[15.95,10,16,6],"texture":"#texture"},"up":{"uv":[0,6,0.05,10],"texture":"#texture"},"north":{"uv":[15.95,13.5,16,14.5],"texture":"#texture"},"south":{"uv":[0,13.5,0.05,14.5],"texture":"#texture"},"west":{"uv":[6,13.5,10,14.5],"texture":"#texture"},"east":{"uv":[6,13.5,10,14.5],"texture":"#texture"}}},{"from":[-7.5,1,6],"to":[-6.5,2,10],"faces":{"down":{"uv":[15.95,10,16,6],"texture":"#texture"},"up":{"uv":[0,6,0.05,10],"texture":"#texture"},"north":{"uv":[15.95,14,16,15],"texture":"#texture"},"south":{"uv":[0,14,0.05,15],"texture":"#texture"},"west":{"uv":[6,14,10,15],"texture":"#texture"},"east":{"uv":[6,14,10,15],"texture":"#texture"}}},{"from":[-9.5,3.5,4.5],"to":[-8.5,4.5,11.5],"faces":{"down":{"uv":[15.95,11.5,16,4.5],"texture":"#texture"},"up":{"uv":[0,4.5,0.05,11.5],"texture":"#texture"},"north":{"uv":[15.95,11.5,16,12.5],"texture":"#texture"},"south":{"uv":[0,11.5,0.05,12.5],"texture":"#texture"},"west":{"uv":[4.5,11.5,11.5,12.5],"texture":"#texture"},"east":{"uv":[4.5,11.5,11.5,12.5],"texture":"#texture"}}},{"from":[-10,4.5,4.5],"to":[-9,6,11.5],"faces":{"down":{"uv":[15.95,11.5,16,4.5],"texture":"#texture"},"up":{"uv":[0,4.5,0.05,11.5],"texture":"#texture"},"north":{"uv":[15.95,10,16,11.5],"texture":"#texture"},"south":{"uv":[0,10,0.05,11.5],"texture":"#texture"},"west":{"uv":[4.5,10,11.5,11.5],"texture":"#texture"},"east":{"uv":[4.5,10,11.5,11.5],"texture":"#texture"}}},{"from":[-9,2.5,4.5],"to":[-8,3.5,11.5],"faces":{"down":{"uv":[15.95,11.5,16,4.5],"texture":"#texture"},"up":{"uv":[0,4.5,0.05,11.5],"texture":"#texture"},"north":{"uv":[15.95,12.5,16,13.5],"texture":"#texture"},"south":{"uv":[0,12.5,0.05,13.5],"texture":"#texture"},"west":{"uv":[4.5,12.5,11.5,13.5],"texture":"#texture"},"east":{"uv":[4.5,12.5,11.5,13.5],"texture":"#texture"}}},{"from":[-8.5,2,4.5],"to":[-7.5,3,11.5],"faces":{"down":{"uv":[15.95,11.5,16,4.5],"texture":"#texture"},"up":{"uv":[0,4.5,0.05,11.5],"texture":"#texture"},"north":{"uv":[15.95,13,16,14],"texture":"#texture"},"south":{"uv":[0,13,0.05,14],"texture":"#texture"},"west":{"uv":[4.5,13,11.5,14],"texture":"#texture"},"east":{"uv":[4.5,13,11.5,14],"texture":"#texture"}}},{"from":[-7.5,1.5,4.5],"to":[-6.5,2.5,11.5],"faces":{"down":{"uv":[15.95,11.5,16,4.5],"texture":"#texture"},"up":{"uv":[0,4.5,0.05,11.5],"texture":"#texture"},"north":{"uv":[15.95,13.5,16,14.5],"texture":"#texture"},"south":{"uv":[0,13.5,0.05,14.5],"texture":"#texture"},"west":{"uv":[4.5,13.5,11.5,14.5],"texture":"#texture"},"east":{"uv":[4.5,13.5,11.5,14.5],"texture":"#texture"}}},{"from":[-6.5,1,4.5],"to":[-5,2,11.5],"faces":{"down":{"uv":[15.95,11.5,16,4.5],"texture":"#texture"},"up":{"uv":[0,4.5,0.05,11.5],"texture":"#texture"},"north":{"uv":[15.95,14,16,15],"texture":"#texture"},"south":{"uv":[0,14,0.05,15],"texture":"#texture"},"west":{"uv":[4.5,14,11.5,15],"texture":"#texture"},"east":{"uv":[4.5,14,11.5,15],"texture":"#texture"}}},{"from":[-5,0.5,4.5],"to":[6,1.5,11.5],"faces":{"down":{"uv":[16,11.5,10,4.5],"texture":"#texture"},"up":{"uv":[0,4.5,6,11.5],"texture":"#texture"},"north":{"uv":[10,14.5,16,15.5],"texture":"#texture"},"south":{"uv":[0,14.5,6,15.5],"texture":"#texture"},"west":{"uv":[4.5,14.5,11.5,15.5],"texture":"#texture"},"east":{"uv":[4.5,14.5,11.5,15.5],"texture":"#texture"}}},{"from":[-9.5,4.5,3.5],"to":[-8.5,6,12.5],"faces":{"down":{"uv":[15.95,12.5,16,3.5],"texture":"#texture"},"up":{"uv":[0,3.5,0.05,12.5],"texture":"#texture"},"north":{"uv":[15.95,10,16,11.5],"texture":"#texture"},"south":{"uv":[0,10,0.05,11.5],"texture":"#texture"},"west":{"uv":[3.5,10,12.5,11.5],"texture":"#texture"},"east":{"uv":[3.5,10,12.5,11.5],"texture":"#texture"}}},{"from":[-9,3.5,3.5],"to":[-8,4.5,12.5],"faces":{"down":{"uv":[15.95,12.5,16,3.5],"texture":"#texture"},"up":{"uv":[0,3.5,0.05,12.5],"texture":"#texture"},"north":{"uv":[15.95,11.5,16,12.5],"texture":"#texture"},"south":{"uv":[0,11.5,0.05,12.5],"texture":"#texture"},"west":{"uv":[3.5,11.5,12.5,12.5],"texture":"#texture"},"east":{"uv":[3.5,11.5,12.5,12.5],"texture":"#texture"}}},{"from":[-8.5,2.5,3.5],"to":[-7.5,3.5,12.5],"faces":{"down":{"uv":[15.95,12.5,16,3.5],"texture":"#texture"},"up":{"uv":[0,3.5,0.05,12.5],"texture":"#texture"},"north":{"uv":[15.95,12.5,16,13.5],"texture":"#texture"},"south":{"uv":[0,12.5,0.05,13.5],"texture":"#texture"},"west":{"uv":[3.5,12.5,12.5,13.5],"texture":"#texture"},"east":{"uv":[3.5,12.5,12.5,13.5],"texture":"#texture"}}},{"from":[-7.5,2,3.5],"to":[-6.5,3,12.5],"faces":{"down":{"uv":[15.95,12.5,16,3.5],"texture":"#texture"},"up":{"uv":[0,3.5,0.05,12.5],"texture":"#texture"},"north":{"uv":[15.95,13,16,14],"texture":"#texture"},"south":{"uv":[0,13,0.05,14],"texture":"#texture"},"west":{"uv":[3.5,13,12.5,14],"texture":"#texture"},"east":{"uv":[3.5,13,12.5,14],"texture":"#texture"}}},{"from":[-6.5,1.5,3.5],"to":[-5,2.5,12.5],"faces":{"down":{"uv":[15.95,12.5,16,3.5],"texture":"#texture"},"up":{"uv":[0,3.5,0.05,12.5],"texture":"#texture"},"north":{"uv":[15.95,13.5,16,14.5],"texture":"#texture"},"south":{"uv":[0,13.5,0.05,14.5],"texture":"#texture"},"west":{"uv":[3.5,13.5,12.5,14.5],"texture":"#texture"},"east":{"uv":[3.5,13.5,12.5,14.5],"texture":"#texture"}}},{"from":[0,1,3.5],"to":[6,1.5,12.5],"faces":{"down":{"uv":[16,12.5,10,3.5],"texture":"#texture"},"up":{"uv":[0,3.5,6,12.5],"texture":"#texture"},"north":{"uv":[10,14.5,16,15],"texture":"#texture"},"south":{"uv":[0,14.5,6,15],"texture":"#texture"},"west":{"uv":[3.5,14.5,12.5,15],"texture":"#texture"},"east":{"uv":[3.5,14.5,12.5,15],"texture":"#texture"}}},{"from":[-9,4.5,2.5],"to":[-8,6,13.5],"faces":{"down":{"uv":[15.95,13.5,16,2.5],"texture":"#texture"},"up":{"uv":[0,2.5,0.05,13.5],"texture":"#texture"},"north":{"uv":[15.95,10,16,11.5],"texture":"#texture"},"south":{"uv":[0,10,0.05,11.5],"texture":"#texture"},"west":{"uv":[2.5,10,13.5,11.5],"texture":"#texture"},"east":{"uv":[2.5,10,13.5,11.5],"texture":"#texture"}}},{"from":[-8.5,3.5,2.5],"to":[-7.5,4.5,13.5],"faces":{"down":{"uv":[15.95,13.5,16,2.5],"texture":"#texture"},"up":{"uv":[0,2.5,0.05,13.5],"texture":"#texture"},"north":{"uv":[15.95,11.5,16,12.5],"texture":"#texture"},"south":{"uv":[0,11.5,0.05,12.5],"texture":"#texture"},"west":{"uv":[2.5,11.5,13.5,12.5],"texture":"#texture"},"east":{"uv":[2.5,11.5,13.5,12.5],"texture":"#texture"}}},{"from":[-8,3,2.5],"to":[-7,4,13.5],"faces":{"down":{"uv":[15.95,13.5,16,2.5],"texture":"#texture"},"up":{"uv":[0,2.5,0.05,13.5],"texture":"#texture"},"north":{"uv":[15.95,12,16,13],"texture":"#texture"},"south":{"uv":[0,12,0.05,13],"texture":"#texture"},"west":{"uv":[2.5,12,13.5,13],"texture":"#texture"},"east":{"uv":[2.5,12,13.5,13],"texture":"#texture"}}},{"from":[-7.5,2.5,2.5],"to":[-6.5,3.5,13.5],"faces":{"down":{"uv":[15.95,13.5,16,2.5],"texture":"#texture"},"up":{"uv":[0,2.5,0.05,13.5],"texture":"#texture"},"north":{"uv":[15.95,12.5,16,13.5],"texture":"#texture"},"south":{"uv":[0,12.5,0.05,13.5],"texture":"#texture"},"west":{"uv":[2.5,12.5,13.5,13.5],"texture":"#texture"},"east":{"uv":[2.5,12.5,13.5,13.5],"texture":"#texture"}}},{"from":[-6.5,2,2.5],"to":[-5,3,13.5],"faces":{"down":{"uv":[15.95,13.5,16,2.5],"texture":"#texture"},"up":{"uv":[0,2.5,0.05,13.5],"texture":"#texture"},"north":{"uv":[15.95,13,16,14],"texture":"#texture"},"south":{"uv":[0,13,0.05,14],"texture":"#texture"},"west":{"uv":[2.5,13,13.5,14],"texture":"#texture"},"east":{"uv":[2.5,13,13.5,14],"texture":"#texture"}}},{"from":[-5,1.5,2.5],"to":[0,2.5,13.5],"faces":{"down":{"uv":[15.95,13.5,16,2.5],"texture":"#texture"},"up":{"uv":[0,2.5,0.05,13.5],"texture":"#texture"},"north":{"uv":[15.95,13.5,16,14.5],"texture":"#texture"},"south":{"uv":[0,13.5,0.05,14.5],"texture":"#texture"},"west":{"uv":[2.5,13.5,13.5,14.5],"texture":"#texture"},"east":{"uv":[2.5,13.5,13.5,14.5],"texture":"#texture"}}},{"from":[-8.5,4.5,2],"to":[-7.5,6,14],"faces":{"down":{"uv":[15.95,14,16,2],"texture":"#texture"},"up":{"uv":[0,2,0.05,14],"texture":"#texture"},"north":{"uv":[15.95,10,16,11.5],"texture":"#texture"},"south":{"uv":[0,10,0.05,11.5],"texture":"#texture"},"west":{"uv":[2,10,14,11.5],"texture":"#texture"},"east":{"uv":[2,10,14,11.5],"texture":"#texture"}}},{"from":[-8,3.5,2],"to":[-7,4.5,14],"faces":{"down":{"uv":[15.95,14,16,2],"texture":"#texture"},"up":{"uv":[0,2,0.05,14],"texture":"#texture"},"north":{"uv":[15.95,11.5,16,12.5],"texture":"#texture"},"south":{"uv":[0,11.5,0.05,12.5],"texture":"#texture"},"west":{"uv":[2,11.5,14,12.5],"texture":"#texture"},"east":{"uv":[2,11.5,14,12.5],"texture":"#texture"}}},{"from":[-7.5,3,2],"to":[-6.5,4,14],"faces":{"down":{"uv":[15.95,14,16,2],"texture":"#texture"},"up":{"uv":[0,2,0.05,14],"texture":"#texture"},"north":{"uv":[15.95,12,16,13],"texture":"#texture"},"south":{"uv":[0,12,0.05,13],"texture":"#texture"},"west":{"uv":[2,12,14,13],"texture":"#texture"},"east":{"uv":[2,12,14,13],"texture":"#texture"}}},{"from":[-6.5,2.5,2],"to":[-5,3.5,14],"faces":{"down":{"uv":[15.95,14,16,2],"texture":"#texture"},"up":{"uv":[0,2,0.05,14],"texture":"#texture"},"north":{"uv":[15.95,12.5,16,13.5],"texture":"#texture"},"south":{"uv":[0,12.5,0.05,13.5],"texture":"#texture"},"west":{"uv":[2,12.5,14,13.5],"texture":"#texture"},"east":{"uv":[2,12.5,14,13.5],"texture":"#texture"}}},{"from":[-5,2,2],"to":[0,3,14],"faces":{"down":{"uv":[15.95,14,16,2],"texture":"#texture"},"up":{"uv":[0,2,0.05,14],"texture":"#texture"},"north":{"uv":[15.95,13,16,14],"texture":"#texture"},"south":{"uv":[0,13,0.05,14],"texture":"#texture"},"west":{"uv":[2,13,14,14],"texture":"#texture"},"east":{"uv":[2,13,14,14],"texture":"#texture"}}},{"from":[-8,4.5,1.5],"to":[-7,6,14.5],"faces":{"down":{"uv":[15.95,14.5,16,1.5],"texture":"#texture"},"up":{"uv":[0,1.5,0.05,14.5],"texture":"#texture"},"north":{"uv":[15.95,10,16,11.5],"texture":"#texture"},"south":{"uv":[0,10,0.05,11.5],"texture":"#texture"},"west":{"uv":[1.5,10,14.5,11.5],"texture":"#texture"},"east":{"uv":[1.5,10,14.5,11.5],"texture":"#texture"}}},{"from":[-7.5,3.5,1.5],"to":[-6.5,4.5,14.5],"faces":{"down":{"uv":[15.95,14.5,16,1.5],"texture":"#texture"},"up":{"uv":[0,1.5,0.05,14.5],"texture":"#texture"},"north":{"uv":[15.95,11.5,16,12.5],"texture":"#texture"},"south":{"uv":[0,11.5,0.05,12.5],"texture":"#texture"},"west":{"uv":[1.5,11.5,14.5,12.5],"texture":"#texture"},"east":{"uv":[1.5,11.5,14.5,12.5],"texture":"#texture"}}},{"from":[-6.5,3,1.5],"to":[-5,4,14.5],"faces":{"down":{"uv":[15.95,14.5,16,1.5],"texture":"#texture"},"up":{"uv":[0,1.5,0.05,14.5],"texture":"#texture"},"north":{"uv":[15.95,12,16,13],"texture":"#texture"},"south":{"uv":[0,12,0.05,13],"texture":"#texture"},"west":{"uv":[1.5,12,14.5,13],"texture":"#texture"},"east":{"uv":[1.5,12,14.5,13],"texture":"#texture"}}},{"from":[-5,2.5,1.5],"to":[0,3.5,14.5],"faces":{"down":{"uv":[15.95,14.5,16,1.5],"texture":"#texture"},"up":{"uv":[0,1.5,0.05,14.5],"texture":"#texture"},"north":{"uv":[15.95,12.5,16,13.5],"texture":"#texture"},"south":{"uv":[0,12.5,0.05,13.5],"texture":"#texture"},"west":{"uv":[1.5,12.5,14.5,13.5],"texture":"#texture"},"east":{"uv":[1.5,12.5,14.5,13.5],"texture":"#texture"}}},{"from":[-7.5,4.5,1],"to":[-6.5,6,15],"faces":{"down":{"uv":[15.95,15,16,1],"texture":"#texture"},"up":{"uv":[0,1,0.05,15],"texture":"#texture"},"north":{"uv":[15.95,10,16,11.5],"texture":"#texture"},"south":{"uv":[0,10,0.05,11.5],"texture":"#texture"},"west":{"uv":[1,10,15,11.5],"texture":"#texture"},"east":{"uv":[1,10,15,11.5],"texture":"#texture"}}},{"from":[-7,4,1],"to":[-6,5,15],"faces":{"down":{"uv":[15.95,15,16,1],"texture":"#texture"},"up":{"uv":[0,1,0.05,15],"texture":"#texture"},"north":{"uv":[15.95,11,16,12],"texture":"#texture"},"south":{"uv":[0,11,0.05,12],"texture":"#texture"},"west":{"uv":[1,11,15,12],"texture":"#texture"},"east":{"uv":[1,11,15,12],"texture":"#texture"}}},{"from":[-6.5,3.5,1],"to":[-5,4.5,15],"faces":{"down":{"uv":[15.95,15,16,1],"texture":"#texture"},"up":{"uv":[0,1,0.05,15],"texture":"#texture"},"north":{"uv":[15.95,11.5,16,12.5],"texture":"#texture"},"south":{"uv":[0,11.5,0.05,12.5],"texture":"#texture"},"west":{"uv":[1,11.5,15,12.5],"texture":"#texture"},"east":{"uv":[1,11.5,15,12.5],"texture":"#texture"}}},{"from":[-5,3,1],"to":[0,4,15],"faces":{"down":{"uv":[15.95,15,16,1],"texture":"#texture"},"up":{"uv":[0,1,0.05,15],"texture":"#texture"},"north":{"uv":[15.95,12,16,13],"texture":"#texture"},"south":{"uv":[0,12,0.05,13],"texture":"#texture"},"west":{"uv":[1,12,15,13],"texture":"#texture"},"east":{"uv":[1,12,15,13],"texture":"#texture"}}},{"from":[-6.5,5,0.5],"to":[-5.5,6,15.5],"faces":{"down":{"uv":[15.95,15.5,16,0.5],"texture":"#texture"},"up":{"uv":[0,0.5,0.05,15.5],"texture":"#texture"},"north":{"uv":[15.95,10,16,11],"texture":"#texture"},"south":{"uv":[0,10,0.05,11],"texture":"#texture"},"west":{"uv":[0.5,10,15.5,11],"texture":"#texture"},"east":{"uv":[0.5,10,15.5,11],"texture":"#texture"}}},{"from":[-6,4.5,0.5],"to":[-5,5.5,15.5],"faces":{"down":{"uv":[15.95,15.5,16,0.5],"texture":"#texture"},"up":{"uv":[0,0.5,0.05,15.5],"texture":"#texture"},"north":{"uv":[15.95,10.5,16,11.5],"texture":"#texture"},"south":{"uv":[0,10.5,0.05,11.5],"texture":"#texture"},"west":{"uv":[0.5,10.5,15.5,11.5],"texture":"#texture"},"east":{"uv":[0.5,10.5,15.5,11.5],"texture":"#texture"}}},{"from":[-5,4,0.5],"to":[0,5,15.5],"faces":{"down":{"uv":[15.95,15.5,16,0.5],"texture":"#texture"},"up":{"uv":[0,0.5,0.05,15.5],"texture":"#texture"},"north":{"uv":[15.95,11,16,12],"texture":"#texture"},"south":{"uv":[0,11,0.05,12],"texture":"#texture"},"west":{"uv":[0.5,11,15.5,12],"texture":"#texture"},"east":{"uv":[0.5,11,15.5,12],"texture":"#texture"}}},{"from":[-5.5,5.5,0],"to":[-5,6,16],"faces":{"down":{"uv":[15.95,16,16,0],"texture":"#texture"},"up":{"uv":[0,0,0.05,16],"texture":"#texture"},"north":{"uv":[15.95,10,16,10.5],"texture":"#texture"},"south":{"uv":[0,10,0.05,10.5],"texture":"#texture"},"west":{"uv":[0,10,16,10.5],"texture":"#texture"},"east":{"uv":[0,10,16,10.5],"texture":"#texture"}}},{"from":[-5,5,0],"to":[0,6,16],"faces":{"down":{"uv":[15.95,16,16,0],"texture":"#texture"},"up":{"uv":[0,0,0.05,16],"texture":"#texture"},"north":{"uv":[15.95,10,16,11],"texture":"#texture"},"south":{"uv":[0,10,0.05,11],"texture":"#texture"},"west":{"uv":[0,10,16,11],"texture":"#texture"},"east":{"uv":[0,10,16,11],"texture":"#texture"}}},{"from":[-2.5,6,15.5],"to":[0,10,16.5],"faces":{"down":{"uv":[15.95,16,16,15.5],"texture":"#texture"},"up":{"uv":[0,15.5,0.05,16],"texture":"#texture"},"north":{"uv":[15.95,6,16,10],"texture":"#texture"},"south":{"uv":[0,6,0.05,10],"texture":"#texture"},"west":{"uv":[15.5,6,16,10],"texture":"#texture"},"east":{"uv":[0,6,0.5,10],"texture":"#texture"}}},{"from":[6,4,0.5],"to":[10,5,15.5],"faces":{"down":{"uv":[10,15.5,6,0.5],"texture":"#texture"},"up":{"uv":[6,0.5,10,15.5],"texture":"#texture"},"north":{"uv":[6,11,10,12],"texture":"#texture"},"south":{"uv":[6,11,10,12],"texture":"#texture"},"west":{"uv":[0.5,11,15.5,12],"texture":"#texture"},"east":{"uv":[0.5,11,15.5,12],"texture":"#texture"}}},{"from":[-9,13,7.5],"to":[-8,14,8.5],"faces":{"down":{"uv":[15.95,8.5,16,7.5],"texture":"#texture"},"up":{"uv":[0,7.5,0.05,8.5],"texture":"#texture"},"north":{"uv":[15.95,2,16,3],"texture":"#texture"},"south":{"uv":[0,2,0.05,3],"texture":"#texture"},"west":{"uv":[7.5,2,8.5,3],"texture":"#texture"},"east":{"uv":[7.5,2,8.5,3],"texture":"#texture"}}},{"from":[-8,14,7.5],"to":[-7,15,8.5],"faces":{"down":{"uv":[15.95,8.5,16,7.5],"texture":"#texture"},"up":{"uv":[0,7.5,0.05,8.5],"texture":"#texture"},"north":{"uv":[15.95,1,16,2],"texture":"#texture"},"south":{"uv":[0,1,0.05,2],"texture":"#texture"},"west":{"uv":[7.5,1,8.5,2],"texture":"#texture"},"east":{"uv":[7.5,1,8.5,2],"texture":"#texture"}}},{"from":[6,1,3.5],"to":[9,1.5,12.5],"faces":{"down":{"uv":[10,12.5,7,3.5],"texture":"#texture"},"up":{"uv":[6,3.5,9,12.5],"texture":"#texture"},"north":{"uv":[7,14.5,10,15],"texture":"#texture"},"south":{"uv":[6,14.5,9,15],"texture":"#texture"},"west":{"uv":[3.5,14.5,12.5,15],"texture":"#texture"},"east":{"uv":[3.5,14.5,12.5,15],"texture":"#texture"}}},{"from":[-1.875,16.3125,6],"to":[-0.9375,18,10],"rotation":{"origin":[-1.875,18,6],"axis":"z","angle":-22.5},"faces":{"down":{"uv":[12.5,10,11.5,6],"texture":"#texture"},"up":{"uv":[3.5,6,4.5,10],"texture":"#texture"},"north":{"uv":[11.5,0,12.5,0.05],"texture":"#texture"},"south":{"uv":[3.5,0,4.5,0.05],"texture":"#texture"},"west":{"uv":[6,0,10,0.05],"texture":"#texture"},"east":{"uv":[6,0,10,0.05],"texture":"#texture"}}},{"from":[6,10.5,0],"to":[11.5,11.5,16],"faces":{"down":{"uv":[10,16,4.5,0],"texture":"#texture"},"up":{"uv":[6,0,11.5,16],"texture":"#texture"},"north":{"uv":[4.5,4.5,10,5.5],"texture":"#texture"},"south":{"uv":[6,4.5,11.5,5.5],"texture":"#texture"},"west":{"uv":[0,4.5,16,5.5],"texture":"#texture"},"east":{"uv":[0,4.5,16,5.5],"texture":"#texture"}}},{"from":[6,15.5,4.5],"to":[12,16,11.5],"faces":{"down":{"uv":[10,11.5,4,4.5],"texture":"#texture"},"up":{"uv":[6,4.5,12,11.5],"texture":"#texture"},"north":{"uv":[4,0,10,0.5],"texture":"#texture"},"south":{"uv":[6,0,12,0.5],"texture":"#texture"},"west":{"uv":[4.5,0,11.5,0.5],"texture":"#texture"},"east":{"uv":[4.5,0,11.5,0.5],"texture":"#texture"}}},{"from":[-2.5,6,2.5],"to":[0,15,3.5],"faces":{"down":{"uv":[15.95,3.5,16,2.5],"texture":"#texture"},"up":{"uv":[0,2.5,0.05,3.5],"texture":"#texture"},"north":{"uv":[15.95,1,16,10],"texture":"#texture"},"south":{"uv":[0,1,0.05,10],"texture":"#texture"},"west":{"uv":[2.5,1,3.5,10],"texture":"#texture"},"east":{"uv":[12.5,1,13.5,10],"texture":"#texture"}}},{"from":[-9.5,12.5,7.5],"to":[-8.5,13.5,8.5],"faces":{"down":{"uv":[15.95,8.5,16,7.5],"texture":"#texture"},"up":{"uv":[0,7.5,0.05,8.5],"texture":"#texture"},"north":{"uv":[15.95,2.5,16,3.5],"texture":"#texture"},"south":{"uv":[0,2.5,0.05,3.5],"texture":"#texture"},"west":{"uv":[7.5,2.5,8.5,3.5],"texture":"#texture"},"east":{"uv":[7.5,2.5,8.5,3.5],"texture":"#texture"}}},{"from":[-2.5,6,1.5],"to":[0,14,2.5],"faces":{"down":{"uv":[15.95,2.5,16,1.5],"texture":"#texture"},"up":{"uv":[0,1.5,0.05,2.5],"texture":"#texture"},"north":{"uv":[15.95,2,16,10],"texture":"#texture"},"south":{"uv":[0,2,0.05,10],"texture":"#texture"},"west":{"uv":[1.5,2,2.5,10],"texture":"#texture"},"east":{"uv":[13.5,2,14.5,10],"texture":"#texture"}}},{"from":[-2.5,13.5,13],"to":[0,14.5,14],"faces":{"down":{"uv":[15.95,14,16,13],"texture":"#texture"},"up":{"uv":[0,13,0.05,14],"texture":"#texture"},"north":{"uv":[15.95,1.5,16,2.5],"texture":"#texture"},"south":{"uv":[0,1.5,0.05,2.5],"texture":"#texture"},"west":{"uv":[13,1.5,14,2.5],"texture":"#texture"},"east":{"uv":[2,1.5,3,2.5],"texture":"#texture"}}},{"from":[-2.5,12.5,14],"to":[0,13.5,15],"faces":{"down":{"uv":[15.95,15,16,14],"texture":"#texture"},"up":{"uv":[0,14,0.05,15],"texture":"#texture"},"north":{"uv":[15.95,2.5,16,3.5],"texture":"#texture"},"south":{"uv":[0,2.5,0.05,3.5],"texture":"#texture"},"west":{"uv":[14,2.5,15,3.5],"texture":"#texture"},"east":{"uv":[1,2.5,2,3.5],"texture":"#texture"}}},{"from":[-2.5,14.5,10],"to":[6,16,11.5],"faces":{"down":{"uv":[16,11.5,10,10],"texture":"#texture"},"up":{"uv":[0,10,6,11.5],"texture":"#texture"},"north":{"uv":[10,0,16,1.5],"texture":"#texture"},"south":{"uv":[0,0,6,1.5],"texture":"#texture"},"west":{"uv":[10,0,11.5,1.5],"texture":"#texture"},"east":{"uv":[4.5,0,6,1.5],"texture":"#texture"}}},{"from":[-2.5,6,-0.5],"to":[0,10,0.5],"faces":{"down":{"uv":[15.95,0.5,16,0],"texture":"#texture"},"up":{"uv":[0,0,0.05,0.5],"texture":"#texture"},"north":{"uv":[15.95,6,16,10],"texture":"#texture"},"south":{"uv":[0,6,0.05,10],"texture":"#texture"},"west":{"uv":[0,6,0.5,10],"texture":"#texture"},"east":{"uv":[15.5,6,16,10],"texture":"#texture"}}},{"from":[-2.5,6,0.5],"to":[0,12.5,1.5],"faces":{"down":{"uv":[15.95,1.5,16,0.5],"texture":"#texture"},"up":{"uv":[0,0.5,0.05,1.5],"texture":"#texture"},"north":{"uv":[15.95,3.5,16,10],"texture":"#texture"},"south":{"uv":[0,3.5,0.05,10],"texture":"#texture"},"west":{"uv":[0.5,3.5,1.5,10],"texture":"#texture"},"east":{"uv":[14.5,3.5,15.5,10],"texture":"#texture"}}},{"from":[-2.5,6,3.5],"to":[0,15.5,4.5],"faces":{"down":{"uv":[15.95,4.5,16,3.5],"texture":"#texture"},"up":{"uv":[0,3.5,0.05,4.5],"texture":"#texture"},"north":{"uv":[15.95,0.5,16,10],"texture":"#texture"},"south":{"uv":[0,0.5,0.05,10],"texture":"#texture"},"west":{"uv":[3.5,0.5,4.5,10],"texture":"#texture"},"east":{"uv":[11.5,0.5,12.5,10],"texture":"#texture"}}},{"from":[-2.5,10,0],"to":[0,11.5,1],"faces":{"down":{"uv":[15.95,1,16,0],"texture":"#texture"},"up":{"uv":[0,0,0.05,1],"texture":"#texture"},"north":{"uv":[15.95,4.5,16,6],"texture":"#texture"},"south":{"uv":[0,4.5,0.05,6],"texture":"#texture"},"west":{"uv":[0,4.5,1,6],"texture":"#texture"},"east":{"uv":[15,4.5,16,6],"texture":"#texture"}}},{"from":[6,1.5,2.5],"to":[9,2,13.5],"faces":{"down":{"uv":[10,13.5,7,2.5],"texture":"#texture"},"up":{"uv":[6,2.5,9,13.5],"texture":"#texture"},"north":{"uv":[7,14,10,14.5],"texture":"#texture"},"south":{"uv":[6,14,9,14.5],"texture":"#texture"},"west":{"uv":[2.5,14,13.5,14.5],"texture":"#texture"},"east":{"uv":[2.5,14,13.5,14.5],"texture":"#texture"}}},{"from":[0,1.5,2.5],"to":[6,2,13.5],"faces":{"down":{"uv":[16,13.5,10,2.5],"texture":"#texture"},"up":{"uv":[0,2.5,6,13.5],"texture":"#texture"},"north":{"uv":[10,14,16,14.5],"texture":"#texture"},"south":{"uv":[0,14,6,14.5],"texture":"#texture"},"west":{"uv":[2.5,14,13.5,14.5],"texture":"#texture"},"east":{"uv":[2.5,14,13.5,14.5],"texture":"#texture"}}},{"from":[-5,1,3.5],"to":[0,2,12.5],"faces":{"down":{"uv":[15.95,12.5,16,3.5],"texture":"#texture"},"up":{"uv":[0,3.5,0.05,12.5],"texture":"#texture"},"north":{"uv":[15.95,14,16,15],"texture":"#texture"},"south":{"uv":[0,14,0.05,15],"texture":"#texture"},"west":{"uv":[3.5,14,12.5,15],"texture":"#texture"},"east":{"uv":[3.5,14,12.5,15],"texture":"#texture"}}},{"from":[0,15,3.5],"to":[6,15.5,12.5],"faces":{"down":{"uv":[11,12.5,5,3.5],"texture":"#texture"},"up":{"uv":[5,3.5,11,12.5],"texture":"#texture"},"north":{"uv":[5,0.5,11,1],"texture":"#texture"},"south":{"uv":[5,0.5,11,1],"texture":"#texture"},"west":{"uv":[3.5,0.5,12.5,1],"texture":"#texture"},"east":{"uv":[3.5,0.5,12.5,1],"texture":"#texture"}}},{"from":[0,14.5,2.5],"to":[6,15,13.5],"faces":{"down":{"uv":[11,13.5,5,2.5],"texture":"#texture"},"up":{"uv":[5,2.5,11,13.5],"texture":"#texture"},"north":{"uv":[5,1,11,1.5],"texture":"#texture"},"south":{"uv":[5,1,11,1.5],"texture":"#texture"},"west":{"uv":[2.5,1,13.5,1.5],"texture":"#texture"},"east":{"uv":[2.5,1,13.5,1.5],"texture":"#texture"}}},{"from":[-0.875,2,4.5],"to":[0.125,14.5,11.5],"faces":{"down":{"uv":[16,11.5,15.875,4.5],"texture":"#black"},"up":{"uv":[0,4.5,0.125,11.5],"texture":"#black"},"north":{"uv":[15.875,1.5,16,14],"texture":"#black"},"south":{"uv":[0,1.5,0.125,14],"texture":"#black"},"west":{"uv":[4.5,1.5,11.5,14],"texture":"#black"},"east":{"uv":[4.5,1.5,11.5,14],"texture":"#black"}}},{"from":[8,16,7.5],"to":[11.5,18,8.5],"faces":{"down":{"uv":[8,8.5,4.5,7.5],"texture":"#texture"},"up":{"uv":[8,7.5,11.5,8.5],"texture":"#texture"},"north":{"uv":[4.5,0,8,0.05],"texture":"#texture"},"south":{"uv":[8,0,11.5,0.05],"texture":"#texture"},"west":{"uv":[7.5,0,8.5,0.05],"texture":"#texture"},"east":{"uv":[7.5,0,8.5,0.05],"texture":"#texture"}}},{"from":[-2.5,6,11.5],"to":[0,15.5,12.5],"faces":{"down":{"uv":[15.95,12.5,16,11.5],"texture":"#texture"},"up":{"uv":[0,11.5,0.05,12.5],"texture":"#texture"},"north":{"uv":[15.95,0.5,16,10],"texture":"#texture"},"south":{"uv":[0,0.5,0.05,10],"texture":"#texture"},"west":{"uv":[11.5,0.5,12.5,10],"texture":"#texture"},"east":{"uv":[3.5,0.5,4.5,10],"texture":"#texture"}}},{"from":[-2.5,6,12.5],"to":[0,15,13.5],"faces":{"down":{"uv":[15.95,13.5,16,12.5],"texture":"#texture"},"up":{"uv":[0,12.5,0.05,13.5],"texture":"#texture"},"north":{"uv":[15.95,1,16,10],"texture":"#texture"},"south":{"uv":[0,1,0.05,10],"texture":"#texture"},"west":{"uv":[12.5,1,13.5,10],"texture":"#texture"},"east":{"uv":[2.5,1,3.5,10],"texture":"#texture"}}},{"from":[6,14,2],"to":[12.5,14.5,14],"faces":{"down":{"uv":[10,14,3.5,2],"texture":"#texture"},"up":{"uv":[6,2,12.5,14],"texture":"#texture"},"north":{"uv":[3.5,1.5,10,2],"texture":"#texture"},"south":{"uv":[6,1.5,12.5,2],"texture":"#texture"},"west":{"uv":[2,1.5,14,2],"texture":"#texture"},"east":{"uv":[2,1.5,14,2],"texture":"#texture"}}},{"from":[-2.5,6,13.5],"to":[0,14,14.5],"faces":{"down":{"uv":[15.95,14.5,16,13.5],"texture":"#texture"},"up":{"uv":[0,13.5,0.05,14.5],"texture":"#texture"},"north":{"uv":[15.95,2,16,10],"texture":"#texture"},"south":{"uv":[0,2,0.05,10],"texture":"#texture"},"west":{"uv":[13.5,2,14.5,10],"texture":"#texture"},"east":{"uv":[1.5,2,2.5,10],"texture":"#texture"}}},{"from":[6,12.5,1],"to":[12,13.5,15],"faces":{"down":{"uv":[10,15,4,1],"texture":"#texture"},"up":{"uv":[6,1,12,15],"texture":"#texture"},"north":{"uv":[4,2.5,10,3.5],"texture":"#texture"},"south":{"uv":[6,2.5,12,3.5],"texture":"#texture"},"west":{"uv":[1,2.5,15,3.5],"texture":"#texture"},"east":{"uv":[1,2.5,15,3.5],"texture":"#texture"}}},{"from":[-2.5,6,14.5],"to":[0,12.5,15.5],"faces":{"down":{"uv":[15.95,15.5,16,14.5],"texture":"#texture"},"up":{"uv":[0,14.5,0.05,15.5],"texture":"#texture"},"north":{"uv":[15.95,3.5,16,10],"texture":"#texture"},"south":{"uv":[0,3.5,0.05,10],"texture":"#texture"},"west":{"uv":[14.5,3.5,15.5,10],"texture":"#texture"},"east":{"uv":[0.5,3.5,1.5,10],"texture":"#texture"}}},{"from":[-2.5,10,15],"to":[0,11.5,16],"faces":{"down":{"uv":[15.95,16,16,15],"texture":"#texture"},"up":{"uv":[0,15,0.05,16],"texture":"#texture"},"north":{"uv":[15.95,4.5,16,6],"texture":"#texture"},"south":{"uv":[0,4.5,0.05,6],"texture":"#texture"},"west":{"uv":[15,4.5,16,6],"texture":"#texture"},"east":{"uv":[0,4.5,1,6],"texture":"#texture"}}},{"from":[6,8,-0.5],"to":[11,10,16.5],"faces":{"down":{"uv":[10,16,5,0],"texture":"#texture"},"up":{"uv":[6,0,11,16],"texture":"#texture"},"north":{"uv":[5,6,10,8],"texture":"#texture"},"south":{"uv":[6,6,11,8],"texture":"#texture"},"west":{"uv":[0,6,16,8],"texture":"#texture"},"east":{"uv":[0,6,16,8],"texture":"#texture"}}},{"from":[-8.5,13.5,7.5],"to":[-7.5,14.5,8.5],"faces":{"down":{"uv":[15.95,8.5,16,7.5],"texture":"#texture"},"up":{"uv":[0,7.5,0.05,8.5],"texture":"#texture"},"north":{"uv":[15.95,1.5,16,2.5],"texture":"#texture"},"south":{"uv":[0,1.5,0.05,2.5],"texture":"#texture"},"west":{"uv":[7.5,1.5,8.5,2.5],"texture":"#texture"},"east":{"uv":[7.5,1.5,8.5,2.5],"texture":"#texture"}}},{"from":[-10,6,6],"to":[-9.5,10,10],"faces":{"down":{"uv":[16,10,15.5,6],"texture":"#mc-coal-b"},"up":{"uv":[0,6,0.5,10],"texture":"#mc-coal-b"},"north":{"uv":[15.5,6,16,10],"texture":"#mc-coal-b"},"south":{"uv":[0,6,0.5,10],"texture":"#mc-coal-b"},"west":{"uv":[6,6,10,10],"texture":"#mc-coal-b"},"east":{"uv":[6,6,10,10],"texture":"#mc-coal-b"}}},{"from":[-9.5,6,4.5],"to":[-9,10,11.5],"faces":{"down":{"uv":[15.5,11.5,15,4.5],"texture":"#mc-coal-b"},"up":{"uv":[0.5,4.5,1,11.5],"texture":"#mc-coal-b"},"north":{"uv":[15,6,15.5,10],"texture":"#mc-coal-b"},"south":{"uv":[0.5,6,1,10],"texture":"#mc-coal-b"},"west":{"uv":[4.5,6,11.5,10],"texture":"#mc-coal-b"},"east":{"uv":[4.5,6,11.5,10],"texture":"#mc-coal-b"}}},{"from":[-9,6,3.5],"to":[-8.5,10,12.5],"faces":{"down":{"uv":[15,12.5,14.5,3.5],"texture":"#mc-coal-b"},"up":{"uv":[1,3.5,1.5,12.5],"texture":"#mc-coal-b"},"north":{"uv":[14.5,6,15,10],"texture":"#mc-coal-b"},"south":{"uv":[1,6,1.5,10],"texture":"#mc-coal-b"},"west":{"uv":[3.5,6,12.5,10],"texture":"#mc-coal-b"},"east":{"uv":[3.5,6,12.5,10],"texture":"#mc-coal-b"}}},{"from":[-8.5,6,2.5],"to":[-8,10,13.5],"faces":{"down":{"uv":[14.5,13.5,14,2.5],"texture":"#mc-coal-b"},"up":{"uv":[1.5,2.5,2,13.5],"texture":"#mc-coal-b"},"north":{"uv":[14,6,14.5,10],"texture":"#mc-coal-b"},"south":{"uv":[1.5,6,2,10],"texture":"#mc-coal-b"},"west":{"uv":[2.5,6,13.5,10],"texture":"#mc-coal-b"},"east":{"uv":[2.5,6,13.5,10],"texture":"#mc-coal-b"}}},{"from":[-8,6,2],"to":[-7.5,10,14],"faces":{"down":{"uv":[14,14,13.5,2],"texture":"#mc-coal-b"},"up":{"uv":[2,2,2.5,14],"texture":"#mc-coal-b"},"north":{"uv":[13.5,6,14,10],"texture":"#mc-coal-b"},"south":{"uv":[2,6,2.5,10],"texture":"#mc-coal-b"},"west":{"uv":[2,6,14,10],"texture":"#mc-coal-b"},"east":{"uv":[2,6,14,10],"texture":"#mc-coal-b"}}},{"from":[-7.5,6,1.5],"to":[-6.5,10,14.5],"faces":{"down":{"uv":[13.5,14.5,12.5,1.5],"texture":"#mc-coal-b"},"up":{"uv":[2.5,1.5,3.5,14.5],"texture":"#mc-coal-b"},"north":{"uv":[12.5,6,13.5,10],"texture":"#mc-coal-b"},"south":{"uv":[2.5,6,3.5,10],"texture":"#mc-coal-b"},"west":{"uv":[1.5,6,14.5,10],"texture":"#mc-coal-b"},"east":{"uv":[1.5,6,14.5,10],"texture":"#mc-coal-b"}}},{"from":[-6.5,6,1],"to":[-5.5,10,15],"faces":{"down":{"uv":[12.5,15,11.5,1],"texture":"#mc-coal-b"},"up":{"uv":[3.5,1,4.5,15],"texture":"#mc-coal-b"},"north":{"uv":[11.5,6,12.5,10],"texture":"#mc-coal-b"},"south":{"uv":[3.5,6,4.5,10],"texture":"#mc-coal-b"},"west":{"uv":[1,6,15,10],"texture":"#mc-coal-b"},"east":{"uv":[1,6,15,10],"texture":"#mc-coal-b"}}},{"from":[-5.5,6,0.5],"to":[-2.5,10,15.5],"faces":{"down":{"uv":[11.5,15.5,8.5,0.5],"texture":"#mc-coal-b"},"up":{"uv":[4.5,0.5,7.5,15.5],"texture":"#mc-coal-b"},"north":{"uv":[8.5,6,11.5,10],"texture":"#mc-coal-b"},"south":{"uv":[4.5,6,7.5,10],"texture":"#mc-coal-b"},"west":{"uv":[0.5,6,15.5,10],"texture":"#mc-coal-b"},"east":{"uv":[0.5,6,15.5,10],"texture":"#mc-coal-b"}}},{"from":[-9.5,10,6],"to":[-9,11.5,10],"faces":{"down":{"uv":[15.5,10,15,6],"texture":"#mc-coal-b"},"up":{"uv":[0.5,6,1,10],"texture":"#mc-coal-b"},"north":{"uv":[15,4.5,15.5,6],"texture":"#mc-coal-b"},"south":{"uv":[0.5,4.5,1,6],"texture":"#mc-coal-b"},"west":{"uv":[6,4.5,10,6],"texture":"#mc-coal-b"},"east":{"uv":[6,4.5,10,6],"texture":"#mc-coal-b"}}},{"from":[-9,10,4.5],"to":[-8.5,11.5,11.5],"faces":{"down":{"uv":[15,11.5,14.5,4.5],"texture":"#mc-coal-b"},"up":{"uv":[1,4.5,1.5,11.5],"texture":"#mc-coal-b"},"north":{"uv":[14.5,4.5,15,6],"texture":"#mc-coal-b"},"south":{"uv":[1,4.5,1.5,6],"texture":"#mc-coal-b"},"west":{"uv":[4.5,4.5,11.5,6],"texture":"#mc-coal-b"},"east":{"uv":[4.5,4.5,11.5,6],"texture":"#mc-coal-b"}}},{"from":[-8.5,10,3.5],"to":[-8,11.5,12.5],"faces":{"down":{"uv":[14.5,12.5,14,3.5],"texture":"#mc-coal-b"},"up":{"uv":[1.5,3.5,2,12.5],"texture":"#mc-coal-b"},"north":{"uv":[14,4.5,14.5,6],"texture":"#mc-coal-b"},"south":{"uv":[1.5,4.5,2,6],"texture":"#mc-coal-b"},"west":{"uv":[3.5,4.5,12.5,6],"texture":"#mc-coal-b"},"east":{"uv":[3.5,4.5,12.5,6],"texture":"#mc-coal-b"}}},{"from":[-8,10,2.5],"to":[-7.5,11.5,13.5],"faces":{"down":{"uv":[14,13.5,13.5,2.5],"texture":"#mc-coal-b"},"up":{"uv":[2,2.5,2.5,13.5],"texture":"#mc-coal-b"},"north":{"uv":[13.5,4.5,14,6],"texture":"#mc-coal-b"},"south":{"uv":[2,4.5,2.5,6],"texture":"#mc-coal-b"},"west":{"uv":[2.5,4.5,13.5,6],"texture":"#mc-coal-b"},"east":{"uv":[2.5,4.5,13.5,6],"texture":"#mc-coal-b"}}},{"from":[-7.5,10,2],"to":[-6.5,11.5,14],"faces":{"down":{"uv":[13.5,14,12.5,2],"texture":"#mc-coal-b"},"up":{"uv":[2.5,2,3.5,14],"texture":"#mc-coal-b"},"north":{"uv":[12.5,4.5,13.5,6],"texture":"#mc-coal-b"},"south":{"uv":[2.5,4.5,3.5,6],"texture":"#mc-coal-b"},"west":{"uv":[2,4.5,14,6],"texture":"#mc-coal-b"},"east":{"uv":[2,4.5,14,6],"texture":"#mc-coal-b"}}},{"from":[-6.5,10,1.5],"to":[-5.5,11.5,14.5],"faces":{"down":{"uv":[12.5,14.5,11.5,1.5],"texture":"#mc-coal-b"},"up":{"uv":[3.5,1.5,4.5,14.5],"texture":"#mc-coal-b"},"north":{"uv":[11.5,4.5,12.5,6],"texture":"#mc-coal-b"},"south":{"uv":[3.5,4.5,4.5,6],"texture":"#mc-coal-b"},"west":{"uv":[1.5,4.5,14.5,6],"texture":"#mc-coal-b"},"east":{"uv":[1.5,4.5,14.5,6],"texture":"#mc-coal-b"}}},{"from":[-5.5,10,1],"to":[-2.5,11.5,15],"faces":{"down":{"uv":[11.5,15,8.5,1],"texture":"#mc-coal-b"},"up":{"uv":[4.5,1,7.5,15],"texture":"#mc-coal-b"},"north":{"uv":[8.5,4.5,11.5,6],"texture":"#mc-coal-b"},"south":{"uv":[4.5,4.5,7.5,6],"texture":"#mc-coal-b"},"west":{"uv":[1,4.5,15,6],"texture":"#mc-coal-b"},"east":{"uv":[1,4.5,15,6],"texture":"#mc-coal-b"}}},{"from":[-9,11.5,6],"to":[-8.5,12.5,10],"faces":{"down":{"uv":[15,10,14.5,6],"texture":"#mc-coal-b"},"up":{"uv":[1,6,1.5,10],"texture":"#mc-coal-b"},"north":{"uv":[14.5,3.5,15,4.5],"texture":"#mc-coal-b"},"south":{"uv":[1,3.5,1.5,4.5],"texture":"#mc-coal-b"},"west":{"uv":[6,3.5,10,4.5],"texture":"#mc-coal-b"},"east":{"uv":[6,3.5,10,4.5],"texture":"#mc-coal-b"}}},{"from":[-8.5,11.5,4.5],"to":[-8,12.5,11.5],"faces":{"down":{"uv":[14.5,11.5,14,4.5],"texture":"#mc-coal-b"},"up":{"uv":[1.5,4.5,2,11.5],"texture":"#mc-coal-b"},"north":{"uv":[14,3.5,14.5,4.5],"texture":"#mc-coal-b"},"south":{"uv":[1.5,3.5,2,4.5],"texture":"#mc-coal-b"},"west":{"uv":[4.5,3.5,11.5,4.5],"texture":"#mc-coal-b"},"east":{"uv":[4.5,3.5,11.5,4.5],"texture":"#mc-coal-b"}}},{"from":[-8,11.5,3.5],"to":[-7.5,12.5,12.5],"faces":{"down":{"uv":[14,12.5,13.5,3.5],"texture":"#mc-coal-b"},"up":{"uv":[2,3.5,2.5,12.5],"texture":"#mc-coal-b"},"north":{"uv":[13.5,3.5,14,4.5],"texture":"#mc-coal-b"},"south":{"uv":[2,3.5,2.5,4.5],"texture":"#mc-coal-b"},"west":{"uv":[3.5,3.5,12.5,4.5],"texture":"#mc-coal-b"},"east":{"uv":[3.5,3.5,12.5,4.5],"texture":"#mc-coal-b"}}},{"from":[-7.5,11.5,2.5],"to":[-6.5,12.5,13.5],"faces":{"down":{"uv":[13.5,13.5,12.5,2.5],"texture":"#mc-coal-b"},"up":{"uv":[2.5,2.5,3.5,13.5],"texture":"#mc-coal-b"},"north":{"uv":[12.5,3.5,13.5,4.5],"texture":"#mc-coal-b"},"south":{"uv":[2.5,3.5,3.5,4.5],"texture":"#mc-coal-b"},"west":{"uv":[2.5,3.5,13.5,4.5],"texture":"#mc-coal-b"},"east":{"uv":[2.5,3.5,13.5,4.5],"texture":"#mc-coal-b"}}},{"from":[-6.5,11.5,2],"to":[-5.5,12.5,14],"faces":{"down":{"uv":[12.5,14,11.5,2],"texture":"#mc-coal-b"},"up":{"uv":[3.5,2,4.5,14],"texture":"#mc-coal-b"},"north":{"uv":[11.5,3.5,12.5,4.5],"texture":"#mc-coal-b"},"south":{"uv":[3.5,3.5,4.5,4.5],"texture":"#mc-coal-b"},"west":{"uv":[2,3.5,14,4.5],"texture":"#mc-coal-b"},"east":{"uv":[2,3.5,14,4.5],"texture":"#mc-coal-b"}}},{"from":[-5.5,11.5,1.5],"to":[-2.5,12.5,14.5],"faces":{"down":{"uv":[11.5,14.5,8.5,1.5],"texture":"#mc-coal-b"},"up":{"uv":[4.5,1.5,7.5,14.5],"texture":"#mc-coal-b"},"north":{"uv":[8.5,3.5,11.5,4.5],"texture":"#mc-coal-b"},"south":{"uv":[4.5,3.5,7.5,4.5],"texture":"#mc-coal-b"},"west":{"uv":[1.5,3.5,14.5,4.5],"texture":"#mc-coal-b"},"east":{"uv":[1.5,3.5,14.5,4.5],"texture":"#mc-coal-b"}}},{"from":[-8.5,12.5,6],"to":[-8,13,10],"faces":{"down":{"uv":[14.5,10,14,6],"texture":"#mc-coal-b"},"up":{"uv":[1.5,6,2,10],"texture":"#mc-coal-b"},"north":{"uv":[14,3,14.5,3.5],"texture":"#mc-coal-b"},"south":{"uv":[1.5,3,2,3.5],"texture":"#mc-coal-b"},"west":{"uv":[6,3,10,3.5],"texture":"#mc-coal-b"},"east":{"uv":[6,3,10,3.5],"texture":"#mc-coal-b"}}},{"from":[-8,12.5,4.5],"to":[-7.5,13,11.5],"faces":{"down":{"uv":[14,11.5,13.5,4.5],"texture":"#mc-coal-b"},"up":{"uv":[2,4.5,2.5,11.5],"texture":"#mc-coal-b"},"north":{"uv":[13.5,3,14,3.5],"texture":"#mc-coal-b"},"south":{"uv":[2,3,2.5,3.5],"texture":"#mc-coal-b"},"west":{"uv":[4.5,3,11.5,3.5],"texture":"#mc-coal-b"},"east":{"uv":[4.5,3,11.5,3.5],"texture":"#mc-coal-b"}}},{"from":[-7.5,12.5,3.5],"to":[-7,13,12.5],"faces":{"down":{"uv":[13.5,12.5,13,3.5],"texture":"#mc-coal-b"},"up":{"uv":[2.5,3.5,3,12.5],"texture":"#mc-coal-b"},"north":{"uv":[13,3,13.5,3.5],"texture":"#mc-coal-b"},"south":{"uv":[2.5,3,3,3.5],"texture":"#mc-coal-b"},"west":{"uv":[3.5,3,12.5,3.5],"texture":"#mc-coal-b"},"east":{"uv":[3.5,3,12.5,3.5],"texture":"#mc-coal-b"}}},{"from":[-7,12.5,3],"to":[-6.5,13,13],"faces":{"down":{"uv":[13,13,12.5,3],"texture":"#mc-coal-b"},"up":{"uv":[3,3,3.5,13],"texture":"#mc-coal-b"},"north":{"uv":[12.5,3,13,3.5],"texture":"#mc-coal-b"},"south":{"uv":[3,3,3.5,3.5],"texture":"#mc-coal-b"},"west":{"uv":[3,3,13,3.5],"texture":"#mc-coal-b"},"east":{"uv":[3,3,13,3.5],"texture":"#mc-coal-b"}}},{"from":[-6.5,12.5,2.5],"to":[-5.5,13,13.5],"faces":{"down":{"uv":[12.5,13.5,11.5,2.5],"texture":"#mc-coal-b"},"up":{"uv":[3.5,2.5,4.5,13.5],"texture":"#mc-coal-b"},"north":{"uv":[11.5,3,12.5,3.5],"texture":"#mc-coal-b"},"south":{"uv":[3.5,3,4.5,3.5],"texture":"#mc-coal-b"},"west":{"uv":[2.5,3,13.5,3.5],"texture":"#mc-coal-b"},"east":{"uv":[2.5,3,13.5,3.5],"texture":"#mc-coal-b"}}},{"from":[-5.5,12.5,2],"to":[-2.5,13,14],"faces":{"down":{"uv":[11.5,14,8.5,2],"texture":"#mc-coal-b"},"up":{"uv":[4.5,2,7.5,14],"texture":"#mc-coal-b"},"north":{"uv":[8.5,3,11.5,3.5],"texture":"#mc-coal-b"},"south":{"uv":[4.5,3,7.5,3.5],"texture":"#mc-coal-b"},"west":{"uv":[2,3,14,3.5],"texture":"#mc-coal-b"},"east":{"uv":[2,3,14,3.5],"texture":"#mc-coal-b"}}},{"from":[-8,13,6],"to":[-7.5,13.5,10],"faces":{"down":{"uv":[14,10,13.5,6],"texture":"#mc-coal-b"},"up":{"uv":[2,6,2.5,10],"texture":"#mc-coal-b"},"north":{"uv":[13.5,2.5,14,3],"texture":"#mc-coal-b"},"south":{"uv":[2,2.5,2.5,3],"texture":"#mc-coal-b"},"west":{"uv":[6,2.5,10,3],"texture":"#mc-coal-b"},"east":{"uv":[6,2.5,10,3],"texture":"#mc-coal-b"}}},{"from":[-7.5,13,4.5],"to":[-7,13.5,11.5],"faces":{"down":{"uv":[13.5,11.5,13,4.5],"texture":"#mc-coal-b"},"up":{"uv":[2.5,4.5,3,11.5],"texture":"#mc-coal-b"},"north":{"uv":[13,2.5,13.5,3],"texture":"#mc-coal-b"},"south":{"uv":[2.5,2.5,3,3],"texture":"#mc-coal-b"},"west":{"uv":[4.5,2.5,11.5,3],"texture":"#mc-coal-b"},"east":{"uv":[4.5,2.5,11.5,3],"texture":"#mc-coal-b"}}},{"from":[-7,13,3.5],"to":[-6.5,13.5,12.5],"faces":{"down":{"uv":[13,12.5,12.5,3.5],"texture":"#mc-coal-b"},"up":{"uv":[3,3.5,3.5,12.5],"texture":"#mc-coal-b"},"north":{"uv":[12.5,2.5,13,3],"texture":"#mc-coal-b"},"south":{"uv":[3,2.5,3.5,3],"texture":"#mc-coal-b"},"west":{"uv":[3.5,2.5,12.5,3],"texture":"#mc-coal-b"},"east":{"uv":[3.5,2.5,12.5,3],"texture":"#mc-coal-b"}}},{"from":[-6.5,13,3],"to":[-5.5,13.5,13],"faces":{"down":{"uv":[12.5,13,11.5,3],"texture":"#mc-coal-b"},"up":{"uv":[3.5,3,4.5,13],"texture":"#mc-coal-b"},"north":{"uv":[11.5,2.5,12.5,3],"texture":"#mc-coal-b"},"south":{"uv":[3.5,2.5,4.5,3],"texture":"#mc-coal-b"},"west":{"uv":[3,2.5,13,3],"texture":"#mc-coal-b"},"east":{"uv":[3,2.5,13,3],"texture":"#mc-coal-b"}}},{"from":[-5.5,13,2.5],"to":[-2.5,13.5,13.5],"faces":{"down":{"uv":[11.5,13.5,8.5,2.5],"texture":"#mc-coal-b"},"up":{"uv":[4.5,2.5,7.5,13.5],"texture":"#mc-coal-b"},"north":{"uv":[8.5,2.5,11.5,3],"texture":"#mc-coal-b"},"south":{"uv":[4.5,2.5,7.5,3],"texture":"#mc-coal-b"},"west":{"uv":[2.5,2.5,13.5,3],"texture":"#mc-coal-b"},"east":{"uv":[2.5,2.5,13.5,3],"texture":"#mc-coal-b"}}},{"from":[-7.5,13.5,6],"to":[-7,14,10],"faces":{"down":{"uv":[13.5,10,13,6],"texture":"#mc-coal-b"},"up":{"uv":[2.5,6,3,10],"texture":"#mc-coal-b"},"north":{"uv":[13,2,13.5,2.5],"texture":"#mc-coal-b"},"south":{"uv":[2.5,2,3,2.5],"texture":"#mc-coal-b"},"west":{"uv":[6,2,10,2.5],"texture":"#mc-coal-b"},"east":{"uv":[6,2,10,2.5],"texture":"#mc-coal-b"}}},{"from":[-7,13.5,4.5],"to":[-6.5,14,11.5],"faces":{"down":{"uv":[13,11.5,12.5,4.5],"texture":"#mc-coal-b"},"up":{"uv":[3,4.5,3.5,11.5],"texture":"#mc-coal-b"},"north":{"uv":[12.5,2,13,2.5],"texture":"#mc-coal-b"},"south":{"uv":[3,2,3.5,2.5],"texture":"#mc-coal-b"},"west":{"uv":[4.5,2,11.5,2.5],"texture":"#mc-coal-b"},"east":{"uv":[4.5,2,11.5,2.5],"texture":"#mc-coal-b"}}},{"from":[-6.5,13.5,3.5],"to":[-5.5,14,12.5],"faces":{"down":{"uv":[12.5,12.5,11.5,3.5],"texture":"#mc-coal-b"},"up":{"uv":[3.5,3.5,4.5,12.5],"texture":"#mc-coal-b"},"north":{"uv":[11.5,2,12.5,2.5],"texture":"#mc-coal-b"},"south":{"uv":[3.5,2,4.5,2.5],"texture":"#mc-coal-b"},"west":{"uv":[3.5,2,12.5,2.5],"texture":"#mc-coal-b"},"east":{"uv":[3.5,2,12.5,2.5],"texture":"#mc-coal-b"}}},{"from":[-5.5,13.5,3],"to":[-2.5,14,13],"faces":{"down":{"uv":[11.5,13,8.5,3],"texture":"#mc-coal-b"},"up":{"uv":[4.5,3,7.5,13],"texture":"#mc-coal-b"},"north":{"uv":[8.5,2,11.5,2.5],"texture":"#mc-coal-b"},"south":{"uv":[4.5,2,7.5,2.5],"texture":"#mc-coal-b"},"west":{"uv":[3,2,13,2.5],"texture":"#mc-coal-b"},"east":{"uv":[3,2,13,2.5],"texture":"#mc-coal-b"}}},{"from":[-7,14,6],"to":[-6.5,14.5,10],"faces":{"down":{"uv":[13,10,12.5,6],"texture":"#mc-coal-b"},"up":{"uv":[3,6,3.5,10],"texture":"#mc-coal-b"},"north":{"uv":[12.5,1.5,13,2],"texture":"#mc-coal-b"},"south":{"uv":[3,1.5,3.5,2],"texture":"#mc-coal-b"},"west":{"uv":[6,1.5,10,2],"texture":"#mc-coal-b"},"east":{"uv":[6,1.5,10,2],"texture":"#mc-coal-b"}}},{"from":[-6.5,14,4.5],"to":[-6,14.5,11.5],"faces":{"down":{"uv":[12.5,11.5,12,4.5],"texture":"#mc-coal-b"},"up":{"uv":[3.5,4.5,4,11.5],"texture":"#mc-coal-b"},"north":{"uv":[12,1.5,12.5,2],"texture":"#mc-coal-b"},"south":{"uv":[3.5,1.5,4,2],"texture":"#mc-coal-b"},"west":{"uv":[4.5,1.5,11.5,2],"texture":"#mc-coal-b"},"east":{"uv":[4.5,1.5,11.5,2],"texture":"#mc-coal-b"}}},{"from":[-6,14,4],"to":[-5.5,14.5,12],"faces":{"down":{"uv":[12,12,11.5,4],"texture":"#mc-coal-b"},"up":{"uv":[4,4,4.5,12],"texture":"#mc-coal-b"},"north":{"uv":[11.5,1.5,12,2],"texture":"#mc-coal-b"},"south":{"uv":[4,1.5,4.5,2],"texture":"#mc-coal-b"},"west":{"uv":[4,1.5,12,2],"texture":"#mc-coal-b"},"east":{"uv":[4,1.5,12,2],"texture":"#mc-coal-b"}}},{"from":[-5.5,14,3.5],"to":[-2.5,14.5,12.5],"faces":{"down":{"uv":[11.5,12.5,8.5,3.5],"texture":"#mc-coal-b"},"up":{"uv":[4.5,3.5,7.5,12.5],"texture":"#mc-coal-b"},"north":{"uv":[8.5,1.5,11.5,2],"texture":"#mc-coal-b"},"south":{"uv":[4.5,1.5,7.5,2],"texture":"#mc-coal-b"},"west":{"uv":[3.5,1.5,12.5,2],"texture":"#mc-coal-b"},"east":{"uv":[3.5,1.5,12.5,2],"texture":"#mc-coal-b"}}},{"from":[-5,14.5,4.5],"to":[-2.5,15,11.5],"faces":{"down":{"uv":[11,11.5,8.5,4.5],"texture":"#mc-coal-b"},"up":{"uv":[5,4.5,7.5,11.5],"texture":"#mc-coal-b"},"north":{"uv":[8.5,1,11,1.5],"texture":"#mc-coal-b"},"south":{"uv":[5,1,7.5,1.5],"texture":"#mc-coal-b"},"west":{"uv":[4.5,1,11.5,1.5],"texture":"#mc-coal-b"},"east":{"uv":[4.5,1,11.5,1.5],"texture":"#mc-coal-b"}}},{"from":[-4.5,15,6],"to":[-2.5,15.5,10],"faces":{"down":{"uv":[10.5,10,8.5,6],"texture":"#mc-coal-b"},"up":{"uv":[5.5,6,7.5,10],"texture":"#mc-coal-b"},"north":{"uv":[8.5,0.5,10.5,1],"texture":"#mc-coal-b"},"south":{"uv":[5.5,0.5,7.5,1],"texture":"#mc-coal-b"},"west":{"uv":[6,0.5,10,1],"texture":"#mc-coal-b"},"east":{"uv":[6,0.5,10,1],"texture":"#mc-coal-b"}}},{"from":[-5.5,14.5,5],"to":[-5,15,11],"faces":{"down":{"uv":[11.5,11,11,5],"texture":"#mc-coal-b"},"up":{"uv":[4.5,5,5,11],"texture":"#mc-coal-b"},"north":{"uv":[11,1,11.5,1.5],"texture":"#mc-coal-b"},"south":{"uv":[4.5,1,5,1.5],"texture":"#mc-coal-b"},"west":{"uv":[5,1,11,1.5],"texture":"#mc-coal-b"},"east":{"uv":[5,1,11,1.5],"texture":"#mc-coal-b"}}},{"from":[-6,14.5,6],"to":[-5.5,15,10],"faces":{"down":{"uv":[12,10,11.5,6],"texture":"#mc-coal-b"},"up":{"uv":[4,6,4.5,10],"texture":"#mc-coal-b"},"north":{"uv":[11.5,1,12,1.5],"texture":"#mc-coal-b"},"south":{"uv":[4,1,4.5,1.5],"texture":"#mc-coal-b"},"west":{"uv":[6,1,10,1.5],"texture":"#mc-coal-b"},"east":{"uv":[6,1,10,1.5],"texture":"#mc-coal-b"}}},{"from":[6,13.5,1.5],"to":[12,14,14.5],"faces":{"down":{"uv":[10,14.5,4,1.5],"texture":"#texture"},"up":{"uv":[6,1.5,12,14.5],"texture":"#texture"},"north":{"uv":[4,2,10,2.5],"texture":"#texture"},"south":{"uv":[6,2,12,2.5],"texture":"#texture"},"west":{"uv":[1.5,2,14.5,2.5],"texture":"#texture"},"east":{"uv":[1.5,2,14.5,2.5],"texture":"#texture"}}},{"from":[6,11.5,0.5],"to":[11.5,12,15.5],"faces":{"down":{"uv":[10,15.5,4.5,0.5],"texture":"#texture"},"up":{"uv":[6,0.5,11.5,15.5],"texture":"#texture"},"north":{"uv":[4.5,4,10,4.5],"texture":"#texture"},"south":{"uv":[6,4,11.5,4.5],"texture":"#texture"},"west":{"uv":[0.5,4,15.5,4.5],"texture":"#texture"},"east":{"uv":[0.5,4,15.5,4.5],"texture":"#texture"}}},{"from":[6,15,3.5],"to":[12.5,15.5,12.5],"faces":{"down":{"uv":[10,12.5,3.5,3.5],"texture":"#texture"},"up":{"uv":[6,3.5,12.5,12.5],"texture":"#texture"},"north":{"uv":[3.5,0.5,10,1],"texture":"#texture"},"south":{"uv":[6,0.5,12.5,1],"texture":"#texture"},"west":{"uv":[3.5,0.5,12.5,1],"texture":"#texture"},"east":{"uv":[3.5,0.5,12.5,1],"texture":"#texture"}}},{"from":[6,5,0],"to":[10,6,16],"faces":{"down":{"uv":[10,16,6,0],"texture":"#texture"},"up":{"uv":[6,0,10,16],"texture":"#texture"},"north":{"uv":[6,10,10,11],"texture":"#texture"},"south":{"uv":[6,10,10,11],"texture":"#texture"},"west":{"uv":[0,10,16,11],"texture":"#texture"},"east":{"uv":[0,10,16,11],"texture":"#texture"}}},{"from":[6,0.5,4.5],"to":[9,1,11.5],"faces":{"down":{"uv":[10,11.5,7,4.5],"texture":"#texture"},"up":{"uv":[6,4.5,9,11.5],"texture":"#texture"},"north":{"uv":[7,15,10,15.5],"texture":"#texture"},"south":{"uv":[6,15,9,15.5],"texture":"#texture"},"west":{"uv":[4.5,15,11.5,15.5],"texture":"#texture"},"east":{"uv":[4.5,15,11.5,15.5],"texture":"#texture"}}},{"from":[6,14.5,2.5],"to":[12.5,15,13.5],"faces":{"down":{"uv":[10,13.5,3.5,2.5],"texture":"#texture"},"up":{"uv":[6,2.5,12.5,13.5],"texture":"#texture"},"north":{"uv":[3.5,1,10,1.5],"texture":"#texture"},"south":{"uv":[6,1,12.5,1.5],"texture":"#texture"},"west":{"uv":[2.5,1,13.5,1.5],"texture":"#texture"},"east":{"uv":[2.5,1,13.5,1.5],"texture":"#texture"}}},{"from":[6,0,6],"to":[9,0.5,10],"faces":{"down":{"uv":[10,10,7,6],"texture":"#texture"},"up":{"uv":[6,6,9,10],"texture":"#texture"},"north":{"uv":[7,15.5,10,16],"texture":"#texture"},"south":{"uv":[6,15.5,9,16],"texture":"#texture"},"west":{"uv":[6,15.5,10,16],"texture":"#texture"},"east":{"uv":[6,15.5,10,16],"texture":"#texture"}}},{"from":[6,2,2],"to":[9.5,2.5,14],"faces":{"down":{"uv":[10,14,6.5,2],"texture":"#texture"},"up":{"uv":[6,2,9.5,14],"texture":"#texture"},"north":{"uv":[6.5,13.5,10,14],"texture":"#texture"},"south":{"uv":[6,13.5,9.5,14],"texture":"#texture"},"west":{"uv":[2,13.5,14,14],"texture":"#texture"},"east":{"uv":[2,13.5,14,14],"texture":"#texture"}}},{"from":[6,3,1],"to":[9.5,4,15],"faces":{"down":{"uv":[10,15,6.5,1],"texture":"#texture"},"up":{"uv":[6,1,9.5,15],"texture":"#texture"},"north":{"uv":[6.5,12,10,13],"texture":"#texture"},"south":{"uv":[6,12,9.5,13],"texture":"#texture"},"west":{"uv":[1,12,15,13],"texture":"#texture"},"east":{"uv":[1,12,15,13],"texture":"#texture"}}},{"from":[6,12,0.5],"to":[12,12.5,15.5],"faces":{"down":{"uv":[10,15.5,4,0.5],"texture":"#texture"},"up":{"uv":[6,0.5,12,15.5],"texture":"#texture"},"north":{"uv":[4,3.5,10,4],"texture":"#texture"},"south":{"uv":[6,3.5,12,4],"texture":"#texture"},"west":{"uv":[0.5,3.5,15.5,4],"texture":"#texture"},"east":{"uv":[0.5,3.5,15.5,4],"texture":"#texture"}}},{"from":[6,10,0],"to":[11.5,10.5,16],"faces":{"down":{"uv":[10,16,4.5,0],"texture":"#texture"},"up":{"uv":[6,0,11.5,16],"texture":"#texture"},"north":{"uv":[4.5,5.5,10,6],"texture":"#texture"},"south":{"uv":[6,5.5,11.5,6],"texture":"#texture"},"west":{"uv":[0,5.5,16,6],"texture":"#texture"},"east":{"uv":[0,5.5,16,6],"texture":"#texture"}}},{"from":[6,6,-0.5],"to":[10.5,8,16.5],"faces":{"down":{"uv":[10,16,5.5,0],"texture":"#texture"},"up":{"uv":[6,0,10.5,16],"texture":"#texture"},"north":{"uv":[5.5,8,10,10],"texture":"#texture"},"south":{"uv":[6,8,10.5,10],"texture":"#texture"},"west":{"uv":[0,8,16,10],"texture":"#texture"},"east":{"uv":[0,8,16,10],"texture":"#texture"}}},{"from":[-2.5,15.5,6],"to":[7.625,16.5,10],"faces":{"down":{"uv":[13.5,10,5,6],"texture":"#texture"},"up":{"uv":[2.5,6,11,10],"texture":"#texture"},"north":{"uv":[5,0,13.5,0.5],"texture":"#texture"},"south":{"uv":[2.5,0,11,0.5],"texture":"#texture"},"west":{"uv":[6,0,10,0.5],"texture":"#texture"},"east":{"uv":[6,0,10,0.5],"texture":"#texture"}}},{"from":[-1.875,16.5,6],"to":[7.625,18,10],"faces":{"down":{"uv":[16,10,8.375,6],"texture":"#texture"},"up":{"uv":[0,6,7.625,10],"texture":"#texture"},"north":{"uv":[8.375,0,16,0.05],"texture":"#texture"},"south":{"uv":[0,0,7.625,0.05],"texture":"#texture"},"west":{"uv":[6,0,10,0.05],"texture":"#texture"},"east":{"uv":[6,0,10,0.05],"texture":"#texture"}}},{"from":[7.5,16,6],"to":[11.5,18,7],"rotation":{"origin":[7.5,16,6],"axis":"y","angle":-22.5},"faces":{"down":{"uv":[5,7,0,6],"texture":"#texture"},"up":{"uv":[11,6,16,7],"texture":"#texture"},"north":{"uv":[0,0,5,0.05],"texture":"#texture"},"south":{"uv":[11,0,16,0.05],"texture":"#texture"},"west":{"uv":[6,0,7,0.05],"texture":"#texture"},"east":{"uv":[9,0,10,0.05],"texture":"#texture"}}},{"from":[7.125,16,9.0625],"to":[11.125,18,10.0625],"rotation":{"origin":[7.125,16,9.0625],"axis":"y","angle":22.5},"faces":{"down":{"uv":[5,10,0,9],"texture":"#texture"},"up":{"uv":[11,9,16,10],"texture":"#texture"},"north":{"uv":[0,0,5,0.05],"texture":"#texture"},"south":{"uv":[11,0,16,0.05],"texture":"#texture"},"west":{"uv":[9,0,10,0.05],"texture":"#texture"},"east":{"uv":[6,0,7,0.05],"texture":"#texture"}}},{"from":[7.5,16,7],"to":[9,18,9],"faces":{"down":{"uv":[8.5,9,7,7],"texture":"#texture"},"up":{"uv":[7.5,7,9,9],"texture":"#texture"},"north":{"uv":[7,0,8.5,0.05],"texture":"#texture"},"south":{"uv":[7.5,0,9,0.05],"texture":"#texture"},"west":{"uv":[7,0,9,0.05],"texture":"#texture"},"east":{"uv":[7,0,9,0.05],"texture":"#texture"}}},{"from":[11.5,17,7.5],"to":[14,18,8.5],"rotation":{"origin":[11.5,18,7.5],"axis":"z","angle":-22.5},"faces":{"down":{"uv":[0,8.5,0.05,7.5],"texture":"#texture"},"up":{"uv":[15.95,7.5,16,8.5],"texture":"#texture"},"north":{"uv":[0,0,0.05,0.05],"texture":"#texture"},"south":{"uv":[15.95,0,16,0.05],"texture":"#texture"},"west":{"uv":[7.5,0,8.5,0.05],"texture":"#texture"},"east":{"uv":[7.5,0,8.5,0.05],"texture":"#texture"}}},{"from":[11.5,16,7.5],"to":[32,17,8.5],"faces":{"down":{"uv":[4.5,8.5,0,7.5],"texture":"#texture"},"up":{"uv":[11.5,7.5,16,8.5],"texture":"#texture"},"north":{"uv":[0,0,4.5,0.05],"texture":"#texture"},"south":{"uv":[11.5,0,16,0.05],"texture":"#texture"},"west":{"uv":[7.5,0,8.5,0.05],"texture":"#texture"},"east":{"uv":[7.5,0,8.5,0.05],"texture":"#texture"}}},{"from":[31,15.5,7],"to":[32,21,9],"rotation":{"origin":[31,21,7],"axis":"z","angle":-22.5},"faces":{"down":{"uv":[0,8.5,0.05,7.5],"texture":"#texture"},"up":{"uv":[15.95,7.5,16,8.5],"texture":"#texture"},"north":{"uv":[0,0,0.05,0.05],"texture":"#texture"},"south":{"uv":[15.95,0,16,0.05],"texture":"#texture"},"west":{"uv":[7.5,0,8.5,0.05],"texture":"#texture"},"east":{"uv":[7.5,0,8.5,0.05],"texture":"#texture"}}},{"from":[31,16,7],"to":[32,21,9],"faces":{"down":{"uv":[0,9,0.05,7],"texture":"#texture"},"up":{"uv":[15.95,7,16,9],"texture":"#texture"},"north":{"uv":[0,0,0.05,0.05],"texture":"#texture"},"south":{"uv":[15.95,0,16,0.05],"texture":"#texture"},"west":{"uv":[7,0,9,0.05],"texture":"#texture"},"east":{"uv":[7,0,9,0.05],"texture":"#texture"}}},{"from":[30,16,7],"to":[31.5,18.5,9],"faces":{"down":{"uv":[0,9,0.05,7],"texture":"#texture"},"up":{"uv":[15.95,7,16,9],"texture":"#texture"},"north":{"uv":[0,0,0.05,0.05],"texture":"#texture"},"south":{"uv":[15.95,0,16,0.05],"texture":"#texture"},"west":{"uv":[7,0,9,0.05],"texture":"#texture"},"east":{"uv":[7,0,9,0.05],"texture":"#texture"}}},{"from":[12,14.5,6],"to":[31.5,15.5,10],"faces":{"down":{"uv":[4,10,0,6],"texture":"#texture"},"up":{"uv":[12,6,16,10],"texture":"#texture"},"north":{"uv":[0,0.5,4,1.5],"texture":"#texture"},"south":{"uv":[12,0.5,16,1.5],"texture":"#texture"},"west":{"uv":[6,0.5,10,1.5],"texture":"#texture"},"east":{"uv":[6,0.5,10,1.5],"texture":"#texture"}}},{"from":[12,14.5,6.5],"to":[32,16,9.5],"faces":{"down":{"uv":[4,9.5,0,6.5],"texture":"#texture"},"up":{"uv":[12,6.5,16,9.5],"texture":"#texture"},"north":{"uv":[0,0,4,1.5],"texture":"#texture"},"south":{"uv":[12,0,16,1.5],"texture":"#texture"},"west":{"uv":[6.5,0,9.5,1.5],"texture":"#texture"},"east":{"uv":[6.5,0,9.5,1.5],"texture":"#texture"}}},{"from":[12,14,6.5],"to":[31.5,14.5,9.5],"faces":{"down":{"uv":[4,9.5,0,6.5],"texture":"#texture"},"up":{"uv":[12,6.5,16,9.5],"texture":"#texture"},"north":{"uv":[0,1.5,4,2],"texture":"#texture"},"south":{"uv":[12,1.5,16,2],"texture":"#texture"},"west":{"uv":[6.5,1.5,9.5,2],"texture":"#texture"},"east":{"uv":[6.5,1.5,9.5,2],"texture":"#texture"}}},{"from":[5,18.5,7.5],"to":[6,21,8.5],"faces":{"down":{"uv":[11,8.5,10,7.5],"texture":"#texture"},"up":{"uv":[5,7.5,6,8.5],"texture":"#texture"},"north":{"uv":[10,0,11,0.05],"texture":"#texture"},"south":{"uv":[5,0,6,0.05],"texture":"#texture"},"west":{"uv":[7.5,0,8.5,0.05],"texture":"#texture"},"east":{"uv":[7.5,0,8.5,0.05],"texture":"#texture"}}},{"from":[4,21,6],"to":[7,22,10],"faces":{"down":{"uv":[12,10,9,6],"texture":"#black"},"up":{"uv":[4,6,7,10],"texture":"#black"},"north":{"uv":[9,0,12,0.05],"texture":"#black"},"south":{"uv":[4,0,7,0.05],"texture":"#black"},"west":{"uv":[6,0,10,0.05],"texture":"#black"},"east":{"uv":[6,0,10,0.05],"texture":"#black"}}},{"from":[3.5,21,6.5],"to":[7.5,22,9.5],"faces":{"down":{"uv":[12.5,9.5,8.5,6.5],"texture":"#black"},"up":{"uv":[3.5,6.5,7.5,9.5],"texture":"#black"},"north":{"uv":[8.5,0,12.5,0.05],"texture":"#black"},"south":{"uv":[3.5,0,7.5,0.05],"texture":"#black"},"west":{"uv":[6.5,0,9.5,0.05],"texture":"#black"},"east":{"uv":[6.5,0,9.5,0.05],"texture":"#black"}}},{"from":[4.5,18,6.5],"to":[6.5,18.5,9.5],"faces":{"down":{"uv":[11.5,9.5,9.5,6.5],"texture":"#texture"},"up":{"uv":[4.5,6.5,6.5,9.5],"texture":"#texture"},"north":{"uv":[9.5,0,11.5,0.05],"texture":"#texture"},"south":{"uv":[4.5,0,6.5,0.05],"texture":"#texture"},"west":{"uv":[6.5,0,9.5,0.05],"texture":"#texture"},"east":{"uv":[6.5,0,9.5,0.05],"texture":"#texture"}}},{"from":[4,18,7],"to":[7,18.5,9],"faces":{"down":{"uv":[12,9,9,7],"texture":"#texture"},"up":{"uv":[4,7,7,9],"texture":"#texture"},"north":{"uv":[9,0,12,0.05],"texture":"#texture"},"south":{"uv":[4,0,7,0.05],"texture":"#texture"},"west":{"uv":[7,0,9,0.05],"texture":"#texture"},"east":{"uv":[7,0,9,0.05],"texture":"#texture"}}},{"from":[4,22,6.5],"to":[7,22.5,9.5],"faces":{"down":{"uv":[12,9.5,9,6.5],"texture":"#black"},"up":{"uv":[4,6.5,7,9.5],"texture":"#black"},"north":{"uv":[9,0,12,0.05],"texture":"#black"},"south":{"uv":[4,0,7,0.05],"texture":"#black"},"west":{"uv":[6.5,0,9.5,0.05],"texture":"#black"},"east":{"uv":[6.5,0,9.5,0.05],"texture":"#black"}}},{"from":[6,20.5,7],"to":[9,21,9],"faces":{"down":{"uv":[10,9,7,7],"texture":"#black"},"up":{"uv":[6,7,9,9],"texture":"#black"},"north":{"uv":[7,0,10,0.05],"texture":"#black"},"south":{"uv":[6,0,9,0.05],"texture":"#black"},"west":{"uv":[7,0,9,0.05],"texture":"#black"},"east":{"uv":[7,0,9,0.05],"texture":"#black"}}},{"from":[2,20.5,7],"to":[5,21,9],"faces":{"down":{"uv":[14,9,11,7],"texture":"#black"},"up":{"uv":[2,7,5,9],"texture":"#black"},"north":{"uv":[11,0,14,0.05],"texture":"#black"},"south":{"uv":[2,0,5,0.05],"texture":"#black"},"west":{"uv":[7,0,9,0.05],"texture":"#black"},"east":{"uv":[7,0,9,0.05],"texture":"#black"}}},{"from":[-13.5,20.5,6.5],"to":[2,21,9.5],"faces":{"down":{"uv":[8,9.5,0,6.5],"texture":"#black"},"up":{"uv":[8,6.5,16,9.5],"texture":"#black"},"north":{"uv":[0,0,8,0.05],"texture":"#black"},"south":{"uv":[8,0,16,0.05],"texture":"#black"},"west":{"uv":[6.5,0,9.5,0.05],"texture":"#black"},"east":{"uv":[6.5,0,9.5,0.05],"texture":"#black"}}},{"from":[-15.5,20.5,6],"to":[-13.5,21,10],"faces":{"down":{"uv":[15.95,10,16,6],"texture":"#yellow"},"up":{"uv":[0,6,0.05,10],"texture":"#yellow"},"north":{"uv":[15.95,0,16,0.05],"texture":"#yellow"},"south":{"uv":[0,0,0.05,0.05],"texture":"#yellow"},"west":{"uv":[6,0,10,0.05],"texture":"#yellow"},"east":{"uv":[6,0,10,0.05],"texture":"#yellow"}}},{"from":[9,20.5,6.5],"to":[24.5,21,9.5],"faces":{"down":{"uv":[8,9.5,0,6.5],"texture":"#black"},"up":{"uv":[8,6.5,16,9.5],"texture":"#black"},"north":{"uv":[0,0,8,0.05],"texture":"#black"},"south":{"uv":[8,0,16,0.05],"texture":"#black"},"west":{"uv":[6.5,0,9.5,0.05],"texture":"#black"},"east":{"uv":[6.5,0,9.5,0.05],"texture":"#black"}}},{"from":[26.5,20.5,6.5],"to":[27,21,9.5],"faces":{"down":{"uv":[0,9.5,0.05,6.5],"texture":"#yellow"},"up":{"uv":[15.95,6.5,16,9.5],"texture":"#yellow"},"north":{"uv":[0,0,0.05,0.05],"texture":"#yellow"},"south":{"uv":[15.95,0,16,0.05],"texture":"#yellow"},"west":{"uv":[6.5,0,9.5,0.05],"texture":"#yellow"},"east":{"uv":[6.5,0,9.5,0.05],"texture":"#yellow"}}},{"from":[-8,-3,-2],"to":[10.5,-2,-1],"faces":{"down":{"uv":[16,0,5.5,0.05],"texture":"#black"},"up":{"uv":[0,0,10.5,0.05],"texture":"#black"},"north":{"uv":[5.5,15.95,16,16],"texture":"#black"},"south":{"uv":[0,15.95,10.5,16],"texture":"#black"},"west":{"uv":[0,15.95,0.05,16],"texture":"#black"},"east":{"uv":[15.95,15.95,16,16],"texture":"#black"}}},{"from":[-9,-2.5,-2],"to":[-8,-1.5,-1],"faces":{"down":{"uv":[15.95,0,16,0.05],"texture":"#black"},"up":{"uv":[0,0,0.05,0.05],"texture":"#black"},"north":{"uv":[15.95,15.95,16,16],"texture":"#black"},"south":{"uv":[0,15.95,0.05,16],"texture":"#black"},"west":{"uv":[0,15.95,0.05,16],"texture":"#black"},"east":{"uv":[15.95,15.95,16,16],"texture":"#black"}}},{"from":[11.5,-2,17],"to":[12.5,-1,18],"faces":{"down":{"uv":[4.5,15.95,3.5,16],"texture":"#black"},"up":{"uv":[11.5,15.95,12.5,16],"texture":"#black"},"north":{"uv":[3.5,15.95,4.5,16],"texture":"#black"},"south":{"uv":[11.5,15.95,12.5,16],"texture":"#black"},"west":{"uv":[15.95,15.95,16,16],"texture":"#black"},"east":{"uv":[0,15.95,0.05,16],"texture":"#black"}}},{"from":[12,-1.5,-2],"to":[13,-0.5,-1],"faces":{"down":{"uv":[4,0,3,0.05],"texture":"#black"},"up":{"uv":[12,0,13,0.05],"texture":"#black"},"north":{"uv":[3,15.95,4,16],"texture":"#black"},"south":{"uv":[12,15.95,13,16],"texture":"#black"},"west":{"uv":[0,15.95,0.05,16],"texture":"#black"},"east":{"uv":[15.95,15.95,16,16],"texture":"#black"}}},{"from":[12.5,-0.5,17],"to":[13.5,0.5,18],"faces":{"down":{"uv":[3.5,15.95,2.5,16],"texture":"#black"},"up":{"uv":[12.5,15.95,13.5,16],"texture":"#black"},"north":{"uv":[2.5,15.5,3.5,16],"texture":"#black"},"south":{"uv":[12.5,15.5,13.5,16],"texture":"#black"},"west":{"uv":[15.95,15.5,16,16],"texture":"#black"},"east":{"uv":[0,15.5,0.05,16],"texture":"#black"}}},{"from":[10.5,-2.5,17],"to":[11.5,-1.5,18],"faces":{"down":{"uv":[5.5,15.95,4.5,16],"texture":"#black"},"up":{"uv":[10.5,15.95,11.5,16],"texture":"#black"},"north":{"uv":[4.5,15.95,5.5,16],"texture":"#black"},"south":{"uv":[10.5,15.95,11.5,16],"texture":"#black"},"west":{"uv":[15.95,15.95,16,16],"texture":"#black"},"east":{"uv":[0,15.95,0.05,16],"texture":"#black"}}},{"from":[-10,-2,17],"to":[-9,-1,18],"faces":{"down":{"uv":[15.95,15.95,16,16],"texture":"#black"},"up":{"uv":[0,15.95,0.05,16],"texture":"#black"},"north":{"uv":[15.95,15.95,16,16],"texture":"#black"},"south":{"uv":[0,15.95,0.05,16],"texture":"#black"},"west":{"uv":[15.95,15.95,16,16],"texture":"#black"},"east":{"uv":[0,15.95,0.05,16],"texture":"#black"}}},{"from":[-10.5,-1.5,17],"to":[-9.5,-0.5,18],"faces":{"down":{"uv":[15.95,15.95,16,16],"texture":"#black"},"up":{"uv":[0,15.95,0.05,16],"texture":"#black"},"north":{"uv":[15.95,15.95,16,16],"texture":"#black"},"south":{"uv":[0,15.95,0.05,16],"texture":"#black"},"west":{"uv":[15.95,15.95,16,16],"texture":"#black"},"east":{"uv":[0,15.95,0.05,16],"texture":"#black"}}},{"from":[-11,-0.5,-2],"to":[-10,0.5,-1],"faces":{"down":{"uv":[15.95,0,16,0.05],"texture":"#black"},"up":{"uv":[0,0,0.05,0.05],"texture":"#black"},"north":{"uv":[15.95,15.5,16,16],"texture":"#black"},"south":{"uv":[0,15.5,0.05,16],"texture":"#black"},"west":{"uv":[0,15.5,0.05,16],"texture":"#black"},"east":{"uv":[15.95,15.5,16,16],"texture":"#black"}}},{"from":[7,2,13],"to":[8,3,20],"rotation":{"origin":[7,3,13],"axis":"x","angle":45},"faces":{"down":{"uv":[15.95,16,16,13.5],"texture":"#black"},"up":{"uv":[0,13.5,0.05,16],"texture":"#black"},"north":{"uv":[15.95,13,16,14],"texture":"#black"},"south":{"uv":[0,13,0.05,14],"texture":"#black"},"west":{"uv":[13.5,13,16,14],"texture":"#black"},"east":{"uv":[0,13,2.5,14],"texture":"#black"}}},{"from":[-5.5,-2.9375,-1.9375],"to":[-4.5,-1.9375,5.0625],"rotation":{"origin":[-5.5,-1.9375,-1.9375],"axis":"x","angle":-45},"faces":{"down":{"uv":[15.95,16,16,13.5],"texture":"#black"},"up":{"uv":[0,13.5,0.05,16],"texture":"#black"},"north":{"uv":[15.95,13,16,14],"texture":"#black"},"south":{"uv":[0,13,0.05,14],"texture":"#black"},"west":{"uv":[13.5,13,16,14],"texture":"#black"},"east":{"uv":[0,13,2.5,14],"texture":"#black"}}},{"from":[-8,-3,17],"to":[10.5,-2,18],"faces":{"down":{"uv":[16,15.95,5.5,16],"texture":"#black"},"up":{"uv":[0,15.95,10.5,16],"texture":"#black"},"north":{"uv":[5.5,15.95,16,16],"texture":"#black"},"south":{"uv":[0,15.95,10.5,16],"texture":"#black"},"west":{"uv":[15.95,15.95,16,16],"texture":"#black"},"east":{"uv":[0,15.95,0.05,16],"texture":"#black"}}},{"from":[-9,-2.5,17],"to":[-8,-1.5,18],"faces":{"down":{"uv":[15.95,15.95,16,16],"texture":"#black"},"up":{"uv":[0,15.95,0.05,16],"texture":"#black"},"north":{"uv":[15.95,15.95,16,16],"texture":"#black"},"south":{"uv":[0,15.95,0.05,16],"texture":"#black"},"west":{"uv":[15.95,15.95,16,16],"texture":"#black"},"east":{"uv":[0,15.95,0.05,16],"texture":"#black"}}},{"from":[11.5,-2,-2],"to":[12.5,-1,-1],"faces":{"down":{"uv":[4.5,0,3.5,0.05],"texture":"#black"},"up":{"uv":[11.5,0,12.5,0.05],"texture":"#black"},"north":{"uv":[3.5,15.95,4.5,16],"texture":"#black"},"south":{"uv":[11.5,15.95,12.5,16],"texture":"#black"},"west":{"uv":[0,15.95,0.05,16],"texture":"#black"},"east":{"uv":[15.95,15.95,16,16],"texture":"#black"}}},{"from":[12,-1.5,17],"to":[13,-0.5,18],"faces":{"down":{"uv":[4,15.95,3,16],"texture":"#black"},"up":{"uv":[12,15.95,13,16],"texture":"#black"},"north":{"uv":[3,15.95,4,16],"texture":"#black"},"south":{"uv":[12,15.95,13,16],"texture":"#black"},"west":{"uv":[15.95,15.95,16,16],"texture":"#black"},"east":{"uv":[0,15.95,0.05,16],"texture":"#black"}}},{"from":[12.5,-0.5,-2],"to":[13.5,0.5,-1],"faces":{"down":{"uv":[3.5,0,2.5,0.05],"texture":"#black"},"up":{"uv":[12.5,0,13.5,0.05],"texture":"#black"},"north":{"uv":[2.5,15.5,3.5,16],"texture":"#black"},"south":{"uv":[12.5,15.5,13.5,16],"texture":"#black"},"west":{"uv":[0,15.5,0.05,16],"texture":"#black"},"east":{"uv":[15.95,15.5,16,16],"texture":"#black"}}},{"from":[10.5,-2.5,-2],"to":[11.5,-1.5,-1],"faces":{"down":{"uv":[5.5,0,4.5,0.05],"texture":"#black"},"up":{"uv":[10.5,0,11.5,0.05],"texture":"#black"},"north":{"uv":[4.5,15.95,5.5,16],"texture":"#black"},"south":{"uv":[10.5,15.95,11.5,16],"texture":"#black"},"west":{"uv":[0,15.95,0.05,16],"texture":"#black"},"east":{"uv":[15.95,15.95,16,16],"texture":"#black"}}},{"from":[-10,-2,-2],"to":[-9,-1,-1],"faces":{"down":{"uv":[15.95,0,16,0.05],"texture":"#black"},"up":{"uv":[0,0,0.05,0.05],"texture":"#black"},"north":{"uv":[15.95,15.95,16,16],"texture":"#black"},"south":{"uv":[0,15.95,0.05,16],"texture":"#black"},"west":{"uv":[0,15.95,0.05,16],"texture":"#black"},"east":{"uv":[15.95,15.95,16,16],"texture":"#black"}}},{"from":[-10.5,-1.5,-2],"to":[-9.5,-0.5,-1],"faces":{"down":{"uv":[15.95,0,16,0.05],"texture":"#black"},"up":{"uv":[0,0,0.05,0.05],"texture":"#black"},"north":{"uv":[15.95,15.95,16,16],"texture":"#black"},"south":{"uv":[0,15.95,0.05,16],"texture":"#black"},"west":{"uv":[0,15.95,0.05,16],"texture":"#black"},"east":{"uv":[15.95,15.95,16,16],"texture":"#black"}}},{"from":[-11,-0.5,17],"to":[-10,0.5,18],"faces":{"down":{"uv":[15.95,15.95,16,16],"texture":"#black"},"up":{"uv":[0,15.95,0.05,16],"texture":"#black"},"north":{"uv":[15.95,15.5,16,16],"texture":"#black"},"south":{"uv":[0,15.5,0.05,16],"texture":"#black"},"west":{"uv":[15.95,15.5,16,16],"texture":"#black"},"east":{"uv":[0,15.5,0.05,16],"texture":"#black"}}},{"from":[7,-2.9375,-1.9375],"to":[8,-1.9375,5.0625],"rotation":{"origin":[7,-1.9375,-1.9375],"axis":"x","angle":-45},"faces":{"down":{"uv":[15.95,16,16,13.5],"texture":"#black"},"up":{"uv":[0,13.5,0.05,16],"texture":"#black"},"north":{"uv":[15.95,13,16,14],"texture":"#black"},"south":{"uv":[0,13,0.05,14],"texture":"#black"},"west":{"uv":[13.5,13,16,14],"texture":"#black"},"east":{"uv":[0,13,2.5,14],"texture":"#black"}}},{"from":[-5.5,2,13],"to":[-4.5,3,20],"rotation":{"origin":[-5.5,3,13],"axis":"x","angle":45},"faces":{"down":{"uv":[15.95,16,16,13.5],"texture":"#black"},"up":{"uv":[0,13.5,0.05,16],"texture":"#black"},"north":{"uv":[15.95,13,16,14],"texture":"#black"},"south":{"uv":[0,13,0.05,14],"texture":"#black"},"west":{"uv":[13.5,13,16,14],"texture":"#black"},"east":{"uv":[0,13,2.5,14],"texture":"#black"}}},{"from":[24.5,20.5,6],"to":[26.5,21,10],"faces":{"down":{"uv":[0,10,0.05,6],"texture":"#yellow"},"up":{"uv":[15.95,6,16,10],"texture":"#yellow"},"north":{"uv":[0,0,0.05,0.05],"texture":"#yellow"},"south":{"uv":[15.95,0,16,0.05],"texture":"#yellow"},"west":{"uv":[6,0,10,0.05],"texture":"#yellow"},"east":{"uv":[6,0,10,0.05],"texture":"#yellow"}}},{"from":[-16,20.5,6.5],"to":[-15.5,21,9.5],"faces":{"down":{"uv":[15.95,9.5,16,6.5],"texture":"#yellow"},"up":{"uv":[0,6.5,0.05,9.5],"texture":"#yellow"},"north":{"uv":[15.95,0,16,0.05],"texture":"#yellow"},"south":{"uv":[0,0,0.05,0.05],"texture":"#yellow"},"west":{"uv":[6.5,0,9.5,0.05],"texture":"#yellow"},"east":{"uv":[6.5,0,9.5,0.05],"texture":"#yellow"}}}],"gui_light":"front"}