{
	"format_version": "1.21.6",
	"credit": "Made with Blockbench",
	"parent": "item/generated",
	"textures": {
		"particle": "item/flans/weapons/medkit/purple_kit",
		"layer0": "item/flans/weapons/medkit/purple_kit"
	},
	"display": {
		"thirdperson_righthand": {
			"rotation": [65, -90, -25],
			"translation": [0, -1.75, -3],
			"scale": [0.6, 0.6, 0.6]
		},
		"thirdperson_lefthand": {
			"rotation": [65, 90, 25],
			"translation": [0, -1.75, -3],
			"scale": [0.6, 0.6, 0.6]
		},
		"firstperson_righthand": {
			"translation": [-9, 4.25, 0],
			"scale": [0.7, 0.7, 0.7]
		},
		"firstperson_lefthand": {
			"translation": [-9, 4.25, 0],
			"scale": [0.7, 0.7, 0.7]
		},
		"ground": {
			"translation": [0, 3, 0],
			"scale": [0.7, 0.7, 0.7]
		},
		"head": {
			"translation": [0, 12.5, 0]
		}
	}
}