{
	"format_version": "1.21.6",
	"credit": "Made with Blockbench",
	"parent": "item/generated",
	"textures": {
		"particle": "item/flans/items/cheatcodes/banker_cc",
		"layer0": "item/flans/items/cheatcodes/banker_cc"
	},
	"display": {
		"thirdperson_righthand": {
			"translation": [0, 3, 0.75],
			"scale": [0.5, 0.5, 0.5]
		},
		"thirdperson_lefthand": {
			"translation": [0, 3, 0.75],
			"scale": [0.5, 0.5, 0.5]
		},
		"firstperson_righthand": {
			"rotation": [0, -90, 0],
			"translation": [0, 3.5, -0.25],
			"scale": [0.5, 0.5, 0.5]
		},
		"firstperson_lefthand": {
			"rotation": [0, 90, 0],
			"translation": [0, 3.5, 0.25],
			"scale": [0.5, 0.5, 0.5]
		},
		"ground": {
			"translation": [0, 3, 0],
			"scale": [0.6, 0.6, 0.6]
		},
		"head": {
			"translation": [0, 10, 0],
			"scale": [0.6, 0.6, 0.6]
		},
		"on_shelf": {
			"rotation": [0, -180, 0]
		}
	}
}