{"__comment":"DesignedbyCorporalBLOBERwithCubikStudio","textures":{"particle":"crates/crate1/crate1","texture":"crates/crate1/crate1","mesh_palette":"crates/star1"},"elements":[{"__comment":"Cube1","from":[-2,-2,-2],"to":[18,18.5,18],"faces":{"down":{"uv":[0.5,0.5,15.5,15.5],"texture":"#texture"},"up":{"uv":[0.5,0.5,15.5,15.5],"texture":"#texture"},"north":{"uv":[0.5,0.5,15.5,15.5],"texture":"#texture"},"south":{"uv":[0.5,0.5,15.5,15.5],"texture":"#texture"},"west":{"uv":[0.5,0.5,15.5,15.5],"texture":"#texture"},"east":{"uv":[0.5,0.5,15.5,15.5],"texture":"#texture"}}},{"__comment":"Cube4","from":[17,-1,-4],"to":[20,17,-1],"faces":{"down":{"uv":[13,13,16,16],"texture":"#texture"},"up":{"uv":[13,13,16,16],"texture":"#texture"},"north":{"uv":[0,1.5,1.5,14.5],"texture":"#texture"},"south":{"uv":[14.5,1.5,16,14.5],"texture":"#texture"},"west":{"uv":[0,1.5,1.5,14.5],"texture":"#texture"},"east":{"uv":[14.5,1.5,16,14.5],"texture":"#texture"}}},{"__comment":"Cube3","from":[-4,17,-4],"to":[20,20,-1],"faces":{"down":{"uv":[0,0,16,1.5],"texture":"#texture"},"up":{"uv":[0,0,16,1.5],"texture":"#texture"},"north":{"uv":[0,0,16,1.5],"texture":"#texture"},"south":{"uv":[0,0,16,1.5],"texture":"#texture"},"west":{"uv":[0,0,1.5,1.5],"texture":"#texture"},"east":{"uv":[14.5,0,16,1.5],"texture":"#texture"}}},{"__comment":"Cube3","from":[-4,17,-1],"to":[-1,20,17],"faces":{"down":{"uv":[14.5,1.5,16,14.5],"texture":"#texture"},"up":{"uv":[14.5,1.5,16,14.5],"texture":"#texture"},"north":{"uv":[0,13,3,16],"texture":"#texture"},"south":{"uv":[13,13,16,16],"texture":"#texture"},"west":{"uv":[1.5,0,14.5,1.5],"texture":"#texture"},"east":{"uv":[1.5,0,14.5,1.5],"texture":"#texture"}}},{"__comment":"Cube4","from":[-4,-1,-4],"to":[-1,17,-1],"faces":{"down":{"uv":[13,13,16,16],"texture":"#texture"},"up":{"uv":[13,13,16,16],"texture":"#texture"},"north":{"uv":[0,1.5,1.5,14.5],"texture":"#texture"},"south":{"uv":[14.5,1.5,16,14.5],"texture":"#texture"},"west":{"uv":[0,1.5,1.5,14.5],"texture":"#texture"},"east":{"uv":[14.5,1.5,16,14.5],"texture":"#texture"}}},{"__comment":"Cube4","from":[-4,-1,17],"to":[-1,17,20],"faces":{"down":{"uv":[13,13,16,16],"texture":"#texture"},"up":{"uv":[13,13,16,16],"texture":"#texture"},"north":{"uv":[14.5,1.5,16,14.5],"texture":"#texture"},"south":{"uv":[0,1.5,1.5,14.5],"texture":"#texture"},"west":{"uv":[0,1.5,1.5,14.5],"texture":"#texture"},"east":{"uv":[14.5,1.5,16,14.5],"texture":"#texture"}}},{"__comment":"Cube3","from":[-4,17,17],"to":[20,20,20],"faces":{"down":{"uv":[0,0,16,1.5],"texture":"#texture"},"up":{"uv":[0,0,16,1.5],"texture":"#texture"},"north":{"uv":[0,0,16,1.5],"texture":"#texture"},"south":{"uv":[0,0,16,1.5],"texture":"#texture"},"west":{"uv":[14.5,0,16,1.5],"texture":"#texture"},"east":{"uv":[0,0,1.5,1.5],"texture":"#texture"}}},{"__comment":"Cube3","from":[-4,-4,-4],"to":[20,-1,-1],"faces":{"down":{"uv":[0,14.5,16,16],"texture":"#texture"},"up":{"uv":[0,14.5,16,16],"texture":"#texture"},"north":{"uv":[0,14.5,16,16],"texture":"#texture"},"south":{"uv":[0,14.5,16,16],"texture":"#texture","rotation":270},"west":{"uv":[14.5,14.5,16,16],"texture":"#texture"},"east":{"uv":[0,14.5,1.5,16],"texture":"#texture"}}},{"__comment":"Cube3","from":[-4,-4,17],"to":[20,-1,20],"faces":{"down":{"uv":[0,14.5,16,16],"texture":"#texture"},"up":{"uv":[0,14.5,16,16],"texture":"#texture"},"north":{"uv":[0,14.5,16,16],"texture":"#texture"},"south":{"uv":[0,14.5,16,16],"texture":"#texture"},"west":{"uv":[14.5,14.5,16,16],"texture":"#texture"},"east":{"uv":[0,14.5,1.5,16],"texture":"#texture"}}},{"__comment":"Cube4","from":[17,-1,17],"to":[20,17,20],"faces":{"down":{"uv":[13,13,16,16],"texture":"#texture"},"up":{"uv":[13,13,16,16],"texture":"#texture"},"north":{"uv":[0,1.5,1.5,14.5],"texture":"#texture"},"south":{"uv":[14.5,1.5,16,14.5],"texture":"#texture"},"west":{"uv":[0,1.5,1.5,14.5],"texture":"#texture"},"east":{"uv":[14.5,1.5,16,14.5],"texture":"#texture"}}},{"__comment":"Cube3","from":[17,17,-1],"to":[20,20,17],"faces":{"down":{"uv":[14.5,1.5,16,14.5],"texture":"#texture"},"up":{"uv":[14.5,1.5,16,14.5],"texture":"#texture"},"north":{"uv":[0,13,3,16],"texture":"#texture"},"south":{"uv":[13,13,16,16],"texture":"#texture"},"west":{"uv":[1.5,0,14.5,1.5],"texture":"#texture"},"east":{"uv":[1.5,0,14.5,1.5],"texture":"#texture"}}},{"__comment":"Cube3","from":[-4,-4,-1],"to":[-1,-1,17],"faces":{"down":{"uv":[14.5,1.5,16,14.5],"texture":"#texture"},"up":{"uv":[14.5,1.5,16,14.5],"texture":"#texture"},"north":{"uv":[0,13,3,16],"texture":"#texture"},"south":{"uv":[13,13,16,16],"texture":"#texture"},"west":{"uv":[1.5,14.5,14.5,16],"texture":"#texture"},"east":{"uv":[1.5,14.5,14.5,16],"texture":"#texture"}}},{"__comment":"Cube3","from":[17,-4,-1],"to":[20,-1,17],"faces":{"down":{"uv":[14.5,1.5,16,14.5],"texture":"#texture"},"up":{"uv":[14.5,1.5,16,14.5],"texture":"#texture"},"north":{"uv":[0,13,3,16],"texture":"#texture"},"south":{"uv":[13,13,16,16],"texture":"#texture"},"west":{"uv":[1.5,14.5,14.5,16],"texture":"#texture"},"east":{"uv":[1.5,14.5,14.5,16],"texture":"#texture"}}},{"__comment":"Cube3","from":[-1.5,15.5,16],"to":[22.5,18.5,19],"rotation":{"origin":[-1.5,15.5,16],"axis":"z","angle":-45},"faces":{"down":{"uv":[0,0,16,1.5],"texture":"#texture"},"up":{"uv":[0,0,16,1.5],"texture":"#texture"},"north":{"uv":[0,0,16,1.5],"texture":"#texture"},"south":{"uv":[0,0,16,1.5],"texture":"#texture"},"west":{"uv":[14.5,0,16,1.5],"texture":"#texture"},"east":{"uv":[0,0,1.5,1.5],"texture":"#texture"}}},{"__comment":"Cube3","from":[-3,15.5,-1.5],"to":[0,18.5,22.5],"rotation":{"origin":[-3,15.5,-1.5],"axis":"x","angle":45},"faces":{"down":{"uv":[14.5,1.5,16,14.5],"texture":"#texture"},"up":{"uv":[14.5,1.5,16,14.5],"texture":"#texture"},"north":{"uv":[0,13,3,16],"texture":"#texture"},"south":{"uv":[13,13,16,16],"texture":"#texture"},"west":{"uv":[1.5,0,14.5,1.5],"texture":"#texture"},"east":{"uv":[1.5,0,14.5,1.5],"texture":"#texture"}}},{"__comment":"Cube3","from":[16,15.5,-1.5],"to":[19,18.5,22.5],"rotation":{"origin":[16,15.5,-1.5],"axis":"x","angle":45},"faces":{"down":{"uv":[14.5,1.5,16,14.5],"texture":"#texture"},"up":{"uv":[14.5,1.5,16,14.5],"texture":"#texture"},"north":{"uv":[0,13,3,16],"texture":"#texture"},"south":{"uv":[13,13,16,16],"texture":"#texture"},"west":{"uv":[1.5,0,14.5,1.5],"texture":"#texture"},"east":{"uv":[1.5,0,14.5,1.5],"texture":"#texture"}}},{"__comment":"Voxels-C3C3C3","from":[3.5,9.5,-2.125],"to":[7,10,-1.625],"faces":{"down":{"uv":[4.96,0.96,7.04,3.04],"texture":"#mesh_palette"},"up":{"uv":[4.96,0.96,7.04,3.04],"texture":"#mesh_palette"},"north":{"uv":[4.96,0.96,7.04,3.04],"texture":"#mesh_palette"},"south":{"uv":[4.96,0.96,7.04,3.04],"texture":"#mesh_palette"},"west":{"uv":[4.96,0.96,7.04,3.04],"texture":"#mesh_palette"},"east":{"uv":[4.96,0.96,7.04,3.04],"texture":"#mesh_palette"}}},{"__comment":"Voxels-C3C3C3","from":[4,9,-2.125],"to":[4.5,9.5,-1.625],"faces":{"down":{"uv":[4.96,0.96,7.04,3.04],"texture":"#mesh_palette"},"up":{"uv":[4.96,0.96,7.04,3.04],"texture":"#mesh_palette"},"north":{"uv":[4.96,0.96,7.04,3.04],"texture":"#mesh_palette"},"south":{"uv":[4.96,0.96,7.04,3.04],"texture":"#mesh_palette"},"west":{"uv":[4.96,0.96,7.04,3.04],"texture":"#mesh_palette"},"east":{"uv":[4.96,0.96,7.04,3.04],"texture":"#mesh_palette"}}},{"__comment":"Voxels-C3C3C3","from":[4.5,3.5,-2.125],"to":[5.5,4,-1.625],"faces":{"down":{"uv":[4.96,0.96,7.04,3.04],"texture":"#mesh_palette"},"up":{"uv":[4.96,0.96,7.04,3.04],"texture":"#mesh_palette"},"north":{"uv":[4.96,0.96,7.04,3.04],"texture":"#mesh_palette"},"south":{"uv":[4.96,0.96,7.04,3.04],"texture":"#mesh_palette"},"west":{"uv":[4.96,0.96,7.04,3.04],"texture":"#mesh_palette"},"east":{"uv":[4.96,0.96,7.04,3.04],"texture":"#mesh_palette"}}},{"__comment":"Voxels-C3C3C3","from":[4.5,4,-2.125],"to":[5,4.5,-1.625],"faces":{"down":{"uv":[4.96,0.96,7.04,3.04],"texture":"#mesh_palette"},"up":{"uv":[4.96,0.96,7.04,3.04],"texture":"#mesh_palette"},"north":{"uv":[4.96,0.96,7.04,3.04],"texture":"#mesh_palette"},"south":{"uv":[4.96,0.96,7.04,3.04],"texture":"#mesh_palette"},"west":{"uv":[4.96,0.96,7.04,3.04],"texture":"#mesh_palette"},"east":{"uv":[4.96,0.96,7.04,3.04],"texture":"#mesh_palette"}}},{"__comment":"Voxels-D4D4D4","from":[4.5,8.5,-2.125],"to":[5,9,-1.625],"faces":{"down":{"uv":[8.96,0.96,11.04,3.04],"texture":"#mesh_palette"},"up":{"uv":[8.96,0.96,11.04,3.04],"texture":"#mesh_palette"},"north":{"uv":[8.96,0.96,11.04,3.04],"texture":"#mesh_palette"},"south":{"uv":[8.96,0.96,11.04,3.04],"texture":"#mesh_palette"},"west":{"uv":[8.96,0.96,11.04,3.04],"texture":"#mesh_palette"},"east":{"uv":[8.96,0.96,11.04,3.04],"texture":"#mesh_palette"}}},{"__comment":"Voxels-C3C3C3","from":[5,4.5,-2.125],"to":[5.5,5,-1.625],"faces":{"down":{"uv":[4.96,0.96,7.04,3.04],"texture":"#mesh_palette"},"up":{"uv":[4.96,0.96,7.04,3.04],"texture":"#mesh_palette"},"north":{"uv":[4.96,0.96,7.04,3.04],"texture":"#mesh_palette"},"south":{"uv":[4.96,0.96,7.04,3.04],"texture":"#mesh_palette"},"west":{"uv":[4.96,0.96,7.04,3.04],"texture":"#mesh_palette"},"east":{"uv":[4.96,0.96,7.04,3.04],"texture":"#mesh_palette"}}},{"__comment":"Voxels-E3E3E3","from":[5,8.5,-2.125],"to":[5.5,9,-1.625],"faces":{"down":{"uv":[12.96,0.96,15.04,3.04],"texture":"#mesh_palette"},"up":{"uv":[12.96,0.96,15.04,3.04],"texture":"#mesh_palette"},"north":{"uv":[12.96,0.96,15.04,3.04],"texture":"#mesh_palette"},"south":{"uv":[12.96,0.96,15.04,3.04],"texture":"#mesh_palette"},"west":{"uv":[12.96,0.96,15.04,3.04],"texture":"#mesh_palette"},"east":{"uv":[12.96,0.96,15.04,3.04],"texture":"#mesh_palette"}}},{"__comment":"Voxels-C3C3C3","from":[5.5,4,-2.125],"to":[6,4.5,-1.625],"faces":{"down":{"uv":[4.96,0.96,7.04,3.04],"texture":"#mesh_palette"},"up":{"uv":[4.96,0.96,7.04,3.04],"texture":"#mesh_palette"},"north":{"uv":[4.96,0.96,7.04,3.04],"texture":"#mesh_palette"},"south":{"uv":[4.96,0.96,7.04,3.04],"texture":"#mesh_palette"},"west":{"uv":[4.96,0.96,7.04,3.04],"texture":"#mesh_palette"},"east":{"uv":[4.96,0.96,7.04,3.04],"texture":"#mesh_palette"}}},{"__comment":"Voxels-D4D4D4","from":[5.5,5,-2.125],"to":[6,5.5,-1.625],"faces":{"down":{"uv":[8.96,0.96,11.04,3.04],"texture":"#mesh_palette"},"up":{"uv":[8.96,0.96,11.04,3.04],"texture":"#mesh_palette"},"north":{"uv":[8.96,0.96,11.04,3.04],"texture":"#mesh_palette"},"south":{"uv":[8.96,0.96,11.04,3.04],"texture":"#mesh_palette"},"west":{"uv":[8.96,0.96,11.04,3.04],"texture":"#mesh_palette"},"east":{"uv":[8.96,0.96,11.04,3.04],"texture":"#mesh_palette"}}},{"__comment":"Voxels-E3E3E3","from":[5.5,5.5,-2.125],"to":[6,6,-1.625],"faces":{"down":{"uv":[12.96,0.96,15.04,3.04],"texture":"#mesh_palette"},"up":{"uv":[12.96,0.96,15.04,3.04],"texture":"#mesh_palette"},"north":{"uv":[12.96,0.96,15.04,3.04],"texture":"#mesh_palette"},"south":{"uv":[12.96,0.96,15.04,3.04],"texture":"#mesh_palette"},"west":{"uv":[12.96,0.96,15.04,3.04],"texture":"#mesh_palette"},"east":{"uv":[12.96,0.96,15.04,3.04],"texture":"#mesh_palette"}}},{"__comment":"Voxels-D4D4D4","from":[5.5,8,-2.125],"to":[6,8.5,-1.625],"faces":{"down":{"uv":[8.96,0.96,11.04,3.04],"texture":"#mesh_palette"},"up":{"uv":[8.96,0.96,11.04,3.04],"texture":"#mesh_palette"},"north":{"uv":[8.96,0.96,11.04,3.04],"texture":"#mesh_palette"},"south":{"uv":[8.96,0.96,11.04,3.04],"texture":"#mesh_palette"},"west":{"uv":[8.96,0.96,11.04,3.04],"texture":"#mesh_palette"},"east":{"uv":[8.96,0.96,11.04,3.04],"texture":"#mesh_palette"}}},{"__comment":"Voxels-D4D4D4","from":[6,4,-2.125],"to":[6.5,4.5,-1.625],"faces":{"down":{"uv":[8.96,0.96,11.04,3.04],"texture":"#mesh_palette"},"up":{"uv":[8.96,0.96,11.04,3.04],"texture":"#mesh_palette"},"north":{"uv":[8.96,0.96,11.04,3.04],"texture":"#mesh_palette"},"south":{"uv":[8.96,0.96,11.04,3.04],"texture":"#mesh_palette"},"west":{"uv":[8.96,0.96,11.04,3.04],"texture":"#mesh_palette"},"east":{"uv":[8.96,0.96,11.04,3.04],"texture":"#mesh_palette"}}},{"__comment":"Voxels-C3C3C3","from":[6,6,-2.125],"to":[6.5,7,-1.625],"faces":{"down":{"uv":[4.96,0.96,7.04,3.04],"texture":"#mesh_palette"},"up":{"uv":[4.96,0.96,7.04,3.04],"texture":"#mesh_palette"},"north":{"uv":[4.96,0.96,7.04,3.04],"texture":"#mesh_palette"},"south":{"uv":[4.96,0.96,7.04,3.04],"texture":"#mesh_palette"},"west":{"uv":[4.96,0.96,7.04,3.04],"texture":"#mesh_palette"},"east":{"uv":[4.96,0.96,7.04,3.04],"texture":"#mesh_palette"}}},{"__comment":"Voxels-C3C3C3","from":[6,8,-2.125],"to":[6.5,8.5,-1.625],"faces":{"down":{"uv":[4.96,0.96,7.04,3.04],"texture":"#mesh_palette"},"up":{"uv":[4.96,0.96,7.04,3.04],"texture":"#mesh_palette"},"north":{"uv":[4.96,0.96,7.04,3.04],"texture":"#mesh_palette"},"south":{"uv":[4.96,0.96,7.04,3.04],"texture":"#mesh_palette"},"west":{"uv":[4.96,0.96,7.04,3.04],"texture":"#mesh_palette"},"east":{"uv":[4.96,0.96,7.04,3.04],"texture":"#mesh_palette"}}},{"__comment":"Voxels-D4D4D4","from":[6.5,4.5,-2.125],"to":[7,5,-1.625],"faces":{"down":{"uv":[8.96,0.96,11.04,3.04],"texture":"#mesh_palette"},"up":{"uv":[8.96,0.96,11.04,3.04],"texture":"#mesh_palette"},"north":{"uv":[8.96,0.96,11.04,3.04],"texture":"#mesh_palette"},"south":{"uv":[8.96,0.96,11.04,3.04],"texture":"#mesh_palette"},"west":{"uv":[8.96,0.96,11.04,3.04],"texture":"#mesh_palette"},"east":{"uv":[8.96,0.96,11.04,3.04],"texture":"#mesh_palette"}}},{"__comment":"Voxels-C3C3C3","from":[6.5,7,-2.125],"to":[7,7.5,-1.625],"faces":{"down":{"uv":[4.96,0.96,7.04,3.04],"texture":"#mesh_palette"},"up":{"uv":[4.96,0.96,7.04,3.04],"texture":"#mesh_palette"},"north":{"uv":[4.96,0.96,7.04,3.04],"texture":"#mesh_palette"},"south":{"uv":[4.96,0.96,7.04,3.04],"texture":"#mesh_palette"},"west":{"uv":[4.96,0.96,7.04,3.04],"texture":"#mesh_palette"},"east":{"uv":[4.96,0.96,7.04,3.04],"texture":"#mesh_palette"}}},{"__comment":"Voxels-D4D4D4","from":[6.5,7.5,-2.125],"to":[7,8,-1.625],"faces":{"down":{"uv":[8.96,0.96,11.04,3.04],"texture":"#mesh_palette"},"up":{"uv":[8.96,0.96,11.04,3.04],"texture":"#mesh_palette"},"north":{"uv":[8.96,0.96,11.04,3.04],"texture":"#mesh_palette"},"south":{"uv":[8.96,0.96,11.04,3.04],"texture":"#mesh_palette"},"west":{"uv":[8.96,0.96,11.04,3.04],"texture":"#mesh_palette"},"east":{"uv":[8.96,0.96,11.04,3.04],"texture":"#mesh_palette"}}},{"__comment":"Voxels-C3C3C3","from":[7,5,-2.125],"to":[7.5,5.5,-1.625],"faces":{"down":{"uv":[4.96,0.96,7.04,3.04],"texture":"#mesh_palette"},"up":{"uv":[4.96,0.96,7.04,3.04],"texture":"#mesh_palette"},"north":{"uv":[4.96,0.96,7.04,3.04],"texture":"#mesh_palette"},"south":{"uv":[4.96,0.96,7.04,3.04],"texture":"#mesh_palette"},"west":{"uv":[4.96,0.96,7.04,3.04],"texture":"#mesh_palette"},"east":{"uv":[4.96,0.96,7.04,3.04],"texture":"#mesh_palette"}}},{"__comment":"Voxels-C3C3C3","from":[7,10,-2.125],"to":[7.5,10.5,-1.625],"faces":{"down":{"uv":[4.96,0.96,7.04,3.04],"texture":"#mesh_palette"},"up":{"uv":[4.96,0.96,7.04,3.04],"texture":"#mesh_palette"},"north":{"uv":[4.96,0.96,7.04,3.04],"texture":"#mesh_palette"},"south":{"uv":[4.96,0.96,7.04,3.04],"texture":"#mesh_palette"},"west":{"uv":[4.96,0.96,7.04,3.04],"texture":"#mesh_palette"},"east":{"uv":[4.96,0.96,7.04,3.04],"texture":"#mesh_palette"}}},{"__comment":"Voxels-E3E3E3","from":[7,10.5,-2.125],"to":[7.5,11.5,-1.625],"faces":{"down":{"uv":[12.96,0.96,15.04,3.04],"texture":"#mesh_palette"},"up":{"uv":[12.96,0.96,15.04,3.04],"texture":"#mesh_palette"},"north":{"uv":[12.96,0.96,15.04,3.04],"texture":"#mesh_palette"},"south":{"uv":[12.96,0.96,15.04,3.04],"texture":"#mesh_palette"},"west":{"uv":[12.96,0.96,15.04,3.04],"texture":"#mesh_palette"},"east":{"uv":[12.96,0.96,15.04,3.04],"texture":"#mesh_palette"}}},{"__comment":"Voxels-C3C3C3","from":[7.5,5.5,-2.125],"to":[8,6,-1.625],"faces":{"down":{"uv":[4.96,0.96,7.04,3.04],"texture":"#mesh_palette"},"up":{"uv":[4.96,0.96,7.04,3.04],"texture":"#mesh_palette"},"north":{"uv":[4.96,0.96,7.04,3.04],"texture":"#mesh_palette"},"south":{"uv":[4.96,0.96,7.04,3.04],"texture":"#mesh_palette"},"west":{"uv":[4.96,0.96,7.04,3.04],"texture":"#mesh_palette"},"east":{"uv":[4.96,0.96,7.04,3.04],"texture":"#mesh_palette"}}},{"__comment":"Voxels-C3C3C3","from":[7.5,11.5,-2.125],"to":[8,13,-1.625],"faces":{"down":{"uv":[4.96,0.96,7.04,3.04],"texture":"#mesh_palette"},"up":{"uv":[4.96,0.96,7.04,3.04],"texture":"#mesh_palette"},"north":{"uv":[4.96,0.96,7.04,3.04],"texture":"#mesh_palette"},"south":{"uv":[4.96,0.96,7.04,3.04],"texture":"#mesh_palette"},"west":{"uv":[4.96,0.96,7.04,3.04],"texture":"#mesh_palette"},"east":{"uv":[4.96,0.96,7.04,3.04],"texture":"#mesh_palette"}}},{"__comment":"Voxels-D4D4D4","from":[8,6,-2.125],"to":[8.5,6.5,-1.625],"faces":{"down":{"uv":[8.96,0.96,11.04,3.04],"texture":"#mesh_palette"},"up":{"uv":[8.96,0.96,11.04,3.04],"texture":"#mesh_palette"},"north":{"uv":[8.96,0.96,11.04,3.04],"texture":"#mesh_palette"},"south":{"uv":[8.96,0.96,11.04,3.04],"texture":"#mesh_palette"},"west":{"uv":[8.96,0.96,11.04,3.04],"texture":"#mesh_palette"},"east":{"uv":[8.96,0.96,11.04,3.04],"texture":"#mesh_palette"}}},{"__comment":"Voxels-C3C3C3","from":[8,13,-2.125],"to":[8.5,13.5,-1.625],"faces":{"down":{"uv":[4.96,0.96,7.04,3.04],"texture":"#mesh_palette"},"up":{"uv":[4.96,0.96,7.04,3.04],"texture":"#mesh_palette"},"north":{"uv":[4.96,0.96,7.04,3.04],"texture":"#mesh_palette"},"south":{"uv":[4.96,0.96,7.04,3.04],"texture":"#mesh_palette"},"west":{"uv":[4.96,0.96,7.04,3.04],"texture":"#mesh_palette"},"east":{"uv":[4.96,0.96,7.04,3.04],"texture":"#mesh_palette"}}},{"__comment":"Voxels-E3E3E3","from":[8,13.5,-2.125],"to":[8.5,14,-1.625],"faces":{"down":{"uv":[12.96,0.96,15.04,3.04],"texture":"#mesh_palette"},"up":{"uv":[12.96,0.96,15.04,3.04],"texture":"#mesh_palette"},"north":{"uv":[12.96,0.96,15.04,3.04],"texture":"#mesh_palette"},"south":{"uv":[12.96,0.96,15.04,3.04],"texture":"#mesh_palette"},"west":{"uv":[12.96,0.96,15.04,3.04],"texture":"#mesh_palette"},"east":{"uv":[12.96,0.96,15.04,3.04],"texture":"#mesh_palette"}}},{"__comment":"Voxels-C3C3C3","from":[8.5,5.5,-2.125],"to":[9,6,-1.625],"faces":{"down":{"uv":[4.96,0.96,7.04,3.04],"texture":"#mesh_palette"},"up":{"uv":[4.96,0.96,7.04,3.04],"texture":"#mesh_palette"},"north":{"uv":[4.96,0.96,7.04,3.04],"texture":"#mesh_palette"},"south":{"uv":[4.96,0.96,7.04,3.04],"texture":"#mesh_palette"},"west":{"uv":[4.96,0.96,7.04,3.04],"texture":"#mesh_palette"},"east":{"uv":[4.96,0.96,7.04,3.04],"texture":"#mesh_palette"}}},{"__comment":"Voxels-D4D4D4","from":[8.5,11.5,-2.125],"to":[9,12.5,-1.625],"faces":{"down":{"uv":[8.96,0.96,11.04,3.04],"texture":"#mesh_palette"},"up":{"uv":[8.96,0.96,11.04,3.04],"texture":"#mesh_palette"},"north":{"uv":[8.96,0.96,11.04,3.04],"texture":"#mesh_palette"},"south":{"uv":[8.96,0.96,11.04,3.04],"texture":"#mesh_palette"},"west":{"uv":[8.96,0.96,11.04,3.04],"texture":"#mesh_palette"},"east":{"uv":[8.96,0.96,11.04,3.04],"texture":"#mesh_palette"}}},{"__comment":"Voxels-E3E3E3","from":[8.5,12.5,-2.125],"to":[9,13,-1.625],"faces":{"down":{"uv":[12.96,0.96,15.04,3.04],"texture":"#mesh_palette"},"up":{"uv":[12.96,0.96,15.04,3.04],"texture":"#mesh_palette"},"north":{"uv":[12.96,0.96,15.04,3.04],"texture":"#mesh_palette"},"south":{"uv":[12.96,0.96,15.04,3.04],"texture":"#mesh_palette"},"west":{"uv":[12.96,0.96,15.04,3.04],"texture":"#mesh_palette"},"east":{"uv":[12.96,0.96,15.04,3.04],"texture":"#mesh_palette"}}},{"__comment":"Voxels-C3C3C3","from":[9,5,-2.125],"to":[9.5,5.5,-1.625],"faces":{"down":{"uv":[4.96,0.96,7.04,3.04],"texture":"#mesh_palette"},"up":{"uv":[4.96,0.96,7.04,3.04],"texture":"#mesh_palette"},"north":{"uv":[4.96,0.96,7.04,3.04],"texture":"#mesh_palette"},"south":{"uv":[4.96,0.96,7.04,3.04],"texture":"#mesh_palette"},"west":{"uv":[4.96,0.96,7.04,3.04],"texture":"#mesh_palette"},"east":{"uv":[4.96,0.96,7.04,3.04],"texture":"#mesh_palette"}}},{"__comment":"Voxels-C3C3C3","from":[9,10,-2.125],"to":[9.5,11.5,-1.625],"faces":{"down":{"uv":[4.96,0.96,7.04,3.04],"texture":"#mesh_palette"},"up":{"uv":[4.96,0.96,7.04,3.04],"texture":"#mesh_palette"},"north":{"uv":[4.96,0.96,7.04,3.04],"texture":"#mesh_palette"},"south":{"uv":[4.96,0.96,7.04,3.04],"texture":"#mesh_palette"},"west":{"uv":[4.96,0.96,7.04,3.04],"texture":"#mesh_palette"},"east":{"uv":[4.96,0.96,7.04,3.04],"texture":"#mesh_palette"}}},{"__comment":"Voxels-C3C3C3","from":[9.5,4.5,-2.125],"to":[10,5,-1.625],"faces":{"down":{"uv":[4.96,0.96,7.04,3.04],"texture":"#mesh_palette"},"up":{"uv":[4.96,0.96,7.04,3.04],"texture":"#mesh_palette"},"north":{"uv":[4.96,0.96,7.04,3.04],"texture":"#mesh_palette"},"south":{"uv":[4.96,0.96,7.04,3.04],"texture":"#mesh_palette"},"west":{"uv":[4.96,0.96,7.04,3.04],"texture":"#mesh_palette"},"east":{"uv":[4.96,0.96,7.04,3.04],"texture":"#mesh_palette"}}},{"__comment":"Voxels-D4D4D4","from":[9.5,7,-2.125],"to":[10,7.5,-1.625],"faces":{"down":{"uv":[8.96,0.96,11.04,3.04],"texture":"#mesh_palette"},"up":{"uv":[8.96,0.96,11.04,3.04],"texture":"#mesh_palette"},"north":{"uv":[8.96,0.96,11.04,3.04],"texture":"#mesh_palette"},"south":{"uv":[8.96,0.96,11.04,3.04],"texture":"#mesh_palette"},"west":{"uv":[8.96,0.96,11.04,3.04],"texture":"#mesh_palette"},"east":{"uv":[8.96,0.96,11.04,3.04],"texture":"#mesh_palette"}}},{"__comment":"Voxels-C3C3C3","from":[9.5,7.5,-2.125],"to":[10,8,-1.625],"faces":{"down":{"uv":[4.96,0.96,7.04,3.04],"texture":"#mesh_palette"},"up":{"uv":[4.96,0.96,7.04,3.04],"texture":"#mesh_palette"},"north":{"uv":[4.96,0.96,7.04,3.04],"texture":"#mesh_palette"},"south":{"uv":[4.96,0.96,7.04,3.04],"texture":"#mesh_palette"},"west":{"uv":[4.96,0.96,7.04,3.04],"texture":"#mesh_palette"},"east":{"uv":[4.96,0.96,7.04,3.04],"texture":"#mesh_palette"}}},{"__comment":"Voxels-C3C3C3","from":[9.5,9.5,-2.125],"to":[10,10,-1.625],"faces":{"down":{"uv":[4.96,0.96,7.04,3.04],"texture":"#mesh_palette"},"up":{"uv":[4.96,0.96,7.04,3.04],"texture":"#mesh_palette"},"north":{"uv":[4.96,0.96,7.04,3.04],"texture":"#mesh_palette"},"south":{"uv":[4.96,0.96,7.04,3.04],"texture":"#mesh_palette"},"west":{"uv":[4.96,0.96,7.04,3.04],"texture":"#mesh_palette"},"east":{"uv":[4.96,0.96,7.04,3.04],"texture":"#mesh_palette"}}},{"__comment":"Voxels-C3C3C3","from":[10,4,-2.125],"to":[11,4.5,-1.625],"faces":{"down":{"uv":[4.96,0.96,7.04,3.04],"texture":"#mesh_palette"},"up":{"uv":[4.96,0.96,7.04,3.04],"texture":"#mesh_palette"},"north":{"uv":[4.96,0.96,7.04,3.04],"texture":"#mesh_palette"},"south":{"uv":[4.96,0.96,7.04,3.04],"texture":"#mesh_palette"},"west":{"uv":[4.96,0.96,7.04,3.04],"texture":"#mesh_palette"},"east":{"uv":[4.96,0.96,7.04,3.04],"texture":"#mesh_palette"}}},{"__comment":"Voxels-C3C3C3","from":[10,6,-2.125],"to":[10.5,7,-1.625],"faces":{"down":{"uv":[4.96,0.96,7.04,3.04],"texture":"#mesh_palette"},"up":{"uv":[4.96,0.96,7.04,3.04],"texture":"#mesh_palette"},"north":{"uv":[4.96,0.96,7.04,3.04],"texture":"#mesh_palette"},"south":{"uv":[4.96,0.96,7.04,3.04],"texture":"#mesh_palette"},"west":{"uv":[4.96,0.96,7.04,3.04],"texture":"#mesh_palette"},"east":{"uv":[4.96,0.96,7.04,3.04],"texture":"#mesh_palette"}}},{"__comment":"Voxels-D4D4D4","from":[10,8,-2.125],"to":[10.5,8.5,-1.625],"faces":{"down":{"uv":[8.96,0.96,11.04,3.04],"texture":"#mesh_palette"},"up":{"uv":[8.96,0.96,11.04,3.04],"texture":"#mesh_palette"},"north":{"uv":[8.96,0.96,11.04,3.04],"texture":"#mesh_palette"},"south":{"uv":[8.96,0.96,11.04,3.04],"texture":"#mesh_palette"},"west":{"uv":[8.96,0.96,11.04,3.04],"texture":"#mesh_palette"},"east":{"uv":[8.96,0.96,11.04,3.04],"texture":"#mesh_palette"}}},{"__comment":"Voxels-D4D4D4","from":[10,9.5,-2.125],"to":[10.5,10,-1.625],"faces":{"down":{"uv":[8.96,0.96,11.04,3.04],"texture":"#mesh_palette"},"up":{"uv":[8.96,0.96,11.04,3.04],"texture":"#mesh_palette"},"north":{"uv":[8.96,0.96,11.04,3.04],"texture":"#mesh_palette"},"south":{"uv":[8.96,0.96,11.04,3.04],"texture":"#mesh_palette"},"west":{"uv":[8.96,0.96,11.04,3.04],"texture":"#mesh_palette"},"east":{"uv":[8.96,0.96,11.04,3.04],"texture":"#mesh_palette"}}},{"__comment":"Voxels-D4D4D4","from":[10.5,5,-2.125],"to":[11,5.5,-1.625],"faces":{"down":{"uv":[8.96,0.96,11.04,3.04],"texture":"#mesh_palette"},"up":{"uv":[8.96,0.96,11.04,3.04],"texture":"#mesh_palette"},"north":{"uv":[8.96,0.96,11.04,3.04],"texture":"#mesh_palette"},"south":{"uv":[8.96,0.96,11.04,3.04],"texture":"#mesh_palette"},"west":{"uv":[8.96,0.96,11.04,3.04],"texture":"#mesh_palette"},"east":{"uv":[8.96,0.96,11.04,3.04],"texture":"#mesh_palette"}}},{"__comment":"Voxels-C3C3C3","from":[10.5,5.5,-2.125],"to":[11,6,-1.625],"faces":{"down":{"uv":[4.96,0.96,7.04,3.04],"texture":"#mesh_palette"},"up":{"uv":[4.96,0.96,7.04,3.04],"texture":"#mesh_palette"},"north":{"uv":[4.96,0.96,7.04,3.04],"texture":"#mesh_palette"},"south":{"uv":[4.96,0.96,7.04,3.04],"texture":"#mesh_palette"},"west":{"uv":[4.96,0.96,7.04,3.04],"texture":"#mesh_palette"},"east":{"uv":[4.96,0.96,7.04,3.04],"texture":"#mesh_palette"}}},{"__comment":"Voxels-C3C3C3","from":[10.5,8,-2.125],"to":[11,8.5,-1.625],"faces":{"down":{"uv":[4.96,0.96,7.04,3.04],"texture":"#mesh_palette"},"up":{"uv":[4.96,0.96,7.04,3.04],"texture":"#mesh_palette"},"north":{"uv":[4.96,0.96,7.04,3.04],"texture":"#mesh_palette"},"south":{"uv":[4.96,0.96,7.04,3.04],"texture":"#mesh_palette"},"west":{"uv":[4.96,0.96,7.04,3.04],"texture":"#mesh_palette"},"east":{"uv":[4.96,0.96,7.04,3.04],"texture":"#mesh_palette"}}},{"__comment":"Voxels-E3E3E3","from":[10.5,9.5,-2.125],"to":[11,10,-1.625],"faces":{"down":{"uv":[12.96,0.96,15.04,3.04],"texture":"#mesh_palette"},"up":{"uv":[12.96,0.96,15.04,3.04],"texture":"#mesh_palette"},"north":{"uv":[12.96,0.96,15.04,3.04],"texture":"#mesh_palette"},"south":{"uv":[12.96,0.96,15.04,3.04],"texture":"#mesh_palette"},"west":{"uv":[12.96,0.96,15.04,3.04],"texture":"#mesh_palette"},"east":{"uv":[12.96,0.96,15.04,3.04],"texture":"#mesh_palette"}}},{"__comment":"Voxels-C3C3C3","from":[11,3.5,-2.125],"to":[12,4,-1.625],"faces":{"down":{"uv":[4.96,0.96,7.04,3.04],"texture":"#mesh_palette"},"up":{"uv":[4.96,0.96,7.04,3.04],"texture":"#mesh_palette"},"north":{"uv":[4.96,0.96,7.04,3.04],"texture":"#mesh_palette"},"south":{"uv":[4.96,0.96,7.04,3.04],"texture":"#mesh_palette"},"west":{"uv":[4.96,0.96,7.04,3.04],"texture":"#mesh_palette"},"east":{"uv":[4.96,0.96,7.04,3.04],"texture":"#mesh_palette"}}},{"__comment":"Voxels-D4D4D4","from":[11,4.5,-2.125],"to":[11.5,5,-1.625],"faces":{"down":{"uv":[8.96,0.96,11.04,3.04],"texture":"#mesh_palette"},"up":{"uv":[8.96,0.96,11.04,3.04],"texture":"#mesh_palette"},"north":{"uv":[8.96,0.96,11.04,3.04],"texture":"#mesh_palette"},"south":{"uv":[8.96,0.96,11.04,3.04],"texture":"#mesh_palette"},"west":{"uv":[8.96,0.96,11.04,3.04],"texture":"#mesh_palette"},"east":{"uv":[8.96,0.96,11.04,3.04],"texture":"#mesh_palette"}}},{"__comment":"Voxels-C3C3C3","from":[11,8.5,-2.125],"to":[12,9,-1.625],"faces":{"down":{"uv":[4.96,0.96,7.04,3.04],"texture":"#mesh_palette"},"up":{"uv":[4.96,0.96,7.04,3.04],"texture":"#mesh_palette"},"north":{"uv":[4.96,0.96,7.04,3.04],"texture":"#mesh_palette"},"south":{"uv":[4.96,0.96,7.04,3.04],"texture":"#mesh_palette"},"west":{"uv":[4.96,0.96,7.04,3.04],"texture":"#mesh_palette"},"east":{"uv":[4.96,0.96,7.04,3.04],"texture":"#mesh_palette"}}},{"__comment":"Voxels-D4D4D4","from":[11,9.5,-2.125],"to":[11.5,10,-1.625],"faces":{"down":{"uv":[8.96,0.96,11.04,3.04],"texture":"#mesh_palette"},"up":{"uv":[8.96,0.96,11.04,3.04],"texture":"#mesh_palette"},"north":{"uv":[8.96,0.96,11.04,3.04],"texture":"#mesh_palette"},"south":{"uv":[8.96,0.96,11.04,3.04],"texture":"#mesh_palette"},"west":{"uv":[8.96,0.96,11.04,3.04],"texture":"#mesh_palette"},"east":{"uv":[8.96,0.96,11.04,3.04],"texture":"#mesh_palette"}}},{"__comment":"Voxels-C3C3C3","from":[11.5,4,-2.125],"to":[12,4.5,-1.625],"faces":{"down":{"uv":[4.96,0.96,7.04,3.04],"texture":"#mesh_palette"},"up":{"uv":[4.96,0.96,7.04,3.04],"texture":"#mesh_palette"},"north":{"uv":[4.96,0.96,7.04,3.04],"texture":"#mesh_palette"},"south":{"uv":[4.96,0.96,7.04,3.04],"texture":"#mesh_palette"},"west":{"uv":[4.96,0.96,7.04,3.04],"texture":"#mesh_palette"},"east":{"uv":[4.96,0.96,7.04,3.04],"texture":"#mesh_palette"}}},{"__comment":"Voxels-C3C3C3","from":[11.5,9.5,-2.125],"to":[12.5,10,-1.625],"faces":{"down":{"uv":[4.96,0.96,7.04,3.04],"texture":"#mesh_palette"},"up":{"uv":[4.96,0.96,7.04,3.04],"texture":"#mesh_palette"},"north":{"uv":[4.96,0.96,7.04,3.04],"texture":"#mesh_palette"},"south":{"uv":[4.96,0.96,7.04,3.04],"texture":"#mesh_palette"},"west":{"uv":[4.96,0.96,7.04,3.04],"texture":"#mesh_palette"},"east":{"uv":[4.96,0.96,7.04,3.04],"texture":"#mesh_palette"}}},{"__comment":"Voxels-E3E3E3","from":[12,9,-2.125],"to":[12.5,9.5,-1.625],"faces":{"down":{"uv":[12.96,0.96,15.04,3.04],"texture":"#mesh_palette"},"up":{"uv":[12.96,0.96,15.04,3.04],"texture":"#mesh_palette"},"north":{"uv":[12.96,0.96,15.04,3.04],"texture":"#mesh_palette"},"south":{"uv":[12.96,0.96,15.04,3.04],"texture":"#mesh_palette"},"west":{"uv":[12.96,0.96,15.04,3.04],"texture":"#mesh_palette"},"east":{"uv":[12.96,0.96,15.04,3.04],"texture":"#mesh_palette"}}},{"__comment":"Voxels-E3E3E3","from":[12.5,9.5,-2.125],"to":[13,10,-1.625],"faces":{"down":{"uv":[12.96,0.96,15.04,3.04],"texture":"#mesh_palette"},"up":{"uv":[12.96,0.96,15.04,3.04],"texture":"#mesh_palette"},"north":{"uv":[12.96,0.96,15.04,3.04],"texture":"#mesh_palette"},"south":{"uv":[12.96,0.96,15.04,3.04],"texture":"#mesh_palette"},"west":{"uv":[12.96,0.96,15.04,3.04],"texture":"#mesh_palette"},"east":{"uv":[12.96,0.96,15.04,3.04],"texture":"#mesh_palette"}}}],"gui_light":"front","display":{"thirdperson_righthand":{"rotation":[33,17,0],"translation":[-0.695,2.7826,0.0003],"scale":[0.25,0.25,0.25]},"thirdperson_lefthand":{"rotation":[33,17,0],"translation":[-0.695,2.7826,0.0003],"scale":[0.25,0.25,0.25]},"firstperson_righthand":{"rotation":[0,117,0],"translation":[0,4.1739,0],"scale":[0.2,0.2,0.2]},"firstperson_lefthand":{"rotation":[0,117,0],"translation":[0,4.1739,0],"scale":[0.2,0.2,0.2]},"gui":{"rotation":[11,155,0],"scale":[0.4,0.4,0.4]},"head":{"translation":[0,-33.39,0]},"ground":{"translation":[0,2.7826,0],"scale":[0.3,0.3,0.3]},"fixed":{"scale":[0.6,0.6,0.6]}}}