{"display":{"thirdperson_righthand":{"rotation":[15,2,0],"translation":[1.25,1.25,2.5],"scale":[2.2,2.29,2.07]},"thirdperson_lefthand":{"rotation":[15,2,0],"translation":[-0.5,1.25,2.5],"scale":[2.2,2.29,2.05]},"firstperson_righthand":{"rotation":[0,136,0],"translation":[3.5,4.25,-3],"scale":[1.94,2.05,2.35]},"firstperson_lefthand":{"rotation":[0,142,0],"translation":[2.5,5.5,-0.25],"scale":[1.94,1.96,1.94]},"ground":{"translation":[0,5.25,0],"scale":[2.94,2.9,2.81]},"gui":{"rotation":[0,180,0],"translation":[-1.25,4,0],"scale":[3.51,3.51,3.08]},"head":{"translation":[1.5,3.75,-3.75],"scale":[4,4,4]}},"texture_size":[32,32],"textures":{"0":"halloween_models/mask","particle":"halloween_models/mask"},"elements":[{"from":[7.25,5.125,6.95],"to":[7.975,5.35,7.25],"faces":{"north":{"uv":[5,0.5,5.375,0.625],"texture":"#0"},"east":{"uv":[3,6,3.15625,6.125],"texture":"#0"},"south":{"uv":[5,1,5.375,1.125],"texture":"#0"},"west":{"uv":[6,3,6.15625,3.125],"texture":"#0"},"up":{"uv":[2.875,4.65625,2.5,4.5],"texture":"#0"},"down":{"uv":[3.375,4.5,3,4.65625],"texture":"#0"}}},{"from":[8.25,5.325,6.95],"to":[8.525,5.6,7.25],"rotation":{"angle":0,"axis":"y","origin":[16.025,-0.725,0]},"faces":{"north":{"uv":[7.5,5,7.625,5.125],"texture":"#0"},"east":{"uv":[3.5,6,3.65625,6.125],"texture":"#0"},"south":{"uv":[5.5,7.5,5.625,7.625],"texture":"#0"},"west":{"uv":[6,3.5,6.15625,3.625],"texture":"#0"},"up":{"uv":[4.125,6.15625,4,6],"texture":"#0"},"down":{"uv":[6.125,4,6,4.15625],"texture":"#0"}}},{"from":[8.525,5.6,6.95],"to":[8.8,8.3,7.25],"rotation":{"angle":0,"axis":"y","origin":[14.4,-2.45,0]},"faces":{"north":{"uv":[3,0,3.125,1.34375],"texture":"#0"},"east":{"uv":[0,2,0.15625,3.34375],"texture":"#0"},"south":{"uv":[3,1.5,3.125,2.84375],"texture":"#0"},"west":{"uv":[2,0,2.15625,1.34375],"texture":"#0"},"up":{"uv":[4.625,6.15625,4.5,6],"texture":"#0"},"down":{"uv":[6.125,4.5,6,4.65625],"texture":"#0"}}},{"from":[8.8,5.9,7.025],"to":[9.075,6.35,7.325],"rotation":{"angle":0,"axis":"y","origin":[14.3,-1.975,0]},"faces":{"north":{"uv":[1.5,6,1.625,6.21875],"texture":"#0"},"east":{"uv":[5.5,2,5.65625,2.21875],"texture":"#0"},"south":{"uv":[6,1.5,6.125,1.71875],"texture":"#0"},"west":{"uv":[2.5,5.5,2.65625,5.71875],"texture":"#0"},"up":{"uv":[5.125,6.15625,5,6],"texture":"#0"},"down":{"uv":[6.125,5,6,5.15625],"texture":"#0"}}},{"from":[8.8,6.35,7.025],"to":[9.2,7.55,7.325],"rotation":{"angle":0,"axis":"y","origin":[1.7,-1.975,0]},"faces":{"north":{"uv":[4,3,4.1875,3.59375],"texture":"#0"},"east":{"uv":[4.5,1,4.65625,1.59375],"texture":"#0"},"south":{"uv":[4,4,4.1875,4.59375],"texture":"#0"},"west":{"uv":[1.5,4.5,1.65625,5.09375],"texture":"#0"},"up":{"uv":[5.6875,4.15625,5.5,4],"texture":"#0"},"down":{"uv":[4.6875,5.5,4.5,5.65625],"texture":"#0"}}},{"from":[8.525,5.5,6.95],"to":[8.65,5.6,7.25],"rotation":{"angle":0,"axis":"y","origin":[-0.025,-0.725,0]},"faces":{"north":{"uv":[10.5,8,10.5625,8.0625],"texture":"#0"},"east":{"uv":[8.5,1.5,8.65625,1.5625],"texture":"#0"},"south":{"uv":[8.5,10.5,8.5625,10.5625],"texture":"#0"},"west":{"uv":[2,8.5,2.15625,8.5625],"texture":"#0"},"up":{"uv":[8.5625,2.15625,8.5,2],"texture":"#0"},"down":{"uv":[2.5625,8.5,2.5,8.65625],"texture":"#0"}}},{"from":[9.075,6.25,7.025],"to":[9.2,6.35,7.325],"rotation":{"angle":0,"axis":"y","origin":[-0.025,-0.725,0]},"faces":{"north":{"uv":[10.5,7.5,10.5625,7.5625],"texture":"#0"},"east":{"uv":[8.5,0.5,8.65625,0.5625],"texture":"#0"},"south":{"uv":[8,10.5,8.0625,10.5625],"texture":"#0"},"west":{"uv":[1,8.5,1.15625,8.5625],"texture":"#0"},"up":{"uv":[8.5625,1.15625,8.5,1],"texture":"#0"},"down":{"uv":[1.5625,8.5,1.5,8.65625],"texture":"#0"}}},{"from":[9.075,7.55,7.025],"to":[9.2,7.65,7.325],"rotation":{"angle":0,"axis":"y","origin":[-0.025,16.725,0]},"faces":{"north":{"uv":[10.5,7,10.5625,7.0625],"texture":"#0"},"east":{"uv":[8,8,8.15625,8.0625],"texture":"#0"},"south":{"uv":[7.5,10.5,7.5625,10.5625],"texture":"#0"},"west":{"uv":[0,8.5,0.15625,8.5625],"texture":"#0"},"up":{"uv":[8.5625,0.15625,8.5,0],"texture":"#0"},"down":{"uv":[0.5625,8.5,0.5,8.65625],"texture":"#0"}}},{"from":[8.525,8.3,6.95],"to":[8.65,8.4,7.25],"rotation":{"angle":0,"axis":"y","origin":[-0.025,16.725,0]},"faces":{"north":{"uv":[10.5,6.5,10.5625,6.5625],"texture":"#0"},"east":{"uv":[7,8,7.15625,8.0625],"texture":"#0"},"south":{"uv":[7,10.5,7.0625,10.5625],"texture":"#0"},"west":{"uv":[8,7,8.15625,7.0625],"texture":"#0"},"up":{"uv":[7.5625,8.15625,7.5,8],"texture":"#0"},"down":{"uv":[8.0625,7.5,8,7.65625],"texture":"#0"}}},{"from":[8.8,7.55,7.025],"to":[9.075,8.025,7.325],"rotation":{"angle":0,"axis":"y","origin":[14.3,17.975,0]},"faces":{"north":{"uv":[5.5,3,5.625,3.25],"texture":"#0"},"east":{"uv":[3.5,5,3.65625,5.25],"texture":"#0"},"south":{"uv":[3.5,5.5,3.625,5.75],"texture":"#0"},"west":{"uv":[5,3.5,5.15625,3.75],"texture":"#0"},"up":{"uv":[5.625,6.15625,5.5,6],"texture":"#0"},"down":{"uv":[6.125,5.5,6,5.65625],"texture":"#0"}}},{"from":[8.8,8.025,7.025],"to":[8.925,8.125,7.325],"rotation":{"angle":0,"axis":"y","origin":[16.025,-0.725,0]},"faces":{"north":{"uv":[10.5,8.5,10.5625,8.5625],"texture":"#0"},"east":{"uv":[8.5,2.5,8.65625,2.5625],"texture":"#0"},"south":{"uv":[9,10.5,9.0625,10.5625],"texture":"#0"},"west":{"uv":[3,8.5,3.15625,8.5625],"texture":"#0"},"up":{"uv":[8.5625,3.15625,8.5,3],"texture":"#0"},"down":{"uv":[3.5625,8.5,3.5,8.65625],"texture":"#0"}}},{"from":[7.975,7.675,6.9],"to":[8.25,8.4,7.2],"rotation":{"angle":0,"axis":"y","origin":[0,16.7,0]},"faces":{"north":{"uv":[5,1.5,5.125,1.875],"texture":"#0"},"east":{"uv":[4.5,3,4.65625,3.375],"texture":"#0"},"south":{"uv":[5,2,5.125,2.375],"texture":"#0"},"west":{"uv":[3.5,4.5,3.65625,4.875],"texture":"#0"},"up":{"uv":[6.125,6.15625,6,6],"texture":"#0"},"down":{"uv":[0.125,6.5,0,6.65625],"texture":"#0"}}},{"from":[7.975,5.2,6.95],"to":[8.25,5.475,7.25],"rotation":{"angle":0,"axis":"y","origin":[0,16.7,0]},"faces":{"north":{"uv":[7.5,5.5,7.625,5.625],"texture":"#0"},"east":{"uv":[6.5,0,6.65625,0.125],"texture":"#0"},"south":{"uv":[6,7.5,6.125,7.625],"texture":"#0"},"west":{"uv":[0.5,6.5,0.65625,6.625],"texture":"#0"},"up":{"uv":[6.625,0.65625,6.5,0.5],"texture":"#0"},"down":{"uv":[1.125,6.5,1,6.65625],"texture":"#0"}}},{"from":[8.8,5.8,7.025],"to":[8.925,5.9,7.325],"rotation":{"angle":0,"axis":"y","origin":[16.025,-0.725,0]},"faces":{"north":{"uv":[10.5,9,10.5625,9.0625],"texture":"#0"},"east":{"uv":[8.5,3.5,8.65625,3.5625],"texture":"#0"},"south":{"uv":[9.5,10.5,9.5625,10.5625],"texture":"#0"},"west":{"uv":[4,8.5,4.15625,8.5625],"texture":"#0"},"up":{"uv":[8.5625,4.15625,8.5,4],"texture":"#0"},"down":{"uv":[4.5625,8.5,4.5,8.65625],"texture":"#0"}}},{"from":[7.25,8.5,6.925],"to":[7.975,8.725,7.225],"faces":{"north":{"uv":[2.5,5,2.875,5.125],"texture":"#0"},"east":{"uv":[6.5,1,6.65625,1.125],"texture":"#0"},"south":{"uv":[5,2.5,5.375,2.625],"texture":"#0"},"west":{"uv":[1.5,6.5,1.65625,6.625],"texture":"#0"},"up":{"uv":[4.875,3.65625,4.5,3.5],"texture":"#0"},"down":{"uv":[4.875,4,4.5,4.15625],"texture":"#0"}}},{"from":[8.25,5.6,6.9],"to":[8.525,8.3,7.2],"rotation":{"angle":0,"axis":"y","origin":[14.4,-2.45,0]},"faces":{"north":{"uv":[2,3,2.125,4.34375],"texture":"#0"},"east":{"uv":[0.5,2,0.65625,3.34375],"texture":"#0"},"south":{"uv":[2.5,3,2.625,4.34375],"texture":"#0"},"west":{"uv":[1,2,1.15625,3.34375],"texture":"#0"},"up":{"uv":[6.625,1.65625,6.5,1.5],"texture":"#0"},"down":{"uv":[2.125,6.5,2,6.65625],"texture":"#0"}}},{"from":[8.25,8.3,6.95],"to":[8.525,8.575,7.25],"rotation":{"angle":0,"axis":"y","origin":[16.025,-0.725,0]},"faces":{"north":{"uv":[7.5,6,7.625,6.125],"texture":"#0"},"east":{"uv":[6.5,2,6.65625,2.125],"texture":"#0"},"south":{"uv":[6.5,7.5,6.625,7.625],"texture":"#0"},"west":{"uv":[2.5,6.5,2.65625,6.625],"texture":"#0"},"up":{"uv":[6.625,2.65625,6.5,2.5],"texture":"#0"},"down":{"uv":[3.125,6.5,3,6.65625],"texture":"#0"}}},{"from":[7.975,5.475,6.9],"to":[8.25,7.375,7.2],"rotation":{"angle":0,"axis":"y","origin":[0,16.7,0]},"faces":{"north":{"uv":[3.5,3.5,3.625,4.4375],"texture":"#0"},"east":{"uv":[1,3.5,1.15625,4.4375],"texture":"#0"},"south":{"uv":[4,0,4.125,0.9375],"texture":"#0"},"west":{"uv":[1.5,3.5,1.65625,4.4375],"texture":"#0"},"up":{"uv":[6.625,3.15625,6.5,3],"texture":"#0"},"down":{"uv":[3.625,6.5,3.5,6.65625],"texture":"#0"}}},{"from":[7.975,8.4,6.95],"to":[8.25,8.675,7.25],"rotation":{"angle":0,"axis":"y","origin":[0,16.7,0]},"faces":{"north":{"uv":[7.5,6.5,7.625,6.625],"texture":"#0"},"east":{"uv":[6.5,3.5,6.65625,3.625],"texture":"#0"},"south":{"uv":[7,7.5,7.125,7.625],"texture":"#0"},"west":{"uv":[4,6.5,4.15625,6.625],"texture":"#0"},"up":{"uv":[6.625,4.15625,6.5,4],"texture":"#0"},"down":{"uv":[4.625,6.5,4.5,6.65625],"texture":"#0"}}},{"from":[7.25,5.35,6.9],"to":[7.975,8.5,7.2],"faces":{"north":{"uv":[0,0,0.375,1.5625],"texture":"#0"},"east":{"uv":[1,0,1.15625,1.5625],"texture":"#0"},"south":{"uv":[0.5,0,0.875,1.5625],"texture":"#0"},"west":{"uv":[1.5,0,1.65625,1.5625],"texture":"#0"},"up":{"uv":[4.875,4.65625,4.5,4.5],"texture":"#0"},"down":{"uv":[0.375,5,0,5.15625],"texture":"#0"}}},{"from":[6.975,8.4,6.95],"to":[7.25,8.675,7.25],"rotation":{"angle":0,"axis":"y","origin":[16,16.7,0]},"faces":{"north":{"uv":[7.5,7,7.625,7.125],"texture":"#0"},"east":{"uv":[6.5,4.5,6.65625,4.625],"texture":"#0"},"south":{"uv":[7.5,7.5,7.625,7.625],"texture":"#0"},"west":{"uv":[5,6.5,5.15625,6.625],"texture":"#0"},"up":{"uv":[6.625,5.15625,6.5,5],"texture":"#0"},"down":{"uv":[5.625,6.5,5.5,6.65625],"texture":"#0"}}},{"from":[6.975,7.675,6.9],"to":[7.25,8.4,7.2],"rotation":{"angle":0,"axis":"y","origin":[16,16.7,0]},"faces":{"north":{"uv":[3,5,3.125,5.375],"texture":"#0"},"east":{"uv":[5,0,5.15625,0.375],"texture":"#0"},"south":{"uv":[5,3,5.125,3.375],"texture":"#0"},"west":{"uv":[0.5,5,0.65625,5.375],"texture":"#0"},"up":{"uv":[6.625,5.65625,6.5,5.5],"texture":"#0"},"down":{"uv":[6.125,6.5,6,6.65625],"texture":"#0"}}},{"from":[6.975,5.475,6.9],"to":[7.25,7.375,7.2],"rotation":{"angle":0,"axis":"y","origin":[16,16.7,0]},"faces":{"north":{"uv":[4,1,4.125,1.9375],"texture":"#0"},"east":{"uv":[3.5,1.5,3.65625,2.4375],"texture":"#0"},"south":{"uv":[4,2,4.125,2.9375],"texture":"#0"},"west":{"uv":[3.5,2.5,3.65625,3.4375],"texture":"#0"},"up":{"uv":[6.625,6.15625,6.5,6],"texture":"#0"},"down":{"uv":[6.625,6.5,6.5,6.65625],"texture":"#0"}}},{"from":[6.975,5.2,6.95],"to":[7.25,5.475,7.25],"rotation":{"angle":0,"axis":"y","origin":[16,16.7,0]},"faces":{"north":{"uv":[0,8,0.125,8.125],"texture":"#0"},"east":{"uv":[0,7,0.15625,7.125],"texture":"#0"},"south":{"uv":[8,0,8.125,0.125],"texture":"#0"},"west":{"uv":[7,0,7.15625,0.125],"texture":"#0"},"up":{"uv":[0.625,7.15625,0.5,7],"texture":"#0"},"down":{"uv":[7.125,0.5,7,0.65625],"texture":"#0"}}},{"from":[6.7,5.325,6.95],"to":[6.975,5.6,7.25],"rotation":{"angle":0,"axis":"y","origin":[-0.025,-0.725,0]},"faces":{"north":{"uv":[0.5,8,0.625,8.125],"texture":"#0"},"east":{"uv":[1,7,1.15625,7.125],"texture":"#0"},"south":{"uv":[8,0.5,8.125,0.625],"texture":"#0"},"west":{"uv":[7,1,7.15625,1.125],"texture":"#0"},"up":{"uv":[1.625,7.15625,1.5,7],"texture":"#0"},"down":{"uv":[7.125,1.5,7,1.65625],"texture":"#0"}}},{"from":[6.7,5.6,6.9],"to":[6.975,8.3,7.2],"rotation":{"angle":0,"axis":"y","origin":[1.6,-2.45,0]},"faces":{"north":{"uv":[3,3,3.125,4.34375],"texture":"#0"},"east":{"uv":[1.5,2,1.65625,3.34375],"texture":"#0"},"south":{"uv":[0,3.5,0.125,4.84375],"texture":"#0"},"west":{"uv":[2,1.5,2.15625,2.84375],"texture":"#0"},"up":{"uv":[2.125,7.15625,2,7],"texture":"#0"},"down":{"uv":[7.125,2,7,2.15625],"texture":"#0"}}},{"from":[6.425,5.6,6.95],"to":[6.7,8.3,7.25],"rotation":{"angle":0,"axis":"y","origin":[1.6,-2.45,0]},"faces":{"north":{"uv":[3.5,0,3.625,1.34375],"texture":"#0"},"east":{"uv":[2.5,0,2.65625,1.34375],"texture":"#0"},"south":{"uv":[0.5,3.5,0.625,4.84375],"texture":"#0"},"west":{"uv":[2.5,1.5,2.65625,2.84375],"texture":"#0"},"up":{"uv":[2.625,7.15625,2.5,7],"texture":"#0"},"down":{"uv":[7.125,2.5,7,2.65625],"texture":"#0"}}},{"from":[6.7,8.3,6.95],"to":[6.975,8.575,7.25],"rotation":{"angle":0,"axis":"y","origin":[-0.025,-0.725,0]},"faces":{"north":{"uv":[1,8,1.125,8.125],"texture":"#0"},"east":{"uv":[3,7,3.15625,7.125],"texture":"#0"},"south":{"uv":[8,1,8.125,1.125],"texture":"#0"},"west":{"uv":[7,3,7.15625,3.125],"texture":"#0"},"up":{"uv":[3.625,7.15625,3.5,7],"texture":"#0"},"down":{"uv":[7.125,3.5,7,3.65625],"texture":"#0"}}},{"from":[6.575,8.3,6.95],"to":[6.7,8.4,7.25],"rotation":{"angle":0,"axis":"y","origin":[16.025,16.725,0]},"faces":{"north":{"uv":[10.5,9.5,10.5625,9.5625],"texture":"#0"},"east":{"uv":[8.5,4.5,8.65625,4.5625],"texture":"#0"},"south":{"uv":[10,10.5,10.0625,10.5625],"texture":"#0"},"west":{"uv":[5,8.5,5.15625,8.5625],"texture":"#0"},"up":{"uv":[8.5625,5.15625,8.5,5],"texture":"#0"},"down":{"uv":[5.5625,8.5,5.5,8.65625],"texture":"#0"}}},{"from":[6.3,8.025,7],"to":[6.425,8.125,7.3],"rotation":{"angle":0,"axis":"y","origin":[-0.025,-0.725,0]},"faces":{"north":{"uv":[10.5,10,10.5625,10.0625],"texture":"#0"},"east":{"uv":[8.5,5.5,8.65625,5.5625],"texture":"#0"},"south":{"uv":[10.5,10.5,10.5625,10.5625],"texture":"#0"},"west":{"uv":[6,8.5,6.15625,8.5625],"texture":"#0"},"up":{"uv":[8.5625,6.15625,8.5,6],"texture":"#0"},"down":{"uv":[6.5625,8.5,6.5,8.65625],"texture":"#0"}}},{"from":[6.15,7.55,7],"to":[6.425,8.025,7.3],"rotation":{"angle":0,"axis":"y","origin":[1.7,17.975,0]},"faces":{"north":{"uv":[5.5,3.5,5.625,3.75],"texture":"#0"},"east":{"uv":[4,5,4.15625,5.25],"texture":"#0"},"south":{"uv":[4,5.5,4.125,5.75],"texture":"#0"},"west":{"uv":[5,4,5.15625,4.25],"texture":"#0"},"up":{"uv":[4.125,7.15625,4,7],"texture":"#0"},"down":{"uv":[7.125,4,7,4.15625],"texture":"#0"}}},{"from":[6.025,6.35,7],"to":[6.425,7.55,7.3],"rotation":{"angle":0,"axis":"y","origin":[14.3,-1.975,0]},"faces":{"north":{"uv":[4.5,0,4.6875,0.59375],"texture":"#0"},"east":{"uv":[2,4.5,2.15625,5.09375],"texture":"#0"},"south":{"uv":[1,4.5,1.1875,5.09375],"texture":"#0"},"west":{"uv":[4.5,2,4.65625,2.59375],"texture":"#0"},"up":{"uv":[5.6875,4.65625,5.5,4.5],"texture":"#0"},"down":{"uv":[5.1875,5.5,5,5.65625],"texture":"#0"}}},{"from":[6.025,7.55,7],"to":[6.15,7.65,7.3],"rotation":{"angle":0,"axis":"y","origin":[16.025,16.725,0]},"faces":{"north":{"uv":[0,11,0.0625,11.0625],"texture":"#0"},"east":{"uv":[8.5,6.5,8.65625,6.5625],"texture":"#0"},"south":{"uv":[11,0,11.0625,0.0625],"texture":"#0"},"west":{"uv":[7,8.5,7.15625,8.5625],"texture":"#0"},"up":{"uv":[8.5625,7.15625,8.5,7],"texture":"#0"},"down":{"uv":[7.5625,8.5,7.5,8.65625],"texture":"#0"}}},{"from":[6.025,6.25,7],"to":[6.15,6.35,7.3],"rotation":{"angle":0,"axis":"y","origin":[16.025,-0.725,0]},"faces":{"north":{"uv":[0.5,11,0.5625,11.0625],"texture":"#0"},"east":{"uv":[8.5,7.5,8.65625,7.5625],"texture":"#0"},"south":{"uv":[11,0.5,11.0625,0.5625],"texture":"#0"},"west":{"uv":[8,8.5,8.15625,8.5625],"texture":"#0"},"up":{"uv":[8.5625,8.15625,8.5,8],"texture":"#0"},"down":{"uv":[8.5625,8.5,8.5,8.65625],"texture":"#0"}}},{"from":[6.15,5.9,7],"to":[6.425,6.35,7.3],"rotation":{"angle":0,"axis":"y","origin":[1.7,-1.975,0]},"faces":{"north":{"uv":[2,6,2.125,6.21875],"texture":"#0"},"east":{"uv":[5.5,2.5,5.65625,2.71875],"texture":"#0"},"south":{"uv":[6,2,6.125,2.21875],"texture":"#0"},"west":{"uv":[3,5.5,3.15625,5.71875],"texture":"#0"},"up":{"uv":[4.625,7.15625,4.5,7],"texture":"#0"},"down":{"uv":[7.125,4.5,7,4.65625],"texture":"#0"}}},{"from":[6.3,5.8,7],"to":[6.425,5.9,7.3],"rotation":{"angle":0,"axis":"y","origin":[-0.025,-0.725,0]},"faces":{"north":{"uv":[1,11,1.0625,11.0625],"texture":"#0"},"east":{"uv":[0,9,0.15625,9.0625],"texture":"#0"},"south":{"uv":[11,1,11.0625,1.0625],"texture":"#0"},"west":{"uv":[9,0,9.15625,0.0625],"texture":"#0"},"up":{"uv":[0.5625,9.15625,0.5,9],"texture":"#0"},"down":{"uv":[9.0625,0.5,9,0.65625],"texture":"#0"}}},{"from":[6.575,5.5,6.95],"to":[6.7,5.6,7.25],"rotation":{"angle":0,"axis":"y","origin":[-0.025,-0.725,0]},"faces":{"north":{"uv":[1.5,11,1.5625,11.0625],"texture":"#0"},"east":{"uv":[1,9,1.15625,9.0625],"texture":"#0"},"south":{"uv":[11,1.5,11.0625,1.5625],"texture":"#0"},"west":{"uv":[9,1,9.15625,1.0625],"texture":"#0"},"up":{"uv":[1.5625,9.15625,1.5,9],"texture":"#0"},"down":{"uv":[9.0625,1.5,9,1.65625],"texture":"#0"}}},{"from":[7.2,7.375,6.925],"to":[7.25,7.425,7.2],"rotation":{"angle":0,"axis":"y","origin":[-0.025,-0.725,0]},"faces":{"north":{"uv":[10.5,11,10.53125,11.03125],"texture":"#0"},"east":{"uv":[9.5,0,9.65625,0.03125],"texture":"#0"},"south":{"uv":[11,10.5,11.03125,10.53125],"texture":"#0"},"west":{"uv":[0.5,9.5,0.65625,9.53125],"texture":"#0"},"up":{"uv":[9.53125,0.65625,9.5,0.5],"texture":"#0"},"down":{"uv":[1.03125,9.5,1,9.65625],"texture":"#0"}}},{"from":[6.975,7.375,6.925],"to":[7.025,7.425,7.2],"rotation":{"angle":0,"axis":"y","origin":[-0.025,-0.725,0]},"faces":{"north":{"uv":[11,11,11.03125,11.03125],"texture":"#0"},"east":{"uv":[9.5,1,9.65625,1.03125],"texture":"#0"},"south":{"uv":[0,11.5,0.03125,11.53125],"texture":"#0"},"west":{"uv":[1.5,9.5,1.65625,9.53125],"texture":"#0"},"up":{"uv":[9.53125,1.65625,9.5,1.5],"texture":"#0"},"down":{"uv":[2.03125,9.5,2,9.65625],"texture":"#0"}}},{"from":[6.975,7.625,6.925],"to":[7.025,7.675,7.2],"rotation":{"angle":0,"axis":"y","origin":[-0.025,-0.725,0]},"faces":{"north":{"uv":[11.5,0,11.53125,0.03125],"texture":"#0"},"east":{"uv":[9.5,2,9.65625,2.03125],"texture":"#0"},"south":{"uv":[0.5,11.5,0.53125,11.53125],"texture":"#0"},"west":{"uv":[2.5,9.5,2.65625,9.53125],"texture":"#0"},"up":{"uv":[9.53125,2.65625,9.5,2.5],"texture":"#0"},"down":{"uv":[3.03125,9.5,3,9.65625],"texture":"#0"}}},{"from":[7.2,7.625,6.925],"to":[7.25,7.675,7.2],"rotation":{"angle":0,"axis":"y","origin":[-0.025,-0.725,0]},"faces":{"north":{"uv":[11.5,0.5,11.53125,0.53125],"texture":"#0"},"east":{"uv":[9.5,3,9.65625,3.03125],"texture":"#0"},"south":{"uv":[1,11.5,1.03125,11.53125],"texture":"#0"},"west":{"uv":[3.5,9.5,3.65625,9.53125],"texture":"#0"},"up":{"uv":[9.53125,3.65625,9.5,3.5],"texture":"#0"},"down":{"uv":[4.03125,9.5,4,9.65625],"texture":"#0"}}},{"from":[7.025,7.375,6.925],"to":[7.05,7.4,7.2],"rotation":{"angle":0,"axis":"y","origin":[-0.025,-0.725,0]},"faces":{"north":{"uv":[11.5,1,11.53125,1.03125],"texture":"#0"},"east":{"uv":[9.5,4,9.65625,4.03125],"texture":"#0"},"south":{"uv":[1.5,11.5,1.53125,11.53125],"texture":"#0"},"west":{"uv":[4.5,9.5,4.65625,9.53125],"texture":"#0"},"up":{"uv":[9.53125,4.65625,9.5,4.5],"texture":"#0"},"down":{"uv":[5.03125,9.5,5,9.65625],"texture":"#0"}}},{"from":[6.975,7.425,6.925],"to":[7,7.45,7.2],"rotation":{"angle":0,"axis":"y","origin":[-0.025,-0.725,0]},"faces":{"north":{"uv":[11.5,1.5,11.53125,1.53125],"texture":"#0"},"east":{"uv":[9.5,5,9.65625,5.03125],"texture":"#0"},"south":{"uv":[2,11.5,2.03125,11.53125],"texture":"#0"},"west":{"uv":[5.5,9.5,5.65625,9.53125],"texture":"#0"},"up":{"uv":[9.53125,5.65625,9.5,5.5],"texture":"#0"},"down":{"uv":[6.03125,9.5,6,9.65625],"texture":"#0"}}},{"from":[6.975,7.6,6.925],"to":[7,7.625,7.2],"rotation":{"angle":0,"axis":"y","origin":[-0.025,-0.725,0]},"faces":{"north":{"uv":[11.5,2,11.53125,2.03125],"texture":"#0"},"east":{"uv":[9.5,6,9.65625,6.03125],"texture":"#0"},"south":{"uv":[2.5,11.5,2.53125,11.53125],"texture":"#0"},"west":{"uv":[6.5,9.5,6.65625,9.53125],"texture":"#0"},"up":{"uv":[9.53125,6.65625,9.5,6.5],"texture":"#0"},"down":{"uv":[7.03125,9.5,7,9.65625],"texture":"#0"}}},{"from":[7.025,7.65,6.925],"to":[7.05,7.675,7.2],"rotation":{"angle":0,"axis":"y","origin":[-0.025,-0.725,0]},"faces":{"north":{"uv":[11.5,2.5,11.53125,2.53125],"texture":"#0"},"east":{"uv":[9.5,7,9.65625,7.03125],"texture":"#0"},"south":{"uv":[3,11.5,3.03125,11.53125],"texture":"#0"},"west":{"uv":[7.5,9.5,7.65625,9.53125],"texture":"#0"},"up":{"uv":[9.53125,7.65625,9.5,7.5],"texture":"#0"},"down":{"uv":[8.03125,9.5,8,9.65625],"texture":"#0"}}},{"from":[7.175,7.65,6.925],"to":[7.2,7.675,7.2],"rotation":{"angle":0,"axis":"y","origin":[-0.025,-0.725,0]},"faces":{"north":{"uv":[11.5,3,11.53125,3.03125],"texture":"#0"},"east":{"uv":[9.5,8,9.65625,8.03125],"texture":"#0"},"south":{"uv":[3.5,11.5,3.53125,11.53125],"texture":"#0"},"west":{"uv":[8.5,9.5,8.65625,9.53125],"texture":"#0"},"up":{"uv":[9.53125,8.65625,9.5,8.5],"texture":"#0"},"down":{"uv":[9.03125,9.5,9,9.65625],"texture":"#0"}}},{"from":[7.225,7.6,6.925],"to":[7.25,7.625,7.2],"rotation":{"angle":0,"axis":"y","origin":[-0.025,-0.725,0]},"faces":{"north":{"uv":[11.5,3.5,11.53125,3.53125],"texture":"#0"},"east":{"uv":[9.5,9,9.65625,9.03125],"texture":"#0"},"south":{"uv":[4,11.5,4.03125,11.53125],"texture":"#0"},"west":{"uv":[9.5,9.5,9.65625,9.53125],"texture":"#0"},"up":{"uv":[0.03125,10.15625,0,10],"texture":"#0"},"down":{"uv":[10.03125,0,10,0.15625],"texture":"#0"}}},{"from":[7.175,7.375,6.925],"to":[7.2,7.4,7.2],"rotation":{"angle":0,"axis":"y","origin":[-0.025,-0.725,0]},"faces":{"north":{"uv":[11.5,4,11.53125,4.03125],"texture":"#0"},"east":{"uv":[0.5,10,0.65625,10.03125],"texture":"#0"},"south":{"uv":[4.5,11.5,4.53125,11.53125],"texture":"#0"},"west":{"uv":[10,0.5,10.15625,0.53125],"texture":"#0"},"up":{"uv":[1.03125,10.15625,1,10],"texture":"#0"},"down":{"uv":[10.03125,1,10,1.15625],"texture":"#0"}}},{"from":[7.225,7.425,6.925],"to":[7.25,7.45,7.2],"rotation":{"angle":0,"axis":"y","origin":[-0.025,-0.725,0]},"faces":{"north":{"uv":[11.5,4.5,11.53125,4.53125],"texture":"#0"},"east":{"uv":[1.5,10,1.65625,10.03125],"texture":"#0"},"south":{"uv":[5,11.5,5.03125,11.53125],"texture":"#0"},"west":{"uv":[10,1.5,10.15625,1.53125],"texture":"#0"},"up":{"uv":[2.03125,10.15625,2,10],"texture":"#0"},"down":{"uv":[10.03125,2,10,2.15625],"texture":"#0"}}},{"from":[8.175,7.375,6.925],"to":[8.2,7.4,7.2],"rotation":{"angle":0,"axis":"y","origin":[16.025,-0.725,0]},"faces":{"north":{"uv":[11.5,5,11.53125,5.03125],"texture":"#0"},"east":{"uv":[2.5,10,2.65625,10.03125],"texture":"#0"},"south":{"uv":[5.5,11.5,5.53125,11.53125],"texture":"#0"},"west":{"uv":[10,2.5,10.15625,2.53125],"texture":"#0"},"up":{"uv":[3.03125,10.15625,3,10],"texture":"#0"},"down":{"uv":[10.03125,3,10,3.15625],"texture":"#0"}}},{"from":[8.2,7.375,6.925],"to":[8.25,7.425,7.2],"rotation":{"angle":0,"axis":"y","origin":[16.025,-0.725,0]},"faces":{"north":{"uv":[11.5,5.5,11.53125,5.53125],"texture":"#0"},"east":{"uv":[3.5,10,3.65625,10.03125],"texture":"#0"},"south":{"uv":[6,11.5,6.03125,11.53125],"texture":"#0"},"west":{"uv":[10,3.5,10.15625,3.53125],"texture":"#0"},"up":{"uv":[4.03125,10.15625,4,10],"texture":"#0"},"down":{"uv":[10.03125,4,10,4.15625],"texture":"#0"}}},{"from":[8.225,7.425,6.925],"to":[8.25,7.45,7.2],"rotation":{"angle":0,"axis":"y","origin":[16.025,-0.725,0]},"faces":{"north":{"uv":[11.5,6,11.53125,6.03125],"texture":"#0"},"east":{"uv":[4.5,10,4.65625,10.03125],"texture":"#0"},"south":{"uv":[6.5,11.5,6.53125,11.53125],"texture":"#0"},"west":{"uv":[10,4.5,10.15625,4.53125],"texture":"#0"},"up":{"uv":[5.03125,10.15625,5,10],"texture":"#0"},"down":{"uv":[10.03125,5,10,5.15625],"texture":"#0"}}},{"from":[8.225,7.6,6.925],"to":[8.25,7.625,7.2],"rotation":{"angle":0,"axis":"y","origin":[16.025,-0.725,0]},"faces":{"north":{"uv":[11.5,6.5,11.53125,6.53125],"texture":"#0"},"east":{"uv":[5.5,10,5.65625,10.03125],"texture":"#0"},"south":{"uv":[7,11.5,7.03125,11.53125],"texture":"#0"},"west":{"uv":[10,5.5,10.15625,5.53125],"texture":"#0"},"up":{"uv":[6.03125,10.15625,6,10],"texture":"#0"},"down":{"uv":[10.03125,6,10,6.15625],"texture":"#0"}}},{"from":[8.2,7.625,6.925],"to":[8.25,7.675,7.2],"rotation":{"angle":0,"axis":"y","origin":[16.025,-0.725,0]},"faces":{"north":{"uv":[11.5,7,11.53125,7.03125],"texture":"#0"},"east":{"uv":[6.5,10,6.65625,10.03125],"texture":"#0"},"south":{"uv":[7.5,11.5,7.53125,11.53125],"texture":"#0"},"west":{"uv":[10,6.5,10.15625,6.53125],"texture":"#0"},"up":{"uv":[7.03125,10.15625,7,10],"texture":"#0"},"down":{"uv":[10.03125,7,10,7.15625],"texture":"#0"}}},{"from":[8.175,7.65,6.925],"to":[8.2,7.675,7.2],"rotation":{"angle":0,"axis":"y","origin":[16.025,-0.725,0]},"faces":{"north":{"uv":[11.5,7.5,11.53125,7.53125],"texture":"#0"},"east":{"uv":[7.5,10,7.65625,10.03125],"texture":"#0"},"south":{"uv":[8,11.5,8.03125,11.53125],"texture":"#0"},"west":{"uv":[10,7.5,10.15625,7.53125],"texture":"#0"},"up":{"uv":[8.03125,10.15625,8,10],"texture":"#0"},"down":{"uv":[10.03125,8,10,8.15625],"texture":"#0"}}},{"from":[8.025,7.65,6.925],"to":[8.05,7.675,7.2],"rotation":{"angle":0,"axis":"y","origin":[16.025,-0.725,0]},"faces":{"north":{"uv":[11.5,8,11.53125,8.03125],"texture":"#0"},"east":{"uv":[8.5,10,8.65625,10.03125],"texture":"#0"},"south":{"uv":[8.5,11.5,8.53125,11.53125],"texture":"#0"},"west":{"uv":[10,8.5,10.15625,8.53125],"texture":"#0"},"up":{"uv":[9.03125,10.15625,9,10],"texture":"#0"},"down":{"uv":[10.03125,9,10,9.15625],"texture":"#0"}}},{"from":[7.975,7.625,6.925],"to":[8.025,7.675,7.2],"rotation":{"angle":0,"axis":"y","origin":[16.025,-0.725,0]},"faces":{"north":{"uv":[11.5,8.5,11.53125,8.53125],"texture":"#0"},"east":{"uv":[9.5,10,9.65625,10.03125],"texture":"#0"},"south":{"uv":[9,11.5,9.03125,11.53125],"texture":"#0"},"west":{"uv":[10,9.5,10.15625,9.53125],"texture":"#0"},"up":{"uv":[10.03125,10.15625,10,10],"texture":"#0"},"down":{"uv":[0.03125,10.5,0,10.65625],"texture":"#0"}}},{"from":[7.975,7.6,6.925],"to":[8,7.625,7.2],"rotation":{"angle":0,"axis":"y","origin":[16.025,-0.725,0]},"faces":{"north":{"uv":[11.5,9,11.53125,9.03125],"texture":"#0"},"east":{"uv":[10.5,0,10.65625,0.03125],"texture":"#0"},"south":{"uv":[9.5,11.5,9.53125,11.53125],"texture":"#0"},"west":{"uv":[0.5,10.5,0.65625,10.53125],"texture":"#0"},"up":{"uv":[10.53125,0.65625,10.5,0.5],"texture":"#0"},"down":{"uv":[1.03125,10.5,1,10.65625],"texture":"#0"}}},{"from":[7.975,7.425,6.925],"to":[8,7.45,7.2],"rotation":{"angle":0,"axis":"y","origin":[16.025,-0.725,0]},"faces":{"north":{"uv":[11.5,9.5,11.53125,9.53125],"texture":"#0"},"east":{"uv":[10.5,1,10.65625,1.03125],"texture":"#0"},"south":{"uv":[10,11.5,10.03125,11.53125],"texture":"#0"},"west":{"uv":[1.5,10.5,1.65625,10.53125],"texture":"#0"},"up":{"uv":[10.53125,1.65625,10.5,1.5],"texture":"#0"},"down":{"uv":[2.03125,10.5,2,10.65625],"texture":"#0"}}},{"from":[7.975,7.375,6.925],"to":[8.025,7.425,7.2],"rotation":{"angle":0,"axis":"y","origin":[16.025,-0.725,0]},"faces":{"north":{"uv":[11.5,10,11.53125,10.03125],"texture":"#0"},"east":{"uv":[10.5,2,10.65625,2.03125],"texture":"#0"},"south":{"uv":[10.5,11.5,10.53125,11.53125],"texture":"#0"},"west":{"uv":[2.5,10.5,2.65625,10.53125],"texture":"#0"},"up":{"uv":[10.53125,2.65625,10.5,2.5],"texture":"#0"},"down":{"uv":[3.03125,10.5,3,10.65625],"texture":"#0"}}},{"from":[8.025,7.375,6.925],"to":[8.05,7.4,7.2],"rotation":{"angle":0,"axis":"y","origin":[16.025,-0.725,0]},"faces":{"north":{"uv":[11.5,10.5,11.53125,10.53125],"texture":"#0"},"east":{"uv":[10.5,3,10.65625,3.03125],"texture":"#0"},"south":{"uv":[11,11.5,11.03125,11.53125],"texture":"#0"},"west":{"uv":[3.5,10.5,3.65625,10.53125],"texture":"#0"},"up":{"uv":[10.53125,3.65625,10.5,3.5],"texture":"#0"},"down":{"uv":[4.03125,10.5,4,10.65625],"texture":"#0"}}},{"from":[7.4,8.725,6.925],"to":[7.8,8.8,7.325],"rotation":{"angle":0,"axis":"y","origin":[15.95,-0.725,0]},"faces":{"north":{"uv":[4,9,4.1875,9.03125],"texture":"#0"},"east":{"uv":[9,4,9.1875,4.03125],"texture":"#0"},"south":{"uv":[4.5,9,4.6875,9.03125],"texture":"#0"},"west":{"uv":[9,4.5,9.1875,4.53125],"texture":"#0"},"up":{"uv":[4.6875,5.1875,4.5,5],"texture":"#0"},"down":{"uv":[5.1875,4.5,5,4.6875],"texture":"#0"}}},{"from":[5.87161,6.75,6.95592],"to":[6.24661,7.125,7.28092],"rotation":{"angle":22.5,"axis":"y","origin":[6.02161,8.875,6.78092]},"faces":{"north":{"uv":[5,5,5.1875,5.1875],"texture":"#0"},"east":{"uv":[5.5,5,5.65625,5.1875],"texture":"#0"},"south":{"uv":[0,5.5,0.1875,5.6875],"texture":"#0"},"west":{"uv":[5.5,5.5,5.65625,5.6875],"texture":"#0"},"up":{"uv":[0.1875,6.15625,0,6],"texture":"#0"},"down":{"uv":[6.1875,0,6,0.15625],"texture":"#0"}}},{"from":[5.95,6.75,7],"to":[6.025,7.125,7.4],"rotation":{"angle":0,"axis":"z","origin":[-2.31516,-0.875,-1.26517]},"faces":{"north":{"uv":[5,9,5.03125,9.1875],"texture":"#0"},"east":{"uv":[5.5,0,5.6875,0.1875],"texture":"#0"},"south":{"uv":[9,5,9.03125,5.1875],"texture":"#0"},"west":{"uv":[0.5,5.5,0.6875,5.6875],"texture":"#0"},"up":{"uv":[5.53125,9.1875,5.5,9],"texture":"#0"},"down":{"uv":[9.03125,5.5,9,5.6875],"texture":"#0"}}},{"from":[9.2,6.75,7],"to":[9.275,7.125,7.4],"rotation":{"angle":0,"axis":"y","origin":[17.54016,-0.875,-1.26517]},"faces":{"north":{"uv":[6,9,6.03125,9.1875],"texture":"#0"},"east":{"uv":[5.5,0.5,5.6875,0.6875],"texture":"#0"},"south":{"uv":[9,6,9.03125,6.1875],"texture":"#0"},"west":{"uv":[1,5.5,1.1875,5.6875],"texture":"#0"},"up":{"uv":[6.53125,9.1875,6.5,9],"texture":"#0"},"down":{"uv":[9.03125,6.5,9,6.6875],"texture":"#0"}}},{"from":[7.4,8.40756,6.83699],"to":[7.8,8.80756,6.98699],"rotation":{"angle":22.5,"axis":"x","origin":[7.575,8.58256,6.86199]},"faces":{"north":{"uv":[5.5,1,5.6875,1.1875],"texture":"#0"},"east":{"uv":[1.5,8,1.5625,8.1875],"texture":"#0"},"south":{"uv":[1.5,5.5,1.6875,5.6875],"texture":"#0"},"west":{"uv":[8,1.5,8.0625,1.6875],"texture":"#0"},"up":{"uv":[2.1875,8.0625,2,8],"texture":"#0"},"down":{"uv":[8.1875,2,8,2.0625],"texture":"#0"}}},{"from":[7.4,8.23045,6.77193],"to":[7.8,8.43045,6.92193],"rotation":{"angle":0,"axis":"x","origin":[7.575,8.20545,6.79693]},"faces":{"north":{"uv":[7.5,0.5,7.6875,0.59375],"texture":"#0"},"east":{"uv":[7,9,7.0625,9.09375],"texture":"#0"},"south":{"uv":[1,7.5,1.1875,7.59375],"texture":"#0"},"west":{"uv":[9,7,9.0625,7.09375],"texture":"#0"},"up":{"uv":[2.6875,8.0625,2.5,8],"texture":"#0"},"down":{"uv":[8.1875,2.5,8,2.5625],"texture":"#0"}}},{"from":[7.4,8.10545,6.82193],"to":[7.8,8.23045,6.92193],"rotation":{"angle":0,"axis":"y","origin":[7.575,8.20545,6.79693]},"faces":{"north":{"uv":[3,8,3.1875,8.0625],"texture":"#0"},"east":{"uv":[2,11,2.0625,11.0625],"texture":"#0"},"south":{"uv":[8,3,8.1875,3.0625],"texture":"#0"},"west":{"uv":[11,2,11.0625,2.0625],"texture":"#0"},"up":{"uv":[3.6875,8.0625,3.5,8],"texture":"#0"},"down":{"uv":[8.1875,3.5,8,3.5625],"texture":"#0"}}},{"from":[6.29646,6.75,6.85649],"to":[6.49646,7.125,7.00649],"rotation":{"angle":0,"axis":"y","origin":[7.62146,8.175,6.88149]},"faces":{"north":{"uv":[7.5,1,7.59375,1.1875],"texture":"#0"},"east":{"uv":[4,8,4.0625,8.1875],"texture":"#0"},"south":{"uv":[1.5,7.5,1.59375,7.6875],"texture":"#0"},"west":{"uv":[8,4,8.0625,4.1875],"texture":"#0"},"up":{"uv":[7.59375,9.0625,7.5,9],"texture":"#0"},"down":{"uv":[9.09375,7.5,9,7.5625],"texture":"#0"}}},{"from":[6.49646,6.75,6.88149],"to":[6.69646,7.125,7.00649],"rotation":{"angle":0,"axis":"y","origin":[7.62146,8.175,6.88149]},"faces":{"north":{"uv":[7.5,1.5,7.59375,1.6875],"texture":"#0"},"east":{"uv":[4.5,8,4.5625,8.1875],"texture":"#0"},"south":{"uv":[2,7.5,2.09375,7.6875],"texture":"#0"},"west":{"uv":[8,4.5,8.0625,4.6875],"texture":"#0"},"up":{"uv":[8.09375,9.0625,8,9],"texture":"#0"},"down":{"uv":[9.09375,8,9,8.0625],"texture":"#0"}}},{"from":[8.97839,6.75,6.95592],"to":[9.35339,7.125,7.28092],"rotation":{"angle":-22.5,"axis":"y","origin":[9.20339,8.875,6.78092]},"faces":{"north":{"uv":[5.5,1.5,5.6875,1.6875],"texture":"#0"},"east":{"uv":[0.5,6,0.65625,6.1875],"texture":"#0"},"south":{"uv":[2,5.5,2.1875,5.6875],"texture":"#0"},"west":{"uv":[6,0.5,6.15625,0.6875],"texture":"#0"},"up":{"uv":[1.1875,6.15625,1,6],"texture":"#0"},"down":{"uv":[6.1875,1,6,1.15625],"texture":"#0"}}},{"from":[8.72854,6.75,6.85649],"to":[8.92854,7.125,7.00649],"rotation":{"angle":0,"axis":"y","origin":[7.60354,8.175,6.88149]},"faces":{"north":{"uv":[7.5,2,7.59375,2.1875],"texture":"#0"},"east":{"uv":[5,8,5.0625,8.1875],"texture":"#0"},"south":{"uv":[2.5,7.5,2.59375,7.6875],"texture":"#0"},"west":{"uv":[8,5,8.0625,5.1875],"texture":"#0"},"up":{"uv":[8.59375,9.0625,8.5,9],"texture":"#0"},"down":{"uv":[9.09375,8.5,9,8.5625],"texture":"#0"}}},{"from":[8.52854,6.75,6.88149],"to":[8.72854,7.125,7.00649],"rotation":{"angle":0,"axis":"y","origin":[7.60354,8.175,6.88149]},"faces":{"north":{"uv":[7.5,2.5,7.59375,2.6875],"texture":"#0"},"east":{"uv":[5.5,8,5.5625,8.1875],"texture":"#0"},"south":{"uv":[3,7.5,3.09375,7.6875],"texture":"#0"},"west":{"uv":[8,5.5,8.0625,5.6875],"texture":"#0"},"up":{"uv":[9.09375,9.0625,9,9],"texture":"#0"},"down":{"uv":[0.09375,9.5,0,9.5625],"texture":"#0"}}},{"from":[9.95,4.175,6.85],"to":[10.525,4.3,6.9],"rotation":{"angle":22.5,"axis":"z","origin":[0.05,0,0]},"faces":{"north":{"uv":[7.5,3,7.78125,3.0625],"texture":"#0"},"east":{"uv":[8.5,11,8.53125,11.0625],"texture":"#0"},"south":{"uv":[3.5,7.5,3.78125,7.5625],"texture":"#0"},"west":{"uv":[11,8.5,11.03125,8.5625],"texture":"#0"},"up":{"uv":[2.28125,9.03125,2,9],"texture":"#0"},"down":{"uv":[9.28125,2,9,2.03125],"texture":"#0"}}},{"from":[4.74355,3.83264,6.85],"to":[5.31855,3.95764,6.9],"rotation":{"angle":-22.5,"axis":"z","origin":[16.04355,0.00764,0]},"faces":{"north":{"uv":[7.5,3.5,7.78125,3.5625],"texture":"#0"},"east":{"uv":[9,11,9.03125,11.0625],"texture":"#0"},"south":{"uv":[4,7.5,4.28125,7.5625],"texture":"#0"},"west":{"uv":[11,9,11.03125,9.0625],"texture":"#0"},"up":{"uv":[2.78125,9.03125,2.5,9],"texture":"#0"},"down":{"uv":[9.28125,2.5,9,2.53125],"texture":"#0"}}},{"from":[5.15,2.175,6.85],"to":[5.275,2.75,6.9],"rotation":{"angle":-22.5,"axis":"z","origin":[15.975,0,0]},"faces":{"north":{"uv":[7.5,4,7.5625,4.28125],"texture":"#0"},"east":{"uv":[3,9,3.03125,9.28125],"texture":"#0"},"south":{"uv":[4.5,7.5,4.5625,7.78125],"texture":"#0"},"west":{"uv":[9,3,9.03125,3.28125],"texture":"#0"},"up":{"uv":[9.5625,11.03125,9.5,11],"texture":"#0"},"down":{"uv":[11.0625,9.5,11,9.53125],"texture":"#0"}}},{"from":[7.45,6.825,6.75],"to":[7.75,7.15,7],"faces":{"north":{"uv":[2.5,6,2.65625,6.15625],"texture":"#0"},"east":{"uv":[5,7,5.125,7.15625],"texture":"#0"},"south":{"uv":[6,2.5,6.15625,2.65625],"texture":"#0"},"west":{"uv":[7,5,7.125,5.15625],"texture":"#0"},"up":{"uv":[5.65625,7.125,5.5,7],"texture":"#0"},"down":{"uv":[7.15625,5.5,7,5.625],"texture":"#0"}}},{"from":[7.45,7.15,6.775],"to":[7.75,7.2,7],"faces":{"north":{"uv":[10.5,4,10.65625,4.03125],"texture":"#0"},"east":{"uv":[2.5,11,2.625,11.03125],"texture":"#0"},"south":{"uv":[4.5,10.5,4.65625,10.53125],"texture":"#0"},"west":{"uv":[11,2.5,11.125,2.53125],"texture":"#0"},"up":{"uv":[6.15625,7.125,6,7],"texture":"#0"},"down":{"uv":[7.15625,6,7,6.125],"texture":"#0"}}},{"from":[7.45,6.775,6.775],"to":[7.75,6.825,7],"faces":{"north":{"uv":[10.5,4.5,10.65625,4.53125],"texture":"#0"},"east":{"uv":[3,11,3.125,11.03125],"texture":"#0"},"south":{"uv":[5,10.5,5.15625,10.53125],"texture":"#0"},"west":{"uv":[11,3,11.125,3.03125],"texture":"#0"},"up":{"uv":[6.65625,7.125,6.5,7],"texture":"#0"},"down":{"uv":[7.15625,6.5,7,6.625],"texture":"#0"}}},{"from":[7.75,6.825,6.775],"to":[7.8,7.15,7],"faces":{"north":{"uv":[10.5,5,10.53125,5.15625],"texture":"#0"},"east":{"uv":[7,7,7.125,7.15625],"texture":"#0"},"south":{"uv":[5.5,10.5,5.53125,10.65625],"texture":"#0"},"west":{"uv":[0,7.5,0.125,7.65625],"texture":"#0"},"up":{"uv":[3.53125,11.125,3.5,11],"texture":"#0"},"down":{"uv":[11.03125,3.5,11,3.625],"texture":"#0"}}},{"from":[7.4,6.825,6.775],"to":[7.45,7.15,7],"faces":{"north":{"uv":[10.5,5.5,10.53125,5.65625],"texture":"#0"},"east":{"uv":[7.5,0,7.625,0.15625],"texture":"#0"},"south":{"uv":[6,10.5,6.03125,10.65625],"texture":"#0"},"west":{"uv":[0.5,7.5,0.625,7.65625],"texture":"#0"},"up":{"uv":[4.03125,11.125,4,11],"texture":"#0"},"down":{"uv":[11.03125,4,11,4.125],"texture":"#0"}}},{"from":[7.4,6.775,6.825],"to":[7.45,6.825,7],"faces":{"north":{"uv":[11.5,11,11.53125,11.03125],"texture":"#0"},"east":{"uv":[4.5,11,4.59375,11.03125],"texture":"#0"},"south":{"uv":[11.5,11.5,11.53125,11.53125],"texture":"#0"},"west":{"uv":[11,4.5,11.09375,4.53125],"texture":"#0"},"up":{"uv":[5.03125,11.09375,5,11],"texture":"#0"},"down":{"uv":[11.03125,5,11,5.09375],"texture":"#0"}}},{"from":[7.4,7.15,6.825],"to":[7.45,7.2,7],"faces":{"north":{"uv":[0,12,0.03125,12.03125],"texture":"#0"},"east":{"uv":[5.5,11,5.59375,11.03125],"texture":"#0"},"south":{"uv":[12,0,12.03125,0.03125],"texture":"#0"},"west":{"uv":[11,5.5,11.09375,5.53125],"texture":"#0"},"up":{"uv":[6.03125,11.09375,6,11],"texture":"#0"},"down":{"uv":[11.03125,6,11,6.09375],"texture":"#0"}}},{"from":[7.75,7.15,6.825],"to":[7.8,7.2,7],"faces":{"north":{"uv":[0.5,12,0.53125,12.03125],"texture":"#0"},"east":{"uv":[6.5,11,6.59375,11.03125],"texture":"#0"},"south":{"uv":[12,0.5,12.03125,0.53125],"texture":"#0"},"west":{"uv":[11,6.5,11.09375,6.53125],"texture":"#0"},"up":{"uv":[7.03125,11.09375,7,11],"texture":"#0"},"down":{"uv":[11.03125,7,11,7.09375],"texture":"#0"}}},{"from":[7.75,6.775,6.825],"to":[7.8,6.825,7],"faces":{"north":{"uv":[1,12,1.03125,12.03125],"texture":"#0"},"east":{"uv":[7.5,11,7.59375,11.03125],"texture":"#0"},"south":{"uv":[12,1,12.03125,1.03125],"texture":"#0"},"west":{"uv":[11,7.5,11.09375,7.53125],"texture":"#0"},"up":{"uv":[8.03125,11.09375,8,11],"texture":"#0"},"down":{"uv":[11.03125,8,11,8.09375],"texture":"#0"}}},{"from":[9.975,2.4,6.85],"to":[10.1,2.975,6.9],"rotation":{"angle":22.5,"axis":"z","origin":[-0.175,0,0]},"faces":{"north":{"uv":[7.5,4.5,7.5625,4.78125],"texture":"#0"},"east":{"uv":[3.5,9,3.53125,9.28125],"texture":"#0"},"south":{"uv":[5,7.5,5.0625,7.78125],"texture":"#0"},"west":{"uv":[9,3.5,9.03125,3.78125],"texture":"#0"},"up":{"uv":[10.0625,11.03125,10,11],"texture":"#0"},"down":{"uv":[11.0625,10,11,10.03125],"texture":"#0"}}},{"from":[7.375,6.825,6.85],"to":[7.425,7.15,7],"faces":{"north":{"uv":[0,12,0.03125,12.03125],"texture":"#0"},"east":{"uv":[5.5,11,5.59375,11.03125],"texture":"#0"},"south":{"uv":[12,0,12.03125,0.03125],"texture":"#0"},"west":{"uv":[11,5.5,11.09375,5.53125],"texture":"#0"},"up":{"uv":[6.03125,11.09375,6,11],"texture":"#0"},"down":{"uv":[11.03125,6,11,6.09375],"texture":"#0"}}},{"from":[7.775,6.825,6.85],"to":[7.825,7.15,7],"faces":{"north":{"uv":[0,12,0.03125,12.03125],"texture":"#0"},"east":{"uv":[5.5,11,5.59375,11.03125],"texture":"#0"},"south":{"uv":[12,0,12.03125,0.03125],"texture":"#0"},"west":{"uv":[11,5.5,11.09375,5.53125],"texture":"#0"},"up":{"uv":[6.03125,11.09375,6,11],"texture":"#0"},"down":{"uv":[11.03125,6,11,6.09375],"texture":"#0"}}},{"from":[7.45,6.75,6.85],"to":[7.75,6.775,7],"faces":{"north":{"uv":[0,12,0.03125,12.03125],"texture":"#0"},"east":{"uv":[5.5,11,5.59375,11.03125],"texture":"#0"},"south":{"uv":[12,0,12.03125,0.03125],"texture":"#0"},"west":{"uv":[11,5.5,11.09375,5.53125],"texture":"#0"},"up":{"uv":[6.03125,11.09375,6,11],"texture":"#0"},"down":{"uv":[11.03125,6,11,6.09375],"texture":"#0"}}},{"from":[7.45,7.2,6.85],"to":[7.75,7.225,7],"faces":{"north":{"uv":[0,12,0.03125,12.03125],"texture":"#0"},"east":{"uv":[5.5,11,5.59375,11.03125],"texture":"#0"},"south":{"uv":[12,0,12.03125,0.03125],"texture":"#0"},"west":{"uv":[11,5.5,11.09375,5.53125],"texture":"#0"},"up":{"uv":[6.03125,11.09375,6,11],"texture":"#0"},"down":{"uv":[11.03125,6,11,6.09375],"texture":"#0"}}},{"from":[7.425,7.15,6.775],"to":[7.725,7.2,7],"faces":{"north":{"uv":[10.5,4,10.65625,4.03125],"texture":"#0"},"east":{"uv":[2.5,11,2.625,11.03125],"texture":"#0"},"south":{"uv":[4.5,10.5,4.65625,10.53125],"texture":"#0"},"west":{"uv":[11,2.5,11.125,2.53125],"texture":"#0"},"up":{"uv":[6.15625,7.125,6,7],"texture":"#0"},"down":{"uv":[7.15625,6,7,6.125],"texture":"#0"}}}],"gui_light":"front"}