{
	"format_version": "1.21.6",
	"credit": "Made with Blockbench",
	"texture_size": [32, 32],
	"textures": {
		"0": "item/flans/weapons/melee/chanlas",
		"particle": "item/flans/weapons/melee/chanlas"
	},
	"elements": [
		{
			"name": "chanlas_0",
			"from": [1, 13, 0],
			"to": [3, 15, 1],
			"faces": {
				"north": {"uv": [3, 1, 1, 3], "texture": "#0"},
				"east": {"uv": [2, 1, 3, 3], "texture": "#0"},
				"south": {"uv": [1, 1, 3, 3], "texture": "#0"},
				"west": {"uv": [1, 1, 2, 3], "texture": "#0"},
				"up": {"uv": [1, 1, 3, 2], "texture": "#0"},
				"down": {"uv": [1, 2, 3, 3], "texture": "#0"}
			}
		},
		{
			"name": "chanlas_1",
			"from": [3, 11, 0],
			"to": [4, 14, 1],
			"faces": {
				"north": {"uv": [4, 2, 3, 5], "texture": "#0"},
				"east": {"uv": [3, 2, 4, 5], "texture": "#0"},
				"south": {"uv": [3, 2, 4, 5], "texture": "#0"},
				"west": {"uv": [3, 2, 4, 5], "texture": "#0"},
				"up": {"uv": [3, 2, 4, 3], "texture": "#0"},
				"down": {"uv": [3, 4, 4, 5], "texture": "#0"}
			}
		},
		{
			"name": "chanlas_2",
			"from": [2, 12, 0],
			"to": [3, 13, 1],
			"faces": {
				"north": {"uv": [3, 3, 2, 4], "texture": "#0"},
				"east": {"uv": [2, 3, 3, 4], "texture": "#0"},
				"south": {"uv": [2, 3, 3, 4], "texture": "#0"},
				"west": {"uv": [2, 3, 3, 4], "texture": "#0"},
				"up": {"uv": [2, 3, 3, 4], "texture": "#0"},
				"down": {"uv": [2, 3, 3, 4], "texture": "#0"}
			}
		},
		{
			"name": "chanlas_3",
			"from": [4, 10, 0],
			"to": [5, 13, 1],
			"faces": {
				"north": {"uv": [5, 3, 4, 6], "texture": "#0"},
				"east": {"uv": [4, 3, 5, 6], "texture": "#0"},
				"south": {"uv": [4, 3, 5, 6], "texture": "#0"},
				"west": {"uv": [4, 3, 5, 6], "texture": "#0"},
				"up": {"uv": [4, 3, 5, 4], "texture": "#0"},
				"down": {"uv": [4, 5, 5, 6], "texture": "#0"}
			}
		},
		{
			"name": "chanlas_4",
			"from": [5, 9, 0],
			"to": [6, 12, 1],
			"faces": {
				"north": {"uv": [6, 4, 5, 7], "texture": "#0"},
				"east": {"uv": [5, 4, 6, 7], "texture": "#0"},
				"south": {"uv": [5, 4, 6, 7], "texture": "#0"},
				"west": {"uv": [5, 4, 6, 7], "texture": "#0"},
				"up": {"uv": [5, 4, 6, 5], "texture": "#0"},
				"down": {"uv": [5, 6, 6, 7], "texture": "#0"}
			}
		},
		{
			"name": "chanlas_5",
			"from": [6, 8, 0],
			"to": [7, 11, 1],
			"faces": {
				"north": {"uv": [7, 5, 6, 8], "texture": "#0"},
				"east": {"uv": [6, 5, 7, 8], "texture": "#0"},
				"south": {"uv": [6, 5, 7, 8], "texture": "#0"},
				"west": {"uv": [6, 5, 7, 8], "texture": "#0"},
				"up": {"uv": [6, 5, 7, 6], "texture": "#0"},
				"down": {"uv": [6, 7, 7, 8], "texture": "#0"}
			}
		},
		{
			"name": "chanlas_6",
			"from": [7, 6, 0],
			"to": [8, 10, 1],
			"faces": {
				"north": {"uv": [8, 6, 7, 10], "texture": "#0"},
				"east": {"uv": [7, 6, 8, 10], "texture": "#0"},
				"south": {"uv": [7, 6, 8, 10], "texture": "#0"},
				"west": {"uv": [7, 6, 8, 10], "texture": "#0"},
				"up": {"uv": [7, 6, 8, 7], "texture": "#0"},
				"down": {"uv": [7, 9, 8, 10], "texture": "#0"}
			}
		},
		{
			"name": "chanlas_7",
			"from": [8, 5, 0],
			"to": [10, 9, 1],
			"faces": {
				"north": {"uv": [10, 7, 8, 11], "texture": "#0"},
				"east": {"uv": [9, 7, 10, 11], "texture": "#0"},
				"south": {"uv": [8, 7, 10, 11], "texture": "#0"},
				"west": {"uv": [8, 7, 9, 11], "texture": "#0"},
				"up": {"uv": [8, 7, 10, 8], "texture": "#0"},
				"down": {"uv": [8, 10, 10, 11], "texture": "#0"}
			}
		},
		{
			"name": "chanlas_8",
			"from": [10, 3, 0],
			"to": [11, 8, 1],
			"faces": {
				"north": {"uv": [11, 8, 10, 13], "texture": "#0"},
				"east": {"uv": [10, 8, 11, 13], "texture": "#0"},
				"south": {"uv": [10, 8, 11, 13], "texture": "#0"},
				"west": {"uv": [10, 8, 11, 13], "texture": "#0"},
				"up": {"uv": [10, 8, 11, 9], "texture": "#0"},
				"down": {"uv": [10, 12, 11, 13], "texture": "#0"}
			}
		},
		{
			"name": "chanlas_9",
			"from": [11, 2, 0],
			"to": [12, 7, 1],
			"faces": {
				"north": {"uv": [12, 9, 11, 14], "texture": "#0"},
				"east": {"uv": [11, 9, 12, 14], "texture": "#0"},
				"south": {"uv": [11, 9, 12, 14], "texture": "#0"},
				"west": {"uv": [11, 9, 12, 14], "texture": "#0"},
				"up": {"uv": [11, 9, 12, 10], "texture": "#0"},
				"down": {"uv": [11, 13, 12, 14], "texture": "#0"}
			}
		},
		{
			"name": "chanlas_10",
			"from": [12, 1, 0],
			"to": [13, 6, 1],
			"faces": {
				"north": {"uv": [13, 10, 12, 15], "texture": "#0"},
				"east": {"uv": [12, 10, 13, 15], "texture": "#0"},
				"south": {"uv": [12, 10, 13, 15], "texture": "#0"},
				"west": {"uv": [12, 10, 13, 15], "texture": "#0"},
				"up": {"uv": [12, 10, 13, 11], "texture": "#0"},
				"down": {"uv": [12, 14, 13, 15], "texture": "#0"}
			}
		},
		{
			"name": "chanlas_11",
			"from": [9, 4, 0],
			"to": [10, 5, 1],
			"faces": {
				"north": {"uv": [10, 11, 9, 12], "texture": "#0"},
				"east": {"uv": [9, 11, 10, 12], "texture": "#0"},
				"south": {"uv": [9, 11, 10, 12], "texture": "#0"},
				"west": {"uv": [9, 11, 10, 12], "texture": "#0"},
				"up": {"uv": [9, 11, 10, 12], "texture": "#0"},
				"down": {"uv": [9, 11, 10, 12], "texture": "#0"}
			}
		},
		{
			"name": "chanlas_12",
			"from": [13, 1, 0],
			"to": [14, 5, 1],
			"faces": {
				"north": {"uv": [14, 11, 13, 15], "texture": "#0"},
				"east": {"uv": [13, 11, 14, 15], "texture": "#0"},
				"south": {"uv": [13, 11, 14, 15], "texture": "#0"},
				"west": {"uv": [13, 11, 14, 15], "texture": "#0"},
				"up": {"uv": [13, 11, 14, 12], "texture": "#0"},
				"down": {"uv": [13, 14, 14, 15], "texture": "#0"}
			}
		},
		{
			"name": "chanlas_13",
			"from": [14, 2, 0],
			"to": [15, 4, 1],
			"faces": {
				"north": {"uv": [15, 12, 14, 14], "texture": "#0"},
				"east": {"uv": [14, 12, 15, 14], "texture": "#0"},
				"south": {"uv": [14, 12, 15, 14], "texture": "#0"},
				"west": {"uv": [14, 12, 15, 14], "texture": "#0"},
				"up": {"uv": [14, 12, 15, 13], "texture": "#0"},
				"down": {"uv": [14, 13, 15, 14], "texture": "#0"}
			}
		}
	],
	"gui_light": "front",
	"display": {
		"thirdperson_righthand": {
			"rotation": [-40, 90, 0],
			"translation": [4.75, 2, 0.25],
			"scale": [0.6, 0.6, 0.6]
		},
		"thirdperson_lefthand": {
			"rotation": [-40, -90, 0],
			"translation": [-4.5, 1.75, 0.25],
			"scale": [0.6, 0.6, 0.6]
		},
		"firstperson_righthand": {
			"rotation": [-60, 90, 35],
			"translation": [10, 3.75, -2.5],
			"scale": [0.6, 0.6, 0.6]
		},
		"firstperson_lefthand": {
			"rotation": [-60, -90, -35],
			"translation": [-1.75, 4.5, -2.75],
			"scale": [0.6, 0.6, 0.6]
		},
		"ground": {
			"translation": [0, 3.5, 1.5]
		},
		"gui": {
			"rotation": [14, -180, 0],
			"translation": [0.31, 1.75, 0]
		},
		"head": {
			"translation": [0, 13, 2]
		},
		"fixed": {
			"rotation": [1, -3, 90],
			"translation": [-0.25, -0.25, 7.5]
		}
	},
	"groups": [
		{
			"name": "chanlas",
			"origin": [8, 8, 8],
			"color": 0,
			"children": [0, 1, 2, 3, 4, 5, 6, 7, 8, 9, 10, 11, 12, 13]
		}
	]
}