{"display":{"thirdperson_righthand":{"translation":[-0.5,1.5,1]},"thirdperson_lefthand":{"translation":[-0.5,1.5,1]},"firstperson_righthand":{"rotation":[-10,0,0],"translation":[2,4,0]},"firstperson_lefthand":{"rotation":[-10,0,0],"translation":[2,4,0]},"ground":{"rotation":[90,90,0],"translation":[0,0.5,3.25]},"gui":{"rotation":[-66,24,46],"translation":[-2.25,1.75,0]},"fixed":{"rotation":[-90,-45,-90],"translation":[2.75,2.75,0]}},"texture_size":[32,32],"textures":{"2":"item/melee/dumbbell/default","particle":"item/melee/dumbbell/default"},"elements":[{"from":[7.5,2,7.5],"to":[8.5,7,8.5],"rotation":{"angle":0,"axis":"y","origin":[6.375,2,6.375]},"faces":{"north":{"uv":[9,10.5,9.5,13],"texture":"#2"},"east":{"uv":[9.5,10.5,10,13],"texture":"#2"},"south":{"uv":[10,10.5,10.5,13],"texture":"#2"},"west":{"uv":[10.5,10.5,11,13],"texture":"#2"}}},{"from":[7.375,11.5,7.375],"to":[8.625,12,8.625],"rotation":{"angle":0,"axis":"y","origin":[6.375,11.5,6.375]},"faces":{"north":{"uv":[11,7.5,11.625,7.75],"texture":"#2"},"east":{"uv":[11,8,11.625,8.25],"texture":"#2"},"south":{"uv":[11.5,2.5,12.125,2.75],"texture":"#2"},"west":{"uv":[11.5,3,12.125,3.25],"texture":"#2"},"up":{"uv":[0.625,11.625,0,11],"texture":"#2"}}},{"from":[7.375,7,7.375],"to":[8.625,7.5,8.625],"rotation":{"angle":0,"axis":"y","origin":[6.375,7.5,6.375]},"faces":{"north":{"uv":[11.5,3.5,12.125,3.75],"texture":"#2"},"east":{"uv":[11.5,4,12.125,4.25],"texture":"#2"},"south":{"uv":[0,12,0.625,12.25],"texture":"#2"},"west":{"uv":[12,0,12.625,0.25],"texture":"#2"},"down":{"uv":[11.625,4.5,11,5.125],"texture":"#2"}}},{"from":[6.624,7.499,4.699],"to":[9.376,11.501,11.301],"rotation":{"angle":0,"axis":"y","origin":[8,9.5,8]},"faces":{"north":{"uv":[0,7,1.375,9],"texture":"#2"},"south":{"uv":[4.5,8,5.875,10],"texture":"#2"},"up":{"uv":[1.375,3.25,0,0],"texture":"#2"},"down":{"uv":[2.875,0,1.5,3.25],"texture":"#2"}}},{"from":[6.625,7.5,4.7],"to":[9.375,11.5,11.3],"rotation":{"angle":45,"axis":"y","origin":[8,9.5,8]},"faces":{"north":{"uv":[8,4.5,9.375,6.5],"texture":"#2"},"south":{"uv":[6,8,7.375,10],"texture":"#2"},"up":{"uv":[4.375,3.25,3,0],"texture":"#2"},"down":{"uv":[1.375,3.5,0,6.75],"texture":"#2"}}},{"from":[4.699,7.499,6.624],"to":[11.301,11.501,9.376],"rotation":{"angle":0,"axis":"y","origin":[8,9.5,8]},"faces":{"east":{"uv":[8,6.5,9.375,8.5],"texture":"#2"},"west":{"uv":[7.5,8.5,8.875,10.5],"texture":"#2"},"up":{"uv":[4.75,4.875,1.5,3.5],"texture":"#2"},"down":{"uv":[7.75,0,4.5,1.375],"texture":"#2"}}},{"from":[4.7,7.5,6.625],"to":[11.3,11.5,9.375],"rotation":{"angle":45,"axis":"y","origin":[8,9.5,8]},"faces":{"east":{"uv":[0,9,1.375,11],"texture":"#2"},"west":{"uv":[9,8.5,10.375,10.5],"texture":"#2"},"up":{"uv":[7.75,2.875,4.5,1.5],"texture":"#2"},"down":{"uv":[4.75,5,1.5,6.375],"texture":"#2"}}},{"from":[6.624,-2.501,4.699],"to":[9.376,1.501,11.301],"rotation":{"angle":0,"axis":"y","origin":[8,-0.5,8]},"faces":{"north":{"uv":[9.5,4.5,10.875,6.5],"texture":"#2"},"south":{"uv":[9.5,6.5,10.875,8.5],"texture":"#2"},"up":{"uv":[6.375,6.25,5,3],"texture":"#2"},"down":{"uv":[2.875,6.5,1.5,9.75],"texture":"#2"}}},{"from":[7.375,1.5,7.375],"to":[8.625,2,8.625],"rotation":{"angle":0,"axis":"y","origin":[6.375,1.5,6.375]},"faces":{"north":{"uv":[12,0.5,12.625,0.75],"texture":"#2"},"east":{"uv":[12,1,12.625,1.25],"texture":"#2"},"south":{"uv":[1.5,12,2.125,12.25],"texture":"#2"},"west":{"uv":[12,1.5,12.625,1.75],"texture":"#2"},"up":{"uv":[11.625,6.125,11,5.5],"texture":"#2"}}},{"from":[6.625,-2.5,4.7],"to":[9.375,1.5,11.3],"rotation":{"angle":45,"axis":"y","origin":[8,-0.5,8]},"faces":{"north":{"uv":[1.5,10,2.875,12],"texture":"#2"},"south":{"uv":[3,10,4.375,12],"texture":"#2"},"up":{"uv":[4.375,9.75,3,6.5],"texture":"#2"},"down":{"uv":[7.875,3,6.5,6.25],"texture":"#2"}}},{"from":[4.699,-2.501,6.624],"to":[11.301,1.501,9.376],"rotation":{"angle":0,"axis":"y","origin":[8,-0.5,8]},"faces":{"east":{"uv":[4.5,10,5.875,12],"texture":"#2"},"west":{"uv":[6,10,7.375,12],"texture":"#2"},"up":{"uv":[7.75,7.875,4.5,6.5],"texture":"#2"},"down":{"uv":[11.25,0,8,1.375],"texture":"#2"}}},{"from":[4.7,-2.5,6.625],"to":[11.3,1.5,9.375],"rotation":{"angle":45,"axis":"y","origin":[8,-0.5,8]},"faces":{"east":{"uv":[7.5,10.5,8.875,12.5],"texture":"#2"},"west":{"uv":[10.5,8.5,11.875,10.5],"texture":"#2"},"up":{"uv":[11.25,2.875,8,1.5],"texture":"#2"},"down":{"uv":[11.25,3,8,4.375],"texture":"#2"}}},{"from":[7.375,-3,7.375],"to":[8.625,-2.5,8.625],"rotation":{"angle":0,"axis":"y","origin":[6.375,-2.5,6.375]},"faces":{"north":{"uv":[12,2,12.625,2.25],"texture":"#2"},"east":{"uv":[2.5,12,3.125,12.25],"texture":"#2"},"south":{"uv":[3.5,12,4.125,12.25],"texture":"#2"},"west":{"uv":[4.5,12,5.125,12.25],"texture":"#2"},"down":{"uv":[11.625,6.5,11,7.125],"texture":"#2"}}},{"from":[7.625,2,7.55178],"to":[7.875,7,7.90678],"rotation":{"angle":-45,"axis":"y","origin":[7.75,8.25,7.67678]},"faces":{"west":{"uv":[1,11,1.125,13.5],"texture":"#2"}}},{"from":[8.125,2,7.55178],"to":[8.375,7,7.90678],"rotation":{"angle":45,"axis":"y","origin":[8.25,8.25,7.67678]},"faces":{"east":{"uv":[11,10.5,11.125,13],"texture":"#2"}}},{"from":[8.125,2,8.09322],"to":[8.375,7,8.44822],"rotation":{"angle":-45,"axis":"y","origin":[8.25,8.25,8.32322]},"faces":{"east":{"uv":[11.5,0,11.625,2.5],"texture":"#2"}}},{"from":[7.625,2,8.09322],"to":[7.875,7,8.44822],"rotation":{"angle":45,"axis":"y","origin":[7.75,8.25,8.32322]},"faces":{"west":{"uv":[11.5,10.5,11.625,13],"texture":"#2"}}}],"gui_light":"front"}