{
	"format_version": "1.21.6",
	"credit": "Made with Blockbench",
	"textures": {
		"0": "item/flans/weapons/melee/golf_club",
		"particle": "item/flans/weapons/melee/golf_club"
	},
	"elements": [
		{
			"name": "golf_club_0",
			"from": [8, 12, 0],
			"to": [11, 16, 1],
			"faces": {
				"north": {"uv": [11, 0, 8, 4], "texture": "#0"},
				"east": {"uv": [10, 0, 11, 4], "texture": "#0"},
				"south": {"uv": [8, 0, 11, 4], "texture": "#0"},
				"west": {"uv": [8, 0, 9, 4], "texture": "#0"},
				"up": {"uv": [8, 0, 11, 1], "texture": "#0"},
				"down": {"uv": [8, 3, 11, 4], "texture": "#0"}
			}
		},
		{
			"name": "golf_club_1",
			"from": [7, 13, 0],
			"to": [8, 15, 1],
			"faces": {
				"north": {"uv": [8, 1, 7, 3], "texture": "#0"},
				"east": {"uv": [7, 1, 8, 3], "texture": "#0"},
				"south": {"uv": [7, 1, 8, 3], "texture": "#0"},
				"west": {"uv": [7, 1, 8, 3], "texture": "#0"},
				"up": {"uv": [7, 1, 8, 2], "texture": "#0"},
				"down": {"uv": [7, 2, 8, 3], "texture": "#0"}
			}
		},
		{
			"name": "golf_club_2",
			"from": [11, 11, 0],
			"to": [12, 15, 1],
			"faces": {
				"north": {"uv": [12, 1, 11, 5], "texture": "#0"},
				"east": {"uv": [11, 1, 12, 5], "texture": "#0"},
				"south": {"uv": [11, 1, 12, 5], "texture": "#0"},
				"west": {"uv": [11, 1, 12, 5], "texture": "#0"},
				"up": {"uv": [11, 1, 12, 2], "texture": "#0"},
				"down": {"uv": [11, 4, 12, 5], "texture": "#0"}
			}
		},
		{
			"name": "golf_club_3",
			"from": [9, 10, 0],
			"to": [11, 12, 1],
			"faces": {
				"north": {"uv": [11, 4, 9, 6], "texture": "#0"},
				"east": {"uv": [10, 4, 11, 6], "texture": "#0"},
				"south": {"uv": [9, 4, 11, 6], "texture": "#0"},
				"west": {"uv": [9, 4, 10, 6], "texture": "#0"},
				"up": {"uv": [9, 4, 11, 5], "texture": "#0"},
				"down": {"uv": [9, 5, 11, 6], "texture": "#0"}
			}
		},
		{
			"name": "golf_club_4",
			"from": [8, 9, 0],
			"to": [10, 10, 1],
			"faces": {
				"north": {"uv": [10, 6, 8, 7], "texture": "#0"},
				"east": {"uv": [9, 6, 10, 7], "texture": "#0"},
				"south": {"uv": [8, 6, 10, 7], "texture": "#0"},
				"west": {"uv": [8, 6, 9, 7], "texture": "#0"},
				"up": {"uv": [8, 6, 10, 7], "texture": "#0"},
				"down": {"uv": [8, 6, 10, 7], "texture": "#0"}
			}
		},
		{
			"name": "golf_club_5",
			"from": [7, 8, 0],
			"to": [9, 9, 1],
			"faces": {
				"north": {"uv": [9, 7, 7, 8], "texture": "#0"},
				"east": {"uv": [8, 7, 9, 8], "texture": "#0"},
				"south": {"uv": [7, 7, 9, 8], "texture": "#0"},
				"west": {"uv": [7, 7, 8, 8], "texture": "#0"},
				"up": {"uv": [7, 7, 9, 8], "texture": "#0"},
				"down": {"uv": [7, 7, 9, 8], "texture": "#0"}
			}
		},
		{
			"name": "golf_club_6",
			"from": [6, 7, 0],
			"to": [8, 8, 1],
			"faces": {
				"north": {"uv": [8, 8, 6, 9], "texture": "#0"},
				"east": {"uv": [7, 8, 8, 9], "texture": "#0"},
				"south": {"uv": [6, 8, 8, 9], "texture": "#0"},
				"west": {"uv": [6, 8, 7, 9], "texture": "#0"},
				"up": {"uv": [6, 8, 8, 9], "texture": "#0"},
				"down": {"uv": [6, 8, 8, 9], "texture": "#0"}
			}
		},
		{
			"name": "golf_club_7",
			"from": [5, 6, 0],
			"to": [7, 7, 1],
			"faces": {
				"north": {"uv": [7, 9, 5, 10], "texture": "#0"},
				"east": {"uv": [6, 9, 7, 10], "texture": "#0"},
				"south": {"uv": [5, 9, 7, 10], "texture": "#0"},
				"west": {"uv": [5, 9, 6, 10], "texture": "#0"},
				"up": {"uv": [5, 9, 7, 10], "texture": "#0"},
				"down": {"uv": [5, 9, 7, 10], "texture": "#0"}
			}
		},
		{
			"name": "golf_club_8",
			"from": [4, 5, 0],
			"to": [6, 6, 1],
			"faces": {
				"north": {"uv": [6, 10, 4, 11], "texture": "#0"},
				"east": {"uv": [5, 10, 6, 11], "texture": "#0"},
				"south": {"uv": [4, 10, 6, 11], "texture": "#0"},
				"west": {"uv": [4, 10, 5, 11], "texture": "#0"},
				"up": {"uv": [4, 10, 6, 11], "texture": "#0"},
				"down": {"uv": [4, 10, 6, 11], "texture": "#0"}
			}
		},
		{
			"name": "golf_club_9",
			"from": [3, 4, 0],
			"to": [5, 5, 1],
			"faces": {
				"north": {"uv": [5, 11, 3, 12], "texture": "#0"},
				"east": {"uv": [4, 11, 5, 12], "texture": "#0"},
				"south": {"uv": [3, 11, 5, 12], "texture": "#0"},
				"west": {"uv": [3, 11, 4, 12], "texture": "#0"},
				"up": {"uv": [3, 11, 5, 12], "texture": "#0"},
				"down": {"uv": [3, 11, 5, 12], "texture": "#0"}
			}
		},
		{
			"name": "golf_club_10",
			"from": [2, 3, 0],
			"to": [4, 4, 1],
			"faces": {
				"north": {"uv": [4, 12, 2, 13], "texture": "#0"},
				"east": {"uv": [3, 12, 4, 13], "texture": "#0"},
				"south": {"uv": [2, 12, 4, 13], "texture": "#0"},
				"west": {"uv": [2, 12, 3, 13], "texture": "#0"},
				"up": {"uv": [2, 12, 4, 13], "texture": "#0"},
				"down": {"uv": [2, 12, 4, 13], "texture": "#0"}
			}
		},
		{
			"name": "golf_club_11",
			"from": [1, 2, 0],
			"to": [3, 3, 1],
			"faces": {
				"north": {"uv": [3, 13, 1, 14], "texture": "#0"},
				"east": {"uv": [2, 13, 3, 14], "texture": "#0"},
				"south": {"uv": [1, 13, 3, 14], "texture": "#0"},
				"west": {"uv": [1, 13, 2, 14], "texture": "#0"},
				"up": {"uv": [1, 13, 3, 14], "texture": "#0"},
				"down": {"uv": [1, 13, 3, 14], "texture": "#0"}
			}
		},
		{
			"name": "golf_club_12",
			"from": [0, 1, 0],
			"to": [2, 2, 1],
			"faces": {
				"north": {"uv": [2, 14, 0, 15], "texture": "#0"},
				"east": {"uv": [1, 14, 2, 15], "texture": "#0"},
				"south": {"uv": [0, 14, 2, 15], "texture": "#0"},
				"west": {"uv": [0, 14, 1, 15], "texture": "#0"},
				"up": {"uv": [0, 14, 2, 15], "texture": "#0"},
				"down": {"uv": [0, 14, 2, 15], "texture": "#0"}
			}
		},
		{
			"name": "golf_club_13",
			"from": [0, 0, 0],
			"to": [1, 1, 1],
			"faces": {
				"north": {"uv": [1, 15, 0, 16], "texture": "#0"},
				"east": {"uv": [0, 15, 1, 16], "texture": "#0"},
				"south": {"uv": [0, 15, 1, 16], "texture": "#0"},
				"west": {"uv": [0, 15, 1, 16], "texture": "#0"},
				"up": {"uv": [0, 15, 1, 16], "texture": "#0"},
				"down": {"uv": [0, 15, 1, 16], "texture": "#0"}
			}
		}
	],
	"gui_light": "front",
	"display": {
		"thirdperson_righthand": {
			"rotation": [-40, -90, 0],
			"translation": [-7.5, 7.25, 1]
		},
		"thirdperson_lefthand": {
			"rotation": [-40, 90, 0],
			"translation": [7.5, 6, 1]
		},
		"firstperson_righthand": {
			"rotation": [1, -90, 35],
			"translation": [-0.25, 7, -2.5]
		},
		"firstperson_lefthand": {
			"rotation": [0, 90, -35],
			"translation": [13, 7.75, -1.5]
		},
		"ground": {
			"translation": [0, 3.5, 1.5]
		},
		"gui": {
			"rotation": [14, -180, 0],
			"translation": [0.31, 1.75, 0]
		},
		"head": {
			"translation": [0, 13, 2]
		},
		"fixed": {
			"rotation": [1, -3, 90],
			"translation": [-0.25, -0.25, 7.5]
		}
	},
	"groups": [
		{
			"name": "golf_club",
			"origin": [8, 8, 8],
			"color": 0,
			"children": [0, 1, 2, 3, 4, 5, 6, 7, 8, 9, 10, 11, 12, 13]
		}
	]
}