{
	"format_version": "1.21.6",
	"credit": "Made with Blockbench",
	"textures": {
		"0": "item/flans/weapons/melee/knife",
		"particle": "item/flans/weapons/melee/knife"
	},
	"elements": [
		{
			"name": "knife_0",
			"from": [1, 11, 0],
			"to": [3, 15, 1],
			"faces": {
				"north": {"uv": [3, 1, 1, 5], "texture": "#0"},
				"east": {"uv": [2, 1, 3, 5], "texture": "#0"},
				"south": {"uv": [1, 1, 3, 5], "texture": "#0"},
				"west": {"uv": [1, 1, 2, 5], "texture": "#0"},
				"up": {"uv": [1, 1, 3, 2], "texture": "#0"},
				"down": {"uv": [1, 4, 3, 5], "texture": "#0"}
			}
		},
		{
			"name": "knife_1",
			"from": [3, 9, 0],
			"to": [4, 14, 1],
			"faces": {
				"north": {"uv": [4, 2, 3, 7], "texture": "#0"},
				"east": {"uv": [3, 2, 4, 7], "texture": "#0"},
				"south": {"uv": [3, 2, 4, 7], "texture": "#0"},
				"west": {"uv": [3, 2, 4, 7], "texture": "#0"},
				"up": {"uv": [3, 2, 4, 3], "texture": "#0"},
				"down": {"uv": [3, 6, 4, 7], "texture": "#0"}
			}
		},
		{
			"name": "knife_2",
			"from": [4, 8, 0],
			"to": [5, 13, 1],
			"faces": {
				"north": {"uv": [5, 3, 4, 8], "texture": "#0"},
				"east": {"uv": [4, 3, 5, 8], "texture": "#0"},
				"south": {"uv": [4, 3, 5, 8], "texture": "#0"},
				"west": {"uv": [4, 3, 5, 8], "texture": "#0"},
				"up": {"uv": [4, 3, 5, 4], "texture": "#0"},
				"down": {"uv": [4, 7, 5, 8], "texture": "#0"}
			}
		},
		{
			"name": "knife_3",
			"from": [5, 7, 0],
			"to": [6, 12, 1],
			"faces": {
				"north": {"uv": [6, 4, 5, 9], "texture": "#0"},
				"east": {"uv": [5, 4, 6, 9], "texture": "#0"},
				"south": {"uv": [5, 4, 6, 9], "texture": "#0"},
				"west": {"uv": [5, 4, 6, 9], "texture": "#0"},
				"up": {"uv": [5, 4, 6, 5], "texture": "#0"},
				"down": {"uv": [5, 8, 6, 9], "texture": "#0"}
			}
		},
		{
			"name": "knife_4",
			"from": [2, 10, 0],
			"to": [3, 11, 1],
			"faces": {
				"north": {"uv": [3, 5, 2, 6], "texture": "#0"},
				"east": {"uv": [2, 5, 3, 6], "texture": "#0"},
				"south": {"uv": [2, 5, 3, 6], "texture": "#0"},
				"west": {"uv": [2, 5, 3, 6], "texture": "#0"},
				"up": {"uv": [2, 5, 3, 6], "texture": "#0"},
				"down": {"uv": [2, 5, 3, 6], "texture": "#0"}
			}
		},
		{
			"name": "knife_5",
			"from": [6, 6, 0],
			"to": [7, 11, 1],
			"faces": {
				"north": {"uv": [7, 5, 6, 10], "texture": "#0"},
				"east": {"uv": [6, 5, 7, 10], "texture": "#0"},
				"south": {"uv": [6, 5, 7, 10], "texture": "#0"},
				"west": {"uv": [6, 5, 7, 10], "texture": "#0"},
				"up": {"uv": [6, 5, 7, 6], "texture": "#0"},
				"down": {"uv": [6, 9, 7, 10], "texture": "#0"}
			}
		},
		{
			"name": "knife_6",
			"from": [7, 3, 0],
			"to": [8, 10, 1],
			"faces": {
				"north": {"uv": [8, 6, 7, 13], "texture": "#0"},
				"east": {"uv": [7, 6, 8, 13], "texture": "#0"},
				"south": {"uv": [7, 6, 8, 13], "texture": "#0"},
				"west": {"uv": [7, 6, 8, 13], "texture": "#0"},
				"up": {"uv": [7, 6, 8, 7], "texture": "#0"},
				"down": {"uv": [7, 12, 8, 13], "texture": "#0"}
			}
		},
		{
			"name": "knife_7",
			"from": [8, 4, 0],
			"to": [9, 9, 1],
			"faces": {
				"north": {"uv": [9, 7, 8, 12], "texture": "#0"},
				"east": {"uv": [8, 7, 9, 12], "texture": "#0"},
				"south": {"uv": [8, 7, 9, 12], "texture": "#0"},
				"west": {"uv": [8, 7, 9, 12], "texture": "#0"},
				"up": {"uv": [8, 7, 9, 8], "texture": "#0"},
				"down": {"uv": [8, 11, 9, 12], "texture": "#0"}
			}
		},
		{
			"name": "knife_8",
			"from": [10, 7, 0],
			"to": [12, 9, 1],
			"faces": {
				"north": {"uv": [12, 7, 10, 9], "texture": "#0"},
				"east": {"uv": [11, 7, 12, 9], "texture": "#0"},
				"south": {"uv": [10, 7, 12, 9], "texture": "#0"},
				"west": {"uv": [10, 7, 11, 9], "texture": "#0"},
				"up": {"uv": [10, 7, 12, 8], "texture": "#0"},
				"down": {"uv": [10, 8, 12, 9], "texture": "#0"}
			}
		},
		{
			"name": "knife_9",
			"from": [9, 3, 0],
			"to": [10, 8, 1],
			"faces": {
				"north": {"uv": [10, 8, 9, 13], "texture": "#0"},
				"east": {"uv": [9, 8, 10, 13], "texture": "#0"},
				"south": {"uv": [9, 8, 10, 13], "texture": "#0"},
				"west": {"uv": [9, 8, 10, 13], "texture": "#0"},
				"up": {"uv": [9, 8, 10, 9], "texture": "#0"},
				"down": {"uv": [9, 12, 10, 13], "texture": "#0"}
			}
		},
		{
			"name": "knife_10",
			"from": [10, 2, 0],
			"to": [11, 7, 1],
			"faces": {
				"north": {"uv": [11, 9, 10, 14], "texture": "#0"},
				"east": {"uv": [10, 9, 11, 14], "texture": "#0"},
				"south": {"uv": [10, 9, 11, 14], "texture": "#0"},
				"west": {"uv": [10, 9, 11, 14], "texture": "#0"},
				"up": {"uv": [10, 9, 11, 10], "texture": "#0"},
				"down": {"uv": [10, 13, 11, 14], "texture": "#0"}
			}
		},
		{
			"name": "knife_11",
			"from": [11, 1, 0],
			"to": [12, 6, 1],
			"faces": {
				"north": {"uv": [12, 10, 11, 15], "texture": "#0"},
				"east": {"uv": [11, 10, 12, 15], "texture": "#0"},
				"south": {"uv": [11, 10, 12, 15], "texture": "#0"},
				"west": {"uv": [11, 10, 12, 15], "texture": "#0"},
				"up": {"uv": [11, 10, 12, 11], "texture": "#0"},
				"down": {"uv": [11, 14, 12, 15], "texture": "#0"}
			}
		},
		{
			"name": "knife_12",
			"from": [6, 3, 0],
			"to": [7, 5, 1],
			"faces": {
				"north": {"uv": [7, 11, 6, 13], "texture": "#0"},
				"east": {"uv": [6, 11, 7, 13], "texture": "#0"},
				"south": {"uv": [6, 11, 7, 13], "texture": "#0"},
				"west": {"uv": [6, 11, 7, 13], "texture": "#0"},
				"up": {"uv": [6, 11, 7, 12], "texture": "#0"},
				"down": {"uv": [6, 12, 7, 13], "texture": "#0"}
			}
		},
		{
			"name": "knife_13",
			"from": [12, 1, 0],
			"to": [13, 5, 1],
			"faces": {
				"north": {"uv": [13, 11, 12, 15], "texture": "#0"},
				"east": {"uv": [12, 11, 13, 15], "texture": "#0"},
				"south": {"uv": [12, 11, 13, 15], "texture": "#0"},
				"west": {"uv": [12, 11, 13, 15], "texture": "#0"},
				"up": {"uv": [12, 11, 13, 12], "texture": "#0"},
				"down": {"uv": [12, 14, 13, 15], "texture": "#0"}
			}
		},
		{
			"name": "knife_14",
			"from": [13, 2, 0],
			"to": [14, 4, 1],
			"faces": {
				"north": {"uv": [14, 12, 13, 14], "texture": "#0"},
				"east": {"uv": [13, 12, 14, 14], "texture": "#0"},
				"south": {"uv": [13, 12, 14, 14], "texture": "#0"},
				"west": {"uv": [13, 12, 14, 14], "texture": "#0"},
				"up": {"uv": [13, 12, 14, 13], "texture": "#0"},
				"down": {"uv": [13, 13, 14, 14], "texture": "#0"}
			}
		}
	],
	"gui_light": "front",
	"display": {
		"thirdperson_righthand": {
			"rotation": [-40, 90, 0],
			"translation": [4.5, 1.75, 0],
			"scale": [0.6, 0.6, 0.6]
		},
		"thirdperson_lefthand": {
			"rotation": [-40, -90, 0],
			"translation": [-4.75, 2.25, 0],
			"scale": [0.6, 0.6, 0.6]
		},
		"firstperson_righthand": {
			"rotation": [-60, 90, 35],
			"translation": [10, 3.25, -2.5],
			"scale": [0.6, 0.6, 0.6]
		},
		"firstperson_lefthand": {
			"rotation": [-60, -90, -35],
			"translation": [0.75, 3.25, -2.75],
			"scale": [0.6, 0.6, 0.6]
		},
		"ground": {
			"translation": [0, 3.5, 1.5],
			"scale": [0.8, 0.8, 0.8]
		},
		"gui": {
			"rotation": [14, -180, 0],
			"translation": [0.31, 1.75, 0]
		},
		"head": {
			"translation": [0, 13, 2]
		},
		"fixed": {
			"rotation": [1, -3, 90],
			"translation": [-0.25, -0.25, 7.5]
		}
	},
	"groups": [
		{
			"name": "knife",
			"origin": [8, 8, 8],
			"color": 0,
			"children": [0, 1, 2, 3, 4, 5, 6, 7, 8, 9, 10, 11, 12, 13, 14]
		}
	]
}