{
	"format_version": "1.21.6",
	"credit": "Made with Blockbench",
	"textures": {
		"0": "item/flans/weapons/melee/light_saber",
		"particle": "item/flans/weapons/melee/light_saber"
	},
	"elements": [
		{
			"name": "light_saber_0",
			"from": [0, 14, 0],
			"to": [2, 16, 1],
			"faces": {
				"north": {"uv": [2, 0, 0, 2], "texture": "#0"},
				"east": {"uv": [1, 0, 2, 2], "texture": "#0"},
				"south": {"uv": [0, 0, 2, 2], "texture": "#0"},
				"west": {"uv": [0, 0, 1, 2], "texture": "#0"},
				"up": {"uv": [0, 0, 2, 1], "texture": "#0"},
				"down": {"uv": [0, 1, 2, 2], "texture": "#0"}
			}
		},
		{
			"name": "light_saber_1",
			"from": [2, 12, 0],
			"to": [3, 15, 1],
			"faces": {
				"north": {"uv": [3, 1, 2, 4], "texture": "#0"},
				"east": {"uv": [2, 1, 3, 4], "texture": "#0"},
				"south": {"uv": [2, 1, 3, 4], "texture": "#0"},
				"west": {"uv": [2, 1, 3, 4], "texture": "#0"},
				"up": {"uv": [2, 1, 3, 2], "texture": "#0"},
				"down": {"uv": [2, 3, 3, 4], "texture": "#0"}
			}
		},
		{
			"name": "light_saber_2",
			"from": [1, 13, 0],
			"to": [2, 14, 1],
			"faces": {
				"north": {"uv": [2, 2, 1, 3], "texture": "#0"},
				"east": {"uv": [1, 2, 2, 3], "texture": "#0"},
				"south": {"uv": [1, 2, 2, 3], "texture": "#0"},
				"west": {"uv": [1, 2, 2, 3], "texture": "#0"},
				"up": {"uv": [1, 2, 2, 3], "texture": "#0"},
				"down": {"uv": [1, 2, 2, 3], "texture": "#0"}
			}
		},
		{
			"name": "light_saber_3",
			"from": [3, 11, 0],
			"to": [4, 14, 1],
			"faces": {
				"north": {"uv": [4, 2, 3, 5], "texture": "#0"},
				"east": {"uv": [3, 2, 4, 5], "texture": "#0"},
				"south": {"uv": [3, 2, 4, 5], "texture": "#0"},
				"west": {"uv": [3, 2, 4, 5], "texture": "#0"},
				"up": {"uv": [3, 2, 4, 3], "texture": "#0"},
				"down": {"uv": [3, 4, 4, 5], "texture": "#0"}
			}
		},
		{
			"name": "light_saber_4",
			"from": [4, 10, 0],
			"to": [5, 13, 1],
			"faces": {
				"north": {"uv": [5, 3, 4, 6], "texture": "#0"},
				"east": {"uv": [4, 3, 5, 6], "texture": "#0"},
				"south": {"uv": [4, 3, 5, 6], "texture": "#0"},
				"west": {"uv": [4, 3, 5, 6], "texture": "#0"},
				"up": {"uv": [4, 3, 5, 4], "texture": "#0"},
				"down": {"uv": [4, 5, 5, 6], "texture": "#0"}
			}
		},
		{
			"name": "light_saber_5",
			"from": [5, 9, 0],
			"to": [6, 12, 1],
			"faces": {
				"north": {"uv": [6, 4, 5, 7], "texture": "#0"},
				"east": {"uv": [5, 4, 6, 7], "texture": "#0"},
				"south": {"uv": [5, 4, 6, 7], "texture": "#0"},
				"west": {"uv": [5, 4, 6, 7], "texture": "#0"},
				"up": {"uv": [5, 4, 6, 5], "texture": "#0"},
				"down": {"uv": [5, 6, 6, 7], "texture": "#0"}
			}
		},
		{
			"name": "light_saber_6",
			"from": [6, 8, 0],
			"to": [7, 11, 1],
			"faces": {
				"north": {"uv": [7, 5, 6, 8], "texture": "#0"},
				"east": {"uv": [6, 5, 7, 8], "texture": "#0"},
				"south": {"uv": [6, 5, 7, 8], "texture": "#0"},
				"west": {"uv": [6, 5, 7, 8], "texture": "#0"},
				"up": {"uv": [6, 5, 7, 6], "texture": "#0"},
				"down": {"uv": [6, 7, 7, 8], "texture": "#0"}
			}
		},
		{
			"name": "light_saber_7",
			"from": [7, 7, 0],
			"to": [8, 10, 1],
			"faces": {
				"north": {"uv": [8, 6, 7, 9], "texture": "#0"},
				"east": {"uv": [7, 6, 8, 9], "texture": "#0"},
				"south": {"uv": [7, 6, 8, 9], "texture": "#0"},
				"west": {"uv": [7, 6, 8, 9], "texture": "#0"},
				"up": {"uv": [7, 6, 8, 7], "texture": "#0"},
				"down": {"uv": [7, 8, 8, 9], "texture": "#0"}
			}
		},
		{
			"name": "light_saber_8",
			"from": [8, 6, 0],
			"to": [9, 9, 1],
			"faces": {
				"north": {"uv": [9, 7, 8, 10], "texture": "#0"},
				"east": {"uv": [8, 7, 9, 10], "texture": "#0"},
				"south": {"uv": [8, 7, 9, 10], "texture": "#0"},
				"west": {"uv": [8, 7, 9, 10], "texture": "#0"},
				"up": {"uv": [8, 7, 9, 8], "texture": "#0"},
				"down": {"uv": [8, 9, 9, 10], "texture": "#0"}
			}
		},
		{
			"name": "light_saber_9",
			"from": [9, 5, 0],
			"to": [10, 8, 1],
			"faces": {
				"north": {"uv": [10, 8, 9, 11], "texture": "#0"},
				"east": {"uv": [9, 8, 10, 11], "texture": "#0"},
				"south": {"uv": [9, 8, 10, 11], "texture": "#0"},
				"west": {"uv": [9, 8, 10, 11], "texture": "#0"},
				"up": {"uv": [9, 8, 10, 9], "texture": "#0"},
				"down": {"uv": [9, 10, 10, 11], "texture": "#0"}
			}
		},
		{
			"name": "light_saber_10",
			"from": [10, 4, 0],
			"to": [11, 7, 1],
			"faces": {
				"north": {"uv": [11, 9, 10, 12], "texture": "#0"},
				"east": {"uv": [10, 9, 11, 12], "texture": "#0"},
				"south": {"uv": [10, 9, 11, 12], "texture": "#0"},
				"west": {"uv": [10, 9, 11, 12], "texture": "#0"},
				"up": {"uv": [10, 9, 11, 10], "texture": "#0"},
				"down": {"uv": [10, 11, 11, 12], "texture": "#0"}
			}
		},
		{
			"name": "light_saber_11",
			"from": [11, 3, 0],
			"to": [12, 6, 1],
			"faces": {
				"north": {"uv": [12, 10, 11, 13], "texture": "#0"},
				"east": {"uv": [11, 10, 12, 13], "texture": "#0"},
				"south": {"uv": [11, 10, 12, 13], "texture": "#0"},
				"west": {"uv": [11, 10, 12, 13], "texture": "#0"},
				"up": {"uv": [11, 10, 12, 11], "texture": "#0"},
				"down": {"uv": [11, 12, 12, 13], "texture": "#0"}
			}
		},
		{
			"name": "light_saber_12",
			"from": [12, 2, 0],
			"to": [13, 5, 1],
			"faces": {
				"north": {"uv": [13, 11, 12, 14], "texture": "#0"},
				"east": {"uv": [12, 11, 13, 14], "texture": "#0"},
				"south": {"uv": [12, 11, 13, 14], "texture": "#0"},
				"west": {"uv": [12, 11, 13, 14], "texture": "#0"},
				"up": {"uv": [12, 11, 13, 12], "texture": "#0"},
				"down": {"uv": [12, 13, 13, 14], "texture": "#0"}
			}
		},
		{
			"name": "light_saber_13",
			"from": [13, 1, 0],
			"to": [14, 4, 1],
			"faces": {
				"north": {"uv": [14, 12, 13, 15], "texture": "#0"},
				"east": {"uv": [13, 12, 14, 15], "texture": "#0"},
				"south": {"uv": [13, 12, 14, 15], "texture": "#0"},
				"west": {"uv": [13, 12, 14, 15], "texture": "#0"},
				"up": {"uv": [13, 12, 14, 13], "texture": "#0"},
				"down": {"uv": [13, 14, 14, 15], "texture": "#0"}
			}
		},
		{
			"name": "light_saber_14",
			"from": [14, 0, 0],
			"to": [15, 3, 1],
			"faces": {
				"north": {"uv": [15, 13, 14, 16], "texture": "#0"},
				"east": {"uv": [14, 13, 15, 16], "texture": "#0"},
				"south": {"uv": [14, 13, 15, 16], "texture": "#0"},
				"west": {"uv": [14, 13, 15, 16], "texture": "#0"},
				"up": {"uv": [14, 13, 15, 14], "texture": "#0"},
				"down": {"uv": [14, 15, 15, 16], "texture": "#0"}
			}
		},
		{
			"name": "light_saber_15",
			"from": [15, 0, 0],
			"to": [16, 2, 1],
			"faces": {
				"north": {"uv": [16, 14, 15, 16], "texture": "#0"},
				"east": {"uv": [15, 14, 16, 16], "texture": "#0"},
				"south": {"uv": [15, 14, 16, 16], "texture": "#0"},
				"west": {"uv": [15, 14, 16, 16], "texture": "#0"},
				"up": {"uv": [15, 14, 16, 15], "texture": "#0"},
				"down": {"uv": [15, 15, 16, 16], "texture": "#0"}
			}
		}
	],
	"display": {
		"thirdperson_righthand": {
			"rotation": [60, -90, 0],
			"translation": [-7, 4.75, 2]
		},
		"thirdperson_lefthand": {
			"rotation": [60, 90, 0],
			"translation": [7.5, 4.5, 2]
		},
		"firstperson_righthand": {
			"rotation": [90, -90, 35],
			"translation": [-2.75, 6, -2.5]
		},
		"firstperson_lefthand": {
			"rotation": [90, 90, -35],
			"translation": [11.5, 6.5, -1.5]
		},
		"ground": {
			"translation": [0, 3.5, 1.5]
		},
		"gui": {
			"rotation": [14, -180, 0],
			"translation": [0.31, 1.75, 0]
		},
		"head": {
			"translation": [0, 13, 2]
		},
		"fixed": {
			"rotation": [1, -3, 90],
			"translation": [-0.25, -0.25, 7.5]
		}
	},
	"groups": [
		{
			"name": "light_saber",
			"origin": [8, 8, 8],
			"color": 0,
			"children": [0, 1, 2, 3, 4, 5, 6, 7, 8, 9, 10, 11, 12, 13, 14, 15]
		}
	]
}