{
	"format_version": "1.21.6",
	"credit": "Made with Blockbench",
	"textures": {
		"0": "item/flans/weapons/ammo/ar",
		"particle": "item/flans/weapons/ammo/ar"
	},
	"elements": [
		{
			"name": "ar_0",
			"from": [8, 9, 0],
			"to": [13, 13, 1],
			"faces": {
				"north": {"uv": [13, 3, 8, 7], "texture": "#0"},
				"east": {"uv": [12, 3, 13, 7], "texture": "#0"},
				"south": {"uv": [8, 3, 13, 7], "texture": "#0"},
				"west": {"uv": [8, 3, 9, 7], "texture": "#0"},
				"up": {"uv": [8, 3, 13, 4], "texture": "#0"},
				"down": {"uv": [8, 6, 13, 7], "texture": "#0"}
			}
		},
		{
			"name": "ar_1",
			"from": [7, 3, 0],
			"to": [8, 10, 1],
			"faces": {
				"north": {"uv": [8, 6, 7, 13], "texture": "#0"},
				"east": {"uv": [7, 6, 8, 13], "texture": "#0"},
				"south": {"uv": [7, 6, 8, 13], "texture": "#0"},
				"west": {"uv": [7, 6, 8, 13], "texture": "#0"},
				"up": {"uv": [7, 6, 8, 7], "texture": "#0"},
				"down": {"uv": [7, 12, 8, 13], "texture": "#0"}
			}
		},
		{
			"name": "ar_2",
			"from": [6, 3, 0],
			"to": [7, 9, 1],
			"faces": {
				"north": {"uv": [7, 7, 6, 13], "texture": "#0"},
				"east": {"uv": [6, 7, 7, 13], "texture": "#0"},
				"south": {"uv": [6, 7, 7, 13], "texture": "#0"},
				"west": {"uv": [6, 7, 7, 13], "texture": "#0"},
				"up": {"uv": [6, 7, 7, 8], "texture": "#0"},
				"down": {"uv": [6, 12, 7, 13], "texture": "#0"}
			}
		},
		{
			"name": "ar_3",
			"from": [8, 6, 0],
			"to": [11, 9, 1],
			"faces": {
				"north": {"uv": [11, 7, 8, 10], "texture": "#0"},
				"east": {"uv": [10, 7, 11, 10], "texture": "#0"},
				"south": {"uv": [8, 7, 11, 10], "texture": "#0"},
				"west": {"uv": [8, 7, 9, 10], "texture": "#0"},
				"up": {"uv": [8, 7, 11, 8], "texture": "#0"},
				"down": {"uv": [8, 9, 11, 10], "texture": "#0"}
			}
		},
		{
			"name": "ar_4",
			"from": [11, 7, 0],
			"to": [12, 9, 1],
			"faces": {
				"north": {"uv": [12, 7, 11, 9], "texture": "#0"},
				"east": {"uv": [11, 7, 12, 9], "texture": "#0"},
				"south": {"uv": [11, 7, 12, 9], "texture": "#0"},
				"west": {"uv": [11, 7, 12, 9], "texture": "#0"},
				"up": {"uv": [11, 7, 12, 8], "texture": "#0"},
				"down": {"uv": [11, 8, 12, 9], "texture": "#0"}
			}
		},
		{
			"name": "ar_5",
			"from": [5, 2, 0],
			"to": [6, 8, 1],
			"faces": {
				"north": {"uv": [6, 8, 5, 14], "texture": "#0"},
				"east": {"uv": [5, 8, 6, 14], "texture": "#0"},
				"south": {"uv": [5, 8, 6, 14], "texture": "#0"},
				"west": {"uv": [5, 8, 6, 14], "texture": "#0"},
				"up": {"uv": [5, 8, 6, 9], "texture": "#0"},
				"down": {"uv": [5, 13, 6, 14], "texture": "#0"}
			}
		},
		{
			"name": "ar_6",
			"from": [3, 2, 0],
			"to": [5, 7, 1],
			"faces": {
				"north": {"uv": [5, 9, 3, 14], "texture": "#0"},
				"east": {"uv": [4, 9, 5, 14], "texture": "#0"},
				"south": {"uv": [3, 9, 5, 14], "texture": "#0"},
				"west": {"uv": [3, 9, 4, 14], "texture": "#0"},
				"up": {"uv": [3, 9, 5, 10], "texture": "#0"},
				"down": {"uv": [3, 13, 5, 14], "texture": "#0"}
			}
		},
		{
			"name": "ar_7",
			"from": [2, 4, 0],
			"to": [3, 6, 1],
			"faces": {
				"north": {"uv": [3, 10, 2, 12], "texture": "#0"},
				"east": {"uv": [2, 10, 3, 12], "texture": "#0"},
				"south": {"uv": [2, 10, 3, 12], "texture": "#0"},
				"west": {"uv": [2, 10, 3, 12], "texture": "#0"},
				"up": {"uv": [2, 10, 3, 11], "texture": "#0"},
				"down": {"uv": [2, 11, 3, 12], "texture": "#0"}
			}
		},
		{
			"name": "ar_8",
			"from": [8, 5, 0],
			"to": [10, 6, 1],
			"faces": {
				"north": {"uv": [10, 10, 8, 11], "texture": "#0"},
				"east": {"uv": [9, 10, 10, 11], "texture": "#0"},
				"south": {"uv": [8, 10, 10, 11], "texture": "#0"},
				"west": {"uv": [8, 10, 9, 11], "texture": "#0"},
				"up": {"uv": [8, 10, 10, 11], "texture": "#0"},
				"down": {"uv": [8, 10, 10, 11], "texture": "#0"}
			}
		},
		{
			"name": "ar_9",
			"from": [8, 4, 0],
			"to": [9, 5, 1],
			"faces": {
				"north": {"uv": [9, 11, 8, 12], "texture": "#0"},
				"east": {"uv": [8, 11, 9, 12], "texture": "#0"},
				"south": {"uv": [8, 11, 9, 12], "texture": "#0"},
				"west": {"uv": [8, 11, 9, 12], "texture": "#0"},
				"up": {"uv": [8, 11, 9, 12], "texture": "#0"},
				"down": {"uv": [8, 11, 9, 12], "texture": "#0"}
			}
		}
	],
	"gui_light": "front",
	"display": {
		"thirdperson_righthand": {
			"rotation": [-180, 0, -180],
			"translation": [0.25, 2.68, -2.62],
			"scale": [0.4, 0.4, 0.4]
		},
		"thirdperson_lefthand": {
			"rotation": [-180, 0, -180],
			"translation": [0, 2.68, -2.37],
			"scale": [0.4, 0.4, 0.4]
		},
		"firstperson_righthand": {
			"rotation": [4, 90, 0],
			"translation": [4.49, 4.39, 0.13],
			"scale": [0.4, 0.4, 0.4]
		},
		"firstperson_lefthand": {
			"rotation": [4, -90, 0],
			"translation": [-0.71, 4.64, -0.38],
			"scale": [0.4, 0.4, 0.4]
		},
		"ground": {
			"translation": [0, 5, 0],
			"scale": [0.8, 0.8, 0.8]
		},
		"gui": {
			"rotation": [14, -180, 0],
			"translation": [0.81, 1.75, 0]
		},
		"head": {
			"translation": [-0.25, 9.25, -2.5],
			"scale": [0.4, 0.4, 0.4]
		},
		"fixed": {
			"translation": [0.3, 0.2, 7.9]
		}
	},
	"groups": [
		{
			"name": "ar",
			"origin": [8, 8, 8],
			"color": 0,
			"children": [0, 1, 2, 3, 4, 5, 6, 7, 8, 9]
		}
	]
}