{
	"format_version": "1.21.6",
	"credit": "Made with Blockbench",
	"textures": {
		"0": "item/flans/weapons/ammo/shotgun",
		"particle": "item/flans/weapons/ammo/shotgun"
	},
	"elements": [
		{
			"name": "shotgun_0",
			"from": [1, 4, 0],
			"to": [14, 11, 1],
			"faces": {
				"north": {"uv": [14, 5, 1, 12], "texture": "#0"},
				"east": {"uv": [13, 5, 14, 12], "texture": "#0"},
				"south": {"uv": [1, 5, 14, 12], "texture": "#0"},
				"west": {"uv": [1, 5, 2, 12], "texture": "#0"},
				"up": {"uv": [1, 5, 14, 6], "texture": "#0"},
				"down": {"uv": [1, 11, 14, 12], "texture": "#0"}
			}
		}
	],
	"gui_light": "front",
	"display": {
		"thirdperson_righthand": {
			"rotation": [-180, 0, -180],
			"translation": [0.25, 2.68, -2.62],
			"scale": [0.4, 0.4, 0.4]
		},
		"thirdperson_lefthand": {
			"rotation": [-180, 0, -180],
			"translation": [0, 2.68, -2.37],
			"scale": [0.4, 0.4, 0.4]
		},
		"firstperson_righthand": {
			"rotation": [4, 90, 0],
			"translation": [4.49, 4.39, 0.13],
			"scale": [0.4, 0.4, 0.4]
		},
		"firstperson_lefthand": {
			"rotation": [4, -90, 0],
			"translation": [-0.71, 4.64, -0.38],
			"scale": [0.4, 0.4, 0.4]
		},
		"ground": {
			"translation": [0, 5, 0],
			"scale": [0.8, 0.8, 0.8]
		},
		"gui": {
			"rotation": [14, -180, 0],
			"translation": [0.81, 1.75, 0]
		},
		"head": {
			"translation": [-0.25, 9.25, -2.5],
			"scale": [0.4, 0.4, 0.4]
		},
		"fixed": {
			"translation": [0.3, 0.2, 7.9]
		}
	},
	"groups": [
		{
			"name": "shotgun",
			"origin": [8, 8, 8],
			"color": 0,
			"children": [0]
		}
	]
}