{
	"format_version": "1.21.6",
	"credit": "Made with Blockbench",
	"textures": {
		"0": "item/flans/weapons/ammo/sniper",
		"particle": "item/flans/weapons/ammo/sniper"
	},
	"elements": [
		{
			"name": "sniper_0",
			"from": [3, 2, 0],
			"to": [4, 15, 1],
			"faces": {
				"north": {"uv": [4, 1, 3, 14], "texture": "#0"},
				"east": {"uv": [3, 1, 4, 14], "texture": "#0"},
				"south": {"uv": [3, 1, 4, 14], "texture": "#0"},
				"west": {"uv": [3, 1, 4, 14], "texture": "#0"},
				"up": {"uv": [3, 1, 4, 2], "texture": "#0"},
				"down": {"uv": [3, 13, 4, 14], "texture": "#0"}
			}
		},
		{
			"name": "sniper_1",
			"from": [12, 1, 0],
			"to": [13, 15, 1],
			"faces": {
				"north": {"uv": [13, 1, 12, 15], "texture": "#0"},
				"east": {"uv": [12, 1, 13, 15], "texture": "#0"},
				"south": {"uv": [12, 1, 13, 15], "texture": "#0"},
				"west": {"uv": [12, 1, 13, 15], "texture": "#0"},
				"up": {"uv": [12, 1, 13, 2], "texture": "#0"},
				"down": {"uv": [12, 14, 13, 15], "texture": "#0"}
			}
		},
		{
			"name": "sniper_2",
			"from": [2, 2, 0],
			"to": [3, 14, 1],
			"faces": {
				"north": {"uv": [3, 2, 2, 14], "texture": "#0"},
				"east": {"uv": [2, 2, 3, 14], "texture": "#0"},
				"south": {"uv": [2, 2, 3, 14], "texture": "#0"},
				"west": {"uv": [2, 2, 3, 14], "texture": "#0"},
				"up": {"uv": [2, 2, 3, 3], "texture": "#0"},
				"down": {"uv": [2, 13, 3, 14], "texture": "#0"}
			}
		},
		{
			"name": "sniper_3",
			"from": [4, 1, 0],
			"to": [5, 14, 1],
			"faces": {
				"north": {"uv": [5, 2, 4, 15], "texture": "#0"},
				"east": {"uv": [4, 2, 5, 15], "texture": "#0"},
				"south": {"uv": [4, 2, 5, 15], "texture": "#0"},
				"west": {"uv": [4, 2, 5, 15], "texture": "#0"},
				"up": {"uv": [4, 2, 5, 3], "texture": "#0"},
				"down": {"uv": [4, 14, 5, 15], "texture": "#0"}
			}
		},
		{
			"name": "sniper_4",
			"from": [6, 1, 0],
			"to": [7, 14, 1],
			"faces": {
				"north": {"uv": [7, 2, 6, 15], "texture": "#0"},
				"east": {"uv": [6, 2, 7, 15], "texture": "#0"},
				"south": {"uv": [6, 2, 7, 15], "texture": "#0"},
				"west": {"uv": [6, 2, 7, 15], "texture": "#0"},
				"up": {"uv": [6, 2, 7, 3], "texture": "#0"},
				"down": {"uv": [6, 14, 7, 15], "texture": "#0"}
			}
		},
		{
			"name": "sniper_5",
			"from": [10, 1, 0],
			"to": [12, 14, 1],
			"faces": {
				"north": {"uv": [12, 2, 10, 15], "texture": "#0"},
				"east": {"uv": [11, 2, 12, 15], "texture": "#0"},
				"south": {"uv": [10, 2, 12, 15], "texture": "#0"},
				"west": {"uv": [10, 2, 11, 15], "texture": "#0"},
				"up": {"uv": [10, 2, 12, 3], "texture": "#0"},
				"down": {"uv": [10, 14, 12, 15], "texture": "#0"}
			}
		},
		{
			"name": "sniper_6",
			"from": [13, 2, 0],
			"to": [14, 14, 1],
			"faces": {
				"north": {"uv": [14, 2, 13, 14], "texture": "#0"},
				"east": {"uv": [13, 2, 14, 14], "texture": "#0"},
				"south": {"uv": [13, 2, 14, 14], "texture": "#0"},
				"west": {"uv": [13, 2, 14, 14], "texture": "#0"},
				"up": {"uv": [13, 2, 14, 3], "texture": "#0"},
				"down": {"uv": [13, 13, 14, 14], "texture": "#0"}
			}
		},
		{
			"name": "sniper_7",
			"from": [5, 1, 0],
			"to": [6, 13, 1],
			"faces": {
				"north": {"uv": [6, 3, 5, 15], "texture": "#0"},
				"east": {"uv": [5, 3, 6, 15], "texture": "#0"},
				"south": {"uv": [5, 3, 6, 15], "texture": "#0"},
				"west": {"uv": [5, 3, 6, 15], "texture": "#0"},
				"up": {"uv": [5, 3, 6, 4], "texture": "#0"},
				"down": {"uv": [5, 14, 6, 15], "texture": "#0"}
			}
		},
		{
			"name": "sniper_8",
			"from": [7, 1, 0],
			"to": [8, 13, 1],
			"faces": {
				"north": {"uv": [8, 3, 7, 15], "texture": "#0"},
				"east": {"uv": [7, 3, 8, 15], "texture": "#0"},
				"south": {"uv": [7, 3, 8, 15], "texture": "#0"},
				"west": {"uv": [7, 3, 8, 15], "texture": "#0"},
				"up": {"uv": [7, 3, 8, 4], "texture": "#0"},
				"down": {"uv": [7, 14, 8, 15], "texture": "#0"}
			}
		},
		{
			"name": "sniper_9",
			"from": [9, 1, 0],
			"to": [10, 13, 1],
			"faces": {
				"north": {"uv": [10, 3, 9, 15], "texture": "#0"},
				"east": {"uv": [9, 3, 10, 15], "texture": "#0"},
				"south": {"uv": [9, 3, 10, 15], "texture": "#0"},
				"west": {"uv": [9, 3, 10, 15], "texture": "#0"},
				"up": {"uv": [9, 3, 10, 4], "texture": "#0"},
				"down": {"uv": [9, 14, 10, 15], "texture": "#0"}
			}
		},
		{
			"name": "sniper_10",
			"from": [1, 2, 0],
			"to": [2, 12, 1],
			"faces": {
				"north": {"uv": [2, 4, 1, 14], "texture": "#0"},
				"east": {"uv": [1, 4, 2, 14], "texture": "#0"},
				"south": {"uv": [1, 4, 2, 14], "texture": "#0"},
				"west": {"uv": [1, 4, 2, 14], "texture": "#0"},
				"up": {"uv": [1, 4, 2, 5], "texture": "#0"},
				"down": {"uv": [1, 13, 2, 14], "texture": "#0"}
			}
		},
		{
			"name": "sniper_11",
			"from": [14, 2, 0],
			"to": [15, 12, 1],
			"faces": {
				"north": {"uv": [15, 4, 14, 14], "texture": "#0"},
				"east": {"uv": [14, 4, 15, 14], "texture": "#0"},
				"south": {"uv": [14, 4, 15, 14], "texture": "#0"},
				"west": {"uv": [14, 4, 15, 14], "texture": "#0"},
				"up": {"uv": [14, 4, 15, 5], "texture": "#0"},
				"down": {"uv": [14, 13, 15, 14], "texture": "#0"}
			}
		},
		{
			"name": "sniper_12",
			"from": [8, 1, 0],
			"to": [9, 11, 1],
			"faces": {
				"north": {"uv": [9, 5, 8, 15], "texture": "#0"},
				"east": {"uv": [8, 5, 9, 15], "texture": "#0"},
				"south": {"uv": [8, 5, 9, 15], "texture": "#0"},
				"west": {"uv": [8, 5, 9, 15], "texture": "#0"},
				"up": {"uv": [8, 5, 9, 6], "texture": "#0"},
				"down": {"uv": [8, 14, 9, 15], "texture": "#0"}
			}
		}
	],
	"gui_light": "front",
	"display": {
		"thirdperson_righthand": {
			"rotation": [-180, 0, -180],
			"translation": [0.25, 2.68, -2.62],
			"scale": [0.4, 0.4, 0.4]
		},
		"thirdperson_lefthand": {
			"rotation": [-180, 0, -180],
			"translation": [0, 2.68, -2.37],
			"scale": [0.4, 0.4, 0.4]
		},
		"firstperson_righthand": {
			"rotation": [4, 90, 0],
			"translation": [4.49, 4.39, 0.13],
			"scale": [0.4, 0.4, 0.4]
		},
		"firstperson_lefthand": {
			"rotation": [4, -90, 0],
			"translation": [-0.71, 4.64, -0.38],
			"scale": [0.4, 0.4, 0.4]
		},
		"ground": {
			"translation": [0, 5, 0],
			"scale": [0.8, 0.8, 0.8]
		},
		"gui": {
			"rotation": [14, -180, 0],
			"translation": [0.81, 1.75, 0]
		},
		"head": {
			"translation": [-0.25, 9.25, -2.5],
			"scale": [0.4, 0.4, 0.4]
		},
		"fixed": {
			"translation": [0.3, 0.2, 7.9]
		}
	},
	"groups": [
		{
			"name": "sniper",
			"origin": [8, 8, 8],
			"color": 0,
			"children": [0, 1, 2, 3, 4, 5, 6, 7, 8, 9, 10, 11, 12]
		}
	]
}