{"__comment":"DesignedbyZachrywilsnwithCubikStudio-http://bdcraft.net","textures":{"particle":"crates/crate3/antique_vault_open","texture":"crates/crate3/antique_vault_open","money":"crates/bill","stars":"crates/stars"},"elements":[{"__comment":"Money","from":[1.625,6.5,4.625],"to":[3.625,8,8.625],"faces":{"up":{"uv":[4.5,1.5,11.5,14.5],"texture":"#money","rotation":180},"north":{"uv":[4.5,1.5,5.3125,1.875],"texture":"#money"},"south":{"uv":[4.5,1.5,5.3125,1.875],"texture":"#money"},"west":{"uv":[4.5,1.5,5.3125,1.875],"texture":"#money"},"east":{"uv":[4.5,1.5,5.3125,1.875],"texture":"#money"}}},{"__comment":"Money","from":[11,6.5,9],"to":[13,7.25,13],"faces":{"up":{"uv":[4.5,1.5,11.5,14.5],"texture":"#money","rotation":180},"north":{"uv":[4.5,1.5,5.3125,1.875],"texture":"#money"},"south":{"uv":[4.5,1.5,5.3125,1.875],"texture":"#money"},"west":{"uv":[4.5,1.5,5.3125,1.875],"texture":"#money"},"east":{"uv":[4.5,1.5,5.3125,1.875],"texture":"#money"}}},{"__comment":"Money","from":[8.625,6.5,4.625],"to":[10.625,6.875,8.625],"faces":{"up":{"uv":[4.5,1.5,11.5,14.5],"texture":"#money","rotation":180},"north":{"uv":[4.5,1.5,5.3125,1.875],"texture":"#money"},"south":{"uv":[4.5,1.5,5.3125,1.875],"texture":"#money"},"west":{"uv":[4.5,1.5,5.3125,1.875],"texture":"#money"},"east":{"uv":[4.5,1.5,5.3125,1.875],"texture":"#money"}}},{"__comment":"Money","from":[4,6.5,9],"to":[6,6.625,13],"faces":{"up":{"uv":[4.5,1.5,11.5,14.5],"texture":"#money","rotation":180},"north":{"uv":[4.5,1.5,5.3125,1.875],"texture":"#money"},"south":{"uv":[4.5,1.5,5.3125,1.875],"texture":"#money"},"west":{"uv":[4.5,1.5,5.3125,1.875],"texture":"#money"},"east":{"uv":[4.5,1.5,5.3125,1.875],"texture":"#money"}}},{"__comment":"Money","from":[1.625,6.5,9],"to":[3.625,8,13],"faces":{"up":{"uv":[4.5,1.5,11.5,14.5],"texture":"#money","rotation":180},"north":{"uv":[4.5,1.5,5.3125,1.875],"texture":"#money"},"south":{"uv":[4.5,1.5,5.3125,1.875],"texture":"#money"},"west":{"uv":[4.5,1.5,5.3125,1.875],"texture":"#money"},"east":{"uv":[4.5,1.5,5.3125,1.875],"texture":"#money"}}},{"__comment":"Money","from":[4,6.5,4.625],"to":[6,7.625,8.625],"faces":{"up":{"uv":[4.5,1.5,11.5,14.5],"texture":"#money","rotation":180},"north":{"uv":[4.5,1.5,5.3125,1.875],"texture":"#money"},"south":{"uv":[4.5,1.5,5.3125,1.875],"texture":"#money"},"west":{"uv":[4.5,1.5,5.3125,1.875],"texture":"#money"},"east":{"uv":[4.5,1.5,5.3125,1.875],"texture":"#money"}}},{"__comment":"Money","from":[11,6.5,4.625],"to":[13,8,8.625],"faces":{"up":{"uv":[4.5,1.5,11.5,14.5],"texture":"#money","rotation":180},"north":{"uv":[4.5,1.5,5.3125,1.875],"texture":"#money"},"south":{"uv":[4.5,1.5,5.3125,1.875],"texture":"#money"},"west":{"uv":[4.5,1.5,5.3125,1.875],"texture":"#money"},"east":{"uv":[4.5,1.5,5.3125,1.875],"texture":"#money"}}},{"__comment":"Money","from":[8.625,6.5,9],"to":[10.625,7.25,13],"faces":{"up":{"uv":[4.5,1.5,11.5,14.5],"texture":"#money","rotation":180},"north":{"uv":[4.5,1.5,5.3125,1.875],"texture":"#money"},"south":{"uv":[4.5,1.5,5.3125,1.875],"texture":"#money"},"west":{"uv":[4.5,1.5,5.3125,1.875],"texture":"#money"},"east":{"uv":[4.5,1.5,5.3125,1.875],"texture":"#money"}}},{"__comment":"Money","from":[6.375,6.5,9],"to":[8.375,7.25,13],"faces":{"up":{"uv":[4.5,1.5,11.5,14.5],"texture":"#money","rotation":180},"north":{"uv":[4.5,1.5,5.3125,1.875],"texture":"#money"},"south":{"uv":[4.5,1.5,5.3125,1.875],"texture":"#money"},"west":{"uv":[4.5,1.5,5.3125,1.875],"texture":"#money"},"east":{"uv":[4.5,1.5,5.3125,1.875],"texture":"#money"}}},{"__comment":"Money","from":[6.375,6.5,4.625],"to":[8.375,8,8.625],"faces":{"up":{"uv":[4.5,1.5,11.5,14.5],"texture":"#money","rotation":180},"north":{"uv":[4.5,1.5,5.3125,1.875],"texture":"#money"},"south":{"uv":[4.5,1.5,5.3125,1.875],"texture":"#money"},"west":{"uv":[4.5,1.5,5.3125,1.875],"texture":"#money"},"east":{"uv":[4.5,1.5,5.3125,1.875],"texture":"#money"}}},{"__comment":"Voxels","from":[0,4.25,0.25],"to":[16,23.5,1],"faces":{"down":{"uv":[0,8.03125,2,8.125],"texture":"#texture"},"up":{"uv":[0,8.21875,2,8.125],"texture":"#texture"},"north":{"uv":[2,13.59375,0,16],"texture":"#texture"},"south":{"uv":[0,11.1875,2,13.59375],"texture":"#texture"},"west":{"uv":[10.21875,11.0625,10.3125,13.46875],"texture":"#texture"},"east":{"uv":[9.96875,8.9375,9.875,11.34375],"texture":"#texture"}}},{"__comment":"Voxels","from":[0,4.25,1],"to":[16,6.5,15.75],"faces":{"down":{"uv":[5.875,14.15625,7.875,16],"texture":"#texture"},"up":{"uv":[5.875,14.15625,7.875,12.3125],"texture":"#texture"},"south":{"uv":[0,8.5,2,8.78125],"texture":"#texture"},"west":{"uv":[5.875,8.25,7.71875,8.53125],"texture":"#texture","cullface":"west"},"east":{"uv":[7.71875,8.53125,5.875,8.8125],"texture":"#texture","cullface":"east"}}},{"__comment":"Voxels","from":[0,6.5,1],"to":[1.5,23.5,15.75],"faces":{"up":{"uv":[9.6875,13.46875,9.875,11.625],"texture":"#texture","cullface":"up"},"south":{"uv":[9.1875,8.5,9.375,10.625],"texture":"#texture","cullface":"up"},"west":{"uv":[2,9.34375,3.84375,11.46875],"texture":"#texture","cullface":"up"},"east":{"uv":[3.84375,11.46875,2,13.59375],"texture":"#texture","cullface":"up"}}},{"__comment":"Voxels","from":[0.25,4,0.25],"to":[15.75,4.25,15.75],"faces":{"down":{"uv":[3.9375,12.125,5.875,14.0625],"texture":"#texture"},"up":{"uv":[3.9375,16,5.875,14.0625],"texture":"#texture"},"north":{"uv":[1.9375,8,0,8.03125],"texture":"#texture"},"south":{"uv":[12.9375,13.4375,14.875,13.46875],"texture":"#texture"},"west":{"uv":[12.9375,13.40625,14.875,13.4375],"texture":"#texture"},"east":{"uv":[14.875,13.375,12.9375,13.40625],"texture":"#texture"}}},{"__comment":"Voxels","from":[0.25,4.25,0],"to":[15.75,23.5,0.25],"faces":{"down":{"uv":[12.9375,13.28125,14.875,13.3125],"texture":"#texture","cullface":"up"},"up":{"uv":[12.9375,13.28125,14.875,13.25],"texture":"#texture","cullface":"up"},"north":{"uv":[1.9375,8.78125,0,11.1875],"texture":"#texture","cullface":"up"},"west":{"uv":[10.3125,10.84375,10.34375,13.25],"texture":"#texture","cullface":"up"},"east":{"uv":[10.34375,8.4375,10.3125,10.84375],"texture":"#texture","cullface":"up"}}},{"__comment":"Voxels","from":[0.25,4.25,15.75],"to":[15.75,6.5,16],"faces":{"down":{"uv":[10.375,13.21875,12.3125,13.25],"texture":"#texture"},"up":{"uv":[12.3125,13.25,14.25,13.21875],"texture":"#texture"},"south":{"uv":[2,8.15625,3.9375,8.4375],"texture":"#texture","cullface":"south"},"west":{"uv":[11.03125,12.09375,11.0625,12.375],"texture":"#texture"},"east":{"uv":[11.0625,12.375,11.03125,12.65625],"texture":"#texture"}}},{"__comment":"Voxels","from":[0.25,6.5,15.75],"to":[2.75,23.5,16],"faces":{"up":{"uv":[15.5,13.8125,15.8125,13.78125],"texture":"#texture","cullface":"up"},"north":{"uv":[8.1875,8.5,7.875,10.625],"texture":"#texture","cullface":"up"},"south":{"uv":[8.1875,8.5,8.5,10.625],"texture":"#texture","cullface":"up"},"west":{"uv":[10.34375,11.125,10.375,13.25],"texture":"#texture","cullface":"up"},"east":{"uv":[9.875,9.5,9.84375,11.625],"texture":"#texture","cullface":"up"}}},{"__comment":"Voxels","from":[0.25,23.5,0.25],"to":[15.75,23.75,15.75],"faces":{"down":{"uv":[3.9375,10.1875,5.875,12.125],"texture":"#texture","cullface":"up"},"up":{"uv":[3.9375,10.1875,5.875,8.25],"texture":"#texture","cullface":"up"},"north":{"uv":[12.3125,13.1875,10.375,13.21875],"texture":"#texture","cullface":"up"},"south":{"uv":[12.3125,13.1875,14.25,13.21875],"texture":"#texture","cullface":"up"},"west":{"uv":[12.9375,13.3125,14.875,13.34375],"texture":"#texture","cullface":"up"},"east":{"uv":[14.875,13.34375,12.9375,13.375],"texture":"#texture","cullface":"up"}}},{"__comment":"Voxels","from":[0.5,2,0.5],"to":[4,4,2.25],"faces":{"down":{"uv":[12.0625,13.25,12.5,13.46875],"texture":"#texture"},"north":{"uv":[15.75,14.0625,15.3125,14.3125],"texture":"#texture"},"south":{"uv":[14.875,14.0625,15.3125,14.3125],"texture":"#texture"},"west":{"uv":[5.59375,8,5.8125,8.25],"texture":"#texture"},"east":{"uv":[9.15625,8.09375,8.9375,8.34375],"texture":"#texture"}}},{"__comment":"Voxels","from":[0.5,2,13.75],"to":[4,4,15.5],"faces":{"down":{"uv":[11.625,13.25,12.0625,13.46875],"texture":"#texture"},"north":{"uv":[7.6875,8,7.25,8.25],"texture":"#texture"},"south":{"uv":[8.5,8.09375,8.9375,8.34375],"texture":"#texture"},"west":{"uv":[9.1875,8.25,9.40625,8.5],"texture":"#texture"},"east":{"uv":[9.40625,8,9.1875,8.25],"texture":"#texture"}}},{"__comment":"Voxels","from":[1,0.75,0.75],"to":[3.75,2,2],"faces":{"down":{"uv":[10.40625,12.78125,10.75,12.9375],"texture":"#texture"},"north":{"uv":[15.90625,13.3125,15.5625,13.46875],"texture":"#texture"},"south":{"uv":[15.21875,13.3125,15.5625,13.46875],"texture":"#texture"},"west":{"uv":[10.03125,8.03125,10.1875,8.1875],"texture":"#texture"},"east":{"uv":[10.03125,8.09375,9.875,8.25],"texture":"#texture"}}},{"__comment":"Voxels","from":[1,0.75,14],"to":[3.75,2,15.25],"faces":{"down":{"uv":[14.875,13.3125,15.21875,13.46875],"texture":"#texture"},"north":{"uv":[14.875,14.375,14.53125,14.53125],"texture":"#texture"},"south":{"uv":[12.875,14.375,13.21875,14.53125],"texture":"#texture"},"west":{"uv":[9.875,8.25,10.03125,8.40625],"texture":"#texture"},"east":{"uv":[9.84375,8.03125,9.6875,8.1875],"texture":"#texture"}}},{"__comment":"Voxels","from":[1.25,0.5,0.75],"to":[3.5,0.75,2],"faces":{"down":{"uv":[10.46875,9.875,10.75,10.03125],"texture":"#texture"},"north":{"uv":[14.84375,13.46875,14.5625,13.5],"texture":"#texture"},"south":{"uv":[14.5625,13.5,14.84375,13.53125],"texture":"#texture"},"west":{"uv":[15.40625,12.875,15.5625,12.90625],"texture":"#texture"},"east":{"uv":[15.71875,12.875,15.5625,12.90625],"texture":"#texture"}}},{"__comment":"Voxels","from":[1.25,0.5,14],"to":[3.5,0.75,15.25],"faces":{"down":{"uv":[10.46875,9.53125,10.75,9.6875],"texture":"#texture"},"north":{"uv":[13.71875,13.46875,13.4375,13.5],"texture":"#texture"},"south":{"uv":[13.4375,13.5,13.71875,13.53125],"texture":"#texture"},"west":{"uv":[15.71875,12.875,15.875,12.90625],"texture":"#texture"},"east":{"uv":[11.25,12.84375,11.09375,12.875],"texture":"#texture"}}},{"__comment":"Voxels","from":[1.25,1,0.5],"to":[3.5,2,0.75],"faces":{"down":{"uv":[10.46875,8.34375,10.75,8.375],"texture":"#texture"},"north":{"uv":[11.03125,11.96875,10.75,12.09375],"texture":"#texture"},"west":{"uv":[11,9.59375,11.03125,9.71875],"texture":"#texture"},"east":{"uv":[11,9.59375,10.96875,9.71875],"texture":"#texture"}}},{"__comment":"Voxels","from":[1.25,1,2],"to":[3.5,2,2.25],"faces":{"down":{"uv":[15.65625,13.09375,15.9375,13.125],"texture":"#texture"},"south":{"uv":[10.75,11.46875,11.03125,11.59375],"texture":"#texture"},"west":{"uv":[10.28125,8,10.3125,8.125],"texture":"#texture"},"east":{"uv":[10.75,9.25,10.71875,9.375],"texture":"#texture"}}},{"__comment":"Voxels","from":[1.25,1,13.75],"to":[3.5,2,14],"faces":{"down":{"uv":[10.40625,8,10.6875,8.03125],"texture":"#texture"},"north":{"uv":[11.03125,11.59375,10.75,11.71875],"texture":"#texture"},"west":{"uv":[11,9.71875,11.03125,9.84375],"texture":"#texture"},"east":{"uv":[11,9.71875,10.96875,9.84375],"texture":"#texture"}}},{"__comment":"Voxels","from":[1.25,1,15.25],"to":[3.5,2,15.5],"faces":{"down":{"uv":[15.46875,13.5,15.75,13.53125],"texture":"#texture"},"south":{"uv":[10.75,12.09375,11.03125,12.21875],"texture":"#texture"},"west":{"uv":[10.96875,10.75,11,10.875],"texture":"#texture"},"east":{"uv":[11.03125,10.75,11,10.875],"texture":"#texture"}}},{"__comment":"Voxels","from":[1.5,0.25,0.75],"to":[3.25,0.5,2],"faces":{"down":{"uv":[10.75,10.40625,10.96875,10.5625],"texture":"#texture"},"north":{"uv":[15.21875,12.90625,15,12.9375],"texture":"#texture"},"south":{"uv":[15.21875,12.90625,15.4375,12.9375],"texture":"#texture"},"west":{"uv":[13.59375,12.84375,13.75,12.875],"texture":"#texture"},"east":{"uv":[13.90625,12.84375,13.75,12.875],"texture":"#texture"}}},{"__comment":"Voxels","from":[1.5,0.25,14],"to":[3.25,0.5,15.25],"faces":{"down":{"uv":[10.75,10.25,10.96875,10.40625],"texture":"#texture"},"north":{"uv":[15.875,12.90625,15.65625,12.9375],"texture":"#texture"},"south":{"uv":[15.4375,12.90625,15.65625,12.9375],"texture":"#texture"},"west":{"uv":[14.21875,12.84375,14.375,12.875],"texture":"#texture"},"east":{"uv":[14.53125,12.84375,14.375,12.875],"texture":"#texture"}}},{"__comment":"Voxels","from":[1.5,0.75,0.5],"to":[3.25,1,0.75],"faces":{"down":{"uv":[14.125,12.9375,14.34375,12.96875],"texture":"#texture"},"north":{"uv":[13.90625,12.9375,13.6875,12.96875],"texture":"#texture"},"west":{"uv":[10.875,8.0625,10.90625,8.09375],"texture":"#texture"},"east":{"uv":[10.875,8,10.84375,8.03125],"texture":"#texture"}}},{"__comment":"Voxels","from":[1.5,0.75,2],"to":[3.25,1,2.25],"faces":{"down":{"uv":[13.25,12.9375,13.46875,12.96875],"texture":"#texture"},"south":{"uv":[12.59375,12.9375,12.8125,12.96875],"texture":"#texture"},"west":{"uv":[10.84375,8.03125,10.875,8.0625],"texture":"#texture"},"east":{"uv":[10.875,8.0625,10.84375,8.09375],"texture":"#texture"}}},{"__comment":"Voxels","from":[1.5,0.75,13.75],"to":[3.25,1,14],"faces":{"down":{"uv":[11.9375,12.9375,12.15625,12.96875],"texture":"#texture"},"north":{"uv":[11.28125,12.9375,11.0625,12.96875],"texture":"#texture"},"west":{"uv":[10.8125,8,10.84375,8.03125],"texture":"#texture"},"east":{"uv":[10.8125,8,10.78125,8.03125],"texture":"#texture"}}},{"__comment":"Voxels","from":[1.5,0.75,15.25],"to":[3.25,1,15.5],"faces":{"down":{"uv":[15.15625,14.3125,15.375,14.34375],"texture":"#texture"},"south":{"uv":[15.65625,12.9375,15.875,12.96875],"texture":"#texture"},"west":{"uv":[10.75,8,10.78125,8.03125],"texture":"#texture"},"east":{"uv":[11.03125,8.90625,11,8.9375],"texture":"#texture"}}},{"__comment":"Voxels","from":[1.5,6.5,15],"to":[2.75,23.5,15.75],"faces":{"north":{"uv":[10.03125,11.34375,9.875,13.46875],"texture":"#texture","cullface":"up"},"east":{"uv":[3.9375,9.34375,3.84375,11.46875],"texture":"#texture","cullface":"up"}}},{"__comment":"Voxels","from":[1.5,9,1],"to":[16,9.5,1.25],"faces":{"down":{"uv":[10.40625,13.15625,12.21875,13.1875],"texture":"#texture"},"up":{"uv":[12.21875,13.1875,14.03125,13.15625],"texture":"#texture"},"south":{"uv":[12.75,13.625,14.5625,13.6875],"texture":"#texture"},"east":{"uv":[11.03125,9.21875,11,9.28125],"texture":"#texture","cullface":"east"}}},{"__comment":"Voxels","from":[1.5,9,1.25],"to":[16,9.25,14.75],"faces":{"down":{"uv":[7.875,14.3125,9.6875,16],"texture":"#texture"},"up":{"uv":[9.6875,16,11.5,14.3125],"texture":"#texture"},"south":{"uv":[14.03125,13.15625,15.84375,13.1875],"texture":"#texture"},"east":{"uv":[15.65625,13.09375,13.96875,13.125],"texture":"#texture","cullface":"east"}}},{"__comment":"Voxels","from":[1.5,9.25,1.25],"to":[1.75,9.5,14.75],"faces":{"up":{"uv":[10.40625,11.53125,10.4375,9.84375],"texture":"#texture"},"south":{"uv":[11,8.9375,11.03125,8.96875],"texture":"#texture"},"east":{"uv":[15.9375,13.21875,14.25,13.25],"texture":"#texture"}}},{"__comment":"Voxels","from":[1.5,21.25,1],"to":[16,23.5,15],"faces":{"down":{"uv":[5.875,10.5625,7.6875,12.3125],"texture":"#texture","cullface":"up"},"up":{"uv":[5.875,10.5625,7.6875,8.8125],"texture":"#texture","cullface":"up"},"south":{"uv":[11.3125,14.03125,13.125,14.3125],"texture":"#texture","cullface":"up"},"east":{"uv":[11.25,13.75,9.5,14.03125],"texture":"#texture","cullface":"up"}}},{"__comment":"Voxels","from":[1.75,0.5,0.5],"to":[3,0.75,0.75],"faces":{"down":{"uv":[14.53125,12.84375,14.6875,12.875],"texture":"#texture"},"north":{"uv":[11.40625,12.8125,11.25,12.84375],"texture":"#texture"},"west":{"uv":[10.9375,8.90625,10.96875,8.9375],"texture":"#texture"},"east":{"uv":[11.03125,10.09375,11,10.125],"texture":"#texture"}}},{"__comment":"Voxels","from":[1.75,0.5,2],"to":[3,0.75,2.25],"faces":{"down":{"uv":[15.46875,12.84375,15.625,12.875],"texture":"#texture"},"south":{"uv":[14.6875,12.84375,14.84375,12.875],"texture":"#texture"},"west":{"uv":[10.96875,10.09375,11,10.125],"texture":"#texture"},"east":{"uv":[11.03125,10.25,11,10.28125],"texture":"#texture"}}},{"__comment":"Voxels","from":[1.75,0.5,13.75],"to":[3,0.75,14],"faces":{"down":{"uv":[15,12.84375,15.15625,12.875],"texture":"#texture"},"north":{"uv":[12.4375,12.875,12.28125,12.90625],"texture":"#texture"},"west":{"uv":[10.96875,10.25,11,10.28125],"texture":"#texture"},"east":{"uv":[11.03125,10.40625,11,10.4375],"texture":"#texture"}}},{"__comment":"Voxels","from":[1.75,0.5,15.25],"to":[3,0.75,15.5],"faces":{"down":{"uv":[13.0625,12.875,13.21875,12.90625],"texture":"#texture"},"south":{"uv":[11.875,12.84375,12.03125,12.875],"texture":"#texture"},"west":{"uv":[15.90625,12.875,15.9375,12.90625],"texture":"#texture"},"east":{"uv":[15.90625,12.875,15.875,12.90625],"texture":"#texture"}}},{"__comment":"Voxels","from":[1.75,9.25,14.5],"to":[16,9.5,14.75],"faces":{"up":{"uv":[12.21875,13.15625,14,13.125],"texture":"#texture"},"north":{"uv":[12.1875,13.09375,10.40625,13.125],"texture":"#texture"},"south":{"uv":[12.1875,13.09375,13.96875,13.125],"texture":"#texture"},"east":{"uv":[16,12.875,15.96875,12.90625],"texture":"#texture","cullface":"east"}}},{"__comment":"Voxels","from":[2,0,0.75],"to":[2.75,0.25,2],"faces":{"down":{"uv":[10.21875,8.4375,10.3125,8.59375],"texture":"#texture","cullface":"down"},"north":{"uv":[10.75,9.15625,10.65625,9.1875],"texture":"#texture"},"south":{"uv":[15.90625,12.96875,16,13],"texture":"#texture"},"west":{"uv":[15.84375,13.15625,16,13.1875],"texture":"#texture"},"east":{"uv":[7.875,8.25,7.71875,8.28125],"texture":"#texture"}}},{"__comment":"Voxels","from":[2,0,14],"to":[2.75,0.25,15.25],"faces":{"down":{"uv":[14.46875,13.46875,14.5625,13.625],"texture":"#texture","cullface":"down"},"north":{"uv":[11.03125,9.125,10.9375,9.15625],"texture":"#texture"},"south":{"uv":[10.9375,9.09375,11.03125,9.125],"texture":"#texture"},"west":{"uv":[14.9375,12.875,15.09375,12.90625],"texture":"#texture"},"east":{"uv":[14.9375,12.875,14.78125,12.90625],"texture":"#texture"}}},{"__comment":"Voxels","from":[2.25,1.5,0.25],"to":[2.5,1.75,0.5],"faces":{"down":{"uv":[11.0625,12.65625,11.09375,12.6875],"texture":"#texture"},"up":{"uv":[11.0625,12.65625,11.09375,12.625],"texture":"#texture"},"north":{"uv":[11.09375,12.59375,11.0625,12.625],"texture":"#texture"},"west":{"uv":[11.0625,12.53125,11.09375,12.5625],"texture":"#texture"},"east":{"uv":[11.09375,12.5,11.0625,12.53125],"texture":"#texture"}}},{"__comment":"Voxels","from":[2.25,1.5,2.25],"to":[2.5,1.75,2.5],"faces":{"down":{"uv":[11.0625,12.46875,11.09375,12.5],"texture":"#texture"},"up":{"uv":[11.0625,12.46875,11.09375,12.4375],"texture":"#texture"},"south":{"uv":[11.0625,12.375,11.09375,12.40625],"texture":"#texture"},"west":{"uv":[11.0625,12.34375,11.09375,12.375],"texture":"#texture"},"east":{"uv":[11.09375,12.3125,11.0625,12.34375],"texture":"#texture"}}},{"__comment":"Voxels","from":[2.25,1.5,13.5],"to":[2.5,1.75,13.75],"faces":{"down":{"uv":[11.0625,12.28125,11.09375,12.3125],"texture":"#texture"},"up":{"uv":[11.0625,12.28125,11.09375,12.25],"texture":"#texture"},"north":{"uv":[11.09375,12.21875,11.0625,12.25],"texture":"#texture"},"west":{"uv":[11.0625,12.15625,11.09375,12.1875],"texture":"#texture"},"east":{"uv":[11.09375,12.125,11.0625,12.15625],"texture":"#texture"}}},{"__comment":"Voxels","from":[2.25,1.5,15.5],"to":[2.5,1.75,15.75],"faces":{"down":{"uv":[11.0625,12.09375,11.09375,12.125],"texture":"#texture"},"up":{"uv":[11.0625,12.09375,11.09375,12.0625],"texture":"#texture"},"south":{"uv":[11.0625,12,11.09375,12.03125],"texture":"#texture"},"west":{"uv":[11.0625,11.96875,11.09375,12],"texture":"#texture"},"east":{"uv":[11.09375,11.9375,11.0625,11.96875],"texture":"#texture"}}},{"__comment":"Voxels","from":[2.75,21.25,15],"to":[16,23.5,15.75],"faces":{"down":{"uv":[3.9375,8.15625,5.59375,8.25],"texture":"#texture","cullface":"up"},"up":{"uv":[2,8.15625,3.65625,8.0625],"texture":"#texture","cullface":"up"},"south":{"uv":[11.25,13.75,12.90625,14.03125],"texture":"#texture","cullface":"up"},"east":{"uv":[9.96875,8.40625,9.875,8.6875],"texture":"#texture","cullface":"up"}}},{"__comment":"Voxels","from":[2.75,21.25,15.75],"to":[15.75,23.5,16],"faces":{"down":{"uv":[14.0625,13.0625,15.6875,13.09375],"texture":"#texture","cullface":"up"},"up":{"uv":[12.4375,13.09375,14.0625,13.0625],"texture":"#texture","cullface":"up"},"south":{"uv":[11.125,13.46875,12.75,13.75],"texture":"#texture","cullface":"up"},"east":{"uv":[11.0625,11.8125,11.03125,12.09375],"texture":"#texture","cullface":"up"}}},{"__comment":"Voxels","from":[4,2.25,0.5],"to":[4.25,4,2.25],"faces":{"down":{"uv":[15.96875,14.3125,16,14.53125],"texture":"#texture"},"north":{"uv":[9.1875,8.34375,9.15625,8.5625],"texture":"#texture"},"south":{"uv":[15.96875,14.09375,16,14.3125],"texture":"#texture"},"east":{"uv":[10.6875,11.3125,10.46875,11.53125],"texture":"#texture"}}},{"__comment":"Voxels","from":[4,2.25,13.75],"to":[4.25,4,15.5],"faces":{"down":{"uv":[15.96875,13.8125,16,14.03125],"texture":"#texture"},"north":{"uv":[10.71875,8.9375,10.6875,9.15625],"texture":"#texture"},"south":{"uv":[10.71875,8.9375,10.75,9.15625],"texture":"#texture"},"east":{"uv":[15.96875,14.3125,15.75,14.53125],"texture":"#texture"}}},{"__comment":"Voxels","from":[4.25,3,0.5],"to":[5.75,4,2.25],"faces":{"down":{"uv":[10.46875,9.15625,10.65625,9.375],"texture":"#texture"},"north":{"uv":[10.9375,8.78125,10.75,8.90625],"texture":"#texture"},"south":{"uv":[10.75,8.90625,10.9375,9.03125],"texture":"#texture"},"east":{"uv":[10.96875,9.71875,10.75,9.84375],"texture":"#texture"}}},{"__comment":"Voxels","from":[4.25,3,13.75],"to":[5.75,4,15.5],"faces":{"down":{"uv":[10.46875,8.71875,10.65625,8.9375],"texture":"#texture"},"north":{"uv":[10.9375,9.03125,10.75,9.15625],"texture":"#texture"},"south":{"uv":[10.75,9.15625,10.9375,9.28125],"texture":"#texture"},"east":{"uv":[10.96875,9.96875,10.75,10.09375],"texture":"#texture"}}},{"__comment":"Voxels","from":[5.75,3.25,0.5],"to":[6,4,2.25],"faces":{"down":{"uv":[10.65625,8.71875,10.6875,8.9375],"texture":"#texture"},"north":{"uv":[9.1875,8,9.15625,8.09375],"texture":"#texture"},"south":{"uv":[10.34375,8,10.375,8.09375],"texture":"#texture"},"east":{"uv":[13.1875,12.96875,12.96875,13.0625],"texture":"#texture"}}},{"__comment":"Voxels","from":[5.75,3.25,13.75],"to":[6,4,15.5],"faces":{"down":{"uv":[10.71875,8.71875,10.75,8.9375],"texture":"#texture"},"north":{"uv":[10.96875,8.9375,10.9375,9.03125],"texture":"#texture"},"south":{"uv":[10.96875,8.9375,11,9.03125],"texture":"#texture"},"east":{"uv":[15.15625,12.96875,14.9375,13.0625],"texture":"#texture"}}},{"__comment":"Voxels","from":[10,3.25,0.5],"to":[15.5,4,2.25],"faces":{"down":{"uv":[12.1875,14.3125,12.875,14.53125],"texture":"#texture"},"north":{"uv":[5.3125,8.0625,4.625,8.15625],"texture":"#texture"},"south":{"uv":[3.9375,8.0625,4.625,8.15625],"texture":"#texture"},"west":{"uv":[14.28125,12.96875,14.5,13.0625],"texture":"#texture"},"east":{"uv":[14.28125,12.96875,14.0625,13.0625],"texture":"#texture"}}},{"__comment":"Voxels","from":[10,3.25,13.75],"to":[15.5,4,15.5],"faces":{"down":{"uv":[6.5625,8.03125,7.25,8.25],"texture":"#texture"},"north":{"uv":[14.125,13.53125,13.4375,13.625],"texture":"#texture"},"south":{"uv":[12.75,13.53125,13.4375,13.625],"texture":"#texture"},"west":{"uv":[13.84375,12.96875,14.0625,13.0625],"texture":"#texture"},"east":{"uv":[13.84375,12.96875,13.625,13.0625],"texture":"#texture"}}},{"__comment":"Voxels","from":[10.25,3,0.5],"to":[15.5,3.25,2.25],"faces":{"down":{"uv":[13.21875,14.3125,13.875,14.53125],"texture":"#texture"},"north":{"uv":[5.28125,8,4.625,8.03125],"texture":"#texture"},"south":{"uv":[4.625,8.03125,5.28125,8.0625],"texture":"#texture"},"west":{"uv":[14.78125,12.9375,15,12.96875],"texture":"#texture"},"east":{"uv":[15.21875,12.9375,15,12.96875],"texture":"#texture"}}},{"__comment":"Voxels","from":[10.25,3,13.75],"to":[15.5,3.25,15.5],"faces":{"down":{"uv":[8.5,8.34375,9.15625,8.5625],"texture":"#texture"},"north":{"uv":[4.59375,8,3.9375,8.03125],"texture":"#texture"},"south":{"uv":[3.9375,8.03125,4.59375,8.0625],"texture":"#texture"},"west":{"uv":[15.21875,12.9375,15.4375,12.96875],"texture":"#texture"},"east":{"uv":[15.65625,12.9375,15.4375,12.96875],"texture":"#texture"}}},{"__comment":"Voxels","from":[11.75,2.25,0.5],"to":[15.5,3,2.25],"faces":{"down":{"uv":[14.5625,13.8125,15.03125,14.03125],"texture":"#texture"},"north":{"uv":[12.625,12.96875,12.15625,13.0625],"texture":"#texture"},"south":{"uv":[11.6875,12.96875,12.15625,13.0625],"texture":"#texture"},"west":{"uv":[13.40625,12.96875,13.625,13.0625],"texture":"#texture"},"east":{"uv":[13.40625,12.96875,13.1875,13.0625],"texture":"#texture"}}},{"__comment":"Voxels","from":[11.75,2.25,13.75],"to":[15.5,3,15.5],"faces":{"down":{"uv":[15.5,13.8125,15.96875,14.03125],"texture":"#texture"},"north":{"uv":[11.6875,12.96875,11.21875,13.0625],"texture":"#texture"},"south":{"uv":[10.75,12.96875,11.21875,13.0625],"texture":"#texture"},"west":{"uv":[14.5,12.96875,14.71875,13.0625],"texture":"#texture"},"east":{"uv":[14.9375,12.96875,14.71875,13.0625],"texture":"#texture"}}},{"__comment":"Voxels","from":[12,2,0.5],"to":[15.5,2.25,2.25],"faces":{"down":{"uv":[15.03125,13.53125,15.46875,13.75],"texture":"#texture"},"north":{"uv":[6.3125,8,5.875,8.03125],"texture":"#texture"},"south":{"uv":[6.5625,8,7,8.03125],"texture":"#texture"},"west":{"uv":[11.28125,12.9375,11.5,12.96875],"texture":"#texture"},"east":{"uv":[11.71875,12.9375,11.5,12.96875],"texture":"#texture"}}},{"__comment":"Voxels","from":[12,2,13.75],"to":[15.5,2.25,15.5],"faces":{"down":{"uv":[10.3125,13.25,10.75,13.46875],"texture":"#texture"},"north":{"uv":[15.75,14.03125,15.3125,14.0625],"texture":"#texture"},"south":{"uv":[14.875,14.03125,15.3125,14.0625],"texture":"#texture"},"west":{"uv":[12.15625,12.9375,12.375,12.96875],"texture":"#texture"},"east":{"uv":[12.59375,12.9375,12.375,12.96875],"texture":"#texture"}}},{"__comment":"Voxels","from":[12,6.5,16.25],"to":[12.75,21.25,26.75],"faces":{"down":{"uv":[9.78125,8.1875,9.875,9.5],"texture":"#texture","cullface":"south"},"up":{"uv":[9.6875,9.5,9.78125,8.1875],"texture":"#texture","cullface":"south"},"north":{"uv":[10.3125,9.21875,10.21875,11.0625],"texture":"#texture","cullface":"south"},"south":{"uv":[10.125,8.1875,10.21875,10.03125],"texture":"#texture","cullface":"south"},"west":{"uv":[7.875,12.46875,9.1875,14.3125],"texture":"#texture","cullface":"south"},"east":{"uv":[9.1875,10.625,7.875,12.46875],"texture":"#texture","cullface":"south"}}},{"__comment":"Voxels","from":[12.25,0.75,0.75],"to":[15,2,2],"faces":{"down":{"uv":[10.40625,11.6875,10.75,11.84375],"texture":"#texture"},"north":{"uv":[10.75,11.84375,10.40625,12],"texture":"#texture"},"south":{"uv":[10.40625,12,10.75,12.15625],"texture":"#texture"},"west":{"uv":[10.75,9.28125,10.90625,9.4375],"texture":"#texture"},"east":{"uv":[10.90625,9.4375,10.75,9.59375],"texture":"#texture"}}},{"__comment":"Voxels","from":[12.25,0.75,14],"to":[15,2,15.25],"faces":{"down":{"uv":[10.40625,12.15625,10.75,12.3125],"texture":"#texture"},"north":{"uv":[10.75,12.46875,10.40625,12.625],"texture":"#texture"},"south":{"uv":[10.40625,12.625,10.75,12.78125],"texture":"#texture"},"west":{"uv":[15.5625,14.3125,15.71875,14.46875],"texture":"#texture"},"east":{"uv":[15.53125,14.3125,15.375,14.46875],"texture":"#texture"}}},{"__comment":"Voxels","from":[12.25,6.5,16],"to":[12.75,21.25,16.25],"faces":{"down":{"uv":[1.9375,8,2,8.03125],"texture":"#texture"},"up":{"uv":[14.875,14.40625,14.9375,14.375],"texture":"#texture"},"north":{"uv":[10.03125,9.5,9.96875,11.34375],"texture":"#texture"},"west":{"uv":[9.46875,8.78125,9.5,10.625],"texture":"#texture"},"east":{"uv":[10.375,9.28125,10.34375,11.125],"texture":"#texture"}}},{"__comment":"Voxels","from":[12.5,0.5,0.75],"to":[14.75,0.75,2],"faces":{"down":{"uv":[3.65625,8,3.9375,8.15625],"texture":"#texture"},"north":{"uv":[13.34375,13.46875,13.0625,13.5],"texture":"#texture"},"south":{"uv":[13.0625,13.5,13.34375,13.53125],"texture":"#texture"},"west":{"uv":[13.4375,12.84375,13.59375,12.875],"texture":"#texture"},"east":{"uv":[13.4375,12.84375,13.28125,12.875],"texture":"#texture"}}},{"__comment":"Voxels","from":[12.5,0.5,14],"to":[14.75,0.75,15.25],"faces":{"down":{"uv":[10.46875,10.1875,10.75,10.34375],"texture":"#texture"},"north":{"uv":[14,13.5,13.71875,13.53125],"texture":"#texture"},"south":{"uv":[13.71875,13.46875,14,13.5],"texture":"#texture"},"west":{"uv":[12.5,12.84375,12.65625,12.875],"texture":"#texture"},"east":{"uv":[12.5,12.84375,12.34375,12.875],"texture":"#texture"}}},{"__comment":"Voxels","from":[12.5,1,0.5],"to":[14.75,2,0.75],"faces":{"down":{"uv":[15.03125,13.5,15.3125,13.53125],"texture":"#texture"},"north":{"uv":[11.03125,12.34375,10.75,12.46875],"texture":"#texture"},"west":{"uv":[11,10.59375,11.03125,10.71875],"texture":"#texture"},"east":{"uv":[11,10.59375,10.96875,10.71875],"texture":"#texture"}}},{"__comment":"Voxels","from":[12.5,1,2],"to":[14.75,2,2.25],"faces":{"down":{"uv":[14.875,13.28125,15.15625,13.3125],"texture":"#texture"},"south":{"uv":[10.75,12.71875,11.03125,12.84375],"texture":"#texture"},"west":{"uv":[11,10.90625,11.03125,11.03125],"texture":"#texture"},"east":{"uv":[11,10.90625,10.96875,11.03125],"texture":"#texture"}}},{"__comment":"Voxels","from":[12.5,1,13.75],"to":[14.75,2,14],"faces":{"down":{"uv":[15.21875,13.28125,15.5,13.3125],"texture":"#texture"},"north":{"uv":[11.03125,12.84375,10.75,12.96875],"texture":"#texture"},"west":{"uv":[11,11.0625,11.03125,11.1875],"texture":"#texture"},"east":{"uv":[11,11.0625,10.96875,11.1875],"texture":"#texture"}}},{"__comment":"Voxels","from":[12.5,1,15.25],"to":[14.75,2,15.5],"faces":{"down":{"uv":[15.5625,13.25,15.84375,13.28125],"texture":"#texture"},"south":{"uv":[10.46875,8.375,10.75,8.5],"texture":"#texture"},"west":{"uv":[11,11.21875,11.03125,11.34375],"texture":"#texture"},"east":{"uv":[11,11.21875,10.96875,11.34375],"texture":"#texture"}}},{"__comment":"Voxels","from":[12.75,0.25,0.75],"to":[14.5,0.5,2],"faces":{"down":{"uv":[10.75,10.71875,10.96875,10.875],"texture":"#texture"},"north":{"uv":[15,12.90625,14.78125,12.9375],"texture":"#texture"},"south":{"uv":[14.5625,12.90625,14.78125,12.9375],"texture":"#texture"},"west":{"uv":[12.65625,12.84375,12.8125,12.875],"texture":"#texture"},"east":{"uv":[12.96875,12.84375,12.8125,12.875],"texture":"#texture"}}},{"__comment":"Voxels","from":[12.75,0.25,14],"to":[14.5,0.5,15.25],"faces":{"down":{"uv":[10.75,11.03125,10.96875,11.1875],"texture":"#texture"},"north":{"uv":[13.90625,12.90625,13.6875,12.9375],"texture":"#texture"},"south":{"uv":[13.46875,12.90625,13.6875,12.9375],"texture":"#texture"},"west":{"uv":[12.96875,12.84375,13.125,12.875],"texture":"#texture"},"east":{"uv":[13.28125,12.84375,13.125,12.875],"texture":"#texture"}}},{"__comment":"Voxels","from":[12.75,0.75,0.5],"to":[14.5,1,0.75],"faces":{"down":{"uv":[11.28125,12.90625,11.5,12.9375],"texture":"#texture"},"north":{"uv":[11.9375,12.90625,11.71875,12.9375],"texture":"#texture"},"west":{"uv":[10.875,8.03125,10.90625,8.0625],"texture":"#texture"},"east":{"uv":[10.90625,8,10.875,8.03125],"texture":"#texture"}}},{"__comment":"Voxels","from":[12.75,0.75,2],"to":[14.5,1,2.25],"faces":{"down":{"uv":[12.15625,12.90625,12.375,12.9375],"texture":"#texture"},"south":{"uv":[12.8125,12.90625,13.03125,12.9375],"texture":"#texture"},"west":{"uv":[11.03125,8.125,11.0625,8.15625],"texture":"#texture"},"east":{"uv":[11.0625,8.09375,11.03125,8.125],"texture":"#texture"}}},{"__comment":"Voxels","from":[12.75,0.75,13.75],"to":[14.5,1,14],"faces":{"down":{"uv":[13.03125,12.90625,13.25,12.9375],"texture":"#texture"},"north":{"uv":[14.125,12.90625,13.90625,12.9375],"texture":"#texture"},"west":{"uv":[11.03125,8.0625,11.0625,8.09375],"texture":"#texture"},"east":{"uv":[11.0625,8.03125,11.03125,8.0625],"texture":"#texture"}}},{"__comment":"Voxels","from":[12.75,0.75,15.25],"to":[14.5,1,15.5],"faces":{"down":{"uv":[14.34375,12.90625,14.5625,12.9375],"texture":"#texture"},"south":{"uv":[11.0625,12.875,11.28125,12.90625],"texture":"#texture"},"west":{"uv":[11.03125,8,11.0625,8.03125],"texture":"#texture"},"east":{"uv":[15.90625,12.90625,15.875,12.9375],"texture":"#texture"}}},{"__comment":"Voxels","from":[12.75,8,16],"to":[14.25,10,16.25],"faces":{"down":{"uv":[9.5,8,9.6875,8.03125],"texture":"#texture","cullface":"south"},"up":{"uv":[9.6875,8.03125,9.875,8],"texture":"#texture","cullface":"south"},"north":{"uv":[10.65625,10.34375,10.46875,10.59375],"texture":"#texture","cullface":"south"},"south":{"uv":[10.46875,10.59375,10.65625,10.84375],"texture":"#texture","cullface":"south"},"east":{"uv":[11.0625,11.28125,11.03125,11.53125],"texture":"#texture","cullface":"south"}}},{"__comment":"Voxels","from":[12.75,8,16.25],"to":[13.75,10,16.5],"faces":{"down":{"uv":[10.90625,8,11.03125,8.03125],"texture":"#texture","cullface":"south"},"up":{"uv":[15.875,12.96875,16,12.9375],"texture":"#texture","cullface":"south"},"south":{"uv":[9.375,8.53125,9.5,8.78125],"texture":"#texture","cullface":"south"},"east":{"uv":[10.71875,10.59375,10.6875,10.84375],"texture":"#texture","cullface":"south"}}},{"__comment":"Voxels","from":[12.75,8,16.5],"to":[13.25,10,17],"faces":{"down":{"uv":[10.6875,11.125,10.75,11.1875],"texture":"#texture","cullface":"south"},"up":{"uv":[10.65625,9.25,10.71875,9.1875],"texture":"#texture","cullface":"south"},"south":{"uv":[9.40625,8,9.46875,8.25],"texture":"#texture","cullface":"south"},"east":{"uv":[10.03125,9,9.96875,9.25],"texture":"#texture","cullface":"south"}}},{"__comment":"Voxels","from":[12.75,10,22.5],"to":[13,13.5,24],"faces":{"down":{"uv":[11.03125,9.09375,11.0625,9.28125],"texture":"#texture","cullface":"south"},"up":{"uv":[11.03125,9.09375,11.0625,8.90625],"texture":"#texture","cullface":"south"},"north":{"uv":[10.375,8.84375,10.34375,9.28125],"texture":"#texture","cullface":"south"},"south":{"uv":[10.3125,8,10.34375,8.4375],"texture":"#texture","cullface":"south"},"east":{"uv":[8.0625,8.0625,7.875,8.5],"texture":"#texture","cullface":"south"}}},{"__comment":"Voxels","from":[12.75,10.25,22.25],"to":[13,13.25,22.5],"faces":{"down":{"uv":[15.90625,12.90625,15.9375,12.9375],"texture":"#texture","cullface":"south"},"up":{"uv":[15.9375,12.9375,15.96875,12.90625],"texture":"#texture","cullface":"south"},"north":{"uv":[10.40625,8.375,10.375,8.75],"texture":"#texture","cullface":"south"},"east":{"uv":[10.78125,8.03125,10.75,8.40625],"texture":"#texture","cullface":"south"}}},{"__comment":"Voxels","from":[12.75,10.25,24],"to":[13,13.25,24.25],"faces":{"down":{"uv":[15.96875,12.90625,16,12.9375],"texture":"#texture","cullface":"south"},"up":{"uv":[11.0625,11.0625,11.09375,11.03125],"texture":"#texture","cullface":"south"},"south":{"uv":[10.34375,8.09375,10.375,8.46875],"texture":"#texture","cullface":"south"},"east":{"uv":[10.40625,8.75,10.375,9.125],"texture":"#texture","cullface":"south"}}},{"__comment":"Voxels","from":[12.75,10.5,22],"to":[13,13,22.25],"faces":{"down":{"uv":[11.0625,11,11.09375,11.03125],"texture":"#texture","cullface":"south"},"up":{"uv":[11.0625,11,11.09375,10.96875],"texture":"#texture","cullface":"south"},"north":{"uv":[11.0625,12.65625,11.03125,12.96875],"texture":"#texture","cullface":"south"},"east":{"uv":[10.96875,8.09375,10.9375,8.40625],"texture":"#texture","cullface":"south"}}},{"__comment":"Voxels","from":[12.75,10.5,24.25],"to":[13,13,24.5],"faces":{"down":{"uv":[11.0625,10.9375,11.09375,10.96875],"texture":"#texture","cullface":"south"},"up":{"uv":[11.0625,10.9375,11.09375,10.90625],"texture":"#texture","cullface":"south"},"south":{"uv":[10.875,8.09375,10.90625,8.40625],"texture":"#texture","cullface":"south"},"east":{"uv":[10.84375,8.09375,10.8125,8.40625],"texture":"#texture","cullface":"south"}}},{"__comment":"Voxels","from":[12.75,10.75,21.75],"to":[13,12.75,22],"faces":{"down":{"uv":[11.0625,10.875,11.09375,10.90625],"texture":"#texture","cullface":"south"},"up":{"uv":[11.0625,10.875,11.09375,10.84375],"texture":"#texture","cullface":"south"},"north":{"uv":[10.03125,8.6875,10,8.9375],"texture":"#texture","cullface":"south"},"east":{"uv":[7.875,8.28125,7.84375,8.53125],"texture":"#texture","cullface":"south"}}},{"__comment":"Voxels","from":[12.75,10.75,24.5],"to":[13,12.75,24.75],"faces":{"down":{"uv":[11.0625,10.8125,11.09375,10.84375],"texture":"#texture","cullface":"south"},"up":{"uv":[11.0625,10.8125,11.09375,10.78125],"texture":"#texture","cullface":"south"},"south":{"uv":[9.46875,8.25,9.5,8.5],"texture":"#texture","cullface":"south"},"east":{"uv":[10.6875,10.59375,10.65625,10.84375],"texture":"#texture","cullface":"south"}}},{"__comment":"Voxels","from":[12.75,11,21.5],"to":[13,12.5,21.75],"faces":{"down":{"uv":[11.0625,10.75,11.09375,10.78125],"texture":"#texture","cullface":"south"},"up":{"uv":[11.0625,10.75,11.09375,10.71875],"texture":"#texture","cullface":"south"},"north":{"uv":[11.0625,9.46875,11.03125,9.65625],"texture":"#texture","cullface":"south"},"east":{"uv":[16,13.28125,15.96875,13.46875],"texture":"#texture","cullface":"south"}}},{"__comment":"Voxels","from":[12.75,11,24.75],"to":[13,12.5,25],"faces":{"down":{"uv":[11.0625,10.6875,11.09375,10.71875],"texture":"#texture","cullface":"south"},"up":{"uv":[11.0625,10.6875,11.09375,10.65625],"texture":"#texture","cullface":"south"},"south":{"uv":[11.03125,10.59375,11.0625,10.78125],"texture":"#texture","cullface":"south"},"east":{"uv":[11.09375,12.6875,11.0625,12.875],"texture":"#texture","cullface":"south"}}},{"__comment":"Voxels","from":[12.75,13.5,19.25],"to":[13,14.5,20.25],"faces":{"down":{"uv":[11,9.84375,11.03125,9.96875],"texture":"#texture","cullface":"south"},"up":{"uv":[10.96875,9.96875,11,9.84375],"texture":"#texture","cullface":"south"},"north":{"uv":[11.03125,9.96875,11,10.09375],"texture":"#texture","cullface":"south"},"south":{"uv":[10.96875,9.96875,11,10.09375],"texture":"#texture","cullface":"south"},"east":{"uv":[10.875,8.40625,10.75,8.53125],"texture":"#texture","cullface":"south"}}},{"__comment":"Voxels","from":[12.75,17.75,16],"to":[14.25,19.75,16.25],"faces":{"down":{"uv":[11.71875,12.875,11.90625,12.90625],"texture":"#texture"},"up":{"uv":[10.03125,8.03125,10.21875,8],"texture":"#texture"},"north":{"uv":[10.65625,10.84375,10.46875,11.09375],"texture":"#texture"},"south":{"uv":[7.6875,8,7.875,8.25],"texture":"#texture"},"east":{"uv":[11.0625,11.03125,11.03125,11.28125],"texture":"#texture"}}},{"__comment":"Voxels","from":[12.75,17.75,16.25],"to":[13.75,19.75,16.5],"faces":{"down":{"uv":[10.90625,8.03125,11.03125,8.0625],"texture":"#texture"},"up":{"uv":[10.90625,8.09375,11.03125,8.0625],"texture":"#texture"},"south":{"uv":[7.71875,8.5625,7.84375,8.8125],"texture":"#texture"},"east":{"uv":[10.6875,10.34375,10.65625,10.59375],"texture":"#texture"}}},{"__comment":"Voxels","from":[12.75,17.75,16.5],"to":[13.25,19.75,17],"faces":{"down":{"uv":[15.5,13.25,15.5625,13.3125],"texture":"#texture"},"up":{"uv":[15.15625,13.3125,15.21875,13.25],"texture":"#texture"},"south":{"uv":[15.9375,15,16,15.25],"texture":"#texture"},"east":{"uv":[16,15.75,15.9375,16],"texture":"#texture"}}},{"__comment":"Voxels","from":[13,0.5,0.5],"to":[14.25,0.75,0.75],"faces":{"down":{"uv":[15.25,12.875,15.40625,12.90625],"texture":"#texture"},"north":{"uv":[14.15625,12.875,14,12.90625],"texture":"#texture"},"west":{"uv":[11.0625,10.625,11.09375,10.65625],"texture":"#texture"},"east":{"uv":[11.09375,10.59375,11.0625,10.625],"texture":"#texture"}}},{"__comment":"Voxels","from":[13,0.5,2],"to":[14.25,0.75,2.25],"faces":{"down":{"uv":[13.6875,12.875,13.84375,12.90625],"texture":"#texture"},"south":{"uv":[13.21875,12.875,13.375,12.90625],"texture":"#texture"},"west":{"uv":[11.0625,10.5625,11.09375,10.59375],"texture":"#texture"},"east":{"uv":[11.09375,10.53125,11.0625,10.5625],"texture":"#texture"}}},{"__comment":"Voxels","from":[13,0.5,13.75],"to":[14.25,0.75,14],"faces":{"down":{"uv":[14.15625,12.875,14.3125,12.90625],"texture":"#texture"},"north":{"uv":[14.625,12.875,14.46875,12.90625],"texture":"#texture"},"west":{"uv":[11.0625,10.5,11.09375,10.53125],"texture":"#texture"},"east":{"uv":[11.09375,10.46875,11.0625,10.5],"texture":"#texture"}}},{"__comment":"Voxels","from":[13,0.5,15.25],"to":[14.25,0.75,15.5],"faces":{"down":{"uv":[11.25,12.84375,11.40625,12.875],"texture":"#texture"},"south":{"uv":[12.75,12.875,12.90625,12.90625],"texture":"#texture"},"west":{"uv":[11.0625,10.4375,11.09375,10.46875],"texture":"#texture"},"east":{"uv":[11.09375,10.40625,11.0625,10.4375],"texture":"#texture"}}},{"__comment":"Voxels","from":[13,10.75,22.75],"to":[13.25,12.75,23.75],"faces":{"down":{"uv":[11,10.125,11.03125,10.25],"texture":"#texture","cullface":"south"},"up":{"uv":[10.96875,10.25,11,10.125],"texture":"#texture","cullface":"south"},"north":{"uv":[10.71875,10.84375,10.6875,11.09375],"texture":"#texture","cullface":"south"},"south":{"uv":[10.65625,10.84375,10.6875,11.09375],"texture":"#texture","cullface":"south"},"east":{"uv":[8.5,8.25,8.375,8.5],"texture":"#texture","cullface":"south"}}},{"__comment":"Voxels","from":[13,11,22.5],"to":[13.25,12.5,22.75],"faces":{"down":{"uv":[11.0625,10.375,11.09375,10.40625],"texture":"#texture","cullface":"south"},"up":{"uv":[11.0625,10.375,11.09375,10.34375],"texture":"#texture","cullface":"south"},"north":{"uv":[11.0625,8.71875,11.03125,8.90625],"texture":"#texture","cullface":"south"},"east":{"uv":[11.0625,8.15625,11.03125,8.34375],"texture":"#texture","cullface":"south"}}},{"__comment":"Voxels","from":[13,11,23.75],"to":[13.25,12.5,24],"faces":{"down":{"uv":[11.0625,10.3125,11.09375,10.34375],"texture":"#texture","cullface":"south"},"up":{"uv":[11.0625,10.3125,11.09375,10.28125],"texture":"#texture","cullface":"south"},"south":{"uv":[11.03125,10.40625,11.0625,10.59375],"texture":"#texture","cullface":"south"},"east":{"uv":[11.0625,9.84375,11.03125,10.03125],"texture":"#texture","cullface":"south"}}},{"__comment":"Voxels","from":[13,11.25,22.25],"to":[13.25,12.25,22.5],"faces":{"down":{"uv":[11.0625,10.25,11.09375,10.28125],"texture":"#texture","cullface":"south"},"up":{"uv":[11.0625,10.25,11.09375,10.21875],"texture":"#texture","cullface":"south"},"north":{"uv":[10.75,8.0625,10.71875,8.1875],"texture":"#texture","cullface":"south"},"east":{"uv":[10.71875,8.1875,10.6875,8.3125],"texture":"#texture","cullface":"south"}}},{"__comment":"Voxels","from":[13,11.25,24],"to":[13.25,12.25,24.25],"faces":{"down":{"uv":[11.0625,10.1875,11.09375,10.21875],"texture":"#texture","cullface":"south"},"up":{"uv":[11.0625,11.9375,11.09375,11.90625],"texture":"#texture","cullface":"south"},"south":{"uv":[15.53125,14.34375,15.5625,14.46875],"texture":"#texture","cullface":"south"},"east":{"uv":[9.875,8.0625,9.84375,8.1875],"texture":"#texture","cullface":"south"}}},{"__comment":"Voxels","from":[13,13.5,19.5],"to":[14.25,14.5,20],"faces":{"down":{"uv":[14.78125,14.3125,14.9375,14.375],"texture":"#texture","cullface":"south"},"up":{"uv":[14.75,13.8125,14.90625,13.75],"texture":"#texture","cullface":"south"},"north":{"uv":[10.90625,8.65625,10.75,8.78125],"texture":"#texture","cullface":"south"},"south":{"uv":[10.75,8.53125,10.90625,8.65625],"texture":"#texture","cullface":"south"},"east":{"uv":[10.71875,9.25,10.65625,9.375],"texture":"#texture","cullface":"south"}}},{"__comment":"Voxels","from":[13,13.75,19.25],"to":[14.25,14.25,19.5],"faces":{"down":{"uv":[13.90625,12.84375,14.0625,12.875],"texture":"#texture","cullface":"south"},"up":{"uv":[14.0625,12.875,14.21875,12.84375],"texture":"#texture","cullface":"south"},"north":{"uv":[15.1875,13.75,15.03125,13.8125],"texture":"#texture","cullface":"south"},"east":{"uv":[11,8.84375,10.96875,8.90625],"texture":"#texture","cullface":"south"}}},{"__comment":"Voxels","from":[13,13.75,20],"to":[14.25,14.25,20.25],"faces":{"down":{"uv":[15.78125,12.84375,15.9375,12.875],"texture":"#texture","cullface":"south"},"up":{"uv":[15.625,12.875,15.78125,12.84375],"texture":"#texture","cullface":"south"},"south":{"uv":[15.34375,13.75,15.5,13.8125],"texture":"#texture","cullface":"south"},"east":{"uv":[11.03125,8.96875,11,9.03125],"texture":"#texture","cullface":"south"}}},{"__comment":"Voxels","from":[13.25,0,0.75],"to":[14,0.25,2],"faces":{"down":{"uv":[10.21875,8.75,10.3125,8.90625],"texture":"#texture","cullface":"down"},"north":{"uv":[11.03125,9.15625,10.9375,9.1875],"texture":"#texture"},"south":{"uv":[10.9375,9.1875,11.03125,9.21875],"texture":"#texture"},"west":{"uv":[12.4375,12.875,12.59375,12.90625],"texture":"#texture"},"east":{"uv":[12.75,12.875,12.59375,12.90625],"texture":"#texture"}}},{"__comment":"Voxels","from":[13.25,0,14],"to":[14,0.25,15.25],"faces":{"down":{"uv":[10.21875,8.28125,10.3125,8.4375],"texture":"#texture","cullface":"down"},"north":{"uv":[16,13.25,15.90625,13.28125],"texture":"#texture"},"south":{"uv":[8.84375,8,8.9375,8.03125],"texture":"#texture"},"west":{"uv":[11.5625,12.84375,11.71875,12.875],"texture":"#texture"},"east":{"uv":[11.875,12.84375,11.71875,12.875],"texture":"#texture"}}},{"__comment":"Voxels","from":[13.25,6.5,15],"to":[16,21.25,15.75],"faces":{"north":{"uv":[8.84375,8.78125,8.5,10.625],"texture":"#texture","cullface":"up"},"south":{"uv":[8.84375,8.78125,9.1875,10.625],"texture":"#texture","cullface":"up"},"west":{"uv":[10.03125,8.1875,10.125,10.03125],"texture":"#texture","cullface":"up"},"east":{"uv":[9.46875,8.78125,9.375,10.625],"texture":"#texture","cullface":"up"}}},{"__comment":"Voxels","from":[13.25,6.5,15.75],"to":[15.75,21.25,16],"faces":{"south":{"uv":[9.1875,10.625,9.5,12.46875],"texture":"#texture","cullface":"up"},"west":{"uv":[10.375,11.34375,10.40625,13.1875],"texture":"#texture","cullface":"up"},"east":{"uv":[10.40625,9.5,10.375,11.34375],"texture":"#texture","cullface":"up"}}},{"__comment":"Voxels","from":[13.25,7.75,16],"to":[13.5,8,16.25],"faces":{"down":{"uv":[11.0625,11.875,11.09375,11.90625],"texture":"#texture","cullface":"south"},"south":{"uv":[11.0625,11.78125,11.09375,11.8125],"texture":"#texture","cullface":"south"},"west":{"uv":[11.0625,11.75,11.09375,11.78125],"texture":"#texture","cullface":"south"},"east":{"uv":[11.09375,11.71875,11.0625,11.75],"texture":"#texture","cullface":"south"}}},{"__comment":"Voxels","from":[13.25,10,16],"to":[13.5,10.25,16.25],"faces":{"up":{"uv":[11.0625,11.6875,11.09375,11.65625],"texture":"#texture","cullface":"south"},"south":{"uv":[11.0625,11.59375,11.09375,11.625],"texture":"#texture","cullface":"south"},"west":{"uv":[11.0625,11.5625,11.09375,11.59375],"texture":"#texture","cullface":"south"},"east":{"uv":[11.09375,11.53125,11.0625,11.5625],"texture":"#texture","cullface":"south"}}},{"__comment":"Voxels","from":[13.25,11.25,22.75],"to":[13.5,12.25,23.75],"faces":{"down":{"uv":[10.96875,10.4375,11,10.5625],"texture":"#texture","cullface":"south"},"up":{"uv":[11,10.5625,11.03125,10.4375],"texture":"#texture","cullface":"south"},"north":{"uv":[11,10.28125,10.96875,10.40625],"texture":"#texture","cullface":"south"},"south":{"uv":[11,10.28125,11.03125,10.40625],"texture":"#texture","cullface":"south"},"east":{"uv":[11.03125,8.65625,10.90625,8.78125],"texture":"#texture","cullface":"south"}}},{"__comment":"Voxels","from":[13.25,13.75,17],"to":[14.25,14.25,19],"faces":{"down":{"uv":[8.0625,8.25,8.1875,8.5],"texture":"#texture","cullface":"south"},"up":{"uv":[8.0625,8.25,8.1875,8],"texture":"#texture","cullface":"south"},"north":{"uv":[15.78125,12.96875,15.65625,13.03125],"texture":"#texture","cullface":"south"},"south":{"uv":[15.78125,13,15.90625,13.0625],"texture":"#texture","cullface":"south"},"west":{"uv":[12.875,14.3125,13.125,14.375],"texture":"#texture","cullface":"south"},"east":{"uv":[14.78125,14.3125,14.53125,14.375],"texture":"#texture","cullface":"south"}}},{"__comment":"Voxels","from":[13.25,17.5,16],"to":[13.5,17.75,16.25],"faces":{"down":{"uv":[11.0625,11.5,11.09375,11.53125],"texture":"#texture"},"south":{"uv":[11.0625,11.40625,11.09375,11.4375],"texture":"#texture"},"west":{"uv":[11.0625,11.375,11.09375,11.40625],"texture":"#texture"},"east":{"uv":[11.09375,11.34375,11.0625,11.375],"texture":"#texture"}}},{"__comment":"Voxels","from":[13.25,19.75,16],"to":[13.5,20,16.25],"faces":{"up":{"uv":[11.0625,11.3125,11.09375,11.28125],"texture":"#texture"},"south":{"uv":[11.0625,11.21875,11.09375,11.25],"texture":"#texture"},"west":{"uv":[11.0625,11.1875,11.09375,11.21875],"texture":"#texture"},"east":{"uv":[11.09375,11.15625,11.0625,11.1875],"texture":"#texture"}}},{"__comment":"Voxels","from":[13.5,1.5,0.25],"to":[13.75,1.75,0.5],"faces":{"down":{"uv":[11.0625,11.125,11.09375,11.15625],"texture":"#texture"},"up":{"uv":[11.0625,11.125,11.09375,11.09375],"texture":"#texture"},"north":{"uv":[11.09375,11.0625,11.0625,11.09375],"texture":"#texture"},"west":{"uv":[4.59375,8,4.625,8.03125],"texture":"#texture"},"east":{"uv":[5.3125,8.03125,5.28125,8.0625],"texture":"#texture"}}},{"__comment":"Voxels","from":[13.5,1.5,2.25],"to":[13.75,1.75,2.5],"faces":{"down":{"uv":[5.28125,8,5.3125,8.03125],"texture":"#texture"},"up":{"uv":[15.53125,14.34375,15.5625,14.3125],"texture":"#texture"},"south":{"uv":[9.84375,8.03125,9.875,8.0625],"texture":"#texture"},"west":{"uv":[10.1875,8.03125,10.21875,8.0625],"texture":"#texture"},"east":{"uv":[15.96875,13.0625,15.9375,13.09375],"texture":"#texture"}}},{"__comment":"Voxels","from":[13.5,1.5,13.5],"to":[13.75,1.75,13.75],"faces":{"down":{"uv":[15.96875,13.0625,16,13.09375],"texture":"#texture"},"up":{"uv":[10.96875,11.21875,11,11.1875],"texture":"#texture"},"north":{"uv":[11.03125,11.1875,11,11.21875],"texture":"#texture"},"west":{"uv":[11,11.03125,11.03125,11.0625],"texture":"#texture"},"east":{"uv":[11,10.875,10.96875,10.90625],"texture":"#texture"}}},{"__comment":"Voxels","from":[13.5,1.5,15.5],"to":[13.75,1.75,15.75],"faces":{"down":{"uv":[10.96875,10.40625,11,10.4375],"texture":"#texture"},"up":{"uv":[11,10.59375,11.03125,10.5625],"texture":"#texture"},"south":{"uv":[11,10.71875,11.03125,10.75],"texture":"#texture"},"west":{"uv":[10.96875,10.71875,11,10.75],"texture":"#texture"},"east":{"uv":[11.03125,10.875,11,10.90625],"texture":"#texture"}}},{"__comment":"Voxels","from":[13.5,11.25,23],"to":[14.5,12.25,23.5],"faces":{"down":{"uv":[15.75,13.46875,15.875,13.53125],"texture":"#texture","cullface":"south"},"up":{"uv":[15.53125,13.03125,15.65625,12.96875],"texture":"#texture","cullface":"south"},"north":{"uv":[11.03125,9.3125,10.90625,9.4375],"texture":"#texture","cullface":"south"},"south":{"uv":[10.90625,9.46875,11.03125,9.59375],"texture":"#texture","cullface":"south"},"east":{"uv":[14.9375,14.40625,14.875,14.53125],"texture":"#texture","cullface":"south"}}},{"__comment":"Voxels","from":[13.5,11.5,22.75],"to":[14.5,12,23],"faces":{"down":{"uv":[10.90625,9.4375,11.03125,9.46875],"texture":"#texture","cullface":"south"},"up":{"uv":[10.90625,9.3125,11.03125,9.28125],"texture":"#texture","cullface":"south"},"north":{"uv":[15.4375,13.46875,15.3125,13.53125],"texture":"#texture","cullface":"south"},"east":{"uv":[11,8.78125,10.96875,8.84375],"texture":"#texture","cullface":"south"}}},{"__comment":"Voxels","from":[13.5,11.5,23.5],"to":[14.5,12,23.75],"faces":{"down":{"uv":[9.375,8.5,9.5,8.53125],"texture":"#texture","cullface":"south"},"up":{"uv":[15.78125,13,15.90625,12.96875],"texture":"#texture","cullface":"south"},"south":{"uv":[14.90625,13.75,15.03125,13.8125],"texture":"#texture","cullface":"south"},"east":{"uv":[11.03125,8.46875,11,8.53125],"texture":"#texture","cullface":"south"}}},{"__comment":"Voxels","from":[13.5,13.5,17],"to":[14,13.75,19],"faces":{"down":{"uv":[15.9375,15.25,16,15.5],"texture":"#texture","cullface":"south"},"north":{"uv":[16,13.21875,15.9375,13.25],"texture":"#texture","cullface":"south"},"south":{"uv":[15.9375,13.1875,16,13.21875],"texture":"#texture","cullface":"south"},"west":{"uv":[7,8,7.25,8.03125],"texture":"#texture","cullface":"south"},"east":{"uv":[6.5625,8,6.3125,8.03125],"texture":"#texture","cullface":"south"}}},{"__comment":"Voxels","from":[13.5,13.75,16.75],"to":[14,14.25,17],"faces":{"down":{"uv":[15.9375,13.09375,16,13.125],"texture":"#texture","cullface":"south"},"up":{"uv":[10.6875,11.34375,10.75,11.3125],"texture":"#texture","cullface":"south"},"north":{"uv":[15.90625,13.25,15.84375,13.3125],"texture":"#texture","cullface":"south"},"west":{"uv":[11,8.40625,11.03125,8.46875],"texture":"#texture","cullface":"south"},"east":{"uv":[10.84375,8.03125,10.8125,8.09375],"texture":"#texture","cullface":"south"}}},{"__comment":"Voxels","from":[13.5,13.75,19],"to":[14,14.25,19.25],"faces":{"down":{"uv":[10.6875,11.09375,10.75,11.125],"texture":"#texture","cullface":"south"},"up":{"uv":[10.6875,8.53125,10.75,8.5],"texture":"#texture","cullface":"south"},"west":{"uv":[11,9.03125,11.03125,9.09375],"texture":"#texture","cullface":"south"},"east":{"uv":[11,9.03125,10.96875,9.09375],"texture":"#texture","cullface":"south"}}},{"__comment":"Voxels","from":[13.5,14.25,17],"to":[14,14.5,19],"faces":{"up":{"uv":[1.9375,9.09375,2,8.84375],"texture":"#texture","cullface":"south"},"north":{"uv":[10.03125,8.40625,9.96875,8.4375],"texture":"#texture","cullface":"south"},"south":{"uv":[15.9375,14.53125,16,14.5625],"texture":"#texture","cullface":"south"},"west":{"uv":[15.53125,13.03125,15.78125,13.0625],"texture":"#texture","cullface":"south"},"east":{"uv":[15.9375,13.0625,15.6875,13.09375],"texture":"#texture","cullface":"south"}}},{"__comment":"Voxels","from":[13.75,11.5,21.25],"to":[14.25,12,22.75],"faces":{"down":{"uv":[15.90625,13.28125,15.96875,13.46875],"texture":"#texture","cullface":"south"},"up":{"uv":[10.6875,11.53125,10.75,11.34375],"texture":"#texture","cullface":"south"},"north":{"uv":[2,8.78125,1.9375,8.84375],"texture":"#texture","cullface":"south"},"west":{"uv":[14.5625,13.75,14.75,13.8125],"texture":"#texture","cullface":"south"},"east":{"uv":[15.9375,14.03125,15.75,14.09375],"texture":"#texture","cullface":"south"}}},{"__comment":"Voxels","from":[13.75,11.5,23.75],"to":[14.25,12,25.25],"faces":{"down":{"uv":[9.96875,8.5,10.03125,8.6875],"texture":"#texture","cullface":"south"},"up":{"uv":[15.9375,14.75,16,14.5625],"texture":"#texture","cullface":"south"},"south":{"uv":[15.9375,14.03125,16,14.09375],"texture":"#texture","cullface":"south"},"west":{"uv":[7.875,8,8.0625,8.0625],"texture":"#texture","cullface":"south"},"east":{"uv":[8.375,8,8.1875,8.0625],"texture":"#texture","cullface":"south"}}},{"__comment":"Voxels","from":[14.25,9.25,1.25],"to":[16,9.5,14.5],"faces":{"up":{"uv":[15.15625,16,15.375,14.34375],"texture":"#texture"},"west":{"uv":[2,8.03125,3.65625,8.0625],"texture":"#texture"},"east":{"uv":[3.65625,8,2,8.03125],"texture":"#texture","cullface":"east"}}},{"__comment":"Voxels","from":[14.25,13.75,19.5],"to":[14.5,14.25,20],"faces":{"down":{"uv":[15.96875,13,16,13.0625],"texture":"#texture","cullface":"south"},"up":{"uv":[10.71875,9.25,10.75,9.1875],"texture":"#texture","cullface":"south"},"north":{"uv":[15.90625,13.46875,15.875,13.53125],"texture":"#texture","cullface":"south"},"south":{"uv":[15.4375,13.46875,15.46875,13.53125],"texture":"#texture","cullface":"south"},"east":{"uv":[15.03125,13.46875,14.96875,13.53125],"texture":"#texture","cullface":"south"}}},{"__comment":"Voxels","from":[14.5,6.5,1],"to":[16,9,15],"faces":{"up":{"uv":[7.6875,10.5625,7.875,8.8125],"texture":"#texture"},"west":{"uv":[2,9.03125,3.75,9.34375],"texture":"#texture"},"east":{"uv":[3.75,8.71875,2,9.03125],"texture":"#texture","cullface":"east"}}},{"__comment":"Voxels","from":[14.5,9,14.75],"to":[16,21.25,15],"faces":{"north":{"uv":[15.75,14.46875,15.5625,16],"texture":"#texture","cullface":"up"},"west":{"uv":[10.4375,8.3125,10.46875,9.84375],"texture":"#texture","cullface":"up"},"east":{"uv":[10.4375,8.3125,10.40625,9.84375],"texture":"#texture","cullface":"up"}}},{"__comment":"Voxels","from":[14.5,9.5,1],"to":[16,21.25,14.75],"faces":{"down":{"uv":[10.03125,11.75,10.21875,13.46875],"texture":"#texture","cullface":"up"},"west":{"uv":[13.21875,14.53125,14.9375,16],"texture":"#texture","cullface":"up"},"east":{"uv":[13.21875,14.53125,11.5,16],"texture":"#texture","cullface":"up"}}},{"__comment":"Voxels","from":[14.5,11.5,23],"to":[14.75,12,23.5],"faces":{"down":{"uv":[13.40625,13.46875,13.4375,13.53125],"texture":"#texture","cullface":"south"},"up":{"uv":[15.96875,13.8125,16,13.75],"texture":"#texture","cullface":"south"},"north":{"uv":[8.9375,8.03125,8.90625,8.09375],"texture":"#texture","cullface":"south"},"south":{"uv":[13.1875,14.3125,13.21875,14.375],"texture":"#texture","cullface":"south"},"east":{"uv":[10.03125,8.4375,9.96875,8.5],"texture":"#texture","cullface":"south"}}},{"__comment":"Cube140","from":[12.6562,17.5,17.5],"to":[12.7812,20,25.5],"faces":{"down":{"uv":[0,0,0.5,0.5],"texture":"#stars"},"up":{"uv":[0,0,0.5,0.5],"texture":"#stars"},"north":{"uv":[0,0,0.5,0.5],"texture":"#stars"},"south":{"uv":[0,0,0.5,0.5],"texture":"#stars"},"west":{"uv":[3.5,1.5,12.5,4.5],"texture":"#stars"},"east":{"uv":[12.5,1.5,3.5,4.5],"texture":"#stars"}}}],"gui_light":"front","display":{"thirdperson_righthand":{"rotation":[75,-48,0],"translation":[-2,1,-6],"scale":[0.5,0.5,0.5]},"thirdperson_lefthand":{"rotation":[75,-48,0],"translation":[-2,1,-6],"scale":[0.5,0.5,0.5]},"firstperson_righthand":{"rotation":[25,-75,0],"translation":[1,2.5,0],"scale":[0.25,0.25,0.25]},"firstperson_lefthand":{"rotation":[25,-75,0],"translation":[1,2.5,0],"scale":[0.25,0.25,0.25]},"gui":{"rotation":[30,45,0],"translation":[0,-1.5,0],"scale":[0.4,0.4,0.4]},"head":{"rotation":[0,180,0],"translation":[0,-30,0],"scale":[1.6,1.6,1.6]},"ground":{"translation":[0,12,0],"scale":[0.4,0.4,0.4]},"fixed":{"rotation":[0,180,0],"translation":[0,-2,0],"scale":[0.5,0.5,0.5]}}}