{"__comment":"DesignedbyZachrywilsnwithCubikStudio-http://bdcraft.net","textures":{"particle":"crates/crate3/antique_vault","texture":"crates/crate3/antique_vault","stars":"crates/stars"},"elements":[{"__comment":"Voxels","from":[0,4.25,0.25],"to":[16,23.5,1],"faces":{"down":{"uv":[0,8.125,2,8.21875],"texture":"#texture"},"up":{"uv":[0,8.125,2,8.03125],"texture":"#texture"},"north":{"uv":[2,13.59375,0,16],"texture":"#texture"},"south":{"uv":[0,11.1875,2,13.59375],"texture":"#texture"},"west":{"uv":[9.96875,9.4375,10.0625,11.84375],"texture":"#texture"},"east":{"uv":[10.0625,11.84375,9.96875,14.25],"texture":"#texture"}}},{"__comment":"Voxels","from":[0,4.25,1],"to":[16,6.5,15.75],"faces":{"down":{"uv":[5.875,14.15625,7.875,16],"texture":"#texture"},"up":{"uv":[5.875,14.15625,7.875,12.3125],"texture":"#texture"},"south":{"uv":[0,8.5,2,8.78125],"texture":"#texture"},"west":{"uv":[2,8.5,3.84375,8.78125],"texture":"#texture","cullface":"west"},"east":{"uv":[3.84375,8.21875,2,8.5],"texture":"#texture","cullface":"east"}}},{"__comment":"Voxels","from":[0,6.5,1],"to":[1.5,23.5,15.75],"faces":{"up":{"uv":[9.125,12.3125,9.3125,10.46875],"texture":"#texture","cullface":"up"},"south":{"uv":[9.625,12.125,9.8125,14.25],"texture":"#texture","cullface":"up"},"west":{"uv":[2,9.34375,3.84375,11.46875],"texture":"#texture","cullface":"up"},"east":{"uv":[3.84375,11.46875,2,13.59375],"texture":"#texture","cullface":"up"}}},{"__comment":"Voxels","from":[0.25,4,0.25],"to":[15.75,4.25,15.75],"faces":{"down":{"uv":[3.9375,8.25,5.875,10.1875],"texture":"#texture"},"up":{"uv":[3.9375,12.125,5.875,10.1875],"texture":"#texture"},"north":{"uv":[15.9375,14.21875,14,14.25],"texture":"#texture"},"south":{"uv":[12.0625,14.21875,14,14.25],"texture":"#texture"},"west":{"uv":[10.125,14.21875,12.0625,14.25],"texture":"#texture"},"east":{"uv":[1.9375,8,0,8.03125],"texture":"#texture"}}},{"__comment":"Voxels","from":[0.25,4.25,0],"to":[15.75,23.5,0.25],"faces":{"down":{"uv":[14,14.1875,15.9375,14.21875],"texture":"#texture","cullface":"up"},"up":{"uv":[10.125,14.1875,12.0625,14.15625],"texture":"#texture","cullface":"up"},"north":{"uv":[3.9375,13.59375,2,16],"texture":"#texture","cullface":"up"},"west":{"uv":[10.09375,9.71875,10.125,12.125],"texture":"#texture","cullface":"up"},"east":{"uv":[10.09375,9.71875,10.0625,12.125],"texture":"#texture","cullface":"up"}}},{"__comment":"Voxels","from":[0.25,4.25,15.75],"to":[15.75,6.5,16],"faces":{"down":{"uv":[10.125,14.1875,12.0625,14.21875],"texture":"#texture"},"up":{"uv":[12.0625,14.21875,14,14.1875],"texture":"#texture"},"south":{"uv":[2,8.78125,3.9375,9.0625],"texture":"#texture","cullface":"south"},"west":{"uv":[9.59375,10.59375,9.625,10.875],"texture":"#texture"},"east":{"uv":[9.59375,10.59375,9.5625,10.875],"texture":"#texture"}}},{"__comment":"Voxels","from":[0.25,6.5,15.75],"to":[2.75,23.5,16],"faces":{"up":{"uv":[10.65625,13.59375,10.96875,13.5625],"texture":"#texture","cullface":"up"},"north":{"uv":[7.84375,10.1875,7.53125,12.3125],"texture":"#texture","cullface":"up"},"south":{"uv":[7.53125,8.0625,7.84375,10.1875],"texture":"#texture","cullface":"up"},"west":{"uv":[7.84375,10.1875,7.875,12.3125],"texture":"#texture","cullface":"up"},"east":{"uv":[7.875,8.0625,7.84375,10.1875],"texture":"#texture","cullface":"up"}}},{"__comment":"Voxels","from":[0.25,23.5,0.25],"to":[15.75,23.75,15.75],"faces":{"down":{"uv":[3.9375,12.125,5.875,14.0625],"texture":"#texture","cullface":"up"},"up":{"uv":[3.9375,16,5.875,14.0625],"texture":"#texture","cullface":"up"},"north":{"uv":[14,14.125,12.0625,14.15625],"texture":"#texture","cullface":"up"},"south":{"uv":[10.125,14.125,12.0625,14.15625],"texture":"#texture","cullface":"up"},"west":{"uv":[14,14.15625,15.9375,14.1875],"texture":"#texture","cullface":"up"},"east":{"uv":[14,14.15625,12.0625,14.1875],"texture":"#texture","cullface":"up"}}},{"__comment":"Voxels","from":[0.5,2,0.5],"to":[4,4,2.25],"faces":{"down":{"uv":[14.28125,14.5,14.71875,14.71875],"texture":"#texture"},"north":{"uv":[8.96875,8.3125,8.53125,8.5625],"texture":"#texture"},"south":{"uv":[5.3125,8,5.75,8.25],"texture":"#texture"},"west":{"uv":[14.71875,14.28125,14.9375,14.53125],"texture":"#texture"},"east":{"uv":[15.15625,14.28125,14.9375,14.53125],"texture":"#texture"}}},{"__comment":"Voxels","from":[0.5,2,13.75],"to":[4,4,15.5],"faces":{"down":{"uv":[15.15625,15.15625,15.59375,15.375],"texture":"#texture"},"north":{"uv":[9.40625,8.3125,8.96875,8.5625],"texture":"#texture"},"south":{"uv":[8.53125,8.0625,8.96875,8.3125],"texture":"#texture"},"west":{"uv":[15.15625,14.53125,15.375,14.78125],"texture":"#texture"},"east":{"uv":[15.375,14.28125,15.15625,14.53125],"texture":"#texture"}}},{"__comment":"Voxels","from":[1,0.75,0.75],"to":[3.75,2,2],"faces":{"down":{"uv":[13.90625,13.96875,14.25,14.125],"texture":"#texture"},"north":{"uv":[13.5625,13.96875,13.21875,14.125],"texture":"#texture"},"south":{"uv":[12.875,13.96875,13.21875,14.125],"texture":"#texture"},"west":{"uv":[9.8125,9.53125,9.96875,9.6875],"texture":"#texture"},"east":{"uv":[9.96875,9.375,9.8125,9.53125],"texture":"#texture"}}},{"__comment":"Voxels","from":[1,0.75,14],"to":[3.75,2,15.25],"faces":{"down":{"uv":[15.375,14.3125,15.71875,14.46875],"texture":"#texture"},"north":{"uv":[15.71875,14.625,15.375,14.78125],"texture":"#texture"},"south":{"uv":[15.59375,15.21875,15.9375,15.375],"texture":"#texture"},"west":{"uv":[9.8125,8.75,9.96875,8.90625],"texture":"#texture"},"east":{"uv":[9.96875,8.90625,9.8125,9.0625],"texture":"#texture"}}},{"__comment":"Voxels","from":[1.25,0.5,0.75],"to":[3.5,0.75,2],"faces":{"down":{"uv":[12.09375,13.8125,12.375,13.96875],"texture":"#texture"},"north":{"uv":[13.25,13.5625,12.96875,13.59375],"texture":"#texture"},"south":{"uv":[13.25,13.5625,13.53125,13.59375],"texture":"#texture"},"west":{"uv":[10.125,10.4375,10.28125,10.46875],"texture":"#texture"},"east":{"uv":[10.28125,10.40625,10.125,10.4375],"texture":"#texture"}}},{"__comment":"Voxels","from":[1.25,0.5,14],"to":[3.5,0.75,15.25],"faces":{"down":{"uv":[12.375,13.8125,12.65625,13.96875],"texture":"#texture"},"north":{"uv":[12.96875,13.5625,12.6875,13.59375],"texture":"#texture"},"south":{"uv":[12.40625,13.5625,12.6875,13.59375],"texture":"#texture"},"west":{"uv":[15.84375,15.0625,16,15.09375],"texture":"#texture"},"east":{"uv":[16,14.96875,15.84375,15],"texture":"#texture"}}},{"__comment":"Voxels","from":[1.25,1,0.5],"to":[3.5,2,0.75],"faces":{"down":{"uv":[12.125,13.5625,12.40625,13.59375],"texture":"#texture"},"north":{"uv":[10.96875,13.625,10.6875,13.75],"texture":"#texture"},"west":{"uv":[9.9375,8.15625,9.96875,8.28125],"texture":"#texture"},"east":{"uv":[10,8,9.96875,8.125],"texture":"#texture"}}},{"__comment":"Voxels","from":[1.25,1,2],"to":[3.5,2,2.25],"faces":{"down":{"uv":[15.21875,13.5625,15.5,13.59375],"texture":"#texture"},"south":{"uv":[15.375,13.84375,15.65625,13.96875],"texture":"#texture"},"west":{"uv":[15.9375,13.84375,15.96875,13.96875],"texture":"#texture"},"east":{"uv":[16,13.84375,15.96875,13.96875],"texture":"#texture"}}},{"__comment":"Voxels","from":[1.25,1,13.75],"to":[3.5,2,14],"faces":{"down":{"uv":[10.90625,13.53125,11.1875,13.5625],"texture":"#texture"},"north":{"uv":[15.375,13.84375,15.09375,13.96875],"texture":"#texture"},"west":{"uv":[10,8,10.03125,8.125],"texture":"#texture"},"east":{"uv":[10.0625,8,10.03125,8.125],"texture":"#texture"}}},{"__comment":"Voxels","from":[1.25,1,15.25],"to":[3.5,2,15.5],"faces":{"down":{"uv":[11.46875,13.53125,11.75,13.5625],"texture":"#texture"},"south":{"uv":[10.125,13.625,10.40625,13.75],"texture":"#texture"},"west":{"uv":[9.9375,8.46875,9.96875,8.59375],"texture":"#texture"},"east":{"uv":[9.9375,8.46875,9.90625,8.59375],"texture":"#texture"}}},{"__comment":"Voxels","from":[1.5,0.25,0.75],"to":[3.25,0.5,2],"faces":{"down":{"uv":[10.125,12.53125,10.34375,12.6875],"texture":"#texture"},"north":{"uv":[10.34375,12.0625,10.125,12.09375],"texture":"#texture"},"south":{"uv":[10.125,12.03125,10.34375,12.0625],"texture":"#texture"},"west":{"uv":[10.125,9.34375,10.28125,9.375],"texture":"#texture"},"east":{"uv":[10.28125,9.375,10.125,9.40625],"texture":"#texture"}}},{"__comment":"Voxels","from":[1.5,0.25,14],"to":[3.25,0.5,15.25],"faces":{"down":{"uv":[10.125,12.6875,10.34375,12.84375],"texture":"#texture"},"north":{"uv":[10.34375,11.1875,10.125,11.21875],"texture":"#texture"},"south":{"uv":[10.125,11.15625,10.34375,11.1875],"texture":"#texture"},"west":{"uv":[10.125,9.625,10.28125,9.65625],"texture":"#texture"},"east":{"uv":[10.28125,9.59375,10.125,9.625],"texture":"#texture"}}},{"__comment":"Voxels","from":[1.5,0.75,0.5],"to":[3.25,1,0.75],"faces":{"down":{"uv":[10.125,11.21875,10.34375,11.25],"texture":"#texture"},"north":{"uv":[10.34375,11.28125,10.125,11.3125],"texture":"#texture"},"west":{"uv":[10.3125,10.625,10.34375,10.65625],"texture":"#texture"},"east":{"uv":[10.34375,10.65625,10.3125,10.6875],"texture":"#texture"}}},{"__comment":"Voxels","from":[1.5,0.75,2],"to":[3.25,1,2.25],"faces":{"down":{"uv":[10.125,11.34375,10.34375,11.375],"texture":"#texture"},"south":{"uv":[10.125,11.5,10.34375,11.53125],"texture":"#texture"},"west":{"uv":[15.3125,13.8125,15.34375,13.84375],"texture":"#texture"},"east":{"uv":[15.375,13.8125,15.34375,13.84375],"texture":"#texture"}}},{"__comment":"Voxels","from":[1.5,0.75,13.75],"to":[3.25,1,14],"faces":{"down":{"uv":[10.125,11.53125,10.34375,11.5625],"texture":"#texture"},"north":{"uv":[10.34375,11.59375,10.125,11.625],"texture":"#texture"},"west":{"uv":[10.3125,9.8125,10.34375,9.84375],"texture":"#texture"},"east":{"uv":[10.3125,9.78125,10.28125,9.8125],"texture":"#texture"}}},{"__comment":"Voxels","from":[1.5,0.75,15.25],"to":[3.25,1,15.5],"faces":{"down":{"uv":[10.125,11.0625,10.34375,11.09375],"texture":"#texture"},"south":{"uv":[10.125,10.96875,10.34375,11],"texture":"#texture"},"west":{"uv":[10.3125,9.75,10.34375,9.78125],"texture":"#texture"},"east":{"uv":[10.3125,9.71875,10.28125,9.75],"texture":"#texture"}}},{"__comment":"Voxels","from":[1.5,6.5,15],"to":[2.75,23.5,15.75],"faces":{"north":{"uv":[9.96875,10,9.8125,12.125],"texture":"#texture","cullface":"up"},"east":{"uv":[3.9375,11.46875,3.84375,13.59375],"texture":"#texture","cullface":"up"}}},{"__comment":"Voxels","from":[1.5,21.25,1],"to":[16,23.5,15],"faces":{"down":{"uv":[9.625,14.25,11.4375,16],"texture":"#texture","cullface":"up"},"up":{"uv":[11.4375,16,13.25,14.25],"texture":"#texture","cullface":"up"},"south":{"uv":[13.25,15.71875,15.0625,16],"texture":"#texture","cullface":"up"},"east":{"uv":[9.625,9.90625,7.875,10.1875],"texture":"#texture","cullface":"up"}}},{"__comment":"Voxels","from":[1.75,0.5,0.5],"to":[3,0.75,0.75],"faces":{"down":{"uv":[10.125,9.25,10.28125,9.28125],"texture":"#texture"},"north":{"uv":[10.28125,10.03125,10.125,10.0625],"texture":"#texture"},"west":{"uv":[10.3125,10.03125,10.34375,10.0625],"texture":"#texture"},"east":{"uv":[10.3125,10.03125,10.28125,10.0625],"texture":"#texture"}}},{"__comment":"Voxels","from":[1.75,0.5,2],"to":[3,0.75,2.25],"faces":{"down":{"uv":[9.8125,8.03125,9.96875,8.0625],"texture":"#texture"},"south":{"uv":[10.125,10.46875,10.28125,10.5],"texture":"#texture"},"west":{"uv":[10.28125,10.0625,10.3125,10.09375],"texture":"#texture"},"east":{"uv":[10.34375,10.0625,10.3125,10.09375],"texture":"#texture"}}},{"__comment":"Voxels","from":[1.75,0.5,13.75],"to":[3,0.75,14],"faces":{"down":{"uv":[10.125,10.375,10.28125,10.40625],"texture":"#texture"},"north":{"uv":[10.28125,10.3125,10.125,10.34375],"texture":"#texture"},"west":{"uv":[10.28125,10,10.3125,10.03125],"texture":"#texture"},"east":{"uv":[10.34375,10,10.3125,10.03125],"texture":"#texture"}}},{"__comment":"Voxels","from":[1.75,0.5,15.25],"to":[3,0.75,15.5],"faces":{"down":{"uv":[10.125,10.25,10.28125,10.28125],"texture":"#texture"},"south":{"uv":[10.125,10.15625,10.28125,10.1875],"texture":"#texture"},"west":{"uv":[10.28125,9.96875,10.3125,10],"texture":"#texture"},"east":{"uv":[10.34375,9.96875,10.3125,10],"texture":"#texture"}}},{"__comment":"Voxels","from":[2,0,0.75],"to":[2.75,0.25,2],"faces":{"down":{"uv":[14.1875,14.53125,14.28125,14.6875],"texture":"#texture","cullface":"down"},"north":{"uv":[10.34375,8.8125,10.25,8.84375],"texture":"#texture"},"south":{"uv":[10.25,8.78125,10.34375,8.8125],"texture":"#texture"},"west":{"uv":[10.125,10,10.28125,10.03125],"texture":"#texture"},"east":{"uv":[10.28125,9.96875,10.125,10],"texture":"#texture"}}},{"__comment":"Voxels","from":[2,0,14],"to":[2.75,0.25,15.25],"faces":{"down":{"uv":[9.53125,9.46875,9.625,9.625],"texture":"#texture","cullface":"down"},"north":{"uv":[10.34375,8.75,10.25,8.78125],"texture":"#texture"},"south":{"uv":[10.25,8.71875,10.34375,8.75],"texture":"#texture"},"west":{"uv":[10.125,9.9375,10.28125,9.96875],"texture":"#texture"},"east":{"uv":[10.28125,9.90625,10.125,9.9375],"texture":"#texture"}}},{"__comment":"Voxels","from":[2.25,1.5,0.25],"to":[2.5,1.75,0.5],"faces":{"down":{"uv":[10.28125,9.9375,10.3125,9.96875],"texture":"#texture"},"up":{"uv":[10.3125,9.96875,10.34375,9.9375],"texture":"#texture"},"north":{"uv":[10.3125,9.90625,10.28125,9.9375],"texture":"#texture"},"west":{"uv":[10.28125,9.875,10.3125,9.90625],"texture":"#texture"},"east":{"uv":[10.34375,9.875,10.3125,9.90625],"texture":"#texture"}}},{"__comment":"Voxels","from":[2.25,1.5,2.25],"to":[2.5,1.75,2.5],"faces":{"down":{"uv":[10.28125,9.8125,10.3125,9.84375],"texture":"#texture"},"up":{"uv":[10.3125,10.125,10.34375,10.09375],"texture":"#texture"},"south":{"uv":[10.3125,10.125,10.34375,10.15625],"texture":"#texture"},"west":{"uv":[10.28125,10.15625,10.3125,10.1875],"texture":"#texture"},"east":{"uv":[10.34375,10.1875,10.3125,10.21875],"texture":"#texture"}}},{"__comment":"Voxels","from":[2.25,1.5,13.5],"to":[2.5,1.75,13.75],"faces":{"down":{"uv":[10.28125,10.1875,10.3125,10.21875],"texture":"#texture"},"up":{"uv":[10.3125,10.25,10.34375,10.21875],"texture":"#texture"},"north":{"uv":[10.3125,10.25,10.28125,10.28125],"texture":"#texture"},"west":{"uv":[10.28125,10.28125,10.3125,10.3125],"texture":"#texture"},"east":{"uv":[10.34375,10.3125,10.3125,10.34375],"texture":"#texture"}}},{"__comment":"Voxels","from":[2.25,1.5,15.5],"to":[2.5,1.75,15.75],"faces":{"down":{"uv":[10.28125,9.53125,10.3125,9.5625],"texture":"#texture"},"up":{"uv":[10.3125,9.5625,10.34375,9.53125],"texture":"#texture"},"south":{"uv":[10.3125,9.5,10.34375,9.53125],"texture":"#texture"},"west":{"uv":[10.28125,9.4375,10.3125,9.46875],"texture":"#texture"},"east":{"uv":[10.34375,9.4375,10.3125,9.46875],"texture":"#texture"}}},{"__comment":"Voxels","from":[2.75,6.5,15.25],"to":[16,23.5,15.75],"faces":{"up":{"uv":[13.875,15.4375,15.53125,15.375],"texture":"#texture","cullface":"up"},"north":{"uv":[7.53125,10.1875,5.875,12.3125],"texture":"#texture","cullface":"up"},"south":{"uv":[5.875,8.0625,7.53125,10.1875],"texture":"#texture","cullface":"up"},"east":{"uv":[10.125,12.125,10.0625,14.25],"texture":"#texture","cullface":"up"}}},{"__comment":"Voxels","from":[2.75,21.25,15],"to":[16,23.5,15.25],"faces":{"down":{"uv":[14,14.125,15.65625,14.15625],"texture":"#texture","cullface":"up"},"up":{"uv":[14.25,14.125,15.90625,14.09375],"texture":"#texture","cullface":"up"},"east":{"uv":[10,9.15625,9.96875,9.4375],"texture":"#texture","cullface":"up"}}},{"__comment":"Voxels","from":[2.75,21.25,15.75],"to":[15.75,23.5,16],"faces":{"down":{"uv":[14.25,14.0625,15.875,14.09375],"texture":"#texture","cullface":"up"},"up":{"uv":[14.25,14.0625,15.875,14.03125],"texture":"#texture","cullface":"up"},"south":{"uv":[7.875,9.0625,9.5,9.34375],"texture":"#texture","cullface":"up"},"east":{"uv":[10,8.875,9.96875,9.15625],"texture":"#texture","cullface":"up"}}},{"__comment":"Voxels","from":[4,2.25,0.5],"to":[4.25,4,2.25],"faces":{"down":{"uv":[10.0625,8.625,10.09375,8.84375],"texture":"#texture"},"north":{"uv":[10.09375,8.84375,10.0625,9.0625],"texture":"#texture"},"south":{"uv":[10.09375,9.0625,10.125,9.28125],"texture":"#texture"},"east":{"uv":[10.34375,13.75,10.125,13.96875],"texture":"#texture"}}},{"__comment":"Voxels","from":[4,2.25,13.75],"to":[4.25,4,15.5],"faces":{"down":{"uv":[10.09375,8.625,10.125,8.84375],"texture":"#texture"},"north":{"uv":[15.96875,14.40625,15.9375,14.625],"texture":"#texture"},"south":{"uv":[15.96875,14.40625,16,14.625],"texture":"#texture"},"east":{"uv":[10.78125,13.75,10.5625,13.96875],"texture":"#texture"}}},{"__comment":"Voxels","from":[4.25,3,0.5],"to":[5.75,4,2.25],"faces":{"down":{"uv":[12.9375,13.75,13.125,13.96875],"texture":"#texture"},"north":{"uv":[14.0625,13.625,13.875,13.75],"texture":"#texture"},"south":{"uv":[14.0625,13.625,14.25,13.75],"texture":"#texture"},"east":{"uv":[13.25,13.625,13.03125,13.75],"texture":"#texture"}}},{"__comment":"Voxels","from":[4.25,3,13.75],"to":[5.75,4,15.5],"faces":{"down":{"uv":[14.09375,14.28125,14.28125,14.5],"texture":"#texture"},"north":{"uv":[8.53125,8,8.34375,8.125],"texture":"#texture"},"south":{"uv":[13.6875,13.625,13.875,13.75],"texture":"#texture"},"east":{"uv":[13.46875,13.625,13.25,13.75],"texture":"#texture"}}},{"__comment":"Voxels","from":[4.25,11.5,16.75],"to":[8.25,12,17.25],"faces":{"down":{"uv":[11.8125,13.6875,12.3125,13.75],"texture":"#texture","cullface":"south"},"up":{"uv":[15.25,14.03125,15.75,13.96875],"texture":"#texture","cullface":"south"},"north":{"uv":[14.75,13.96875,14.25,14.03125],"texture":"#texture","cullface":"south"},"south":{"uv":[14.75,13.96875,15.25,14.03125],"texture":"#texture","cullface":"south"},"west":{"uv":[13.90625,13.78125,13.96875,13.84375],"texture":"#texture","cullface":"south"},"east":{"uv":[13.6875,13.78125,13.625,13.84375],"texture":"#texture","cullface":"south"}}},{"__comment":"Voxels","from":[4.5,11,15.75],"to":[8,12.5,16],"faces":{"down":{"uv":[11.8125,13.625,12.25,13.65625],"texture":"#texture"},"up":{"uv":[14.25,13.6875,14.6875,13.65625],"texture":"#texture"},"south":{"uv":[14.71875,14.78125,15.15625,14.96875],"texture":"#texture","cullface":"south"},"west":{"uv":[10.0625,8.4375,10.09375,8.625],"texture":"#texture"},"east":{"uv":[10.125,8.4375,10.09375,8.625],"texture":"#texture"}}},{"__comment":"Voxels","from":[4.75,10.75,15.75],"to":[7.75,11,16],"faces":{"down":{"uv":[11.46875,13.59375,11.84375,13.625],"texture":"#texture"},"south":{"uv":[15.34375,13.6875,15.71875,13.71875],"texture":"#texture","cullface":"south"},"west":{"uv":[10.28125,9.34375,10.3125,9.375],"texture":"#texture"},"east":{"uv":[10.34375,9.34375,10.3125,9.375],"texture":"#texture"}}},{"__comment":"Voxels","from":[4.75,12.5,15.75],"to":[7.75,12.75,16],"faces":{"up":{"uv":[15.34375,13.65625,15.71875,13.625],"texture":"#texture"},"south":{"uv":[11.84375,13.59375,12.21875,13.625],"texture":"#texture","cullface":"south"},"west":{"uv":[10.28125,9.5625,10.3125,9.59375],"texture":"#texture"},"east":{"uv":[10.34375,9.59375,10.3125,9.625],"texture":"#texture"}}},{"__comment":"Voxels","from":[5,10.5,15.75],"to":[7.5,10.75,16],"faces":{"down":{"uv":[14.75,13.59375,15.0625,13.625],"texture":"#texture"},"south":{"uv":[13.8125,13.59375,14.125,13.625],"texture":"#texture","cullface":"south"},"west":{"uv":[10.28125,9.59375,10.3125,9.625],"texture":"#texture"},"east":{"uv":[10.34375,9.625,10.3125,9.65625],"texture":"#texture"}}},{"__comment":"Voxels","from":[5,12.75,15.75],"to":[7.5,13,16],"faces":{"up":{"uv":[12.5625,13.625,12.875,13.59375],"texture":"#texture"},"south":{"uv":[13.25,14.25,13.5625,14.28125],"texture":"#texture","cullface":"south"},"west":{"uv":[10.28125,9.625,10.3125,9.65625],"texture":"#texture"},"east":{"uv":[10.34375,9.65625,10.3125,9.6875],"texture":"#texture"}}},{"__comment":"Voxels","from":[5.25,10.25,15.75],"to":[7.25,10.5,16],"faces":{"down":{"uv":[15.03125,13.53125,15.28125,13.5625],"texture":"#texture"},"south":{"uv":[14.28125,13.53125,14.53125,13.5625],"texture":"#texture","cullface":"south"},"west":{"uv":[10.28125,9.65625,10.3125,9.6875],"texture":"#texture"},"east":{"uv":[10.34375,9.6875,10.3125,9.71875],"texture":"#texture"}}},{"__comment":"Voxels","from":[5.25,11.25,16],"to":[7.25,12.25,16.25],"faces":{"down":{"uv":[15.75,13.6875,16,13.71875],"texture":"#texture","cullface":"south"},"up":{"uv":[15.75,13.75,16,13.71875],"texture":"#texture","cullface":"south"},"south":{"uv":[12.5625,13.625,12.8125,13.75],"texture":"#texture","cullface":"south"},"west":{"uv":[10.125,8.5625,10.15625,8.6875],"texture":"#texture","cullface":"south"},"east":{"uv":[10.1875,8.5625,10.15625,8.6875],"texture":"#texture","cullface":"south"}}},{"__comment":"Voxels","from":[5.25,13,15.75],"to":[7.25,13.25,16],"faces":{"up":{"uv":[15.75,13.65625,16,13.625],"texture":"#texture"},"south":{"uv":[12.78125,13.53125,13.03125,13.5625],"texture":"#texture","cullface":"south"},"west":{"uv":[10.28125,9.6875,10.3125,9.71875],"texture":"#texture"},"east":{"uv":[10.34375,9.71875,10.3125,9.75],"texture":"#texture"}}},{"__comment":"Voxels","from":[5.5,10,15.75],"to":[7,10.25,16],"faces":{"down":{"uv":[10.125,10.71875,10.3125,10.75],"texture":"#texture"},"south":{"uv":[10.125,10.65625,10.3125,10.6875],"texture":"#texture","cullface":"south"},"west":{"uv":[15.3125,13.78125,15.34375,13.8125],"texture":"#texture"},"east":{"uv":[15.375,13.78125,15.34375,13.8125],"texture":"#texture"}}},{"__comment":"Voxels","from":[5.5,11,16],"to":[7,11.25,16.25],"faces":{"down":{"uv":[10.125,10.53125,10.3125,10.5625],"texture":"#texture","cullface":"south"},"south":{"uv":[10.125,10.625,10.3125,10.65625],"texture":"#texture","cullface":"south"},"west":{"uv":[10.3125,10.8125,10.34375,10.84375],"texture":"#texture","cullface":"south"},"east":{"uv":[10.34375,10.84375,10.3125,10.875],"texture":"#texture","cullface":"south"}}},{"__comment":"Voxels","from":[5.5,12.25,16],"to":[7,12.5,16.25],"faces":{"up":{"uv":[14.09375,14.28125,14.28125,14.25],"texture":"#texture","cullface":"south"},"south":{"uv":[10.125,10.84375,10.3125,10.875],"texture":"#texture","cullface":"south"},"west":{"uv":[10.3125,10.875,10.34375,10.90625],"texture":"#texture","cullface":"south"},"east":{"uv":[10.34375,10.90625,10.3125,10.9375],"texture":"#texture","cullface":"south"}}},{"__comment":"Voxels","from":[5.5,13.25,15.75],"to":[7,13.5,16],"faces":{"up":{"uv":[10.125,10.90625,10.3125,10.875],"texture":"#texture"},"south":{"uv":[10.125,10.75,10.3125,10.78125],"texture":"#texture","cullface":"south"},"west":{"uv":[10.3125,10.9375,10.34375,10.96875],"texture":"#texture"},"east":{"uv":[15.75,13.625,15.71875,13.65625],"texture":"#texture"}}},{"__comment":"Voxels","from":[5.75,3.25,0.5],"to":[6,4,2.25],"faces":{"down":{"uv":[10.0625,9.0625,10.09375,9.28125],"texture":"#texture"},"north":{"uv":[14.25,13.75,14.21875,13.84375],"texture":"#texture"},"south":{"uv":[14.1875,13.75,14.21875,13.84375],"texture":"#texture"},"east":{"uv":[15.59375,13.75,15.375,13.84375],"texture":"#texture"}}},{"__comment":"Voxels","from":[5.75,3.25,13.75],"to":[6,4,15.5],"faces":{"down":{"uv":[10.0625,9.28125,10.09375,9.5],"texture":"#texture"},"north":{"uv":[9.625,8,9.59375,8.09375],"texture":"#texture"},"south":{"uv":[9.46875,10.46875,9.5,10.5625],"texture":"#texture"},"east":{"uv":[15.03125,13.75,14.8125,13.84375],"texture":"#texture"}}},{"__comment":"Voxels","from":[5.75,10.75,16],"to":[6.75,11,16.25],"faces":{"down":{"uv":[10.125,8.6875,10.25,8.71875],"texture":"#texture","cullface":"south"},"south":{"uv":[10.125,8.78125,10.25,8.8125],"texture":"#texture","cullface":"south"},"west":{"uv":[15.03125,13.75,15.0625,13.78125],"texture":"#texture","cullface":"south"},"east":{"uv":[15.09375,13.75,15.0625,13.78125],"texture":"#texture","cullface":"south"}}},{"__comment":"Voxels","from":[5.75,11.25,16.25],"to":[6.75,12.25,16.5],"faces":{"down":{"uv":[10.125,8.8125,10.25,8.84375],"texture":"#texture","cullface":"south"},"up":{"uv":[10.125,8.875,10.25,8.84375],"texture":"#texture","cullface":"south"},"south":{"uv":[9.5,8.78125,9.625,8.90625],"texture":"#texture","cullface":"south"},"west":{"uv":[9.90625,8.15625,9.9375,8.28125],"texture":"#texture","cullface":"south"},"east":{"uv":[9.96875,8.3125,9.9375,8.4375],"texture":"#texture","cullface":"south"}}},{"__comment":"Voxels","from":[5.75,11.5,16.5],"to":[6.75,12,16.75],"faces":{"down":{"uv":[10.125,8.875,10.25,8.90625],"texture":"#texture","cullface":"south"},"up":{"uv":[15.875,13.78125,16,13.75],"texture":"#texture","cullface":"south"},"west":{"uv":[12.625,13.75,12.65625,13.8125],"texture":"#texture","cullface":"south"},"east":{"uv":[12.375,13.75,12.34375,13.8125],"texture":"#texture","cullface":"south"}}},{"__comment":"Voxels","from":[5.75,11.5,17.25],"to":[6.75,12,17.5],"faces":{"down":{"uv":[15.875,13.78125,16,13.8125],"texture":"#texture","cullface":"south"},"up":{"uv":[15.875,13.84375,16,13.8125],"texture":"#texture","cullface":"south"},"south":{"uv":[15.40625,15.71875,15.53125,15.78125],"texture":"#texture","cullface":"south"},"west":{"uv":[11.5,13.75,11.53125,13.8125],"texture":"#texture","cullface":"south"},"east":{"uv":[15.71875,14.25,15.6875,14.3125],"texture":"#texture","cullface":"south"}}},{"__comment":"Voxels","from":[5.75,12.5,16],"to":[6.75,12.75,16.25],"faces":{"up":{"uv":[15.875,14.03125,16,14],"texture":"#texture","cullface":"south"},"south":{"uv":[15.875,14.0625,16,14.09375],"texture":"#texture","cullface":"south"},"west":{"uv":[10.3125,9.78125,10.34375,9.8125],"texture":"#texture","cullface":"south"},"east":{"uv":[10.3125,9.75,10.28125,9.78125],"texture":"#texture","cullface":"south"}}},{"__comment":"Voxels","from":[6,11.25,16.5],"to":[6.5,11.5,17.5],"faces":{"down":{"uv":[1.9375,8.78125,2,8.90625],"texture":"#texture","cullface":"south"},"up":{"uv":[9.5625,10.59375,9.625,10.46875],"texture":"#texture","cullface":"south"},"south":{"uv":[13.34375,13.75,13.40625,13.78125],"texture":"#texture","cullface":"south"},"west":{"uv":[15.75,13.96875,15.875,14],"texture":"#texture","cullface":"south"},"east":{"uv":[16,15.4375,15.875,15.46875],"texture":"#texture","cullface":"south"}}},{"__comment":"Voxels","from":[6,11.5,17.5],"to":[6.5,12,17.75],"faces":{"down":{"uv":[13.90625,13.75,13.96875,13.78125],"texture":"#texture","cullface":"south"},"up":{"uv":[14.46875,13.84375,14.53125,13.8125],"texture":"#texture","cullface":"south"},"south":{"uv":[8.875,8,8.9375,8.0625],"texture":"#texture","cullface":"south"},"west":{"uv":[11.78125,13.75,11.8125,13.8125],"texture":"#texture","cullface":"south"},"east":{"uv":[12.09375,13.75,12.0625,13.8125],"texture":"#texture","cullface":"south"}}},{"__comment":"Voxels","from":[6,12,16.5],"to":[6.5,12.25,17.5],"faces":{"down":{"uv":[9.53125,9.34375,9.59375,9.46875],"texture":"#texture","cullface":"south"},"up":{"uv":[15.9375,15.375,16,15.25],"texture":"#texture","cullface":"south"},"south":{"uv":[14.46875,13.75,14.53125,13.78125],"texture":"#texture","cullface":"south"},"west":{"uv":[15.75,14,15.875,14.03125],"texture":"#texture","cullface":"south"},"east":{"uv":[10.3125,8.65625,10.1875,8.6875],"texture":"#texture","cullface":"south"}}},{"__comment":"Voxels","from":[9.25,13.5,15.75],"to":[10.25,14.5,16],"faces":{"down":{"uv":[10.1875,8.625,10.3125,8.65625],"texture":"#texture"},"up":{"uv":[10.1875,8.625,10.3125,8.59375],"texture":"#texture"},"south":{"uv":[15.875,15.46875,16,15.59375],"texture":"#texture","cullface":"south"},"west":{"uv":[10.1875,8.4375,10.21875,8.5625],"texture":"#texture"},"east":{"uv":[10.25,8.4375,10.21875,8.5625],"texture":"#texture"}}},{"__comment":"Voxels","from":[9.25,13.75,16],"to":[10.25,14.25,17.25],"faces":{"down":{"uv":[9.5,8.90625,9.625,9.0625],"texture":"#texture","cullface":"south"},"up":{"uv":[9.5,9.34375,9.625,9.1875],"texture":"#texture","cullface":"south"},"south":{"uv":[15.84375,14.90625,15.96875,14.96875],"texture":"#texture","cullface":"south"},"west":{"uv":[15.84375,15.15625,16,15.21875],"texture":"#texture","cullface":"south"},"east":{"uv":[15.9375,15.375,15.78125,15.4375],"texture":"#texture","cullface":"south"}}},{"__comment":"Voxels","from":[9.5,13.5,16],"to":[10,13.75,17.25],"faces":{"down":{"uv":[1.9375,8.90625,2,9.0625],"texture":"#texture","cullface":"south"},"south":{"uv":[15.9375,15.21875,16,15.25],"texture":"#texture","cullface":"south"},"west":{"uv":[10.125,9.4375,10.28125,9.46875],"texture":"#texture","cullface":"south"},"east":{"uv":[10.28125,9.40625,10.125,9.4375],"texture":"#texture","cullface":"south"}}},{"__comment":"Voxels","from":[9.5,13.75,17.25],"to":[10,14.25,17.5],"faces":{"down":{"uv":[9.90625,8.59375,9.96875,8.625],"texture":"#texture","cullface":"south"},"up":{"uv":[9.90625,8.46875,9.96875,8.4375],"texture":"#texture","cullface":"south"},"south":{"uv":[10.0625,8,10.125,8.0625],"texture":"#texture","cullface":"south"},"west":{"uv":[3.90625,8,3.9375,8.0625],"texture":"#texture","cullface":"south"},"east":{"uv":[8.96875,8,8.9375,8.0625],"texture":"#texture","cullface":"south"}}},{"__comment":"Voxels","from":[9.5,14.25,16],"to":[10,14.5,17.25],"faces":{"up":{"uv":[9.5625,11.03125,9.625,10.875],"texture":"#texture","cullface":"south"},"south":{"uv":[9.90625,8.125,9.96875,8.15625],"texture":"#texture","cullface":"south"},"west":{"uv":[10.125,9.3125,10.28125,9.34375],"texture":"#texture","cullface":"south"},"east":{"uv":[10.28125,9.28125,10.125,9.3125],"texture":"#texture","cullface":"south"}}},{"__comment":"Voxels","from":[10,3.25,0.5],"to":[15.5,4,2.25],"faces":{"down":{"uv":[2,8,2.6875,8.21875],"texture":"#texture"},"north":{"uv":[15.84375,15.0625,15.15625,15.15625],"texture":"#texture"},"south":{"uv":[15.15625,14.96875,15.84375,15.0625],"texture":"#texture"},"west":{"uv":[14.53125,13.75,14.75,13.84375],"texture":"#texture"},"east":{"uv":[14.46875,13.75,14.25,13.84375],"texture":"#texture"}}},{"__comment":"Voxels","from":[10,3.25,13.75],"to":[15.5,4,15.5],"faces":{"down":{"uv":[3.9375,8.03125,4.625,8.25],"texture":"#texture"},"north":{"uv":[15.84375,14.875,15.15625,14.96875],"texture":"#texture"},"south":{"uv":[15.15625,14.78125,15.84375,14.875],"texture":"#texture"},"west":{"uv":[13.96875,13.75,14.1875,13.84375],"texture":"#texture"},"east":{"uv":[13.90625,13.75,13.6875,13.84375],"texture":"#texture"}}},{"__comment":"Voxels","from":[10.25,3,0.5],"to":[15.5,3.25,2.25],"faces":{"down":{"uv":[7.875,8.5625,8.53125,8.78125],"texture":"#texture"},"north":{"uv":[14.90625,13.6875,14.25,13.71875],"texture":"#texture"},"south":{"uv":[14.25,13.71875,14.90625,13.75],"texture":"#texture"},"west":{"uv":[10.125,11.9375,10.34375,11.96875],"texture":"#texture"},"east":{"uv":[10.34375,11.90625,10.125,11.9375],"texture":"#texture"}}},{"__comment":"Voxels","from":[10.25,3,13.75],"to":[15.5,3.25,15.5],"faces":{"down":{"uv":[7.875,8.125,8.53125,8.34375],"texture":"#texture"},"north":{"uv":[5.28125,8,4.625,8.03125],"texture":"#texture"},"south":{"uv":[3.9375,8,4.59375,8.03125],"texture":"#texture"},"west":{"uv":[10.125,11.75,10.34375,11.78125],"texture":"#texture"},"east":{"uv":[10.34375,11.71875,10.125,11.75],"texture":"#texture"}}},{"__comment":"Voxels","from":[10.25,13.75,16.5],"to":[13,14.25,17],"faces":{"down":{"uv":[7.53125,8,7.875,8.0625],"texture":"#texture","cullface":"south"},"up":{"uv":[8.53125,8.0625,8.875,8],"texture":"#texture","cullface":"south"},"north":{"uv":[15.40625,15.71875,15.0625,15.78125],"texture":"#texture","cullface":"south"},"south":{"uv":[15.53125,15.71875,15.875,15.78125],"texture":"#texture","cullface":"south"},"east":{"uv":[15.6875,14.25,15.625,14.3125],"texture":"#texture","cullface":"south"}}},{"__comment":"Voxels","from":[10.75,13.5,16.5],"to":[12.75,13.75,17],"faces":{"down":{"uv":[11.25,13.75,11.5,13.8125],"texture":"#texture","cullface":"south"},"north":{"uv":[15.53125,13.53125,15.28125,13.5625],"texture":"#texture","cullface":"south"},"south":{"uv":[14.03125,13.53125,14.28125,13.5625],"texture":"#texture","cullface":"south"},"west":{"uv":[15.9375,14.1875,16,14.21875],"texture":"#texture","cullface":"south"},"east":{"uv":[16,14.15625,15.9375,14.1875],"texture":"#texture","cullface":"south"}}},{"__comment":"Voxels","from":[10.75,13.75,16.25],"to":[12.75,14.25,16.5],"faces":{"down":{"uv":[13.78125,13.53125,14.03125,13.5625],"texture":"#texture","cullface":"south"},"up":{"uv":[13.53125,13.5625,13.78125,13.53125],"texture":"#texture","cullface":"south"},"north":{"uv":[15.84375,15.15625,15.59375,15.21875],"texture":"#texture","cullface":"south"},"west":{"uv":[15.96875,14.8125,16,14.875],"texture":"#texture","cullface":"south"},"east":{"uv":[16,14.90625,15.96875,14.96875],"texture":"#texture","cullface":"south"}}},{"__comment":"Voxels","from":[10.75,13.75,17],"to":[12.75,14.25,17.25],"faces":{"down":{"uv":[12.03125,13.53125,12.28125,13.5625],"texture":"#texture","cullface":"south"},"up":{"uv":[12.28125,13.5625,12.53125,13.53125],"texture":"#texture","cullface":"south"},"south":{"uv":[11.8125,13.75,12.0625,13.8125],"texture":"#texture","cullface":"south"},"west":{"uv":[15.96875,15,16,15.0625],"texture":"#texture","cullface":"south"},"east":{"uv":[16,15.09375,15.96875,15.15625],"texture":"#texture","cullface":"south"}}},{"__comment":"Voxels","from":[10.75,14.25,16.5],"to":[12.75,14.5,17],"faces":{"up":{"uv":[12.375,13.8125,12.625,13.75],"texture":"#texture","cullface":"south"},"north":{"uv":[13.53125,13.53125,13.28125,13.5625],"texture":"#texture","cullface":"south"},"south":{"uv":[13.03125,13.53125,13.28125,13.5625],"texture":"#texture","cullface":"south"},"west":{"uv":[15.9375,14.21875,16,14.25],"texture":"#texture","cullface":"south"},"east":{"uv":[10.0625,8.875,10,8.90625],"texture":"#texture","cullface":"south"}}},{"__comment":"Voxels","from":[11.75,2.25,0.5],"to":[15.5,3,2.25],"faces":{"down":{"uv":[3.375,8,3.84375,8.21875],"texture":"#texture"},"north":{"uv":[8.34375,8.03125,7.875,8.125],"texture":"#texture"},"south":{"uv":[8.96875,8,9.4375,8.09375],"texture":"#texture"},"west":{"uv":[13.125,13.75,13.34375,13.84375],"texture":"#texture"},"east":{"uv":[13.625,13.75,13.40625,13.84375],"texture":"#texture"}}},{"__comment":"Voxels","from":[11.75,2.25,13.75],"to":[15.5,3,15.5],"faces":{"down":{"uv":[15.0625,15.78125,15.53125,16],"texture":"#texture"},"north":{"uv":[11.25,13.875,10.78125,13.96875],"texture":"#texture"},"south":{"uv":[10.78125,13.78125,11.25,13.875],"texture":"#texture"},"west":{"uv":[15.125,13.65625,15.34375,13.75],"texture":"#texture"},"east":{"uv":[15.125,13.65625,14.90625,13.75],"texture":"#texture"}}},{"__comment":"Voxels","from":[12,2,0.5],"to":[15.5,2.25,2.25],"faces":{"down":{"uv":[9.1875,8.5625,9.625,8.78125],"texture":"#texture"},"north":{"uv":[12.25,13.65625,11.8125,13.6875],"texture":"#texture"},"south":{"uv":[10.78125,13.75,11.21875,13.78125],"texture":"#texture"},"west":{"uv":[10.125,12.34375,10.34375,12.375],"texture":"#texture"},"east":{"uv":[15.34375,13.625,15.125,13.65625],"texture":"#texture"}}},{"__comment":"Voxels","from":[12,2,13.75],"to":[15.5,2.25,15.5],"faces":{"down":{"uv":[14.28125,14.9375,14.71875,15.15625],"texture":"#texture"},"north":{"uv":[8.3125,8,7.875,8.03125],"texture":"#texture"},"south":{"uv":[14.28125,14.25,14.71875,14.28125],"texture":"#texture"},"west":{"uv":[10.125,12.28125,10.34375,12.3125],"texture":"#texture"},"east":{"uv":[10.34375,12.3125,10.125,12.34375],"texture":"#texture"}}},{"__comment":"Voxels","from":[12.25,0.75,0.75],"to":[15,2,2],"faces":{"down":{"uv":[10.125,13.96875,10.46875,14.125],"texture":"#texture"},"north":{"uv":[11.15625,13.96875,10.8125,14.125],"texture":"#texture"},"south":{"uv":[11.15625,13.96875,11.5,14.125],"texture":"#texture"},"west":{"uv":[9.8125,9.84375,9.96875,10],"texture":"#texture"},"east":{"uv":[9.96875,9.6875,9.8125,9.84375],"texture":"#texture"}}},{"__comment":"Voxels","from":[12.25,0.75,14],"to":[15,2,15.25],"faces":{"down":{"uv":[11.5,13.96875,11.84375,14.125],"texture":"#texture"},"north":{"uv":[12.53125,13.96875,12.1875,14.125],"texture":"#texture"},"south":{"uv":[12.53125,13.96875,12.875,14.125],"texture":"#texture"},"west":{"uv":[9.8125,9.21875,9.96875,9.375],"texture":"#texture"},"east":{"uv":[9.96875,9.0625,9.8125,9.21875],"texture":"#texture"}}},{"__comment":"Voxels","from":[12.5,0.5,0.75],"to":[14.75,0.75,2],"faces":{"down":{"uv":[11.53125,13.8125,11.8125,13.96875],"texture":"#texture"},"north":{"uv":[13.8125,13.5625,13.53125,13.59375],"texture":"#texture"},"south":{"uv":[13.8125,13.5625,14.09375,13.59375],"texture":"#texture"},"west":{"uv":[10.125,9.71875,10.28125,9.75],"texture":"#texture"},"east":{"uv":[10.28125,9.75,10.125,9.78125],"texture":"#texture"}}},{"__comment":"Voxels","from":[12.5,0.5,14],"to":[14.75,0.75,15.25],"faces":{"down":{"uv":[15.71875,14.25,16,14.40625],"texture":"#texture"},"north":{"uv":[14.375,13.5625,14.09375,13.59375],"texture":"#texture"},"south":{"uv":[14.375,13.5625,14.65625,13.59375],"texture":"#texture"},"west":{"uv":[10.125,9.84375,10.28125,9.875],"texture":"#texture"},"east":{"uv":[10.28125,9.875,10.125,9.90625],"texture":"#texture"}}},{"__comment":"Voxels","from":[12.5,1,0.5],"to":[14.75,2,0.75],"faces":{"down":{"uv":[14.65625,13.5625,14.9375,13.59375],"texture":"#texture"},"north":{"uv":[13.6875,13.84375,13.40625,13.96875],"texture":"#texture"},"west":{"uv":[10.28125,8.4375,10.3125,8.5625],"texture":"#texture"},"east":{"uv":[10.28125,8.4375,10.25,8.5625],"texture":"#texture"}}},{"__comment":"Voxels","from":[12.5,1,2],"to":[14.75,2,2.25],"faces":{"down":{"uv":[10.34375,13.53125,10.625,13.5625],"texture":"#texture"},"south":{"uv":[13.96875,13.84375,14.25,13.96875],"texture":"#texture"},"west":{"uv":[10.15625,8.4375,10.1875,8.5625],"texture":"#texture"},"east":{"uv":[10.15625,8.4375,10.125,8.5625],"texture":"#texture"}}},{"__comment":"Voxels","from":[12.5,1,13.75],"to":[14.75,2,14],"faces":{"down":{"uv":[12.65625,13.78125,12.9375,13.8125],"texture":"#texture"},"north":{"uv":[14.53125,13.84375,14.25,13.96875],"texture":"#texture"},"west":{"uv":[9.90625,8.3125,9.9375,8.4375],"texture":"#texture"},"east":{"uv":[9.96875,8.625,9.9375,8.75],"texture":"#texture"}}},{"__comment":"Voxels","from":[12.5,1,15.25],"to":[14.75,2,15.5],"faces":{"down":{"uv":[11.5625,13.5625,11.84375,13.59375],"texture":"#texture"},"south":{"uv":[11.53125,13.625,11.8125,13.75],"texture":"#texture"},"west":{"uv":[9.59375,9.34375,9.625,9.46875],"texture":"#texture"},"east":{"uv":[9.9375,8.625,9.90625,8.75],"texture":"#texture"}}},{"__comment":"Voxels","from":[12.5,8,15.75],"to":[15.75,10,16],"faces":{"down":{"uv":[14.25,13.625,14.65625,13.65625],"texture":"#texture"},"up":{"uv":[15.34375,13.75,15.75,13.71875],"texture":"#texture"},"south":{"uv":[13.875,15.125,14.28125,15.375],"texture":"#texture","cullface":"south"},"west":{"uv":[5.84375,8,5.875,8.25],"texture":"#texture"},"east":{"uv":[10.03125,8.90625,10,9.15625],"texture":"#texture"}}},{"__comment":"Voxels","from":[12.5,8,16],"to":[14.25,10,16.25],"faces":{"down":{"uv":[10.125,11.6875,10.34375,11.71875],"texture":"#texture","cullface":"south"},"up":{"uv":[10.125,11.6875,10.34375,11.65625],"texture":"#texture","cullface":"south"},"south":{"uv":[14.71875,14.53125,14.9375,14.78125],"texture":"#texture","cullface":"south"},"west":{"uv":[10.03125,8.90625,10.0625,9.15625],"texture":"#texture","cullface":"south"},"east":{"uv":[10,8.625,9.96875,8.875],"texture":"#texture","cullface":"south"}}},{"__comment":"Voxels","from":[12.5,17.75,15.75],"to":[15.75,19.75,16],"faces":{"down":{"uv":[15.0625,15.4375,15.46875,15.46875],"texture":"#texture","cullface":"up"},"up":{"uv":[15.46875,15.46875,15.875,15.4375],"texture":"#texture","cullface":"up"},"south":{"uv":[15.0625,15.46875,15.46875,15.71875],"texture":"#texture","cullface":"up"},"west":{"uv":[10.03125,8.375,10.0625,8.625],"texture":"#texture","cullface":"up"},"east":{"uv":[10,8.125,9.96875,8.375],"texture":"#texture","cullface":"up"}}},{"__comment":"Voxels","from":[12.5,17.75,16],"to":[14.25,19.75,16.25],"faces":{"down":{"uv":[10.125,11.4375,10.34375,11.46875],"texture":"#texture"},"up":{"uv":[10.125,11.4375,10.34375,11.40625],"texture":"#texture"},"south":{"uv":[9.40625,8.3125,9.625,8.5625],"texture":"#texture"},"west":{"uv":[10.03125,8.625,10.0625,8.875],"texture":"#texture"},"east":{"uv":[10.03125,8.625,10,8.875],"texture":"#texture"}}},{"__comment":"Voxels","from":[12.75,0.25,0.75],"to":[14.5,0.5,2],"faces":{"down":{"uv":[10.125,13.46875,10.34375,13.625],"texture":"#texture"},"north":{"uv":[10.34375,11.09375,10.125,11.125],"texture":"#texture"},"south":{"uv":[10.125,11.125,10.34375,11.15625],"texture":"#texture"},"west":{"uv":[10.125,10.125,10.28125,10.15625],"texture":"#texture"},"east":{"uv":[10.28125,10.09375,10.125,10.125],"texture":"#texture"}}},{"__comment":"Voxels","from":[12.75,0.25,14],"to":[14.5,0.5,15.25],"faces":{"down":{"uv":[10.125,13.15625,10.34375,13.3125],"texture":"#texture"},"north":{"uv":[14.9375,14.25,14.71875,14.28125],"texture":"#texture"},"south":{"uv":[14.9375,14.25,15.15625,14.28125],"texture":"#texture"},"west":{"uv":[10.125,9.8125,10.28125,9.84375],"texture":"#texture"},"east":{"uv":[10.28125,9.78125,10.125,9.8125],"texture":"#texture"}}},{"__comment":"Voxels","from":[12.75,0.75,0.5],"to":[14.5,1,0.75],"faces":{"down":{"uv":[10.125,12.09375,10.34375,12.125],"texture":"#texture"},"north":{"uv":[10.34375,12.25,10.125,12.28125],"texture":"#texture"},"west":{"uv":[10.28125,9.84375,10.3125,9.875],"texture":"#texture"},"east":{"uv":[10.34375,9.84375,10.3125,9.875],"texture":"#texture"}}},{"__comment":"Voxels","from":[12.75,0.75,2],"to":[14.5,1,2.25],"faces":{"down":{"uv":[10.125,12.1875,10.34375,12.21875],"texture":"#texture"},"south":{"uv":[10.125,11.96875,10.34375,12],"texture":"#texture"},"west":{"uv":[10.28125,10.125,10.3125,10.15625],"texture":"#texture"},"east":{"uv":[10.34375,10.15625,10.3125,10.1875],"texture":"#texture"}}},{"__comment":"Voxels","from":[12.75,0.75,13.75],"to":[14.5,1,14],"faces":{"down":{"uv":[10.125,11.875,10.34375,11.90625],"texture":"#texture"},"north":{"uv":[10.34375,11.8125,10.125,11.84375],"texture":"#texture"},"west":{"uv":[10.28125,10.21875,10.3125,10.25],"texture":"#texture"},"east":{"uv":[10.34375,10.25,10.3125,10.28125],"texture":"#texture"}}},{"__comment":"Voxels","from":[12.75,0.75,15.25],"to":[14.5,1,15.5],"faces":{"down":{"uv":[14.6875,13.65625,14.90625,13.6875],"texture":"#texture"},"south":{"uv":[14.90625,13.625,15.125,13.65625],"texture":"#texture"},"west":{"uv":[10.28125,10.3125,10.3125,10.34375],"texture":"#texture"},"east":{"uv":[10.34375,9.5625,10.3125,9.59375],"texture":"#texture"}}},{"__comment":"Voxels","from":[13,0.5,0.5],"to":[14.25,0.75,0.75],"faces":{"down":{"uv":[10.125,9.6875,10.28125,9.71875],"texture":"#texture"},"north":{"uv":[16,14.78125,15.84375,14.8125],"texture":"#texture"},"west":{"uv":[10.28125,9.46875,10.3125,9.5],"texture":"#texture"},"east":{"uv":[10.34375,9.46875,10.3125,9.5],"texture":"#texture"}}},{"__comment":"Voxels","from":[13,0.5,2],"to":[14.25,0.75,2.25],"faces":{"down":{"uv":[9.8125,8.0625,9.96875,8.09375],"texture":"#texture"},"south":{"uv":[10.125,8.9375,10.28125,8.96875],"texture":"#texture"},"west":{"uv":[10.28125,9.40625,10.3125,9.4375],"texture":"#texture"},"east":{"uv":[10.34375,9.40625,10.3125,9.4375],"texture":"#texture"}}},{"__comment":"Voxels","from":[13,0.5,13.75],"to":[14.25,0.75,14],"faces":{"down":{"uv":[10.125,8.96875,10.28125,9],"texture":"#texture"},"north":{"uv":[10.28125,9.09375,10.125,9.125],"texture":"#texture"},"west":{"uv":[10.28125,9.375,10.3125,9.40625],"texture":"#texture"},"east":{"uv":[10.34375,9.375,10.3125,9.40625],"texture":"#texture"}}},{"__comment":"Voxels","from":[13,0.5,15.25],"to":[14.25,0.75,15.5],"faces":{"down":{"uv":[10.125,9.0625,10.28125,9.09375],"texture":"#texture"},"south":{"uv":[10.125,9.1875,10.28125,9.21875],"texture":"#texture"},"west":{"uv":[10.28125,9.3125,10.3125,9.34375],"texture":"#texture"},"east":{"uv":[10.34375,9.3125,10.3125,9.34375],"texture":"#texture"}}},{"__comment":"Voxels","from":[13,8,16.25],"to":[13.75,10,16.5],"faces":{"down":{"uv":[10.25,8.875,10.34375,8.90625],"texture":"#texture","cullface":"south"},"up":{"uv":[15.90625,14.125,16,14.09375],"texture":"#texture","cullface":"south"},"south":{"uv":[5.75,8,5.84375,8.25],"texture":"#texture","cullface":"south"},"west":{"uv":[10.03125,8.125,10.0625,8.375],"texture":"#texture","cullface":"south"},"east":{"uv":[10.03125,8.125,10,8.375],"texture":"#texture","cullface":"south"}}},{"__comment":"Voxels","from":[13,17.75,16.25],"to":[13.75,19.75,16.5],"faces":{"down":{"uv":[3.84375,8.21875,3.9375,8.25],"texture":"#texture"},"up":{"uv":[3.84375,8.53125,3.9375,8.5],"texture":"#texture"},"south":{"uv":[3.84375,8.53125,3.9375,8.78125],"texture":"#texture"},"west":{"uv":[9.96875,8.375,10,8.625],"texture":"#texture"},"east":{"uv":[10.03125,8.375,10,8.625],"texture":"#texture"}}},{"__comment":"Voxels","from":[13.25,0,0.75],"to":[14,0.25,2],"faces":{"down":{"uv":[9.8125,8.28125,9.90625,8.4375],"texture":"#texture","cullface":"down"},"north":{"uv":[10.34375,8.84375,10.25,8.875],"texture":"#texture"},"south":{"uv":[14.1875,14.5,14.28125,14.53125],"texture":"#texture"},"west":{"uv":[10.125,9.46875,10.28125,9.5],"texture":"#texture"},"east":{"uv":[10.28125,9.5,10.125,9.53125],"texture":"#texture"}}},{"__comment":"Voxels","from":[13.25,0,14],"to":[14,0.25,15.25],"faces":{"down":{"uv":[9.8125,8.59375,9.90625,8.75],"texture":"#texture","cullface":"down"},"north":{"uv":[14.28125,14.6875,14.1875,14.71875],"texture":"#texture"},"south":{"uv":[9.53125,9.625,9.625,9.65625],"texture":"#texture"},"west":{"uv":[10.125,9.53125,10.28125,9.5625],"texture":"#texture"},"east":{"uv":[10.28125,9.5625,10.125,9.59375],"texture":"#texture"}}},{"__comment":"Voxels","from":[13.25,6.5,15],"to":[16,21.25,15.25],"faces":{"north":{"uv":[8.5625,10.46875,8.21875,12.3125],"texture":"#texture","cullface":"up"},"west":{"uv":[9.5,10.46875,9.53125,12.3125],"texture":"#texture","cullface":"up"},"east":{"uv":[9.5625,10.46875,9.53125,12.3125],"texture":"#texture","cullface":"up"}}},{"__comment":"Voxels","from":[13.25,6.5,15.75],"to":[15.75,8,16],"faces":{"south":{"uv":[13.25,14.28125,13.5625,14.46875],"texture":"#texture","cullface":"south"},"west":{"uv":[10.09375,8.0625,10.125,8.25],"texture":"#texture"},"east":{"uv":[10.09375,8.0625,10.0625,8.25],"texture":"#texture"}}},{"__comment":"Voxels","from":[13.25,7.75,16],"to":[13.5,8,16.25],"faces":{"down":{"uv":[4.59375,8,4.625,8.03125],"texture":"#texture","cullface":"south"},"south":{"uv":[14.78125,13.8125,14.8125,13.84375],"texture":"#texture","cullface":"south"},"west":{"uv":[14.75,13.75,14.78125,13.78125],"texture":"#texture","cullface":"south"},"east":{"uv":[14.8125,13.75,14.78125,13.78125],"texture":"#texture","cullface":"south"}}},{"__comment":"Voxels","from":[13.25,10,15.75],"to":[15.75,17.75,16],"faces":{"south":{"uv":[13.5625,14.46875,13.875,15.4375],"texture":"#texture","cullface":"up"},"west":{"uv":[9.5625,11.34375,9.59375,12.3125],"texture":"#texture","cullface":"up"},"east":{"uv":[9.625,11.34375,9.59375,12.3125],"texture":"#texture","cullface":"up"}}},{"__comment":"Voxels","from":[13.25,10,16],"to":[13.5,10.25,16.25],"faces":{"up":{"uv":[15.03125,13.8125,15.0625,13.78125],"texture":"#texture","cullface":"south"},"south":{"uv":[15.03125,13.8125,15.0625,13.84375],"texture":"#texture","cullface":"south"},"west":{"uv":[14.78125,13.78125,14.8125,13.8125],"texture":"#texture","cullface":"south"},"east":{"uv":[14.78125,13.78125,14.75,13.8125],"texture":"#texture","cullface":"south"}}},{"__comment":"Voxels","from":[13.25,17.5,16],"to":[13.5,17.75,16.25],"faces":{"down":{"uv":[11.21875,13.75,11.25,13.78125],"texture":"#texture"},"south":{"uv":[10.3125,10.75,10.34375,10.78125],"texture":"#texture"},"west":{"uv":[10.3125,10.71875,10.34375,10.75],"texture":"#texture"},"east":{"uv":[10.34375,10.6875,10.3125,10.71875],"texture":"#texture"}}},{"__comment":"Voxels","from":[13.25,19.75,15.75],"to":[15.75,21.25,16],"faces":{"south":{"uv":[13.875,14.5,14.1875,14.6875],"texture":"#texture","cullface":"up"},"west":{"uv":[10.09375,8.25,10.125,8.4375],"texture":"#texture","cullface":"up"},"east":{"uv":[10.09375,8.25,10.0625,8.4375],"texture":"#texture","cullface":"up"}}},{"__comment":"Voxels","from":[13.25,19.75,16],"to":[13.5,20,16.25],"faces":{"up":{"uv":[10.3125,10.59375,10.34375,10.5625],"texture":"#texture"},"south":{"uv":[10.28125,10.5,10.3125,10.53125],"texture":"#texture"},"west":{"uv":[10.3125,10.5,10.34375,10.53125],"texture":"#texture"},"east":{"uv":[10.3125,10.46875,10.28125,10.5],"texture":"#texture"}}},{"__comment":"Voxels","from":[13.5,1.5,0.25],"to":[13.75,1.75,0.5],"faces":{"down":{"uv":[10.3125,10.46875,10.34375,10.5],"texture":"#texture"},"up":{"uv":[10.28125,10.46875,10.3125,10.4375],"texture":"#texture"},"north":{"uv":[10.34375,10.4375,10.3125,10.46875],"texture":"#texture"},"west":{"uv":[10.3125,10.40625,10.34375,10.4375],"texture":"#texture"},"east":{"uv":[10.3125,10.375,10.28125,10.40625],"texture":"#texture"}}},{"__comment":"Voxels","from":[13.5,1.5,2.25],"to":[13.75,1.75,2.5],"faces":{"down":{"uv":[10.3125,10.375,10.34375,10.40625],"texture":"#texture"},"up":{"uv":[10.28125,10.375,10.3125,10.34375],"texture":"#texture"},"south":{"uv":[15.3125,13.75,15.34375,13.78125],"texture":"#texture"},"west":{"uv":[15.34375,13.75,15.375,13.78125],"texture":"#texture"},"east":{"uv":[15.625,13.8125,15.59375,13.84375],"texture":"#texture"}}},{"__comment":"Voxels","from":[13.5,1.5,13.5],"to":[13.75,1.75,13.75],"faces":{"down":{"uv":[15.625,13.8125,15.65625,13.84375],"texture":"#texture"},"up":{"uv":[15.59375,13.8125,15.625,13.78125],"texture":"#texture"},"north":{"uv":[15.65625,13.78125,15.625,13.8125],"texture":"#texture"},"west":{"uv":[15.625,13.75,15.65625,13.78125],"texture":"#texture"},"east":{"uv":[12.28125,13.65625,12.25,13.6875],"texture":"#texture"}}},{"__comment":"Voxels","from":[13.5,1.5,15.5],"to":[13.75,1.75,15.75],"faces":{"down":{"uv":[12.28125,13.65625,12.3125,13.6875],"texture":"#texture"},"up":{"uv":[12.25,13.65625,12.28125,13.625],"texture":"#texture"},"south":{"uv":[14.65625,13.625,14.6875,13.65625],"texture":"#texture"},"west":{"uv":[15.71875,13.6875,15.75,13.71875],"texture":"#texture"},"east":{"uv":[15.75,13.65625,15.71875,13.6875],"texture":"#texture"}}},{"__comment":"Voxels","from":[14.5,6.5,1],"to":[16,21.25,15],"faces":{"west":{"uv":[7.875,14.15625,9.625,16],"texture":"#texture","cullface":"up"},"east":{"uv":[9.625,12.3125,7.875,14.15625],"texture":"#texture","cullface":"up"}}},{"__comment":"Cube124","from":[4.25,17,15.5938],"to":[11.75,19.75,15.8438],"faces":{"down":{"uv":[0,0,0.5,0.5],"texture":"#stars"},"up":{"uv":[0,0,0.5,0.5],"texture":"#stars"},"north":{"uv":[3.5,1.5,12.5,4.5],"texture":"#stars"},"south":{"uv":[12.5,1.5,3.5,4.5],"texture":"#stars"},"west":{"uv":[0,0,0.5,0.5],"texture":"#stars"},"east":{"uv":[0,0,0.5,0.5],"texture":"#stars"}}}],"gui_light":"front","display":{"thirdperson_righthand":{"rotation":[75,-48,0],"translation":[-2,1,-6],"scale":[0.5,0.5,0.5]},"thirdperson_lefthand":{"rotation":[75,-48,0],"translation":[-2,1,-6],"scale":[0.5,0.5,0.5]},"firstperson_righthand":{"rotation":[25,-75,0],"translation":[1,2.5,0],"scale":[0.25,0.25,0.25]},"firstperson_lefthand":{"rotation":[25,-75,0],"translation":[1,2.5,0],"scale":[0.25,0.25,0.25]},"gui":{"rotation":[30,45,0],"translation":[0,-1.5,0],"scale":[0.4,0.4,0.4]},"head":{"rotation":[0,180,0],"translation":[0,-30,0],"scale":[1.6,1.6,1.6]},"ground":{"translation":[0,12,0],"scale":[0.4,0.4,0.4]},"fixed":{"rotation":[0,180,0],"translation":[0,-2,0],"scale":[0.5,0.5,0.5]}}}