{"display":{"thirdperson_righthand":{"translation":[-0.5,-1,-0.25],"scale":[0.8,0.8,0.8]},"thirdperson_lefthand":{"translation":[-0.5,-1,-0.25],"scale":[0.8,0.8,0.8]},"firstperson_righthand":{"translation":[0,1.75,1],"scale":[0.8,0.8,0.8]},"firstperson_lefthand":{"translation":[0,1.75,1],"scale":[0.8,0.8,0.8]},"ground":{"translation":[0,1.25,2],"scale":[0.8,0.8,0.8]},"gui":{"rotation":[25,35,-6],"translation":[2,-1.25,0],"scale":[0.9,0.9,0.9]},"fixed":{"rotation":[90,-45,90],"translation":[-1.5,-2.5,0],"scale":[0.9,0.9,0.9]}},"texture_size":[64,64],"textures":{"0":"item/smg/lego_smg/default","1":"item/smg/lego_smg/lego_studs","particle":"item/smg/lego_smg/default"},"elements":[{"from":[7.615,6.31654,9.13043],"to":[8.377,8.83254,10.39643],"rotation":{"angle":-22.5,"axis":"x","origin":[8.124,7.32454,9.63843]},"faces":{"north":{"uv":[5.25,5.25,5.4375,5.9375],"texture":"#0"},"east":{"uv":[4,4,4.3125,4.6875],"texture":"#0"},"south":{"uv":[0,5.5,0.1875,6.1875],"texture":"#0"},"west":{"uv":[4.25,0,4.5625,0.6875],"texture":"#0"},"up":{"uv":[6.6875,2.5625,6.5,2.25],"texture":"#0"},"down":{"uv":[6.6875,2.75,6.5,3.0625],"texture":"#0"}}},{"from":[7.293,5.63409,3.30669],"to":[8.699,5.78809,3.46069],"rotation":{"angle":-22.5,"axis":"x","origin":[8.421,6.78609,3.45869]},"faces":{"north":{"uv":[6.5,7.5,6.875,7.5625],"texture":"#0"},"east":{"uv":[7,9,7.0625,9.0625],"texture":"#0"},"south":{"uv":[7.5,6.5,7.875,6.5625],"texture":"#0"},"west":{"uv":[9,7,9.0625,7.0625],"texture":"#0"},"up":{"uv":[7.875,6.8125,7.5,6.75],"texture":"#0"},"down":{"uv":[7.875,7,7.5,7.0625],"texture":"#0"}}},{"from":[7.293,5.63409,3.55669],"to":[8.699,5.78809,3.71069],"rotation":{"angle":-22.5,"axis":"x","origin":[8.421,6.78609,3.45869]},"faces":{"north":{"uv":[6.5,7.5,6.875,7.5625],"texture":"#0"},"east":{"uv":[7,9,7.0625,9.0625],"texture":"#0"},"south":{"uv":[7.5,6.5,7.875,6.5625],"texture":"#0"},"west":{"uv":[9,7,9.0625,7.0625],"texture":"#0"},"up":{"uv":[7.875,6.8125,7.5,6.75],"texture":"#0"},"down":{"uv":[7.875,7,7.5,7.0625],"texture":"#0"}}},{"from":[7.293,5.63409,3.80669],"to":[8.699,5.78809,3.96069],"rotation":{"angle":-22.5,"axis":"x","origin":[8.421,6.78609,3.45869]},"faces":{"north":{"uv":[6.5,7.5,6.875,7.5625],"texture":"#0"},"east":{"uv":[7,9,7.0625,9.0625],"texture":"#0"},"south":{"uv":[7.5,6.5,7.875,6.5625],"texture":"#0"},"west":{"uv":[9,7,9.0625,7.0625],"texture":"#0"},"up":{"uv":[7.875,6.8125,7.5,6.75],"texture":"#0"},"down":{"uv":[7.875,7,7.5,7.0625],"texture":"#0"}}},{"from":[7.293,5.88409,3.80669],"to":[8.699,6.03809,3.96069],"rotation":{"angle":-22.5,"axis":"x","origin":[8.421,6.78609,3.45869]},"faces":{"north":{"uv":[6.5,7.5,6.875,7.5625],"texture":"#0"},"east":{"uv":[7,9,7.0625,9.0625],"texture":"#0"},"south":{"uv":[7.5,6.5,7.875,6.5625],"texture":"#0"},"west":{"uv":[9,7,9.0625,7.0625],"texture":"#0"},"up":{"uv":[7.875,6.8125,7.5,6.75],"texture":"#0"},"down":{"uv":[7.875,7,7.5,7.0625],"texture":"#0"}}},{"from":[7.293,5.88409,3.55669],"to":[8.699,6.03809,3.71069],"rotation":{"angle":-22.5,"axis":"x","origin":[8.421,6.78609,3.45869]},"faces":{"north":{"uv":[6.5,7.5,6.875,7.5625],"texture":"#0"},"east":{"uv":[7,9,7.0625,9.0625],"texture":"#0"},"south":{"uv":[7.5,6.5,7.875,6.5625],"texture":"#0"},"west":{"uv":[9,7,9.0625,7.0625],"texture":"#0"},"up":{"uv":[7.875,6.8125,7.5,6.75],"texture":"#0"},"down":{"uv":[7.875,7,7.5,7.0625],"texture":"#0"}}},{"from":[7.293,6.38409,3.80669],"to":[8.699,6.53809,3.96069],"rotation":{"angle":-22.5,"axis":"x","origin":[8.421,6.78609,3.45869]},"faces":{"north":{"uv":[6.5,7.5,6.875,7.5625],"texture":"#0"},"east":{"uv":[7,9,7.0625,9.0625],"texture":"#0"},"south":{"uv":[7.5,6.5,7.875,6.5625],"texture":"#0"},"west":{"uv":[9,7,9.0625,7.0625],"texture":"#0"},"up":{"uv":[7.875,6.8125,7.5,6.75],"texture":"#0"},"down":{"uv":[7.875,7,7.5,7.0625],"texture":"#0"}}},{"from":[7.293,6.38409,3.55669],"to":[8.699,6.53809,3.71069],"rotation":{"angle":-22.5,"axis":"x","origin":[8.421,6.78609,3.45869]},"faces":{"north":{"uv":[6.5,7.5,6.875,7.5625],"texture":"#0"},"east":{"uv":[7,9,7.0625,9.0625],"texture":"#0"},"south":{"uv":[7.5,6.5,7.875,6.5625],"texture":"#0"},"west":{"uv":[9,7,9.0625,7.0625],"texture":"#0"},"up":{"uv":[7.875,6.8125,7.5,6.75],"texture":"#0"},"down":{"uv":[7.875,7,7.5,7.0625],"texture":"#0"}}},{"from":[7.293,6.13409,3.80669],"to":[8.699,6.28809,3.96069],"rotation":{"angle":-22.5,"axis":"x","origin":[8.421,6.78609,3.45869]},"faces":{"north":{"uv":[6.5,7.5,6.875,7.5625],"texture":"#0"},"east":{"uv":[7,9,7.0625,9.0625],"texture":"#0"},"south":{"uv":[7.5,6.5,7.875,6.5625],"texture":"#0"},"west":{"uv":[9,7,9.0625,7.0625],"texture":"#0"},"up":{"uv":[7.875,6.8125,7.5,6.75],"texture":"#0"},"down":{"uv":[7.875,7,7.5,7.0625],"texture":"#0"}}},{"from":[7.293,6.13409,3.55669],"to":[8.699,6.28809,3.71069],"rotation":{"angle":-22.5,"axis":"x","origin":[8.421,6.78609,3.45869]},"faces":{"north":{"uv":[6.5,7.5,6.875,7.5625],"texture":"#0"},"east":{"uv":[7,9,7.0625,9.0625],"texture":"#0"},"south":{"uv":[7.5,6.5,7.875,6.5625],"texture":"#0"},"west":{"uv":[9,7,9.0625,7.0625],"texture":"#0"},"up":{"uv":[7.875,6.8125,7.5,6.75],"texture":"#0"},"down":{"uv":[7.875,7,7.5,7.0625],"texture":"#0"}}},{"from":[7.293,6.88409,3.80669],"to":[8.699,7.03809,3.96069],"rotation":{"angle":-22.5,"axis":"x","origin":[8.421,6.78609,3.45869]},"faces":{"north":{"uv":[6.5,7.5,6.875,7.5625],"texture":"#0"},"east":{"uv":[7,9,7.0625,9.0625],"texture":"#0"},"south":{"uv":[7.5,6.5,7.875,6.5625],"texture":"#0"},"west":{"uv":[9,7,9.0625,7.0625],"texture":"#0"},"up":{"uv":[7.875,6.8125,7.5,6.75],"texture":"#0"},"down":{"uv":[7.875,7,7.5,7.0625],"texture":"#0"}}},{"from":[7.293,6.88409,3.55669],"to":[8.699,7.03809,3.71069],"rotation":{"angle":-22.5,"axis":"x","origin":[8.421,6.78609,3.45869]},"faces":{"north":{"uv":[6.5,7.5,6.875,7.5625],"texture":"#0"},"east":{"uv":[7,9,7.0625,9.0625],"texture":"#0"},"south":{"uv":[7.5,6.5,7.875,6.5625],"texture":"#0"},"west":{"uv":[9,7,9.0625,7.0625],"texture":"#0"},"up":{"uv":[7.875,6.8125,7.5,6.75],"texture":"#0"},"down":{"uv":[7.875,7,7.5,7.0625],"texture":"#0"}}},{"from":[7.293,6.63409,3.80669],"to":[8.699,6.78809,3.96069],"rotation":{"angle":-22.5,"axis":"x","origin":[8.421,6.78609,3.45869]},"faces":{"north":{"uv":[6.5,7.5,6.875,7.5625],"texture":"#0"},"east":{"uv":[7,9,7.0625,9.0625],"texture":"#0"},"south":{"uv":[7.5,6.5,7.875,6.5625],"texture":"#0"},"west":{"uv":[9,7,9.0625,7.0625],"texture":"#0"},"up":{"uv":[7.875,6.8125,7.5,6.75],"texture":"#0"},"down":{"uv":[7.875,7,7.5,7.0625],"texture":"#0"}}},{"from":[7.293,6.63409,3.55669],"to":[8.699,6.78809,3.71069],"rotation":{"angle":-22.5,"axis":"x","origin":[8.421,6.78609,3.45869]},"faces":{"north":{"uv":[6.5,7.5,6.875,7.5625],"texture":"#0"},"east":{"uv":[7,9,7.0625,9.0625],"texture":"#0"},"south":{"uv":[7.5,6.5,7.875,6.5625],"texture":"#0"},"west":{"uv":[9,7,9.0625,7.0625],"texture":"#0"},"up":{"uv":[7.875,6.8125,7.5,6.75],"texture":"#0"},"down":{"uv":[7.875,7,7.5,7.0625],"texture":"#0"}}},{"from":[7.293,7.38409,3.80669],"to":[8.699,7.53809,3.96069],"rotation":{"angle":-22.5,"axis":"x","origin":[8.421,6.78609,3.45869]},"faces":{"north":{"uv":[6.5,7.5,6.875,7.5625],"texture":"#0"},"east":{"uv":[7,9,7.0625,9.0625],"texture":"#0"},"south":{"uv":[7.5,6.5,7.875,6.5625],"texture":"#0"},"west":{"uv":[9,7,9.0625,7.0625],"texture":"#0"},"up":{"uv":[7.875,6.8125,7.5,6.75],"texture":"#0"},"down":{"uv":[7.875,7,7.5,7.0625],"texture":"#0"}}},{"from":[7.293,7.38409,3.55669],"to":[8.699,7.53809,3.71069],"rotation":{"angle":-22.5,"axis":"x","origin":[8.421,6.78609,3.45869]},"faces":{"north":{"uv":[6.5,7.5,6.875,7.5625],"texture":"#0"},"east":{"uv":[7,9,7.0625,9.0625],"texture":"#0"},"south":{"uv":[7.5,6.5,7.875,6.5625],"texture":"#0"},"west":{"uv":[9,7,9.0625,7.0625],"texture":"#0"},"up":{"uv":[7.875,6.8125,7.5,6.75],"texture":"#0"},"down":{"uv":[7.875,7,7.5,7.0625],"texture":"#0"}}},{"from":[7.293,7.13409,3.80669],"to":[8.699,7.28809,3.96069],"rotation":{"angle":-22.5,"axis":"x","origin":[8.421,6.78609,3.45869]},"faces":{"north":{"uv":[6.5,7.5,6.875,7.5625],"texture":"#0"},"east":{"uv":[7,9,7.0625,9.0625],"texture":"#0"},"south":{"uv":[7.5,6.5,7.875,6.5625],"texture":"#0"},"west":{"uv":[9,7,9.0625,7.0625],"texture":"#0"},"up":{"uv":[7.875,6.8125,7.5,6.75],"texture":"#0"},"down":{"uv":[7.875,7,7.5,7.0625],"texture":"#0"}}},{"from":[7.293,7.13409,3.55669],"to":[8.699,7.28809,3.71069],"rotation":{"angle":-22.5,"axis":"x","origin":[8.421,6.78609,3.45869]},"faces":{"north":{"uv":[6.5,7.5,6.875,7.5625],"texture":"#0"},"east":{"uv":[7,9,7.0625,9.0625],"texture":"#0"},"south":{"uv":[7.5,6.5,7.875,6.5625],"texture":"#0"},"west":{"uv":[9,7,9.0625,7.0625],"texture":"#0"},"up":{"uv":[7.875,6.8125,7.5,6.75],"texture":"#0"},"down":{"uv":[7.875,7,7.5,7.0625],"texture":"#0"}}},{"from":[7.293,7.88409,3.80669],"to":[8.699,8.03809,3.96069],"rotation":{"angle":-22.5,"axis":"x","origin":[8.421,6.78609,3.45869]},"faces":{"north":{"uv":[6.5,7.5,6.875,7.5625],"texture":"#0"},"east":{"uv":[7,9,7.0625,9.0625],"texture":"#0"},"south":{"uv":[7.5,6.5,7.875,6.5625],"texture":"#0"},"west":{"uv":[9,7,9.0625,7.0625],"texture":"#0"},"up":{"uv":[7.875,6.8125,7.5,6.75],"texture":"#0"},"down":{"uv":[7.875,7,7.5,7.0625],"texture":"#0"}}},{"from":[7.293,7.88409,4.05669],"to":[8.699,8.03809,4.21069],"rotation":{"angle":-22.5,"axis":"x","origin":[8.421,6.78609,3.45869]},"faces":{"north":{"uv":[6.5,7.5,6.875,7.5625],"texture":"#0"},"east":{"uv":[7,9,7.0625,9.0625],"texture":"#0"},"south":{"uv":[7.5,6.5,7.875,6.5625],"texture":"#0"},"west":{"uv":[9,7,9.0625,7.0625],"texture":"#0"},"up":{"uv":[7.875,6.8125,7.5,6.75],"texture":"#0"},"down":{"uv":[7.875,7,7.5,7.0625],"texture":"#0"}}},{"from":[7.293,7.88409,3.30669],"to":[8.699,8.03809,3.46069],"rotation":{"angle":-22.5,"axis":"x","origin":[8.421,6.78609,3.45869]},"faces":{"north":{"uv":[6.5,7.5,6.875,7.5625],"texture":"#0"},"east":{"uv":[7,9,7.0625,9.0625],"texture":"#0"},"south":{"uv":[7.5,6.5,7.875,6.5625],"texture":"#0"},"west":{"uv":[9,7,9.0625,7.0625],"texture":"#0"},"up":{"uv":[7.875,6.8125,7.5,6.75],"texture":"#0"},"down":{"uv":[7.875,7,7.5,7.0625],"texture":"#0"}}},{"from":[7.293,7.88409,3.55669],"to":[8.699,8.03809,3.71069],"rotation":{"angle":-22.5,"axis":"x","origin":[8.421,6.78609,3.45869]},"faces":{"north":{"uv":[6.5,7.5,6.875,7.5625],"texture":"#0"},"east":{"uv":[7,9,7.0625,9.0625],"texture":"#0"},"south":{"uv":[7.5,6.5,7.875,6.5625],"texture":"#0"},"west":{"uv":[9,7,9.0625,7.0625],"texture":"#0"},"up":{"uv":[7.875,6.8125,7.5,6.75],"texture":"#0"},"down":{"uv":[7.875,7,7.5,7.0625],"texture":"#0"}}},{"from":[7.293,7.63409,3.80669],"to":[8.699,7.78809,3.96069],"rotation":{"angle":-22.5,"axis":"x","origin":[8.421,6.78609,3.45869]},"faces":{"north":{"uv":[6.5,7.5,6.875,7.5625],"texture":"#0"},"east":{"uv":[7,9,7.0625,9.0625],"texture":"#0"},"south":{"uv":[7.5,6.5,7.875,6.5625],"texture":"#0"},"west":{"uv":[9,7,9.0625,7.0625],"texture":"#0"},"up":{"uv":[7.875,6.8125,7.5,6.75],"texture":"#0"},"down":{"uv":[7.875,7,7.5,7.0625],"texture":"#0"}}},{"from":[7.293,7.63409,3.55669],"to":[8.699,7.78809,3.71069],"rotation":{"angle":-22.5,"axis":"x","origin":[8.421,6.78609,3.45869]},"faces":{"north":{"uv":[6.5,7.5,6.875,7.5625],"texture":"#0"},"east":{"uv":[7,9,7.0625,9.0625],"texture":"#0"},"south":{"uv":[7.5,6.5,7.875,6.5625],"texture":"#0"},"west":{"uv":[9,7,9.0625,7.0625],"texture":"#0"},"up":{"uv":[7.875,6.8125,7.5,6.75],"texture":"#0"},"down":{"uv":[7.875,7,7.5,7.0625],"texture":"#0"}}},{"from":[7.293,5.63409,4.05669],"to":[8.699,5.78809,4.21069],"rotation":{"angle":-22.5,"axis":"x","origin":[8.421,6.78609,3.45869]},"faces":{"north":{"uv":[6.5,7.5,6.875,7.5625],"texture":"#0"},"east":{"uv":[7,9,7.0625,9.0625],"texture":"#0"},"south":{"uv":[7.5,6.5,7.875,6.5625],"texture":"#0"},"west":{"uv":[9,7,9.0625,7.0625],"texture":"#0"},"up":{"uv":[7.875,6.8125,7.5,6.75],"texture":"#0"},"down":{"uv":[7.875,7,7.5,7.0625],"texture":"#0"}}},{"from":[7.498,5.95984,7.81179],"to":[8.5,6.20984,10.31179],"rotation":{"angle":-22.5,"axis":"x","origin":[7.999,7.45984,9.31179]},"faces":{"north":{"uv":[8.5,7.75,8.75,7.8125],"texture":"#0"},"east":{"uv":[6.75,6,7.375,6.0625],"texture":"#0"},"south":{"uv":[8,8.5,8.25,8.5625],"texture":"#0"},"west":{"uv":[6.75,6.25,7.375,6.3125],"texture":"#0"},"up":{"uv":[5.25,1.125,5,0.5],"texture":"#0"},"down":{"uv":[5.25,1.25,5,1.875],"texture":"#0"}}},{"from":[7.376,5.57916,3.13991],"to":[8.624,8.07516,4.13591],"rotation":{"angle":-22.5,"axis":"x","origin":[8,7.07716,3.38791]},"faces":{"north":{"uv":[0.5,4.5,0.8125,5.125],"texture":"#0"},"east":{"uv":[5,2,5.25,2.625],"texture":"#0"},"south":{"uv":[4.5,0.75,4.8125,1.375],"texture":"#0"},"west":{"uv":[5,2.75,5.25,3.375],"texture":"#0"},"up":{"uv":[5.3125,6.25,5,6],"texture":"#0"},"down":{"uv":[6.3125,5.25,6,5.5],"texture":"#0"}}},{"from":[7.501,5.57516,2.88991],"to":[8.499,8.57516,4.13591],"rotation":{"angle":-22.5,"axis":"x","origin":[8,7.07716,3.38791]},"faces":{"north":{"uv":[1.5,4.5,1.75,5.25],"texture":"#0"},"east":{"uv":[3,2,3.3125,2.75],"texture":"#0"},"south":{"uv":[1.75,4.5,2,5.25],"texture":"#0"},"west":{"uv":[3.5,3,3.8125,3.75],"texture":"#0"},"up":{"uv":[6.25,5.8125,6,5.5],"texture":"#0"},"down":{"uv":[6.25,6,6,6.3125],"texture":"#0"}}},{"from":[7.251,5.83116,3.14191],"to":[8.747,7.82316,3.38391],"rotation":{"angle":-22.5,"axis":"x","origin":[8.075,7.07716,3.38791]},"faces":{"north":{"uv":[4.25,3.5,4.625,4],"texture":"#0"},"east":{"uv":[7.25,6.5,7.3125,7],"texture":"#0"},"south":{"uv":[4.5,1.5,4.875,2],"texture":"#0"},"west":{"uv":[7,7.25,7.0625,7.75],"texture":"#0"},"up":{"uv":[7.625,7.5625,7.25,7.5],"texture":"#0"},"down":{"uv":[7.875,7.25,7.5,7.3125],"texture":"#0"}}},{"from":[7.251,5.83116,3.89191],"to":[8.747,7.82316,4.13391],"rotation":{"angle":-22.5,"axis":"x","origin":[8.075,7.07716,3.38791]},"faces":{"north":{"uv":[4.5,4,4.875,4.5],"texture":"#0"},"east":{"uv":[7.25,7,7.3125,7.5],"texture":"#0"},"south":{"uv":[4.5,4.5,4.875,5],"texture":"#0"},"west":{"uv":[1.25,7.5,1.3125,8],"texture":"#0"},"up":{"uv":[8.125,0.0625,7.75,0],"texture":"#0"},"down":{"uv":[8.125,0.25,7.75,0.3125],"texture":"#0"}}},{"from":[7.501,5.00416,6.13991],"to":[8.499,8.75016,7.38591],"rotation":{"angle":-22.5,"axis":"x","origin":[8,7.07716,6.63791]},"faces":{"north":{"uv":[3.5,3.75,3.75,4.6875],"texture":"#0"},"east":{"uv":[3,3.25,3.3125,4.1875],"texture":"#0"},"south":{"uv":[3.75,3.75,4,4.6875],"texture":"#0"},"west":{"uv":[3.5,2,3.8125,2.9375],"texture":"#0"},"up":{"uv":[0.25,6.5625,0,6.25],"texture":"#0"},"down":{"uv":[0.5,6.25,0.25,6.5625],"texture":"#0"}}},{"from":[7.625,8,8.5],"to":[8.375,9.25,9.75],"rotation":{"angle":0,"axis":"y","origin":[7,8.5,8]},"faces":{"north":{"uv":[6.5,3.75,6.6875,4.0625],"texture":"#0"},"east":{"uv":[5.5,4.5,5.8125,4.8125],"texture":"#0"},"south":{"uv":[4,6.5,4.1875,6.8125],"texture":"#0"},"west":{"uv":[5.75,2.25,6.0625,2.5625],"texture":"#0"},"up":{"uv":[4.4375,6.8125,4.25,6.5],"texture":"#0"},"down":{"uv":[6.6875,4.25,6.5,4.5625],"texture":"#0"}}},{"from":[7.5,9,8.875],"to":[8.5,9.25,9.5],"rotation":{"angle":0,"axis":"y","origin":[7,8.5,8.225]},"faces":{"north":{"uv":[8.25,8.5,8.5,8.5625],"texture":"#0"},"east":{"uv":[8.75,4.25,8.9375,4.3125],"texture":"#0"},"south":{"uv":[8.5,8.25,8.75,8.3125],"texture":"#0"},"west":{"uv":[4.5,8.75,4.6875,8.8125],"texture":"#0"},"up":{"uv":[0.5,6.9375,0.25,6.75],"texture":"#0"},"down":{"uv":[1.25,6.75,1,6.9375],"texture":"#0"}}},{"from":[7.5,8.92704,8.81506],"to":[8.5,9.17704,9.46506],"rotation":{"angle":-22.5,"axis":"x","origin":[8,9.05204,9.30256]},"faces":{"north":{"uv":[8.5,8.5,8.75,8.5625],"texture":"#0"},"east":{"uv":[4.75,8.75,4.9375,8.8125],"texture":"#0"},"south":{"uv":[0,8.75,0.25,8.8125],"texture":"#0"},"west":{"uv":[5,8.75,5.1875,8.8125],"texture":"#0"},"up":{"uv":[1.5,6.9375,1.25,6.75],"texture":"#0"},"down":{"uv":[2.25,6.75,2,6.9375],"texture":"#0"}}},{"from":[7.5,8.75,8.75],"to":[8.5,9.25,8.875],"rotation":{"angle":0,"axis":"y","origin":[7,8.5,8.35]},"faces":{"north":{"uv":[7.25,4.5,7.5,4.625],"texture":"#0"},"east":{"uv":[3,9,3.0625,9.125],"texture":"#0"},"south":{"uv":[7.25,5.5,7.5,5.625],"texture":"#0"},"west":{"uv":[9,3,9.0625,3.125],"texture":"#0"},"up":{"uv":[9,0.0625,8.75,0],"texture":"#0"},"down":{"uv":[0.5,8.75,0.25,8.8125],"texture":"#0"}}},{"from":[7.425,9.05,8.8],"to":[8.575,9.2,8.95],"rotation":{"angle":0,"axis":"y","origin":[7,8.5,8.35]},"faces":{"north":{"uv":[3.75,8,4.0625,8.0625],"texture":"#0"},"east":{"uv":[8.25,9,8.3125,9.0625],"texture":"#0"},"south":{"uv":[4.25,8,4.5625,8.0625],"texture":"#0"},"west":{"uv":[9,8.25,9.0625,8.3125],"texture":"#0"},"up":{"uv":[8.3125,4.5625,8,4.5],"texture":"#0"},"down":{"uv":[5.0625,8,4.75,8.0625],"texture":"#0"}}},{"from":[7.425,9.05,9.05],"to":[8.575,9.2,9.2],"rotation":{"angle":0,"axis":"y","origin":[7,8.5,8.6]},"faces":{"north":{"uv":[8,4.75,8.3125,4.8125],"texture":"#0"},"east":{"uv":[8.5,9,8.5625,9.0625],"texture":"#0"},"south":{"uv":[5.25,8,5.5625,8.0625],"texture":"#0"},"west":{"uv":[9,8.5,9.0625,8.5625],"texture":"#0"},"up":{"uv":[6.0625,8.0625,5.75,8],"texture":"#0"},"down":{"uv":[8.3125,6,8,6.0625],"texture":"#0"}}},{"from":[7.425,9.05,9.3],"to":[8.575,9.2,9.45],"rotation":{"angle":0,"axis":"y","origin":[7,8.5,8.85]},"faces":{"north":{"uv":[6.25,8,6.5625,8.0625],"texture":"#0"},"east":{"uv":[8.75,9,8.8125,9.0625],"texture":"#0"},"south":{"uv":[8,6.25,8.3125,6.3125],"texture":"#0"},"west":{"uv":[9,8.75,9.0625,8.8125],"texture":"#0"},"up":{"uv":[8.3125,6.5625,8,6.5],"texture":"#0"},"down":{"uv":[7.0625,8,6.75,8.0625],"texture":"#0"}}},{"from":[7.5,8.75,8.875],"to":[8.5,9,8.9],"rotation":{"angle":0,"axis":"y","origin":[7,8.5,8.225]},"faces":{"north":{"uv":[8.75,0.25,9,0.3125],"texture":"#0"},"east":{"uv":[9,9,9.0625,9.0625],"texture":"#0"},"south":{"uv":[0.5,8.75,0.75,8.8125],"texture":"#0"},"west":{"uv":[0,9.25,0.0625,9.3125],"texture":"#0"},"up":{"uv":[9,0.5625,8.75,0.5],"texture":"#0"},"down":{"uv":[1,8.75,0.75,8.8125],"texture":"#0"}}},{"from":[7.5,8.25,-0.25],"to":[8.5,9.5,6.75],"rotation":{"angle":0,"axis":"y","origin":[7,8.5,6.5]},"faces":{"north":{"uv":[1.25,6.25,1.5,6.5625],"texture":"#0"},"east":{"uv":[2.5,0,4.25,0.3125],"texture":"#0"},"south":{"uv":[2,6.25,2.25,6.5625],"texture":"#0"},"west":{"uv":[2.5,0.5,4.25,0.8125],"texture":"#0"},"up":{"uv":[1.75,4.5,1.5,2.75],"texture":"#0"},"down":{"uv":[2,2.75,1.75,4.5],"texture":"#0"}}},{"from":[7.375,9,0.25],"to":[8.625,9.5,2.25],"rotation":{"angle":0,"axis":"y","origin":[7,8.5,6.5]},"faces":{"north":{"uv":[0,7,0.3125,7.125],"texture":"#0"},"east":{"uv":[5.25,6.25,5.75,6.375],"texture":"#0"},"south":{"uv":[1,7,1.3125,7.125],"texture":"#0"},"west":{"uv":[6.25,5.5,6.75,5.625],"texture":"#0"},"up":{"uv":[5.3125,4,5,3.5],"texture":"#0"},"down":{"uv":[5.3125,4,5,4.5],"texture":"#0"}}},{"from":[7.125,9.125,0.5],"to":[8.875,9.375,2],"rotation":{"angle":0,"axis":"y","origin":[7,8.5,6.5]},"faces":{"north":{"uv":[7.5,6,7.9375,6.0625],"texture":"#0"},"east":{"uv":[0.5,7.75,0.875,7.8125],"texture":"#0"},"south":{"uv":[7.5,6.25,7.9375,6.3125],"texture":"#0"},"west":{"uv":[7.75,0.5,8.125,0.5625],"texture":"#0"},"up":{"uv":[3.9375,5.125,3.5,4.75],"texture":"#0"},"down":{"uv":[4.4375,4.75,4,5.125],"texture":"#0"}}},{"from":[7.377,8.252,0.002],"to":[8.623,8.748,0.498],"rotation":{"angle":0,"axis":"y","origin":[7,7.75,6.25]},"faces":{"north":{"uv":[2,7,2.3125,7.125],"texture":"#0"},"east":{"uv":[8.75,0.75,8.875,0.875],"texture":"#0"},"south":{"uv":[7,2.75,7.3125,2.875],"texture":"#0"},"west":{"uv":[1,8.75,1.125,8.875],"texture":"#0"},"up":{"uv":[7.3125,3.125,7,3],"texture":"#0"},"down":{"uv":[7.3125,3.25,7,3.375],"texture":"#0"}}},{"from":[7.375,9.25,2.25],"to":[8.625,9.5,4.25],"rotation":{"angle":0,"axis":"y","origin":[7,8.5,8.5]},"faces":{"north":{"uv":[8,6.75,8.3125,6.8125],"texture":"#0"},"east":{"uv":[2,7.5,2.5,7.5625],"texture":"#0"},"south":{"uv":[8,7,8.3125,7.0625],"texture":"#0"},"west":{"uv":[7.5,2.25,8,2.3125],"texture":"#0"},"up":{"uv":[4.8125,5.5,4.5,5],"texture":"#0"},"down":{"uv":[5.3125,4.5,5,5],"texture":"#0"}}},{"from":[7.375,9.05,2.3],"to":[8.625,9.2,2.45],"rotation":{"angle":0,"axis":"y","origin":[7,8.5,8.5]},"faces":{"north":{"uv":[7.25,8,7.5625,8.0625],"texture":"#0"},"east":{"uv":[9.25,0,9.3125,0.0625],"texture":"#0"},"south":{"uv":[8,7.25,8.3125,7.3125],"texture":"#0"},"west":{"uv":[0.25,9.25,0.3125,9.3125],"texture":"#0"},"up":{"uv":[8.0625,8.0625,7.75,8],"texture":"#0"},"down":{"uv":[8.3125,7.75,8,7.8125],"texture":"#0"}}},{"from":[7.3,9.175,2.05],"to":[8.7,9.325,2.2],"rotation":{"angle":0,"axis":"y","origin":[7,8.625,8.25]},"faces":{"north":{"uv":[7.75,0.75,8.125,0.8125],"texture":"#0"},"east":{"uv":[9.25,0.25,9.3125,0.3125],"texture":"#0"},"south":{"uv":[7.75,1,8.125,1.0625],"texture":"#0"},"west":{"uv":[0.5,9.25,0.5625,9.3125],"texture":"#0"},"up":{"uv":[8.125,1.3125,7.75,1.25],"texture":"#0"},"down":{"uv":[1.875,7.75,1.5,7.8125],"texture":"#0"}}},{"from":[7.3,9.175,0.3],"to":[8.7,9.325,0.45],"rotation":{"angle":0,"axis":"y","origin":[7,8.625,6.5]},"faces":{"north":{"uv":[7.75,1.5,8.125,1.5625],"texture":"#0"},"east":{"uv":[9.25,0.5,9.3125,0.5625],"texture":"#0"},"south":{"uv":[7.75,1.75,8.125,1.8125],"texture":"#0"},"west":{"uv":[0.75,9.25,0.8125,9.3125],"texture":"#0"},"up":{"uv":[2.375,7.8125,2,7.75],"texture":"#0"},"down":{"uv":[8.125,2,7.75,2.0625],"texture":"#0"}}},{"from":[7.375,9.05,2.55],"to":[8.625,9.2,2.7],"rotation":{"angle":0,"axis":"y","origin":[7,8.5,8.75]},"faces":{"north":{"uv":[0,8.25,0.3125,8.3125],"texture":"#0"},"east":{"uv":[9.25,0.75,9.3125,0.8125],"texture":"#0"},"south":{"uv":[8.25,0,8.5625,0.0625],"texture":"#0"},"west":{"uv":[1,9.25,1.0625,9.3125],"texture":"#0"},"up":{"uv":[8.5625,0.3125,8.25,0.25],"texture":"#0"},"down":{"uv":[0.8125,8.25,0.5,8.3125],"texture":"#0"}}},{"from":[7.375,9.05,3.05],"to":[8.625,9.2,3.2],"rotation":{"angle":0,"axis":"y","origin":[7,8.5,9.25]},"faces":{"north":{"uv":[8.25,0.5,8.5625,0.5625],"texture":"#0"},"east":{"uv":[9.25,1,9.3125,1.0625],"texture":"#0"},"south":{"uv":[8.25,0.75,8.5625,0.8125],"texture":"#0"},"west":{"uv":[1.25,9.25,1.3125,9.3125],"texture":"#0"},"up":{"uv":[1.3125,8.3125,1,8.25],"texture":"#0"},"down":{"uv":[8.5625,1,8.25,1.0625],"texture":"#0"}}},{"from":[7.375,9.05,2.8],"to":[8.625,9.2,2.95],"rotation":{"angle":0,"axis":"y","origin":[7,8.5,9]},"faces":{"north":{"uv":[8.25,1.25,8.5625,1.3125],"texture":"#0"},"east":{"uv":[9.25,1.25,9.3125,1.3125],"texture":"#0"},"south":{"uv":[1.5,8.25,1.8125,8.3125],"texture":"#0"},"west":{"uv":[1.5,9.25,1.5625,9.3125],"texture":"#0"},"up":{"uv":[8.5625,1.5625,8.25,1.5],"texture":"#0"},"down":{"uv":[8.5625,1.75,8.25,1.8125],"texture":"#0"}}},{"from":[7.375,9.05,3.55],"to":[8.625,9.2,3.7],"rotation":{"angle":0,"axis":"y","origin":[7,8.5,9.75]},"faces":{"north":{"uv":[2,8.25,2.3125,8.3125],"texture":"#0"},"east":{"uv":[9.25,1.5,9.3125,1.5625],"texture":"#0"},"south":{"uv":[8.25,2,8.5625,2.0625],"texture":"#0"},"west":{"uv":[1.75,9.25,1.8125,9.3125],"texture":"#0"},"up":{"uv":[8.5625,2.3125,8.25,2.25],"texture":"#0"},"down":{"uv":[2.8125,8.25,2.5,8.3125],"texture":"#0"}}},{"from":[7.375,9.05,3.3],"to":[8.625,9.2,3.45],"rotation":{"angle":0,"axis":"y","origin":[7,8.5,9.5]},"faces":{"north":{"uv":[8.25,2.5,8.5625,2.5625],"texture":"#0"},"east":{"uv":[9.25,1.75,9.3125,1.8125],"texture":"#0"},"south":{"uv":[8.25,2.75,8.5625,2.8125],"texture":"#0"},"west":{"uv":[2,9.25,2.0625,9.3125],"texture":"#0"},"up":{"uv":[3.3125,8.3125,3,8.25],"texture":"#0"},"down":{"uv":[8.5625,3,8.25,3.0625],"texture":"#0"}}},{"from":[7.375,9.05,4.05],"to":[8.625,9.2,4.2],"rotation":{"angle":0,"axis":"y","origin":[7,8.5,10.25]},"faces":{"north":{"uv":[8.25,3.25,8.5625,3.3125],"texture":"#0"},"east":{"uv":[9.25,2,9.3125,2.0625],"texture":"#0"},"south":{"uv":[3.5,8.25,3.8125,8.3125],"texture":"#0"},"west":{"uv":[2.25,9.25,2.3125,9.3125],"texture":"#0"},"up":{"uv":[8.5625,3.5625,8.25,3.5],"texture":"#0"},"down":{"uv":[8.5625,3.75,8.25,3.8125],"texture":"#0"}}},{"from":[7.375,9.05,3.8],"to":[8.625,9.2,3.95],"rotation":{"angle":0,"axis":"y","origin":[7,8.5,10]},"faces":{"north":{"uv":[4,8.25,4.3125,8.3125],"texture":"#0"},"east":{"uv":[9.25,2.25,9.3125,2.3125],"texture":"#0"},"south":{"uv":[8.25,4,8.5625,4.0625],"texture":"#0"},"west":{"uv":[2.5,9.25,2.5625,9.3125],"texture":"#0"},"up":{"uv":[8.5625,4.3125,8.25,4.25],"texture":"#0"},"down":{"uv":[4.8125,8.25,4.5,8.3125],"texture":"#0"}}},{"from":[7.375,9.05,4.55],"to":[8.625,9.2,4.7],"rotation":{"angle":0,"axis":"y","origin":[7,8.5,10.75]},"faces":{"north":{"uv":[5,8.25,5.3125,8.3125],"texture":"#0"},"east":{"uv":[9.25,2.5,9.3125,2.5625],"texture":"#0"},"south":{"uv":[8.25,5,8.5625,5.0625],"texture":"#0"},"west":{"uv":[2.75,9.25,2.8125,9.3125],"texture":"#0"},"up":{"uv":[8.5625,5.3125,8.25,5.25],"texture":"#0"},"down":{"uv":[5.8125,8.25,5.5,8.3125],"texture":"#0"}}},{"from":[7.375,9.05,4.3],"to":[8.625,9.2,4.45],"rotation":{"angle":0,"axis":"y","origin":[7,8.5,10.5]},"faces":{"north":{"uv":[8.25,5.5,8.5625,5.5625],"texture":"#0"},"east":{"uv":[9.25,2.75,9.3125,2.8125],"texture":"#0"},"south":{"uv":[8.25,5.75,8.5625,5.8125],"texture":"#0"},"west":{"uv":[3,9.25,3.0625,9.3125],"texture":"#0"},"up":{"uv":[6.3125,8.3125,6,8.25],"texture":"#0"},"down":{"uv":[6.8125,8.25,6.5,8.3125],"texture":"#0"}}},{"from":[7.375,9.3,4.55],"to":[8.625,9.45,4.7],"rotation":{"angle":0,"axis":"y","origin":[7,8.75,10.75]},"faces":{"north":{"uv":[7,8.25,7.3125,8.3125],"texture":"#0"},"east":{"uv":[9.25,3,9.3125,3.0625],"texture":"#0"},"south":{"uv":[7.5,8.25,7.8125,8.3125],"texture":"#0"},"west":{"uv":[3.25,9.25,3.3125,9.3125],"texture":"#0"},"up":{"uv":[8.5625,7.5625,8.25,7.5],"texture":"#0"},"down":{"uv":[8.3125,8.25,8,8.3125],"texture":"#0"}}},{"from":[7.375,9.3,4.3],"to":[8.625,9.45,4.45],"rotation":{"angle":0,"axis":"y","origin":[7,8.75,10.5]},"faces":{"north":{"uv":[8.25,8,8.5625,8.0625],"texture":"#0"},"east":{"uv":[9.25,3.25,9.3125,3.3125],"texture":"#0"},"south":{"uv":[0,8.5,0.3125,8.5625],"texture":"#0"},"west":{"uv":[3.5,9.25,3.5625,9.3125],"texture":"#0"},"up":{"uv":[0.8125,8.5625,0.5,8.5],"texture":"#0"},"down":{"uv":[1.3125,8.5,1,8.5625],"texture":"#0"}}},{"from":[7.3,8.3,3.05],"to":[8.7,8.45,3.2],"rotation":{"angle":0,"axis":"y","origin":[7,7.75,9.25]},"faces":{"north":{"uv":[2.5,7.75,2.875,7.8125],"texture":"#0"},"east":{"uv":[9.25,3.5,9.3125,3.5625],"texture":"#0"},"south":{"uv":[7.75,2.5,8.125,2.5625],"texture":"#0"},"west":{"uv":[3.75,9.25,3.8125,9.3125],"texture":"#0"},"up":{"uv":[8.125,2.8125,7.75,2.75],"texture":"#0"},"down":{"uv":[3.375,7.75,3,7.8125],"texture":"#0"}}},{"from":[7.375,8.25,2.75],"to":[8.625,8.5,3.25],"rotation":{"angle":0,"axis":"y","origin":[7,7.75,9]},"faces":{"north":{"uv":[1.5,8.5,1.8125,8.5625],"texture":"#0"},"east":{"uv":[3.25,9,3.375,9.0625],"texture":"#0"},"south":{"uv":[2,8.5,2.3125,8.5625],"texture":"#0"},"west":{"uv":[9,3.25,9.125,3.3125],"texture":"#0"},"up":{"uv":[7.3125,3.625,7,3.5],"texture":"#0"},"down":{"uv":[7.3125,3.75,7,3.875],"texture":"#0"}}},{"from":[7.25,8.5,2.5],"to":[8.75,8.75,3.5],"rotation":{"angle":0,"axis":"y","origin":[7,8,9]},"faces":{"north":{"uv":[7.75,3,8.125,3.0625],"texture":"#0"},"east":{"uv":[8.75,1,9,1.0625],"texture":"#0"},"south":{"uv":[7.75,3.25,8.125,3.3125],"texture":"#0"},"west":{"uv":[1.25,8.75,1.5,8.8125],"texture":"#0"},"up":{"uv":[2.875,6,2.5,5.75],"texture":"#0"},"down":{"uv":[6.125,2.75,5.75,3],"texture":"#0"}}},{"from":[7.3,8.3,2.8],"to":[8.7,8.45,2.95],"rotation":{"angle":0,"axis":"y","origin":[7,7.75,9]},"faces":{"north":{"uv":[3.5,7.75,3.875,7.8125],"texture":"#0"},"east":{"uv":[9.25,3.75,9.3125,3.8125],"texture":"#0"},"south":{"uv":[7.75,3.5,8.125,3.5625],"texture":"#0"},"west":{"uv":[4,9.25,4.0625,9.3125],"texture":"#0"},"up":{"uv":[8.125,3.8125,7.75,3.75],"texture":"#0"},"down":{"uv":[4.375,7.75,4,7.8125],"texture":"#0"}}},{"from":[7.3,8.3,0.3],"to":[8.7,8.45,0.45],"rotation":{"angle":0,"axis":"y","origin":[7,7.75,6.5]},"faces":{"north":{"uv":[7.75,4,8.125,4.0625],"texture":"#0"},"east":{"uv":[9.25,4,9.3125,4.0625],"texture":"#0"},"south":{"uv":[7.75,4.25,8.125,4.3125],"texture":"#0"},"west":{"uv":[4.25,9.25,4.3125,9.3125],"texture":"#0"},"up":{"uv":[4.875,7.8125,4.5,7.75],"texture":"#0"},"down":{"uv":[5.375,7.75,5,7.8125],"texture":"#0"}}},{"from":[7.3,8.3,0.05],"to":[8.7,8.45,0.2],"rotation":{"angle":0,"axis":"y","origin":[7,7.75,6.25]},"faces":{"north":{"uv":[7.75,5,8.125,5.0625],"texture":"#0"},"east":{"uv":[9.25,4.25,9.3125,4.3125],"texture":"#0"},"south":{"uv":[7.75,5.25,8.125,5.3125],"texture":"#0"},"west":{"uv":[4.5,9.25,4.5625,9.3125],"texture":"#0"},"up":{"uv":[5.875,7.8125,5.5,7.75],"texture":"#0"},"down":{"uv":[8.125,5.5,7.75,5.5625],"texture":"#0"}}},{"from":[7.3,8.55,0.05],"to":[8.7,8.7,0.2],"rotation":{"angle":0,"axis":"y","origin":[7,8,6.25]},"faces":{"north":{"uv":[7.75,5.75,8.125,5.8125],"texture":"#0"},"east":{"uv":[9.25,4.5,9.3125,4.5625],"texture":"#0"},"south":{"uv":[6,7.75,6.375,7.8125],"texture":"#0"},"west":{"uv":[4.75,9.25,4.8125,9.3125],"texture":"#0"},"up":{"uv":[6.875,7.8125,6.5,7.75],"texture":"#0"},"down":{"uv":[7.375,7.75,7,7.8125],"texture":"#0"}}},{"from":[7.3,8.55,0.3],"to":[8.7,8.7,0.45],"rotation":{"angle":0,"axis":"y","origin":[7,8,6.5]},"faces":{"north":{"uv":[7.5,7.75,7.875,7.8125],"texture":"#0"},"east":{"uv":[9.25,4.75,9.3125,4.8125],"texture":"#0"},"south":{"uv":[7.75,7.5,8.125,7.5625],"texture":"#0"},"west":{"uv":[5,9.25,5.0625,9.3125],"texture":"#0"},"up":{"uv":[0.375,8.0625,0,8],"texture":"#0"},"down":{"uv":[0.875,8,0.5,8.0625],"texture":"#0"}}},{"from":[7.377,8.252,1.502],"to":[8.623,8.748,1.998],"rotation":{"angle":0,"axis":"y","origin":[7,7.75,7.75]},"faces":{"north":{"uv":[2,7,2.3125,7.125],"texture":"#0"},"east":{"uv":[8.75,0.75,8.875,0.875],"texture":"#0"},"south":{"uv":[7,2.75,7.3125,2.875],"texture":"#0"},"west":{"uv":[1,8.75,1.125,8.875],"texture":"#0"},"up":{"uv":[7.3125,3.125,7,3],"texture":"#0"},"down":{"uv":[7.3125,3.25,7,3.375],"texture":"#0"}}},{"from":[7.3,8.3,1.8],"to":[8.7,8.45,1.95],"rotation":{"angle":0,"axis":"y","origin":[7,7.75,8]},"faces":{"north":{"uv":[7.75,4,8.125,4.0625],"texture":"#0"},"east":{"uv":[9.25,4,9.3125,4.0625],"texture":"#0"},"south":{"uv":[7.75,4.25,8.125,4.3125],"texture":"#0"},"west":{"uv":[4.25,9.25,4.3125,9.3125],"texture":"#0"},"up":{"uv":[4.875,7.8125,4.5,7.75],"texture":"#0"},"down":{"uv":[5.375,7.75,5,7.8125],"texture":"#0"}}},{"from":[7.3,8.55,1.8],"to":[8.7,8.7,1.95],"rotation":{"angle":0,"axis":"y","origin":[7,8,8]},"faces":{"north":{"uv":[7.5,7.75,7.875,7.8125],"texture":"#0"},"east":{"uv":[9.25,4.75,9.3125,4.8125],"texture":"#0"},"south":{"uv":[7.75,7.5,8.125,7.5625],"texture":"#0"},"west":{"uv":[5,9.25,5.0625,9.3125],"texture":"#0"},"up":{"uv":[0.375,8.0625,0,8],"texture":"#0"},"down":{"uv":[0.875,8,0.5,8.0625],"texture":"#0"}}},{"from":[7.3,8.3,1.55],"to":[8.7,8.45,1.7],"rotation":{"angle":0,"axis":"y","origin":[7,7.75,7.75]},"faces":{"north":{"uv":[7.75,5,8.125,5.0625],"texture":"#0"},"east":{"uv":[9.25,4.25,9.3125,4.3125],"texture":"#0"},"south":{"uv":[7.75,5.25,8.125,5.3125],"texture":"#0"},"west":{"uv":[4.5,9.25,4.5625,9.3125],"texture":"#0"},"up":{"uv":[5.875,7.8125,5.5,7.75],"texture":"#0"},"down":{"uv":[8.125,5.5,7.75,5.5625],"texture":"#0"}}},{"from":[7.3,8.55,1.55],"to":[8.7,8.7,1.7],"rotation":{"angle":0,"axis":"y","origin":[7,8,7.75]},"faces":{"north":{"uv":[7.75,5.75,8.125,5.8125],"texture":"#0"},"east":{"uv":[9.25,4.5,9.3125,4.5625],"texture":"#0"},"south":{"uv":[6,7.75,6.375,7.8125],"texture":"#0"},"west":{"uv":[4.75,9.25,4.8125,9.3125],"texture":"#0"},"up":{"uv":[6.875,7.8125,6.5,7.75],"texture":"#0"},"down":{"uv":[7.375,7.75,7,7.8125],"texture":"#0"}}},{"from":[7.3,10.05,1.8],"to":[8.7,10.2,1.95],"rotation":{"angle":0,"axis":"y","origin":[7,9.5,8]},"faces":{"north":{"uv":[7.5,7.75,7.875,7.8125],"texture":"#0"},"east":{"uv":[9.25,4.75,9.3125,4.8125],"texture":"#0"},"south":{"uv":[7.75,7.5,8.125,7.5625],"texture":"#0"},"west":{"uv":[5,9.25,5.0625,9.3125],"texture":"#0"},"up":{"uv":[0.375,8.0625,0,8],"texture":"#0"},"down":{"uv":[0.875,8,0.5,8.0625],"texture":"#0"}}},{"from":[7.377,9.752,1.502],"to":[8.623,10.248,1.998],"rotation":{"angle":0,"axis":"y","origin":[7,9.25,7.75]},"faces":{"north":{"uv":[2,7,2.3125,7.125],"texture":"#0"},"east":{"uv":[8.75,0.75,8.875,0.875],"texture":"#0"},"south":{"uv":[7,2.75,7.3125,2.875],"texture":"#0"},"west":{"uv":[1,8.75,1.125,8.875],"texture":"#0"},"up":{"uv":[7.3125,3.125,7,3],"texture":"#0"},"down":{"uv":[7.3125,3.25,7,3.375],"texture":"#0"}}},{"from":[7.3,10.05,1.55],"to":[8.7,10.2,1.7],"rotation":{"angle":0,"axis":"y","origin":[7,9.5,7.75]},"faces":{"north":{"uv":[7.75,5.75,8.125,5.8125],"texture":"#0"},"east":{"uv":[9.25,4.5,9.3125,4.5625],"texture":"#0"},"south":{"uv":[6,7.75,6.375,7.8125],"texture":"#0"},"west":{"uv":[4.75,9.25,4.8125,9.3125],"texture":"#0"},"up":{"uv":[6.875,7.8125,6.5,7.75],"texture":"#0"},"down":{"uv":[7.375,7.75,7,7.8125],"texture":"#0"}}},{"from":[7.3,9.8,1.55],"to":[8.7,9.95,1.7],"rotation":{"angle":0,"axis":"y","origin":[7,9.25,7.75]},"faces":{"north":{"uv":[7.75,5,8.125,5.0625],"texture":"#0"},"east":{"uv":[9.25,4.25,9.3125,4.3125],"texture":"#0"},"south":{"uv":[7.75,5.25,8.125,5.3125],"texture":"#0"},"west":{"uv":[4.5,9.25,4.5625,9.3125],"texture":"#0"},"up":{"uv":[5.875,7.8125,5.5,7.75],"texture":"#0"},"down":{"uv":[8.125,5.5,7.75,5.5625],"texture":"#0"}}},{"from":[7.3,9.8,1.8],"to":[8.7,9.95,1.95],"rotation":{"angle":0,"axis":"y","origin":[7,9.25,8]},"faces":{"north":{"uv":[7.75,4,8.125,4.0625],"texture":"#0"},"east":{"uv":[9.25,4,9.3125,4.0625],"texture":"#0"},"south":{"uv":[7.75,4.25,8.125,4.3125],"texture":"#0"},"west":{"uv":[4.25,9.25,4.3125,9.3125],"texture":"#0"},"up":{"uv":[4.875,7.8125,4.5,7.75],"texture":"#0"},"down":{"uv":[5.375,7.75,5,7.8125],"texture":"#0"}}},{"from":[7.3,9.8,6.3],"to":[8.7,9.95,6.45],"rotation":{"angle":0,"axis":"y","origin":[7,9.25,12.5]},"faces":{"north":{"uv":[7.75,4,8.125,4.0625],"texture":"#0"},"east":{"uv":[9.25,4,9.3125,4.0625],"texture":"#0"},"south":{"uv":[7.75,4.25,8.125,4.3125],"texture":"#0"},"west":{"uv":[4.25,9.25,4.3125,9.3125],"texture":"#0"},"up":{"uv":[4.875,7.8125,4.5,7.75],"texture":"#0"},"down":{"uv":[5.375,7.75,5,7.8125],"texture":"#0"}}},{"from":[7.3,9.8,6.05],"to":[8.7,9.95,6.2],"rotation":{"angle":0,"axis":"y","origin":[7,9.25,12.25]},"faces":{"north":{"uv":[7.75,5,8.125,5.0625],"texture":"#0"},"east":{"uv":[9.25,4.25,9.3125,4.3125],"texture":"#0"},"south":{"uv":[7.75,5.25,8.125,5.3125],"texture":"#0"},"west":{"uv":[4.5,9.25,4.5625,9.3125],"texture":"#0"},"up":{"uv":[5.875,7.8125,5.5,7.75],"texture":"#0"},"down":{"uv":[8.125,5.5,7.75,5.5625],"texture":"#0"}}},{"from":[7.3,10.05,6.05],"to":[8.7,10.2,6.2],"rotation":{"angle":0,"axis":"y","origin":[7,9.5,12.25]},"faces":{"north":{"uv":[7.75,5.75,8.125,5.8125],"texture":"#0"},"east":{"uv":[9.25,4.5,9.3125,4.5625],"texture":"#0"},"south":{"uv":[6,7.75,6.375,7.8125],"texture":"#0"},"west":{"uv":[4.75,9.25,4.8125,9.3125],"texture":"#0"},"up":{"uv":[6.875,7.8125,6.5,7.75],"texture":"#0"},"down":{"uv":[7.375,7.75,7,7.8125],"texture":"#0"}}},{"from":[7.3,10.05,6.3],"to":[8.7,10.2,6.45],"rotation":{"angle":0,"axis":"y","origin":[7,9.5,12.5]},"faces":{"north":{"uv":[7.5,7.75,7.875,7.8125],"texture":"#0"},"east":{"uv":[9.25,4.75,9.3125,4.8125],"texture":"#0"},"south":{"uv":[7.75,7.5,8.125,7.5625],"texture":"#0"},"west":{"uv":[5,9.25,5.0625,9.3125],"texture":"#0"},"up":{"uv":[0.375,8.0625,0,8],"texture":"#0"},"down":{"uv":[0.875,8,0.5,8.0625],"texture":"#0"}}},{"from":[7.377,9.752,6.002],"to":[8.623,10.248,6.498],"rotation":{"angle":0,"axis":"y","origin":[7,9.25,12.25]},"faces":{"north":{"uv":[2,7,2.3125,7.125],"texture":"#0"},"east":{"uv":[8.75,0.75,8.875,0.875],"texture":"#0"},"south":{"uv":[7,2.75,7.3125,2.875],"texture":"#0"},"west":{"uv":[1,8.75,1.125,8.875],"texture":"#0"},"up":{"uv":[7.3125,3.125,7,3],"texture":"#0"},"down":{"uv":[7.3125,3.25,7,3.375],"texture":"#0"}}},{"from":[7.3,5.55,5.3],"to":[8.7,5.7,5.45],"rotation":{"angle":0,"axis":"y","origin":[7,5,11.5]},"faces":{"north":{"uv":[7.75,4,8.125,4.0625],"texture":"#0"},"east":{"uv":[9.25,4,9.3125,4.0625],"texture":"#0"},"south":{"uv":[7.75,4.25,8.125,4.3125],"texture":"#0"},"west":{"uv":[4.25,9.25,4.3125,9.3125],"texture":"#0"},"up":{"uv":[4.875,7.8125,4.5,7.75],"texture":"#0"},"down":{"uv":[5.375,7.75,5,7.8125],"texture":"#0"}}},{"from":[7.3,5.8,5.3],"to":[8.7,5.95,5.45],"rotation":{"angle":0,"axis":"y","origin":[7,5.25,11.5]},"faces":{"north":{"uv":[7.5,7.75,7.875,7.8125],"texture":"#0"},"east":{"uv":[9.25,4.75,9.3125,4.8125],"texture":"#0"},"south":{"uv":[7.75,7.5,8.125,7.5625],"texture":"#0"},"west":{"uv":[5,9.25,5.0625,9.3125],"texture":"#0"},"up":{"uv":[0.375,8.0625,0,8],"texture":"#0"},"down":{"uv":[0.875,8,0.5,8.0625],"texture":"#0"}}},{"from":[7.3,5.8,5.05],"to":[8.7,5.95,5.2],"rotation":{"angle":0,"axis":"y","origin":[7,5.25,11.25]},"faces":{"north":{"uv":[7.75,5.75,8.125,5.8125],"texture":"#0"},"east":{"uv":[9.25,4.5,9.3125,4.5625],"texture":"#0"},"south":{"uv":[6,7.75,6.375,7.8125],"texture":"#0"},"west":{"uv":[4.75,9.25,4.8125,9.3125],"texture":"#0"},"up":{"uv":[6.875,7.8125,6.5,7.75],"texture":"#0"},"down":{"uv":[7.375,7.75,7,7.8125],"texture":"#0"}}},{"from":[7.3,5.55,5.05],"to":[8.7,5.7,5.2],"rotation":{"angle":0,"axis":"y","origin":[7,5,11.25]},"faces":{"north":{"uv":[7.75,5,8.125,5.0625],"texture":"#0"},"east":{"uv":[9.25,4.25,9.3125,4.3125],"texture":"#0"},"south":{"uv":[7.75,5.25,8.125,5.3125],"texture":"#0"},"west":{"uv":[4.5,9.25,4.5625,9.3125],"texture":"#0"},"up":{"uv":[5.875,7.8125,5.5,7.75],"texture":"#0"},"down":{"uv":[8.125,5.5,7.75,5.5625],"texture":"#0"}}},{"from":[7.377,5.502,5.002],"to":[8.623,5.998,5.498],"rotation":{"angle":0,"axis":"y","origin":[7,5,11.25]},"faces":{"north":{"uv":[2,7,2.3125,7.125],"texture":"#0"},"east":{"uv":[8.75,0.75,8.875,0.875],"texture":"#0"},"south":{"uv":[7,2.75,7.3125,2.875],"texture":"#0"},"west":{"uv":[1,8.75,1.125,8.875],"texture":"#0"},"up":{"uv":[7.3125,3.125,7,3],"texture":"#0"},"down":{"uv":[7.3125,3.25,7,3.375],"texture":"#0"}}},{"from":[7.3,5.55,7.55],"to":[8.7,5.7,7.7],"rotation":{"angle":0,"axis":"y","origin":[7,5,13.75]},"faces":{"north":{"uv":[7.75,4,8.125,4.0625],"texture":"#0"},"east":{"uv":[9.25,4,9.3125,4.0625],"texture":"#0"},"south":{"uv":[7.75,4.25,8.125,4.3125],"texture":"#0"},"west":{"uv":[4.25,9.25,4.3125,9.3125],"texture":"#0"},"up":{"uv":[4.875,7.8125,4.5,7.75],"texture":"#0"},"down":{"uv":[5.375,7.75,5,7.8125],"texture":"#0"}}},{"from":[7.377,5.502,7.252],"to":[8.623,5.998,7.748],"rotation":{"angle":0,"axis":"y","origin":[7,5,13.5]},"faces":{"north":{"uv":[2,7,2.3125,7.125],"texture":"#0"},"east":{"uv":[8.75,0.75,8.875,0.875],"texture":"#0"},"south":{"uv":[7,2.75,7.3125,2.875],"texture":"#0"},"west":{"uv":[1,8.75,1.125,8.875],"texture":"#0"},"up":{"uv":[7.3125,3.125,7,3],"texture":"#0"},"down":{"uv":[7.3125,3.25,7,3.375],"texture":"#0"}}},{"from":[7.3,5.55,7.3],"to":[8.7,5.7,7.45],"rotation":{"angle":0,"axis":"y","origin":[7,5,13.5]},"faces":{"north":{"uv":[7.75,5,8.125,5.0625],"texture":"#0"},"east":{"uv":[9.25,4.25,9.3125,4.3125],"texture":"#0"},"south":{"uv":[7.75,5.25,8.125,5.3125],"texture":"#0"},"west":{"uv":[4.5,9.25,4.5625,9.3125],"texture":"#0"},"up":{"uv":[5.875,7.8125,5.5,7.75],"texture":"#0"},"down":{"uv":[8.125,5.5,7.75,5.5625],"texture":"#0"}}},{"from":[7.3,5.8,7.3],"to":[8.7,5.95,7.45],"rotation":{"angle":0,"axis":"y","origin":[7,5.25,13.5]},"faces":{"north":{"uv":[7.75,5.75,8.125,5.8125],"texture":"#0"},"east":{"uv":[9.25,4.5,9.3125,4.5625],"texture":"#0"},"south":{"uv":[6,7.75,6.375,7.8125],"texture":"#0"},"west":{"uv":[4.75,9.25,4.8125,9.3125],"texture":"#0"},"up":{"uv":[6.875,7.8125,6.5,7.75],"texture":"#0"},"down":{"uv":[7.375,7.75,7,7.8125],"texture":"#0"}}},{"from":[7.3,5.8,7.55],"to":[8.7,5.95,7.7],"rotation":{"angle":0,"axis":"y","origin":[7,5.25,13.75]},"faces":{"north":{"uv":[7.5,7.75,7.875,7.8125],"texture":"#0"},"east":{"uv":[9.25,4.75,9.3125,4.8125],"texture":"#0"},"south":{"uv":[7.75,7.5,8.125,7.5625],"texture":"#0"},"west":{"uv":[5,9.25,5.0625,9.3125],"texture":"#0"},"up":{"uv":[0.375,8.0625,0,8],"texture":"#0"},"down":{"uv":[0.875,8,0.5,8.0625],"texture":"#0"}}},{"from":[7.3,10.05,10.8],"to":[8.7,10.2,10.95],"rotation":{"angle":0,"axis":"y","origin":[7,9.5,17]},"faces":{"north":{"uv":[7.5,7.75,7.875,7.8125],"texture":"#0"},"east":{"uv":[9.25,4.75,9.3125,4.8125],"texture":"#0"},"south":{"uv":[7.75,7.5,8.125,7.5625],"texture":"#0"},"west":{"uv":[5,9.25,5.0625,9.3125],"texture":"#0"},"up":{"uv":[0.375,8.0625,0,8],"texture":"#0"},"down":{"uv":[0.875,8,0.5,8.0625],"texture":"#0"}}},{"from":[7.3,9.8,10.8],"to":[8.7,9.95,10.95],"rotation":{"angle":0,"axis":"y","origin":[7,9.25,17]},"faces":{"north":{"uv":[7.75,4,8.125,4.0625],"texture":"#0"},"east":{"uv":[9.25,4,9.3125,4.0625],"texture":"#0"},"south":{"uv":[7.75,4.25,8.125,4.3125],"texture":"#0"},"west":{"uv":[4.25,9.25,4.3125,9.3125],"texture":"#0"},"up":{"uv":[4.875,7.8125,4.5,7.75],"texture":"#0"},"down":{"uv":[5.375,7.75,5,7.8125],"texture":"#0"}}},{"from":[7.3,10.05,10.55],"to":[8.7,10.2,10.7],"rotation":{"angle":0,"axis":"y","origin":[7,9.5,16.75]},"faces":{"north":{"uv":[7.75,5.75,8.125,5.8125],"texture":"#0"},"east":{"uv":[9.25,4.5,9.3125,4.5625],"texture":"#0"},"south":{"uv":[6,7.75,6.375,7.8125],"texture":"#0"},"west":{"uv":[4.75,9.25,4.8125,9.3125],"texture":"#0"},"up":{"uv":[6.875,7.8125,6.5,7.75],"texture":"#0"},"down":{"uv":[7.375,7.75,7,7.8125],"texture":"#0"}}},{"from":[7.3,9.8,10.55],"to":[8.7,9.95,10.7],"rotation":{"angle":0,"axis":"y","origin":[7,9.25,16.75]},"faces":{"north":{"uv":[7.75,5,8.125,5.0625],"texture":"#0"},"east":{"uv":[9.25,4.25,9.3125,4.3125],"texture":"#0"},"south":{"uv":[7.75,5.25,8.125,5.3125],"texture":"#0"},"west":{"uv":[4.5,9.25,4.5625,9.3125],"texture":"#0"},"up":{"uv":[5.875,7.8125,5.5,7.75],"texture":"#0"},"down":{"uv":[8.125,5.5,7.75,5.5625],"texture":"#0"}}},{"from":[7.377,9.752,10.502],"to":[8.623,10.248,10.998],"rotation":{"angle":0,"axis":"y","origin":[7,9.25,16.75]},"faces":{"north":{"uv":[2,7,2.3125,7.125],"texture":"#0"},"east":{"uv":[8.75,0.75,8.875,0.875],"texture":"#0"},"south":{"uv":[7,2.75,7.3125,2.875],"texture":"#0"},"west":{"uv":[1,8.75,1.125,8.875],"texture":"#0"},"up":{"uv":[7.3125,3.125,7,3],"texture":"#0"},"down":{"uv":[7.3125,3.25,7,3.375],"texture":"#0"}}},{"from":[7.425,8.3,17.3],"to":[8.575,8.45,17.45],"rotation":{"angle":0,"axis":"y","origin":[7,7.75,23.5]},"faces":{"north":{"uv":[2.5,8.5,2.8125,8.5625],"texture":"#0"},"east":{"uv":[9.25,5,9.3125,5.0625],"texture":"#0"},"south":{"uv":[3,8.5,3.3125,8.5625],"texture":"#0"},"west":{"uv":[5.25,9.25,5.3125,9.3125],"texture":"#0"},"up":{"uv":[3.8125,8.5625,3.5,8.5],"texture":"#0"},"down":{"uv":[4.3125,8.5,4,8.5625],"texture":"#0"}}},{"from":[7.425,8.3,17.05],"to":[8.575,8.45,17.2],"rotation":{"angle":0,"axis":"y","origin":[7,7.75,23.25]},"faces":{"north":{"uv":[4.5,8.5,4.8125,8.5625],"texture":"#0"},"east":{"uv":[9.25,5.25,9.3125,5.3125],"texture":"#0"},"south":{"uv":[8.5,4.5,8.8125,4.5625],"texture":"#0"},"west":{"uv":[5.5,9.25,5.5625,9.3125],"texture":"#0"},"up":{"uv":[8.8125,4.8125,8.5,4.75],"texture":"#0"},"down":{"uv":[5.3125,8.5,5,8.5625],"texture":"#0"}}},{"from":[7.425,8.55,17.05],"to":[8.575,8.7,17.2],"rotation":{"angle":0,"axis":"y","origin":[7,8,23.25]},"faces":{"north":{"uv":[5.5,8.5,5.8125,8.5625],"texture":"#0"},"east":{"uv":[9.25,5.5,9.3125,5.5625],"texture":"#0"},"south":{"uv":[6,8.5,6.3125,8.5625],"texture":"#0"},"west":{"uv":[5.75,9.25,5.8125,9.3125],"texture":"#0"},"up":{"uv":[8.8125,6.0625,8.5,6],"texture":"#0"},"down":{"uv":[8.8125,6.25,8.5,6.3125],"texture":"#0"}}},{"from":[7.425,8.55,17.3],"to":[8.575,8.7,17.45],"rotation":{"angle":0,"axis":"y","origin":[7,8,23.5]},"faces":{"north":{"uv":[6.5,8.5,6.8125,8.5625],"texture":"#0"},"east":{"uv":[9.25,5.75,9.3125,5.8125],"texture":"#0"},"south":{"uv":[8.5,6.5,8.8125,6.5625],"texture":"#0"},"west":{"uv":[6,9.25,6.0625,9.3125],"texture":"#0"},"up":{"uv":[8.8125,6.8125,8.5,6.75],"texture":"#0"},"down":{"uv":[7.3125,8.5,7,8.5625],"texture":"#0"}}},{"from":[7.625,8.625,14],"to":[8.375,9.125,15.5],"rotation":{"angle":0,"axis":"y","origin":[7,8.125,21.5]},"faces":{"north":{"uv":[1,8,1.1875,8.125],"texture":"#0"},"east":{"uv":[6.75,2.25,7.125,2.375],"texture":"#0"},"south":{"uv":[1.25,8,1.4375,8.125],"texture":"#0"},"west":{"uv":[6.75,2.5,7.125,2.625],"texture":"#0"},"up":{"uv":[6.4375,4.375,6.25,4],"texture":"#0"},"down":{"uv":[6.4375,4.5,6.25,4.875],"texture":"#0"}}},{"from":[7.625,8.125,-0.25],"to":[8.375,8.25,3.5],"rotation":{"angle":0,"axis":"y","origin":[7,8.5,6.5]},"faces":{"north":{"uv":[8.75,5,8.9375,5.0625],"texture":"#0"},"east":{"uv":[6.5,4.75,7.4375,4.8125],"texture":"#0"},"south":{"uv":[5.25,8.75,5.4375,8.8125],"texture":"#0"},"west":{"uv":[6.5,5.25,7.4375,5.3125],"texture":"#0"},"up":{"uv":[2.1875,5.6875,2,4.75],"texture":"#0"},"down":{"uv":[4.9375,2,4.75,2.9375],"texture":"#0"}}},{"from":[7.625,8,0.25],"to":[8.375,8.125,0.5],"rotation":{"angle":0,"axis":"y","origin":[7,8.625,7]},"faces":{"north":{"uv":[8.75,5.25,8.9375,5.3125],"texture":"#0"},"east":{"uv":[9.25,6,9.3125,6.0625],"texture":"#0"},"south":{"uv":[5.5,8.75,5.6875,8.8125],"texture":"#0"},"west":{"uv":[6.25,9.25,6.3125,9.3125],"texture":"#0"},"up":{"uv":[8.9375,5.5625,8.75,5.5],"texture":"#0"},"down":{"uv":[5.9375,8.75,5.75,8.8125],"texture":"#0"}}},{"from":[7.625,8,0.75],"to":[8.375,8.125,1],"rotation":{"angle":0,"axis":"y","origin":[7,8.625,7.5]},"faces":{"north":{"uv":[8.75,5.75,8.9375,5.8125],"texture":"#0"},"east":{"uv":[9.25,6.25,9.3125,6.3125],"texture":"#0"},"south":{"uv":[6,8.75,6.1875,8.8125],"texture":"#0"},"west":{"uv":[6.5,9.25,6.5625,9.3125],"texture":"#0"},"up":{"uv":[6.4375,8.8125,6.25,8.75],"texture":"#0"},"down":{"uv":[6.6875,8.75,6.5,8.8125],"texture":"#0"}}},{"from":[7.625,8,1.25],"to":[8.375,8.125,1.5],"rotation":{"angle":0,"axis":"y","origin":[7,8.625,8]},"faces":{"north":{"uv":[6.75,8.75,6.9375,8.8125],"texture":"#0"},"east":{"uv":[9.25,6.5,9.3125,6.5625],"texture":"#0"},"south":{"uv":[7,8.75,7.1875,8.8125],"texture":"#0"},"west":{"uv":[6.75,9.25,6.8125,9.3125],"texture":"#0"},"up":{"uv":[8.9375,7.0625,8.75,7],"texture":"#0"},"down":{"uv":[7.4375,8.75,7.25,8.8125],"texture":"#0"}}},{"from":[7.625,8,1.75],"to":[8.375,8.125,2],"rotation":{"angle":0,"axis":"y","origin":[7,8.625,8.5]},"faces":{"north":{"uv":[8.75,7.25,8.9375,7.3125],"texture":"#0"},"east":{"uv":[9.25,6.75,9.3125,6.8125],"texture":"#0"},"south":{"uv":[7.5,8.75,7.6875,8.8125],"texture":"#0"},"west":{"uv":[7,9.25,7.0625,9.3125],"texture":"#0"},"up":{"uv":[8.9375,7.5625,8.75,7.5],"texture":"#0"},"down":{"uv":[7.9375,8.75,7.75,8.8125],"texture":"#0"}}},{"from":[7.625,8,2.25],"to":[8.375,8.125,2.5],"rotation":{"angle":0,"axis":"y","origin":[7,8.625,9]},"faces":{"north":{"uv":[8.75,7.75,8.9375,7.8125],"texture":"#0"},"east":{"uv":[9.25,7,9.3125,7.0625],"texture":"#0"},"south":{"uv":[8,8.75,8.1875,8.8125],"texture":"#0"},"west":{"uv":[7.25,9.25,7.3125,9.3125],"texture":"#0"},"up":{"uv":[8.9375,8.0625,8.75,8],"texture":"#0"},"down":{"uv":[8.4375,8.75,8.25,8.8125],"texture":"#0"}}},{"from":[7.675,8.05,0.05],"to":[7.825,8.125,0.2],"rotation":{"angle":0,"axis":"y","origin":[6.5,8.625,6.75]},"faces":{"north":{"uv":[9.25,7.25,9.3125,7.3125],"texture":"#0"},"east":{"uv":[7.5,9.25,7.5625,9.3125],"texture":"#0"},"south":{"uv":[9.25,7.5,9.3125,7.5625],"texture":"#0"},"west":{"uv":[7.75,9.25,7.8125,9.3125],"texture":"#0"},"up":{"uv":[9.3125,7.8125,9.25,7.75],"texture":"#0"},"down":{"uv":[8.0625,9.25,8,9.3125],"texture":"#0"}}},{"from":[7.625,8,-0.25],"to":[8.375,8.125,0],"rotation":{"angle":0,"axis":"y","origin":[7,8.625,6.5]},"faces":{"north":{"uv":[8.75,8.25,8.9375,8.3125],"texture":"#0"},"east":{"uv":[9.25,8,9.3125,8.0625],"texture":"#0"},"south":{"uv":[8.5,8.75,8.6875,8.8125],"texture":"#0"},"west":{"uv":[8.25,9.25,8.3125,9.3125],"texture":"#0"},"up":{"uv":[8.9375,8.5625,8.75,8.5],"texture":"#0"},"down":{"uv":[8.9375,8.75,8.75,8.8125],"texture":"#0"}}},{"from":[8.175,8.05,0.05],"to":[8.325,8.125,0.2],"rotation":{"angle":0,"axis":"y","origin":[7,8.625,6.75]},"faces":{"north":{"uv":[9.25,8.25,9.3125,8.3125],"texture":"#0"},"east":{"uv":[8.5,9.25,8.5625,9.3125],"texture":"#0"},"south":{"uv":[9.25,8.5,9.3125,8.5625],"texture":"#0"},"west":{"uv":[8.75,9.25,8.8125,9.3125],"texture":"#0"},"up":{"uv":[9.3125,8.8125,9.25,8.75],"texture":"#0"},"down":{"uv":[9.0625,9.25,9,9.3125],"texture":"#0"}}},{"from":[7.925,8.05,0.05],"to":[8.075,8.125,0.2],"rotation":{"angle":0,"axis":"y","origin":[6.75,8.625,6.75]},"faces":{"north":{"uv":[9.25,9,9.3125,9.0625],"texture":"#0"},"east":{"uv":[9.25,9.25,9.3125,9.3125],"texture":"#0"},"south":{"uv":[0,9.5,0.0625,9.5625],"texture":"#0"},"west":{"uv":[9.5,0,9.5625,0.0625],"texture":"#0"},"up":{"uv":[0.3125,9.5625,0.25,9.5],"texture":"#0"},"down":{"uv":[9.5625,0.25,9.5,0.3125],"texture":"#0"}}},{"from":[7.675,8.05,1.05],"to":[7.825,8.125,1.2],"rotation":{"angle":0,"axis":"y","origin":[6.5,8.625,7.75]},"faces":{"north":{"uv":[9.25,7.25,9.3125,7.3125],"texture":"#0"},"east":{"uv":[7.5,9.25,7.5625,9.3125],"texture":"#0"},"south":{"uv":[9.25,7.5,9.3125,7.5625],"texture":"#0"},"west":{"uv":[7.75,9.25,7.8125,9.3125],"texture":"#0"},"up":{"uv":[9.3125,7.8125,9.25,7.75],"texture":"#0"},"down":{"uv":[8.0625,9.25,8,9.3125],"texture":"#0"}}},{"from":[7.925,8.05,1.05],"to":[8.075,8.125,1.2],"rotation":{"angle":0,"axis":"y","origin":[6.75,8.625,7.75]},"faces":{"north":{"uv":[9.25,9,9.3125,9.0625],"texture":"#0"},"east":{"uv":[9.25,9.25,9.3125,9.3125],"texture":"#0"},"south":{"uv":[0,9.5,0.0625,9.5625],"texture":"#0"},"west":{"uv":[9.5,0,9.5625,0.0625],"texture":"#0"},"up":{"uv":[0.3125,9.5625,0.25,9.5],"texture":"#0"},"down":{"uv":[9.5625,0.25,9.5,0.3125],"texture":"#0"}}},{"from":[8.175,8.05,1.05],"to":[8.325,8.125,1.2],"rotation":{"angle":0,"axis":"y","origin":[7,8.625,7.75]},"faces":{"north":{"uv":[9.25,8.25,9.3125,8.3125],"texture":"#0"},"east":{"uv":[8.5,9.25,8.5625,9.3125],"texture":"#0"},"south":{"uv":[9.25,8.5,9.3125,8.5625],"texture":"#0"},"west":{"uv":[8.75,9.25,8.8125,9.3125],"texture":"#0"},"up":{"uv":[9.3125,8.8125,9.25,8.75],"texture":"#0"},"down":{"uv":[9.0625,9.25,9,9.3125],"texture":"#0"}}},{"from":[7.675,8.05,1.55],"to":[7.825,8.125,1.7],"rotation":{"angle":0,"axis":"y","origin":[6.5,8.625,8.25]},"faces":{"north":{"uv":[9.25,7.25,9.3125,7.3125],"texture":"#0"},"east":{"uv":[7.5,9.25,7.5625,9.3125],"texture":"#0"},"south":{"uv":[9.25,7.5,9.3125,7.5625],"texture":"#0"},"west":{"uv":[7.75,9.25,7.8125,9.3125],"texture":"#0"},"up":{"uv":[9.3125,7.8125,9.25,7.75],"texture":"#0"},"down":{"uv":[8.0625,9.25,8,9.3125],"texture":"#0"}}},{"from":[7.925,8.05,1.55],"to":[8.075,8.125,1.7],"rotation":{"angle":0,"axis":"y","origin":[6.75,8.625,8.25]},"faces":{"north":{"uv":[9.25,9,9.3125,9.0625],"texture":"#0"},"east":{"uv":[9.25,9.25,9.3125,9.3125],"texture":"#0"},"south":{"uv":[0,9.5,0.0625,9.5625],"texture":"#0"},"west":{"uv":[9.5,0,9.5625,0.0625],"texture":"#0"},"up":{"uv":[0.3125,9.5625,0.25,9.5],"texture":"#0"},"down":{"uv":[9.5625,0.25,9.5,0.3125],"texture":"#0"}}},{"from":[8.175,8.05,1.55],"to":[8.325,8.125,1.7],"rotation":{"angle":0,"axis":"y","origin":[7,8.625,8.25]},"faces":{"north":{"uv":[9.25,8.25,9.3125,8.3125],"texture":"#0"},"east":{"uv":[8.5,9.25,8.5625,9.3125],"texture":"#0"},"south":{"uv":[9.25,8.5,9.3125,8.5625],"texture":"#0"},"west":{"uv":[8.75,9.25,8.8125,9.3125],"texture":"#0"},"up":{"uv":[9.3125,8.8125,9.25,8.75],"texture":"#0"},"down":{"uv":[9.0625,9.25,9,9.3125],"texture":"#0"}}},{"from":[7.75,8.625,-0.5],"to":[8.25,9.125,-0.25],"rotation":{"angle":0,"axis":"y","origin":[7,8.875,6.25]},"faces":{"north":{"uv":[8.75,1.25,8.875,1.375],"texture":"#0"},"east":{"uv":[3.5,9,3.5625,9.125],"texture":"#0"},"south":{"uv":[1.5,8.75,1.625,8.875],"texture":"#0"},"west":{"uv":[9,3.5,9.0625,3.625],"texture":"#0"},"up":{"uv":[3.875,9.0625,3.75,9],"texture":"#0"},"down":{"uv":[9.125,3.75,9,3.8125],"texture":"#0"}}},{"from":[7.75,8.125,-10.5],"to":[8.25,9.625,-0.5],"rotation":{"angle":0,"axis":"y","origin":[7,8.75,6]},"faces":{"north":{"uv":[6.75,2.75,6.875,3.125],"texture":"#0"},"east":{"uv":[0,0,2.5,0.375],"texture":"#0"},"south":{"uv":[6.75,3.75,6.875,4.125],"texture":"#0"},"west":{"uv":[0,0.5,2.5,0.875],"texture":"#0"},"up":{"uv":[2.625,5.75,2.5,3.25],"texture":"#0"},"down":{"uv":[2.875,3.25,2.75,5.75],"texture":"#0"}}},{"from":[7.5,8.375,-10.5],"to":[8.5,9.375,-0.5],"rotation":{"angle":0,"axis":"y","origin":[7,8.75,6]},"faces":{"north":{"uv":[4.25,0.75,4.5,1],"texture":"#0"},"east":{"uv":[0.5,1.5,3,1.75],"texture":"#0"},"south":{"uv":[4.75,0.5,5,0.75],"texture":"#0"},"west":{"uv":[0.5,1.75,3,2],"texture":"#0"},"up":{"uv":[0.75,4.5,0.5,2],"texture":"#0"},"down":{"uv":[1,2,0.75,4.5],"texture":"#0"}}},{"from":[7.502,5.502,3.502],"to":[8.498,8.248,6.748],"rotation":{"angle":0,"axis":"y","origin":[7,7.25,5.5]},"faces":{"north":{"uv":[2.25,4.75,2.5,5.4375],"texture":"#0"},"east":{"uv":[1,2,1.8125,2.6875],"texture":"#0"},"south":{"uv":[4.75,3,5,3.6875],"texture":"#0"},"west":{"uv":[2,2,2.8125,2.6875],"texture":"#0"},"up":{"uv":[3.25,5.0625,3,4.25],"texture":"#0"},"down":{"uv":[3.5,4.25,3.25,5.0625],"texture":"#0"}}},{"from":[7.5,5.5,4.75],"to":[8.5,5.775,8.5],"rotation":{"angle":0,"axis":"y","origin":[7,7.25,5.5]},"faces":{"north":{"uv":[8.75,1.5,9,1.5625],"texture":"#0"},"east":{"uv":[6.5,5.75,7.4375,5.8125],"texture":"#0"},"south":{"uv":[1.75,8.75,2,8.8125],"texture":"#0"},"west":{"uv":[6,6.5,6.9375,6.5625],"texture":"#0"},"up":{"uv":[4.25,2.9375,4,2],"texture":"#0"},"down":{"uv":[4.25,3,4,3.9375],"texture":"#0"}}},{"from":[7.623,3.11487,4.20129],"to":[8.373,5.86487,5.45129],"rotation":{"angle":-22.5,"axis":"x","origin":[7.998,4.23987,4.82629]},"faces":{"north":{"uv":[0.25,5.5,0.4375,6.1875],"texture":"#0"},"east":{"uv":[4.25,2,4.5625,2.6875],"texture":"#0"},"south":{"uv":[2.25,5.5,2.4375,6.1875],"texture":"#0"},"west":{"uv":[4.25,2.75,4.5625,3.4375],"texture":"#0"},"up":{"uv":[4.6875,6.8125,4.5,6.5],"texture":"#0"},"down":{"uv":[5.4375,6.5,5.25,6.8125],"texture":"#0"}}},{"from":[8.19801,9.33514,12],"to":[8.55401,10.39514,18],"rotation":{"angle":-45,"axis":"z","origin":[8.04801,10.26014,15.375]},"faces":{"north":{"uv":[8.75,1.75,8.8125,2],"texture":"#0"},"east":{"uv":[2,2.75,3.5,3],"texture":"#0"},"south":{"uv":[2,8.75,2.0625,9],"texture":"#0"},"west":{"uv":[3,1,4.5,1.25],"texture":"#0"},"up":{"uv":[5.8125,6.75,5.75,5.25],"texture":"#0"},"down":{"uv":[2.5625,6,2.5,7.5],"texture":"#0"}}},{"from":[7.44599,9.33514,12],"to":[7.80199,10.39514,18],"rotation":{"angle":45,"axis":"z","origin":[7.95199,10.26014,15.375]},"faces":{"north":{"uv":[8.75,2,8.8125,2.25],"texture":"#0"},"east":{"uv":[3,1.25,4.5,1.5],"texture":"#0"},"south":{"uv":[2.25,8.75,2.3125,9],"texture":"#0"},"west":{"uv":[3,1.5,4.5,1.75],"texture":"#0"},"up":{"uv":[2.8125,7.5,2.75,6],"texture":"#0"},"down":{"uv":[6.0625,3.5,6,5],"texture":"#0"}}},{"from":[8.19801,6.33514,17.5],"to":[8.55401,6.63514,18],"rotation":{"angle":-45,"axis":"z","origin":[8.04801,7.26014,15.375]},"faces":{"north":{"uv":[0.5,9.5,0.5625,9.5625],"texture":"#0"},"east":{"uv":[4,9,4.125,9.0625],"texture":"#0"},"south":{"uv":[9.5,0.5,9.5625,0.5625],"texture":"#0"},"west":{"uv":[9,4,9.125,4.0625],"texture":"#0"},"up":{"uv":[4.3125,9.125,4.25,9],"texture":"#0"},"down":{"uv":[9.0625,4.25,9,4.375],"texture":"#0"}}},{"from":[7.44599,6.33514,17.5],"to":[7.80199,6.63514,18],"rotation":{"angle":45,"axis":"z","origin":[7.95199,7.26014,15.375]},"faces":{"north":{"uv":[0.75,9.5,0.8125,9.5625],"texture":"#0"},"east":{"uv":[4.5,9,4.625,9.0625],"texture":"#0"},"south":{"uv":[9.5,0.75,9.5625,0.8125],"texture":"#0"},"west":{"uv":[9,4.5,9.125,4.5625],"texture":"#0"},"up":{"uv":[4.8125,9.125,4.75,9],"texture":"#0"},"down":{"uv":[9.0625,4.75,9,4.875],"texture":"#0"}}},{"from":[8.19801,8.21014,-10.5],"to":[8.55401,8.51014,-0.5],"rotation":{"angle":-45,"axis":"z","origin":[8.04801,9.13514,-3.125]},"faces":{"north":{"uv":[1,9.5,1.0625,9.5625],"texture":"#0"},"east":{"uv":[5,5,7.5,5.0625],"texture":"#0"},"south":{"uv":[9.5,1,9.5625,1.0625],"texture":"#0"},"west":{"uv":[5.25,0.5,7.75,0.5625],"texture":"#0"},"up":{"uv":[0.5625,7.75,0.5,5.25],"texture":"#0"},"down":{"uv":[0.8125,5.25,0.75,7.75],"texture":"#0"}}},{"from":[7.44599,8.21014,-10.5],"to":[7.80199,8.51014,-0.5],"rotation":{"angle":45,"axis":"z","origin":[7.95199,9.13514,-3.125]},"faces":{"north":{"uv":[1.25,9.5,1.3125,9.5625],"texture":"#0"},"east":{"uv":[5.25,0.75,7.75,0.8125],"texture":"#0"},"south":{"uv":[9.5,1.25,9.5625,1.3125],"texture":"#0"},"west":{"uv":[5.25,1,7.75,1.0625],"texture":"#0"},"up":{"uv":[1.5625,7.75,1.5,5.25],"texture":"#0"},"down":{"uv":[1.8125,5.25,1.75,7.75],"texture":"#0"}}},{"from":[8.19801,9.23986,-10.5],"to":[8.55401,9.53986,-0.5],"rotation":{"angle":45,"axis":"z","origin":[8.04801,8.61486,-3.125]},"faces":{"north":{"uv":[1.5,9.5,1.5625,9.5625],"texture":"#0"},"east":{"uv":[5.25,1.25,7.75,1.3125],"texture":"#0"},"south":{"uv":[9.5,1.5,9.5625,1.5625],"texture":"#0"},"west":{"uv":[5.25,1.5,7.75,1.5625],"texture":"#0"},"up":{"uv":[3.0625,7.75,3,5.25],"texture":"#0"},"down":{"uv":[3.3125,5.25,3.25,7.75],"texture":"#0"}}},{"from":[7.44599,9.23986,-10.5],"to":[7.80199,9.53986,-0.5],"rotation":{"angle":-45,"axis":"z","origin":[7.95199,8.61486,-3.125]},"faces":{"north":{"uv":[1.75,9.5,1.8125,9.5625],"texture":"#0"},"east":{"uv":[5.25,1.75,7.75,1.8125],"texture":"#0"},"south":{"uv":[9.5,1.75,9.5625,1.8125],"texture":"#0"},"west":{"uv":[5.25,2,7.75,2.0625],"texture":"#0"},"up":{"uv":[3.5625,7.75,3.5,5.25],"texture":"#0"},"down":{"uv":[3.8125,5.25,3.75,7.75],"texture":"#0"}}},{"from":[7.498,9.248,11.998],"to":[8.502,10.252,18.002],"rotation":{"angle":0,"axis":"y","origin":[7,8.5,6.25]},"faces":{"north":{"uv":[4.75,3.75,5,4],"texture":"#0"},"east":{"uv":[3,1.75,4.5,2],"texture":"#0"},"south":{"uv":[6.25,5.75,6.5,6],"texture":"#0"},"west":{"uv":[2,3,3.5,3.25],"texture":"#0"},"up":{"uv":[2.25,4.75,2,3.25],"texture":"#0"},"down":{"uv":[2.5,3.25,2.25,4.75],"texture":"#0"}}},{"from":[7.5,6.25,17.5],"to":[8.5,9.5,18],"rotation":{"angle":0,"axis":"y","origin":[7,8.5,6.25]},"faces":{"north":{"uv":[0,4.5,0.25,5.3125],"texture":"#0"},"east":{"uv":[5.5,5.25,5.625,6.0625],"texture":"#0"},"south":{"uv":[0.25,4.5,0.5,5.3125],"texture":"#0"},"west":{"uv":[1,5.75,1.125,6.5625],"texture":"#0"},"up":{"uv":[2.75,7.625,2.5,7.5],"texture":"#0"},"down":{"uv":[7.75,2.5,7.5,2.625],"texture":"#0"}}},{"from":[7.5,8.25,17],"to":[8.5,8.75,17.5],"rotation":{"angle":0,"axis":"y","origin":[7,8.75,5.75]},"faces":{"north":{"uv":[2.75,7.5,3,7.625],"texture":"#0"},"east":{"uv":[8.75,2.25,8.875,2.375],"texture":"#0"},"south":{"uv":[7.5,2.75,7.75,2.875],"texture":"#0"},"west":{"uv":[2.5,8.75,2.625,8.875],"texture":"#0"},"up":{"uv":[7.75,3.125,7.5,3],"texture":"#0"},"down":{"uv":[7.75,3.25,7.5,3.375],"texture":"#0"}}},{"from":[7.75,6.25,16.5],"to":[8.25,8.75,17.5],"rotation":{"angle":0,"axis":"y","origin":[7,8.5,6]},"faces":{"north":{"uv":[2.25,6.25,2.375,6.875],"texture":"#0"},"east":{"uv":[5.25,2.25,5.5,2.875],"texture":"#0"},"south":{"uv":[6.25,2.25,6.375,2.875],"texture":"#0"},"west":{"uv":[4,5.25,4.25,5.875],"texture":"#0"},"up":{"uv":[7.625,3.75,7.5,3.5],"texture":"#0"},"down":{"uv":[7.625,3.75,7.5,4],"texture":"#0"}}},{"from":[7.75,6.25,16],"to":[8.25,6.5,16.5],"rotation":{"angle":0,"axis":"y","origin":[7,8.5,5.75]},"faces":{"north":{"uv":[5,9,5.125,9.0625],"texture":"#0"},"east":{"uv":[9,5,9.125,5.0625],"texture":"#0"},"south":{"uv":[5.25,9,5.375,9.0625],"texture":"#0"},"west":{"uv":[9,5.25,9.125,5.3125],"texture":"#0"},"up":{"uv":[8.875,2.625,8.75,2.5],"texture":"#0"},"down":{"uv":[2.875,8.75,2.75,8.875],"texture":"#0"}}},{"from":[7.752,6.35719,16.03081],"to":[8.248,6.60319,16.77681],"rotation":{"angle":-22.5,"axis":"x","origin":[8,6.48019,16.27881]},"faces":{"north":{"uv":[5.5,9,5.625,9.0625],"texture":"#0"},"east":{"uv":[0,9,0.1875,9.0625],"texture":"#0"},"south":{"uv":[9,5.5,9.125,5.5625],"texture":"#0"},"west":{"uv":[9,0,9.1875,0.0625],"texture":"#0"},"up":{"uv":[1.625,8.1875,1.5,8],"texture":"#0"},"down":{"uv":[1.875,8,1.75,8.1875],"texture":"#0"}}},{"from":[7.75,8.75,13.5],"to":[8.25,9.25,17.5],"rotation":{"angle":0,"axis":"y","origin":[7,9,6]},"faces":{"north":{"uv":[8.75,2.75,8.875,2.875],"texture":"#0"},"east":{"uv":[5.25,3,6.25,3.125],"texture":"#0"},"south":{"uv":[3,8.75,3.125,8.875],"texture":"#0"},"west":{"uv":[5.25,3.25,6.25,3.375],"texture":"#0"},"up":{"uv":[5.625,4.5,5.5,3.5],"texture":"#0"},"down":{"uv":[4.625,5.5,4.5,6.5],"texture":"#0"}}},{"from":[7.75,9.54417,12.25743],"to":[8.25,10.04417,13.75743],"rotation":{"angle":22.5,"axis":"x","origin":[8,9.79417,11.63243]},"faces":{"north":{"uv":[8.75,3,8.875,3.125],"texture":"#0"},"east":{"uv":[6.75,4.25,7.125,4.375],"texture":"#0"},"south":{"uv":[3.25,8.75,3.375,8.875],"texture":"#0"},"west":{"uv":[6.75,4.5,7.125,4.625],"texture":"#0"},"up":{"uv":[5.625,7.125,5.5,6.75],"texture":"#0"},"down":{"uv":[5.875,6.75,5.75,7.125],"texture":"#0"}}},{"from":[7.752,6.89603,15.97607],"to":[8.248,9.14203,16.97207],"rotation":{"angle":-22.5,"axis":"x","origin":[8,8.14403,16.59907]},"faces":{"north":{"uv":[4.75,6.25,4.875,6.8125],"texture":"#0"},"east":{"uv":[4.25,5.25,4.5,5.8125],"texture":"#0"},"south":{"uv":[5,6.25,5.125,6.8125],"texture":"#0"},"west":{"uv":[5,5.25,5.25,5.8125],"texture":"#0"},"up":{"uv":[7.625,4.25,7.5,4],"texture":"#0"},"down":{"uv":[7.625,4.25,7.5,4.5],"texture":"#0"}}},{"from":[7.5,9.25,0.25],"to":[8.5,10.25,12],"rotation":{"angle":0,"axis":"y","origin":[7,8.5,6.25]},"faces":{"north":{"uv":[6.25,6,6.5,6.25],"texture":"#0"},"east":{"uv":[0,1,2.9375,1.25],"texture":"#0"},"south":{"uv":[6.25,6.25,6.5,6.5],"texture":"#0"},"west":{"uv":[0,1.25,2.9375,1.5],"texture":"#0"},"up":{"uv":[0.25,4.4375,0,1.5],"texture":"#0"},"down":{"uv":[0.5,1.5,0.25,4.4375],"texture":"#0"}}},{"from":[7.625,10.25,0.25],"to":[8.375,10.375,12],"rotation":{"angle":0,"axis":"y","origin":[7,8.5,6]},"faces":{"north":{"uv":[0.25,9,0.4375,9.0625],"texture":"#0"},"east":{"uv":[4.75,0,7.6875,0.0625],"texture":"#0"},"south":{"uv":[9,0.25,9.1875,0.3125],"texture":"#0"},"west":{"uv":[4.75,0.25,7.6875,0.3125],"texture":"#0"},"up":{"uv":[1.1875,5.6875,1,2.75],"texture":"#0"},"down":{"uv":[1.4375,2.75,1.25,5.6875],"texture":"#0"}}},{"from":[8.175,8.05,2.05],"to":[8.325,10.45,2.2],"rotation":{"angle":0,"axis":"y","origin":[7,8.375,-3]},"faces":{"north":{"uv":[4,7,4.0625,7.625],"texture":"#0"},"east":{"uv":[4.25,7,4.3125,7.625],"texture":"#0"},"south":{"uv":[4.5,7,4.5625,7.625],"texture":"#0"},"west":{"uv":[4.75,7,4.8125,7.625],"texture":"#0"},"up":{"uv":[10.3125,6.0625,10.25,6],"texture":"#0"},"down":{"uv":[6.3125,10.25,6.25,10.3125],"texture":"#0"}}},{"from":[7.925,8.05,2.05],"to":[8.075,10.45,2.2],"rotation":{"angle":0,"axis":"y","origin":[6.75,8.375,-3]},"faces":{"north":{"uv":[5,7,5.0625,7.625],"texture":"#0"},"east":{"uv":[5.25,7,5.3125,7.625],"texture":"#0"},"south":{"uv":[6,7,6.0625,7.625],"texture":"#0"},"west":{"uv":[6.25,7,6.3125,7.625],"texture":"#0"},"up":{"uv":[10.3125,6.3125,10.25,6.25],"texture":"#0"},"down":{"uv":[6.5625,10.25,6.5,10.3125],"texture":"#0"}}},{"from":[8.175,10.125,0.05],"to":[8.325,10.2,0.2],"rotation":{"angle":0,"axis":"y","origin":[7,8.125,-5]},"faces":{"north":{"uv":[10.25,6.5,10.3125,6.5625],"texture":"#0"},"east":{"uv":[6.75,10.25,6.8125,10.3125],"texture":"#0"},"south":{"uv":[10.25,6.75,10.3125,6.8125],"texture":"#0"},"west":{"uv":[7,10.25,7.0625,10.3125],"texture":"#0"},"up":{"uv":[10.3125,7.0625,10.25,7],"texture":"#0"},"down":{"uv":[7.3125,10.25,7.25,10.3125],"texture":"#0"}}},{"from":[7.925,10.125,0.05],"to":[8.075,10.2,0.2],"rotation":{"angle":0,"axis":"y","origin":[6.75,8.125,-5]},"faces":{"north":{"uv":[10.25,7.25,10.3125,7.3125],"texture":"#0"},"east":{"uv":[7.5,10.25,7.5625,10.3125],"texture":"#0"},"south":{"uv":[10.25,7.5,10.3125,7.5625],"texture":"#0"},"west":{"uv":[7.75,10.25,7.8125,10.3125],"texture":"#0"},"up":{"uv":[10.3125,7.8125,10.25,7.75],"texture":"#0"},"down":{"uv":[8.0625,10.25,8,10.3125],"texture":"#0"}}},{"from":[7.675,10.125,0.05],"to":[7.825,10.2,0.2],"rotation":{"angle":0,"axis":"y","origin":[6.5,8.125,-5]},"faces":{"north":{"uv":[10.25,8,10.3125,8.0625],"texture":"#0"},"east":{"uv":[8.25,10.25,8.3125,10.3125],"texture":"#0"},"south":{"uv":[10.25,8.25,10.3125,8.3125],"texture":"#0"},"west":{"uv":[8.5,10.25,8.5625,10.3125],"texture":"#0"},"up":{"uv":[10.3125,8.5625,10.25,8.5],"texture":"#0"},"down":{"uv":[8.8125,10.25,8.75,10.3125],"texture":"#0"}}},{"from":[7.675,10.75,1.05],"to":[7.825,10.825,1.2],"rotation":{"angle":0,"axis":"y","origin":[6.5,8.75,-4]},"faces":{"north":{"uv":[10.25,8.75,10.3125,8.8125],"texture":"#0"},"east":{"uv":[9,10.25,9.0625,10.3125],"texture":"#0"},"south":{"uv":[10.25,9,10.3125,9.0625],"texture":"#0"},"west":{"uv":[9.25,10.25,9.3125,10.3125],"texture":"#0"},"up":{"uv":[10.3125,9.3125,10.25,9.25],"texture":"#0"},"down":{"uv":[9.5625,10.25,9.5,10.3125],"texture":"#0"}}},{"from":[8.175,10.75,1.05],"to":[8.325,10.825,1.2],"rotation":{"angle":0,"axis":"y","origin":[7,8.75,-4]},"faces":{"north":{"uv":[10.25,9.5,10.3125,9.5625],"texture":"#0"},"east":{"uv":[9.75,10.25,9.8125,10.3125],"texture":"#0"},"south":{"uv":[10.25,9.75,10.3125,9.8125],"texture":"#0"},"west":{"uv":[10,10.25,10.0625,10.3125],"texture":"#0"},"up":{"uv":[10.3125,10.0625,10.25,10],"texture":"#0"},"down":{"uv":[10.3125,10.25,10.25,10.3125],"texture":"#0"}}},{"from":[8.175,10.75,1.55],"to":[8.325,10.825,1.7],"rotation":{"angle":0,"axis":"y","origin":[7,8.75,-3.5]},"faces":{"north":{"uv":[0,10.5,0.0625,10.5625],"texture":"#0"},"east":{"uv":[10.5,0,10.5625,0.0625],"texture":"#0"},"south":{"uv":[0.25,10.5,0.3125,10.5625],"texture":"#0"},"west":{"uv":[10.5,0.25,10.5625,0.3125],"texture":"#0"},"up":{"uv":[0.5625,10.5625,0.5,10.5],"texture":"#0"},"down":{"uv":[10.5625,0.5,10.5,0.5625],"texture":"#0"}}},{"from":[8.175,10.75,1.3],"to":[8.325,10.825,1.45],"rotation":{"angle":0,"axis":"y","origin":[7,8.75,-3.75]},"faces":{"north":{"uv":[0.75,10.5,0.8125,10.5625],"texture":"#0"},"east":{"uv":[10.5,0.75,10.5625,0.8125],"texture":"#0"},"south":{"uv":[1,10.5,1.0625,10.5625],"texture":"#0"},"west":{"uv":[10.5,1,10.5625,1.0625],"texture":"#0"},"up":{"uv":[1.3125,10.5625,1.25,10.5],"texture":"#0"},"down":{"uv":[10.5625,1.25,10.5,1.3125],"texture":"#0"}}},{"from":[7.675,10.75,1.55],"to":[7.825,10.825,1.7],"rotation":{"angle":0,"axis":"y","origin":[6.5,8.75,-3.5]},"faces":{"north":{"uv":[1.5,10.5,1.5625,10.5625],"texture":"#0"},"east":{"uv":[10.5,1.5,10.5625,1.5625],"texture":"#0"},"south":{"uv":[1.75,10.5,1.8125,10.5625],"texture":"#0"},"west":{"uv":[10.5,1.75,10.5625,1.8125],"texture":"#0"},"up":{"uv":[2.0625,10.5625,2,10.5],"texture":"#0"},"down":{"uv":[10.5625,2,10.5,2.0625],"texture":"#0"}}},{"from":[7.675,10.75,1.3],"to":[7.825,10.825,1.45],"rotation":{"angle":0,"axis":"y","origin":[6.5,8.75,-3.75]},"faces":{"north":{"uv":[2.25,10.5,2.3125,10.5625],"texture":"#0"},"east":{"uv":[10.5,2.25,10.5625,2.3125],"texture":"#0"},"south":{"uv":[2.5,10.5,2.5625,10.5625],"texture":"#0"},"west":{"uv":[10.5,2.5,10.5625,2.5625],"texture":"#0"},"up":{"uv":[2.8125,10.5625,2.75,10.5],"texture":"#0"},"down":{"uv":[10.5625,2.75,10.5,2.8125],"texture":"#0"}}},{"from":[7.925,10.75,1.3],"to":[8.075,10.825,1.45],"rotation":{"angle":0,"axis":"y","origin":[6.75,8.75,-3.75]},"faces":{"north":{"uv":[2.25,10.5,2.3125,10.5625],"texture":"#0"},"east":{"uv":[10.5,2.25,10.5625,2.3125],"texture":"#0"},"south":{"uv":[2.5,10.5,2.5625,10.5625],"texture":"#0"},"west":{"uv":[10.5,2.5,10.5625,2.5625],"texture":"#0"},"up":{"uv":[2.8125,10.5625,2.75,10.5],"texture":"#0"},"down":{"uv":[10.5625,2.75,10.5,2.8125],"texture":"#0"}}},{"from":[7.925,10.75,1.55],"to":[8.075,10.825,1.7],"rotation":{"angle":0,"axis":"y","origin":[6.75,8.75,-3.5]},"faces":{"north":{"uv":[1.5,10.5,1.5625,10.5625],"texture":"#0"},"east":{"uv":[10.5,1.5,10.5625,1.5625],"texture":"#0"},"south":{"uv":[1.75,10.5,1.8125,10.5625],"texture":"#0"},"west":{"uv":[10.5,1.75,10.5625,1.8125],"texture":"#0"},"up":{"uv":[2.0625,10.5625,2,10.5],"texture":"#0"},"down":{"uv":[10.5625,2,10.5,2.0625],"texture":"#0"}}},{"from":[7.925,10.75,1.05],"to":[8.075,10.825,1.2],"rotation":{"angle":0,"axis":"y","origin":[6.75,8.75,-4]},"faces":{"north":{"uv":[3,10.5,3.0625,10.5625],"texture":"#0"},"east":{"uv":[10.5,3,10.5625,3.0625],"texture":"#0"},"south":{"uv":[3.25,10.5,3.3125,10.5625],"texture":"#0"},"west":{"uv":[10.5,3.25,10.5625,3.3125],"texture":"#0"},"up":{"uv":[3.5625,10.5625,3.5,10.5],"texture":"#0"},"down":{"uv":[10.5625,3.5,10.5,3.5625],"texture":"#0"}}},{"from":[7.675,8.05,2.05],"to":[7.825,10.45,2.2],"rotation":{"angle":0,"axis":"y","origin":[6.5,8.375,-3]},"faces":{"north":{"uv":[7,6.5,7.0625,7.125],"texture":"#0"},"east":{"uv":[0,7.25,0.0625,7.875],"texture":"#0"},"south":{"uv":[0.25,7.25,0.3125,7.875],"texture":"#0"},"west":{"uv":[1,7.25,1.0625,7.875],"texture":"#0"},"up":{"uv":[3.8125,10.5625,3.75,10.5],"texture":"#0"},"down":{"uv":[10.5625,3.75,10.5,3.8125],"texture":"#0"}}},{"from":[7.675,8.05,0.55],"to":[7.825,10.45,0.7],"rotation":{"angle":0,"axis":"y","origin":[6.5,8.375,-4.5]},"faces":{"north":{"uv":[7,6.5,7.0625,7.125],"texture":"#0"},"east":{"uv":[0,7.25,0.0625,7.875],"texture":"#0"},"south":{"uv":[0.25,7.25,0.3125,7.875],"texture":"#0"},"west":{"uv":[1,7.25,1.0625,7.875],"texture":"#0"},"up":{"uv":[3.8125,10.5625,3.75,10.5],"texture":"#0"},"down":{"uv":[10.5625,3.75,10.5,3.8125],"texture":"#0"}}},{"from":[7.925,8.05,0.55],"to":[8.075,10.45,0.7],"rotation":{"angle":0,"axis":"y","origin":[6.75,8.375,-4.5]},"faces":{"north":{"uv":[5,7,5.0625,7.625],"texture":"#0"},"east":{"uv":[5.25,7,5.3125,7.625],"texture":"#0"},"south":{"uv":[6,7,6.0625,7.625],"texture":"#0"},"west":{"uv":[6.25,7,6.3125,7.625],"texture":"#0"},"up":{"uv":[10.3125,6.3125,10.25,6.25],"texture":"#0"},"down":{"uv":[6.5625,10.25,6.5,10.3125],"texture":"#0"}}},{"from":[8.175,8.05,0.55],"to":[8.325,10.45,0.7],"rotation":{"angle":0,"axis":"y","origin":[7,8.375,-4.5]},"faces":{"north":{"uv":[4,7,4.0625,7.625],"texture":"#0"},"east":{"uv":[4.25,7,4.3125,7.625],"texture":"#0"},"south":{"uv":[4.5,7,4.5625,7.625],"texture":"#0"},"west":{"uv":[4.75,7,4.8125,7.625],"texture":"#0"},"up":{"uv":[10.3125,6.0625,10.25,6],"texture":"#0"},"down":{"uv":[6.3125,10.25,6.25,10.3125],"texture":"#0"}}},{"from":[7.625,10.375,1],"to":[8.375,10.75,1.75],"rotation":{"angle":0,"axis":"y","origin":[7,8.375,-4]},"faces":{"north":{"uv":[2,8,2.1875,8.125],"texture":"#0"},"east":{"uv":[2.25,8,2.4375,8.125],"texture":"#0"},"south":{"uv":[8,2.25,8.1875,2.375],"texture":"#0"},"west":{"uv":[2.5,8,2.6875,8.125],"texture":"#0"},"up":{"uv":[7.1875,4.1875,7,4],"texture":"#0"},"down":{"uv":[1.4375,7.25,1.25,7.4375],"texture":"#0"}}},{"from":[7.625,9.5,-0.25],"to":[8.375,9.875,0.25],"rotation":{"angle":0,"axis":"y","origin":[7,8,-5]},"faces":{"north":{"uv":[2.75,8,2.9375,8.125],"texture":"#0"},"east":{"uv":[8.75,3.25,8.875,3.375],"texture":"#0"},"south":{"uv":[3,8,3.1875,8.125],"texture":"#0"},"west":{"uv":[3.5,8.75,3.625,8.875],"texture":"#0"},"up":{"uv":[3.4375,8.125,3.25,8],"texture":"#0"},"down":{"uv":[3.6875,8,3.5,8.125],"texture":"#0"}}},{"from":[7.625,9.875,0],"to":[8.375,10.125,0.25],"rotation":{"angle":0,"axis":"y","origin":[7,7.85,-5]},"faces":{"north":{"uv":[0.5,9,0.6875,9.0625],"texture":"#0"},"east":{"uv":[4,10.5,4.0625,10.5625],"texture":"#0"},"south":{"uv":[9,0.5,9.1875,0.5625],"texture":"#0"},"west":{"uv":[10.5,4,10.5625,4.0625],"texture":"#0"},"up":{"uv":[0.9375,9.0625,0.75,9],"texture":"#0"},"down":{"uv":[9.1875,0.75,9,0.8125],"texture":"#0"}}},{"from":[7.625,9.82071,-0.22751],"to":[8.375,10.07071,0.12549],"rotation":{"angle":-45,"axis":"x","origin":[8,9.94571,-0.00251]},"faces":{"north":{"uv":[1,9,1.1875,9.0625],"texture":"#0"},"east":{"uv":[4.25,10.5,4.3125,10.5625],"texture":"#0"},"south":{"uv":[9,1,9.1875,1.0625],"texture":"#0"},"west":{"uv":[10.5,4.25,10.5625,4.3125],"texture":"#0"},"up":{"uv":[1.4375,9.0625,1.25,9],"texture":"#0"},"down":{"uv":[9.1875,1.25,9,1.3125],"texture":"#0"}}},{"from":[7.627,10.4481,0.77488],"to":[8.373,10.6941,1.12388],"rotation":{"angle":-45,"axis":"x","origin":[8,10.5711,0.99788]},"faces":{"north":{"uv":[1.5,9,1.6875,9.0625],"texture":"#0"},"east":{"uv":[4.5,10.5,4.5625,10.5625],"texture":"#0"},"south":{"uv":[9,1.5,9.1875,1.5625],"texture":"#0"},"west":{"uv":[10.5,4.5,10.5625,4.5625],"texture":"#0"},"up":{"uv":[1.9375,9.0625,1.75,9],"texture":"#0"},"down":{"uv":[9.1875,1.75,9,1.8125],"texture":"#0"}}},{"from":[8.075,10.75,1.125],"to":[8.2,11.25,1.625],"rotation":{"angle":0,"axis":"y","origin":[6.95,8.5,-3.875]},"faces":{"north":{"uv":[5.75,9,5.8125,9.125],"texture":"#0"},"east":{"uv":[8.75,3.5,8.875,3.625],"texture":"#0"},"south":{"uv":[9,5.75,9.0625,5.875],"texture":"#0"},"west":{"uv":[3.75,8.75,3.875,8.875],"texture":"#0"},"up":{"uv":[6.0625,9.125,6,9],"texture":"#0"},"down":{"uv":[9.0625,6,9,6.125],"texture":"#0"}}},{"from":[7.8,10.75,1.125],"to":[7.925,11.25,1.625],"rotation":{"angle":0,"axis":"y","origin":[9.05,8.5,-3.875]},"faces":{"north":{"uv":[6.25,9,6.3125,9.125],"texture":"#0"},"east":{"uv":[8.75,3.75,8.875,3.875],"texture":"#0"},"south":{"uv":[9,6.25,9.0625,6.375],"texture":"#0"},"west":{"uv":[4,8.75,4.125,8.875],"texture":"#0"},"up":{"uv":[6.5625,9.125,6.5,9],"texture":"#0"},"down":{"uv":[9.0625,6.5,9,6.625],"texture":"#0"}}},{"from":[7.625,10.375,10.5],"to":[8.375,10.75,11.25],"rotation":{"angle":0,"axis":"y","origin":[7,8.375,5.5]},"faces":{"north":{"uv":[2,8,2.1875,8.125],"texture":"#0"},"east":{"uv":[2.25,8,2.4375,8.125],"texture":"#0"},"south":{"uv":[8,2.25,8.1875,2.375],"texture":"#0"},"west":{"uv":[2.5,8,2.6875,8.125],"texture":"#0"},"up":{"uv":[7.1875,4.1875,7,4],"texture":"#0"},"down":{"uv":[1.4375,7.25,1.25,7.4375],"texture":"#0"}}},{"from":[8.075,10.75,10.625],"to":[8.2,11.25,11.125],"rotation":{"angle":0,"axis":"y","origin":[6.95,8.5,5.625]},"faces":{"north":{"uv":[5.75,9,5.8125,9.125],"texture":"#0"},"east":{"uv":[8.75,3.5,8.875,3.625],"texture":"#0"},"south":{"uv":[9,5.75,9.0625,5.875],"texture":"#0"},"west":{"uv":[3.75,8.75,3.875,8.875],"texture":"#0"},"up":{"uv":[6.0625,9.125,6,9],"texture":"#0"},"down":{"uv":[9.0625,6,9,6.125],"texture":"#0"}}},{"from":[7.8,10.75,10.625],"to":[7.925,11.25,11.125],"rotation":{"angle":0,"axis":"y","origin":[9.05,8.5,5.625]},"faces":{"north":{"uv":[6.25,9,6.3125,9.125],"texture":"#0"},"east":{"uv":[8.75,3.75,8.875,3.875],"texture":"#0"},"south":{"uv":[9,6.25,9.0625,6.375],"texture":"#0"},"west":{"uv":[4,8.75,4.125,8.875],"texture":"#0"},"up":{"uv":[6.5625,9.125,6.5,9],"texture":"#0"},"down":{"uv":[9.0625,6.5,9,6.625],"texture":"#0"}}},{"from":[7.925,10.75,10.55],"to":[8.075,10.825,10.7],"rotation":{"angle":0,"axis":"y","origin":[6.75,8.75,5.5]},"faces":{"north":{"uv":[3,10.5,3.0625,10.5625],"texture":"#0"},"east":{"uv":[10.5,3,10.5625,3.0625],"texture":"#0"},"south":{"uv":[3.25,10.5,3.3125,10.5625],"texture":"#0"},"west":{"uv":[10.5,3.25,10.5625,3.3125],"texture":"#0"},"up":{"uv":[3.5625,10.5625,3.5,10.5],"texture":"#0"},"down":{"uv":[10.5625,3.5,10.5,3.5625],"texture":"#0"}}},{"from":[7.925,10.75,10.8],"to":[8.075,10.825,10.95],"rotation":{"angle":0,"axis":"y","origin":[6.75,8.75,5.75]},"faces":{"north":{"uv":[3,10.5,3.0625,10.5625],"texture":"#0"},"east":{"uv":[10.5,3,10.5625,3.0625],"texture":"#0"},"south":{"uv":[3.25,10.5,3.3125,10.5625],"texture":"#0"},"west":{"uv":[10.5,3.25,10.5625,3.3125],"texture":"#0"},"up":{"uv":[3.5625,10.5625,3.5,10.5],"texture":"#0"},"down":{"uv":[10.5625,3.5,10.5,3.5625],"texture":"#0"}}},{"from":[8.175,10.75,10.55],"to":[8.325,10.825,10.7],"rotation":{"angle":0,"axis":"y","origin":[7,8.75,5.5]},"faces":{"north":{"uv":[10.25,9.5,10.3125,9.5625],"texture":"#0"},"east":{"uv":[9.75,10.25,9.8125,10.3125],"texture":"#0"},"south":{"uv":[10.25,9.75,10.3125,9.8125],"texture":"#0"},"west":{"uv":[10,10.25,10.0625,10.3125],"texture":"#0"},"up":{"uv":[10.3125,10.0625,10.25,10],"texture":"#0"},"down":{"uv":[10.3125,10.25,10.25,10.3125],"texture":"#0"}}},{"from":[7.675,10.75,10.55],"to":[7.825,10.825,10.7],"rotation":{"angle":0,"axis":"y","origin":[6.5,8.75,5.5]},"faces":{"north":{"uv":[10.25,8.75,10.3125,8.8125],"texture":"#0"},"east":{"uv":[9,10.25,9.0625,10.3125],"texture":"#0"},"south":{"uv":[10.25,9,10.3125,9.0625],"texture":"#0"},"west":{"uv":[9.25,10.25,9.3125,10.3125],"texture":"#0"},"up":{"uv":[10.3125,9.3125,10.25,9.25],"texture":"#0"},"down":{"uv":[9.5625,10.25,9.5,10.3125],"texture":"#0"}}},{"from":[7.675,10.75,10.8],"to":[7.825,10.825,10.95],"rotation":{"angle":0,"axis":"y","origin":[6.5,8.75,5.75]},"faces":{"north":{"uv":[2.25,10.5,2.3125,10.5625],"texture":"#0"},"east":{"uv":[10.5,2.25,10.5625,2.3125],"texture":"#0"},"south":{"uv":[2.5,10.5,2.5625,10.5625],"texture":"#0"},"west":{"uv":[10.5,2.5,10.5625,2.5625],"texture":"#0"},"up":{"uv":[2.8125,10.5625,2.75,10.5],"texture":"#0"},"down":{"uv":[10.5625,2.75,10.5,2.8125],"texture":"#0"}}},{"from":[8.175,10.75,10.8],"to":[8.325,10.825,10.95],"rotation":{"angle":0,"axis":"y","origin":[7,8.75,5.75]},"faces":{"north":{"uv":[0.75,10.5,0.8125,10.5625],"texture":"#0"},"east":{"uv":[10.5,0.75,10.5625,0.8125],"texture":"#0"},"south":{"uv":[1,10.5,1.0625,10.5625],"texture":"#0"},"west":{"uv":[10.5,1,10.5625,1.0625],"texture":"#0"},"up":{"uv":[1.3125,10.5625,1.25,10.5],"texture":"#0"},"down":{"uv":[10.5625,1.25,10.5,1.3125],"texture":"#0"}}},{"from":[7.925,10.75,11.05],"to":[8.075,10.825,11.2],"rotation":{"angle":0,"axis":"y","origin":[6.75,8.75,6]},"faces":{"north":{"uv":[3,10.5,3.0625,10.5625],"texture":"#0"},"east":{"uv":[10.5,3,10.5625,3.0625],"texture":"#0"},"south":{"uv":[3.25,10.5,3.3125,10.5625],"texture":"#0"},"west":{"uv":[10.5,3.25,10.5625,3.3125],"texture":"#0"},"up":{"uv":[3.5625,10.5625,3.5,10.5],"texture":"#0"},"down":{"uv":[10.5625,3.5,10.5,3.5625],"texture":"#0"}}},{"from":[7.675,10.75,11.05],"to":[7.825,10.825,11.2],"rotation":{"angle":0,"axis":"y","origin":[6.5,8.75,6]},"faces":{"north":{"uv":[2.25,10.5,2.3125,10.5625],"texture":"#0"},"east":{"uv":[10.5,2.25,10.5625,2.3125],"texture":"#0"},"south":{"uv":[2.5,10.5,2.5625,10.5625],"texture":"#0"},"west":{"uv":[10.5,2.5,10.5625,2.5625],"texture":"#0"},"up":{"uv":[2.8125,10.5625,2.75,10.5],"texture":"#0"},"down":{"uv":[10.5625,2.75,10.5,2.8125],"texture":"#0"}}},{"from":[8.175,10.75,11.05],"to":[8.325,10.825,11.2],"rotation":{"angle":0,"axis":"y","origin":[7,8.75,6]},"faces":{"north":{"uv":[0.75,10.5,0.8125,10.5625],"texture":"#0"},"east":{"uv":[10.5,0.75,10.5625,0.8125],"texture":"#0"},"south":{"uv":[1,10.5,1.0625,10.5625],"texture":"#0"},"west":{"uv":[10.5,1,10.5625,1.0625],"texture":"#0"},"up":{"uv":[1.3125,10.5625,1.25,10.5],"texture":"#0"},"down":{"uv":[10.5625,1.25,10.5,1.3125],"texture":"#0"}}},{"from":[7.627,10.4481,10.27488],"to":[8.373,10.6941,10.62388],"rotation":{"angle":-45,"axis":"x","origin":[8,10.5711,10.49788]},"faces":{"north":{"uv":[1.5,9,1.6875,9.0625],"texture":"#0"},"east":{"uv":[4.5,10.5,4.5625,10.5625],"texture":"#0"},"south":{"uv":[9,1.5,9.1875,1.5625],"texture":"#0"},"west":{"uv":[10.5,4.5,10.5625,4.5625],"texture":"#0"},"up":{"uv":[1.9375,9.0625,1.75,9],"texture":"#0"},"down":{"uv":[9.1875,1.75,9,1.8125],"texture":"#0"}}},{"from":[7.675,10.375,11.55],"to":[7.825,10.45,11.7],"rotation":{"angle":0,"axis":"y","origin":[6.5,8.375,6.5]},"faces":{"north":{"uv":[4.75,10.5,4.8125,10.5625],"texture":"#0"},"east":{"uv":[10.5,4.75,10.5625,4.8125],"texture":"#0"},"south":{"uv":[5,10.5,5.0625,10.5625],"texture":"#0"},"west":{"uv":[10.5,5,10.5625,5.0625],"texture":"#0"},"up":{"uv":[5.3125,10.5625,5.25,10.5],"texture":"#0"},"down":{"uv":[10.5625,5.25,10.5,5.3125],"texture":"#0"}}},{"from":[7.925,10.375,11.55],"to":[8.075,10.45,11.7],"rotation":{"angle":0,"axis":"y","origin":[6.75,8.375,6.5]},"faces":{"north":{"uv":[5.5,10.5,5.5625,10.5625],"texture":"#0"},"east":{"uv":[10.5,5.5,10.5625,5.5625],"texture":"#0"},"south":{"uv":[5.75,10.5,5.8125,10.5625],"texture":"#0"},"west":{"uv":[10.5,5.75,10.5625,5.8125],"texture":"#0"},"up":{"uv":[6.0625,10.5625,6,10.5],"texture":"#0"},"down":{"uv":[10.5625,6,10.5,6.0625],"texture":"#0"}}},{"from":[8.175,10.375,11.55],"to":[8.325,10.45,11.7],"rotation":{"angle":0,"axis":"y","origin":[7,8.375,6.5]},"faces":{"north":{"uv":[6.25,10.5,6.3125,10.5625],"texture":"#0"},"east":{"uv":[10.5,6.25,10.5625,6.3125],"texture":"#0"},"south":{"uv":[6.5,10.5,6.5625,10.5625],"texture":"#0"},"west":{"uv":[10.5,6.5,10.5625,6.5625],"texture":"#0"},"up":{"uv":[6.8125,10.5625,6.75,10.5],"texture":"#0"},"down":{"uv":[10.5625,6.75,10.5,6.8125],"texture":"#0"}}},{"from":[7.625,10.375,11.75],"to":[8.375,10.5,12],"rotation":{"angle":0,"axis":"y","origin":[7,8.375,6.75]},"faces":{"north":{"uv":[2,9,2.1875,9.0625],"texture":"#0"},"east":{"uv":[7,10.5,7.0625,10.5625],"texture":"#0"},"south":{"uv":[9,2,9.1875,2.0625],"texture":"#0"},"west":{"uv":[10.5,7,10.5625,7.0625],"texture":"#0"},"up":{"uv":[2.4375,9.0625,2.25,9],"texture":"#0"},"down":{"uv":[9.1875,2.25,9,2.3125],"texture":"#0"}}},{"from":[7.625,10.375,11.25],"to":[8.375,10.5,11.5],"rotation":{"angle":0,"axis":"y","origin":[7,8.375,6.25]},"faces":{"north":{"uv":[2,9,2.1875,9.0625],"texture":"#0"},"east":{"uv":[7,10.5,7.0625,10.5625],"texture":"#0"},"south":{"uv":[9,2,9.1875,2.0625],"texture":"#0"},"west":{"uv":[10.5,7,10.5625,7.0625],"texture":"#0"},"up":{"uv":[2.4375,9.0625,2.25,9],"texture":"#0"},"down":{"uv":[9.1875,2.25,9,2.3125],"texture":"#0"}}},{"from":[7.625,10.375,10.25],"to":[8.375,10.5,10.5],"rotation":{"angle":0,"axis":"y","origin":[7,8.375,5.25]},"faces":{"north":{"uv":[2,9,2.1875,9.0625],"texture":"#0"},"east":{"uv":[7,10.5,7.0625,10.5625],"texture":"#0"},"south":{"uv":[9,2,9.1875,2.0625],"texture":"#0"},"west":{"uv":[10.5,7,10.5625,7.0625],"texture":"#0"},"up":{"uv":[2.4375,9.0625,2.25,9],"texture":"#0"},"down":{"uv":[9.1875,2.25,9,2.3125],"texture":"#0"}}},{"from":[7.625,10.375,9.75],"to":[8.375,10.5,10],"rotation":{"angle":0,"axis":"y","origin":[7,8.375,4.75]},"faces":{"north":{"uv":[2,9,2.1875,9.0625],"texture":"#0"},"east":{"uv":[7,10.5,7.0625,10.5625],"texture":"#0"},"south":{"uv":[9,2,9.1875,2.0625],"texture":"#0"},"west":{"uv":[10.5,7,10.5625,7.0625],"texture":"#0"},"up":{"uv":[2.4375,9.0625,2.25,9],"texture":"#0"},"down":{"uv":[9.1875,2.25,9,2.3125],"texture":"#0"}}},{"from":[7.625,10.375,8.75],"to":[8.375,10.5,9],"rotation":{"angle":0,"axis":"y","origin":[7,8.375,3.75]},"faces":{"north":{"uv":[2,9,2.1875,9.0625],"texture":"#0"},"east":{"uv":[7,10.5,7.0625,10.5625],"texture":"#0"},"south":{"uv":[9,2,9.1875,2.0625],"texture":"#0"},"west":{"uv":[10.5,7,10.5625,7.0625],"texture":"#0"},"up":{"uv":[2.4375,9.0625,2.25,9],"texture":"#0"},"down":{"uv":[9.1875,2.25,9,2.3125],"texture":"#0"}}},{"from":[7.625,10.375,9.25],"to":[8.375,10.5,9.5],"rotation":{"angle":0,"axis":"y","origin":[7,8.375,4.25]},"faces":{"north":{"uv":[2,9,2.1875,9.0625],"texture":"#0"},"east":{"uv":[7,10.5,7.0625,10.5625],"texture":"#0"},"south":{"uv":[9,2,9.1875,2.0625],"texture":"#0"},"west":{"uv":[10.5,7,10.5625,7.0625],"texture":"#0"},"up":{"uv":[2.4375,9.0625,2.25,9],"texture":"#0"},"down":{"uv":[9.1875,2.25,9,2.3125],"texture":"#0"}}},{"from":[7.625,10.375,7.75],"to":[8.375,10.5,8],"rotation":{"angle":0,"axis":"y","origin":[7,8.375,2.75]},"faces":{"north":{"uv":[2,9,2.1875,9.0625],"texture":"#0"},"east":{"uv":[7,10.5,7.0625,10.5625],"texture":"#0"},"south":{"uv":[9,2,9.1875,2.0625],"texture":"#0"},"west":{"uv":[10.5,7,10.5625,7.0625],"texture":"#0"},"up":{"uv":[2.4375,9.0625,2.25,9],"texture":"#0"},"down":{"uv":[9.1875,2.25,9,2.3125],"texture":"#0"}}},{"from":[7.625,10.375,8.25],"to":[8.375,10.5,8.5],"rotation":{"angle":0,"axis":"y","origin":[7,8.375,3.25]},"faces":{"north":{"uv":[2,9,2.1875,9.0625],"texture":"#0"},"east":{"uv":[7,10.5,7.0625,10.5625],"texture":"#0"},"south":{"uv":[9,2,9.1875,2.0625],"texture":"#0"},"west":{"uv":[10.5,7,10.5625,7.0625],"texture":"#0"},"up":{"uv":[2.4375,9.0625,2.25,9],"texture":"#0"},"down":{"uv":[9.1875,2.25,9,2.3125],"texture":"#0"}}},{"from":[7.625,10.375,6.75],"to":[8.375,10.5,7],"rotation":{"angle":0,"axis":"y","origin":[7,8.375,1.75]},"faces":{"north":{"uv":[2,9,2.1875,9.0625],"texture":"#0"},"east":{"uv":[7,10.5,7.0625,10.5625],"texture":"#0"},"south":{"uv":[9,2,9.1875,2.0625],"texture":"#0"},"west":{"uv":[10.5,7,10.5625,7.0625],"texture":"#0"},"up":{"uv":[2.4375,9.0625,2.25,9],"texture":"#0"},"down":{"uv":[9.1875,2.25,9,2.3125],"texture":"#0"}}},{"from":[7.625,10.375,7.25],"to":[8.375,10.5,7.5],"rotation":{"angle":0,"axis":"y","origin":[7,8.375,2.25]},"faces":{"north":{"uv":[2,9,2.1875,9.0625],"texture":"#0"},"east":{"uv":[7,10.5,7.0625,10.5625],"texture":"#0"},"south":{"uv":[9,2,9.1875,2.0625],"texture":"#0"},"west":{"uv":[10.5,7,10.5625,7.0625],"texture":"#0"},"up":{"uv":[2.4375,9.0625,2.25,9],"texture":"#0"},"down":{"uv":[9.1875,2.25,9,2.3125],"texture":"#0"}}},{"from":[7.625,10.375,4.25],"to":[8.375,10.5,4.5],"rotation":{"angle":0,"axis":"y","origin":[7,8.375,-0.75]},"faces":{"north":{"uv":[2,9,2.1875,9.0625],"texture":"#0"},"east":{"uv":[7,10.5,7.0625,10.5625],"texture":"#0"},"south":{"uv":[9,2,9.1875,2.0625],"texture":"#0"},"west":{"uv":[10.5,7,10.5625,7.0625],"texture":"#0"},"up":{"uv":[2.4375,9.0625,2.25,9],"texture":"#0"},"down":{"uv":[9.1875,2.25,9,2.3125],"texture":"#0"}}},{"from":[7.625,10.375,4.75],"to":[8.375,10.5,5],"rotation":{"angle":0,"axis":"y","origin":[7,8.375,-0.25]},"faces":{"north":{"uv":[2,9,2.1875,9.0625],"texture":"#0"},"east":{"uv":[7,10.5,7.0625,10.5625],"texture":"#0"},"south":{"uv":[9,2,9.1875,2.0625],"texture":"#0"},"west":{"uv":[10.5,7,10.5625,7.0625],"texture":"#0"},"up":{"uv":[2.4375,9.0625,2.25,9],"texture":"#0"},"down":{"uv":[9.1875,2.25,9,2.3125],"texture":"#0"}}},{"from":[7.625,10.375,5.25],"to":[8.375,10.5,5.5],"rotation":{"angle":0,"axis":"y","origin":[7,8.375,0.25]},"faces":{"north":{"uv":[2,9,2.1875,9.0625],"texture":"#0"},"east":{"uv":[7,10.5,7.0625,10.5625],"texture":"#0"},"south":{"uv":[9,2,9.1875,2.0625],"texture":"#0"},"west":{"uv":[10.5,7,10.5625,7.0625],"texture":"#0"},"up":{"uv":[2.4375,9.0625,2.25,9],"texture":"#0"},"down":{"uv":[9.1875,2.25,9,2.3125],"texture":"#0"}}},{"from":[7.625,10.375,5.75],"to":[8.375,10.5,6],"rotation":{"angle":0,"axis":"y","origin":[7,8.375,0.75]},"faces":{"north":{"uv":[2,9,2.1875,9.0625],"texture":"#0"},"east":{"uv":[7,10.5,7.0625,10.5625],"texture":"#0"},"south":{"uv":[9,2,9.1875,2.0625],"texture":"#0"},"west":{"uv":[10.5,7,10.5625,7.0625],"texture":"#0"},"up":{"uv":[2.4375,9.0625,2.25,9],"texture":"#0"},"down":{"uv":[9.1875,2.25,9,2.3125],"texture":"#0"}}},{"from":[7.625,10.375,6.25],"to":[8.375,10.5,6.5],"rotation":{"angle":0,"axis":"y","origin":[7,8.375,1.25]},"faces":{"north":{"uv":[2,9,2.1875,9.0625],"texture":"#0"},"east":{"uv":[7,10.5,7.0625,10.5625],"texture":"#0"},"south":{"uv":[9,2,9.1875,2.0625],"texture":"#0"},"west":{"uv":[10.5,7,10.5625,7.0625],"texture":"#0"},"up":{"uv":[2.4375,9.0625,2.25,9],"texture":"#0"},"down":{"uv":[9.1875,2.25,9,2.3125],"texture":"#0"}}},{"from":[7.625,10.375,1.75],"to":[8.375,10.5,2],"rotation":{"angle":0,"axis":"y","origin":[7,8.375,-3.25]},"faces":{"north":{"uv":[2,9,2.1875,9.0625],"texture":"#0"},"east":{"uv":[7,10.5,7.0625,10.5625],"texture":"#0"},"south":{"uv":[9,2,9.1875,2.0625],"texture":"#0"},"west":{"uv":[10.5,7,10.5625,7.0625],"texture":"#0"},"up":{"uv":[2.4375,9.0625,2.25,9],"texture":"#0"},"down":{"uv":[9.1875,2.25,9,2.3125],"texture":"#0"}}},{"from":[7.625,10.375,0.75],"to":[8.375,10.5,1],"rotation":{"angle":0,"axis":"y","origin":[7,8.375,-4.25]},"faces":{"north":{"uv":[2,9,2.1875,9.0625],"texture":"#0"},"east":{"uv":[7,10.5,7.0625,10.5625],"texture":"#0"},"south":{"uv":[9,2,9.1875,2.0625],"texture":"#0"},"west":{"uv":[10.5,7,10.5625,7.0625],"texture":"#0"},"up":{"uv":[2.4375,9.0625,2.25,9],"texture":"#0"},"down":{"uv":[9.1875,2.25,9,2.3125],"texture":"#0"}}},{"from":[7.625,10.375,0.25],"to":[8.375,10.5,0.5],"rotation":{"angle":0,"axis":"y","origin":[7,8.375,-4.75]},"faces":{"north":{"uv":[2,9,2.1875,9.0625],"texture":"#0"},"east":{"uv":[7,10.5,7.0625,10.5625],"texture":"#0"},"south":{"uv":[9,2,9.1875,2.0625],"texture":"#0"},"west":{"uv":[10.5,7,10.5625,7.0625],"texture":"#0"},"up":{"uv":[2.4375,9.0625,2.25,9],"texture":"#0"},"down":{"uv":[9.1875,2.25,9,2.3125],"texture":"#0"}}},{"from":[7.625,10.375,2.25],"to":[8.375,10.5,2.5],"rotation":{"angle":0,"axis":"y","origin":[7,8.375,-2.75]},"faces":{"north":{"uv":[2,9,2.1875,9.0625],"texture":"#0"},"east":{"uv":[7,10.5,7.0625,10.5625],"texture":"#0"},"south":{"uv":[9,2,9.1875,2.0625],"texture":"#0"},"west":{"uv":[10.5,7,10.5625,7.0625],"texture":"#0"},"up":{"uv":[2.4375,9.0625,2.25,9],"texture":"#0"},"down":{"uv":[9.1875,2.25,9,2.3125],"texture":"#0"}}},{"from":[7.625,10.375,2.75],"to":[8.375,10.5,3],"rotation":{"angle":0,"axis":"y","origin":[7,8.375,-2.25]},"faces":{"north":{"uv":[2,9,2.1875,9.0625],"texture":"#0"},"east":{"uv":[7,10.5,7.0625,10.5625],"texture":"#0"},"south":{"uv":[9,2,9.1875,2.0625],"texture":"#0"},"west":{"uv":[10.5,7,10.5625,7.0625],"texture":"#0"},"up":{"uv":[2.4375,9.0625,2.25,9],"texture":"#0"},"down":{"uv":[9.1875,2.25,9,2.3125],"texture":"#0"}}},{"from":[7.625,10.375,3.25],"to":[8.375,10.5,3.5],"rotation":{"angle":0,"axis":"y","origin":[7,8.375,-1.75]},"faces":{"north":{"uv":[2,9,2.1875,9.0625],"texture":"#0"},"east":{"uv":[7,10.5,7.0625,10.5625],"texture":"#0"},"south":{"uv":[9,2,9.1875,2.0625],"texture":"#0"},"west":{"uv":[10.5,7,10.5625,7.0625],"texture":"#0"},"up":{"uv":[2.4375,9.0625,2.25,9],"texture":"#0"},"down":{"uv":[9.1875,2.25,9,2.3125],"texture":"#0"}}},{"from":[7.625,10.375,3.75],"to":[8.375,10.5,4],"rotation":{"angle":0,"axis":"y","origin":[7,8.375,-1.25]},"faces":{"north":{"uv":[2,9,2.1875,9.0625],"texture":"#0"},"east":{"uv":[7,10.5,7.0625,10.5625],"texture":"#0"},"south":{"uv":[9,2,9.1875,2.0625],"texture":"#0"},"west":{"uv":[10.5,7,10.5625,7.0625],"texture":"#0"},"up":{"uv":[2.4375,9.0625,2.25,9],"texture":"#0"},"down":{"uv":[9.1875,2.25,9,2.3125],"texture":"#0"}}},{"from":[7.825,8,6.5],"to":[8.175,8.25,8.5],"rotation":{"angle":0,"axis":"y","origin":[7,7.25,8]},"faces":{"north":{"uv":[9.5,10.5,9.5625,10.5625],"texture":"#0"},"east":{"uv":[7.5,4.5,8,4.5625],"texture":"#0"},"south":{"uv":[10.5,9.5,10.5625,9.5625],"texture":"#0"},"west":{"uv":[7.5,4.75,8,4.8125],"texture":"#0"},"up":{"uv":[7.5625,5.5,7.5,5],"texture":"#0"},"down":{"uv":[7.5625,5.5,7.5,6],"texture":"#0"}}},{"from":[7.875,8.5,7.75],"to":[8.125,9.25,8],"rotation":{"angle":0,"axis":"y","origin":[7,10.5,6.75]},"faces":{"north":{"uv":[2.5,9,2.5625,9.1875],"texture":"#0"},"east":{"uv":[9,2.5,9.0625,2.6875],"texture":"#0"},"south":{"uv":[2.75,9,2.8125,9.1875],"texture":"#0"},"west":{"uv":[9,2.75,9.0625,2.9375],"texture":"#0"},"up":{"uv":[9.8125,10.5625,9.75,10.5],"texture":"#0"},"down":{"uv":[10.5625,9.75,10.5,9.8125],"texture":"#0"}}},{"from":[7.675,10.375,2.55],"to":[7.825,10.45,10.2],"rotation":{"angle":0,"axis":"y","origin":[7.675,10.375,2.45]},"faces":{"north":{"uv":[1.5,5.5,1.6875,5.5625],"texture":"#1"},"east":{"uv":[1.5,0,11.0625,0.0625],"texture":"#1"},"south":{"uv":[5.5,1.5,5.6875,1.5625],"texture":"#1"},"west":{"uv":[11.0625,0,1.5,0.0625],"texture":"#1"}}},{"from":[7.925,10.375,2.55],"to":[8.075,10.45,10.2],"rotation":{"angle":0,"axis":"y","origin":[7.925,10.375,2.45]},"faces":{"east":{"uv":[1.5,0,11.0625,0.0625],"texture":"#1"},"south":{"uv":[5.5,1.5,5.6875,1.5625],"texture":"#1"},"west":{"uv":[11.0625,0,1.5,0.0625],"texture":"#1"}}},{"from":[8.175,10.375,2.55],"to":[8.325,10.45,10.2],"rotation":{"angle":0,"axis":"y","origin":[8.175,10.375,2.45]},"faces":{"east":{"uv":[1.5,0,11.0625,0.0625],"texture":"#1"},"west":{"uv":[11.0625,0,1.5,0.0625],"texture":"#1"}}},{"from":[7.675,10.375,2.55],"to":[8.325,10.45,2.7],"rotation":{"angle":0,"axis":"y","origin":[10.175,10.375,2.55]},"faces":{"north":{"uv":[1.5,4.25,2.3125,4.3125],"texture":"#1"},"south":{"uv":[1.5,4.25,2.3125,4.3125],"texture":"#1"},"west":{"uv":[5.5,2.25,5.6875,2.3125],"texture":"#1"},"up":{"uv":[2.3125,1.6875,1.5,1.5],"texture":"#1"}}},{"from":[7.675,10.375,3.05],"to":[8.325,10.45,3.2],"rotation":{"angle":0,"axis":"y","origin":[10.175,10.375,3.05]},"faces":{"north":{"uv":[1.5,4.25,2.3125,4.3125],"texture":"#1"},"south":{"uv":[1.5,4.25,2.3125,4.3125],"texture":"#1"},"west":{"uv":[5.5,2.25,5.6875,2.3125],"texture":"#1"},"up":{"uv":[2.3125,1.6875,1.5,1.5],"texture":"#1"}}},{"from":[7.675,10.375,3.55],"to":[8.325,10.45,3.7],"rotation":{"angle":0,"axis":"y","origin":[10.175,10.375,3.55]},"faces":{"north":{"uv":[1.5,4.25,2.3125,4.3125],"texture":"#1"},"south":{"uv":[1.5,4.25,2.3125,4.3125],"texture":"#1"},"west":{"uv":[5.5,2.25,5.6875,2.3125],"texture":"#1"},"up":{"uv":[2.3125,1.6875,1.5,1.5],"texture":"#1"}}},{"from":[7.675,10.375,4.05],"to":[8.325,10.45,4.2],"rotation":{"angle":0,"axis":"y","origin":[10.175,10.375,4.05]},"faces":{"north":{"uv":[1.5,4.25,2.3125,4.3125],"texture":"#1"},"south":{"uv":[1.5,4.25,2.3125,4.3125],"texture":"#1"},"west":{"uv":[5.5,2.25,5.6875,2.3125],"texture":"#1"},"up":{"uv":[2.3125,1.6875,1.5,1.5],"texture":"#1"}}},{"from":[7.675,10.375,4.55],"to":[8.325,10.45,4.7],"rotation":{"angle":0,"axis":"y","origin":[10.175,10.375,4.55]},"faces":{"north":{"uv":[1.5,4.25,2.3125,4.3125],"texture":"#1"},"south":{"uv":[1.5,4.25,2.3125,4.3125],"texture":"#1"},"west":{"uv":[5.5,2.25,5.6875,2.3125],"texture":"#1"},"up":{"uv":[2.3125,1.6875,1.5,1.5],"texture":"#1"}}},{"from":[7.675,10.375,5.05],"to":[8.325,10.45,5.2],"rotation":{"angle":0,"axis":"y","origin":[10.175,10.375,5.05]},"faces":{"north":{"uv":[1.5,4.25,2.3125,4.3125],"texture":"#1"},"south":{"uv":[1.5,4.25,2.3125,4.3125],"texture":"#1"},"west":{"uv":[5.5,2.25,5.6875,2.3125],"texture":"#1"},"up":{"uv":[2.3125,1.6875,1.5,1.5],"texture":"#1"}}},{"from":[7.675,10.375,5.55],"to":[8.325,10.45,5.7],"rotation":{"angle":0,"axis":"y","origin":[10.175,10.375,5.55]},"faces":{"north":{"uv":[1.5,4.25,2.3125,4.3125],"texture":"#1"},"south":{"uv":[1.5,4.25,2.3125,4.3125],"texture":"#1"},"west":{"uv":[5.5,2.25,5.6875,2.3125],"texture":"#1"},"up":{"uv":[2.3125,1.6875,1.5,1.5],"texture":"#1"}}},{"from":[7.675,10.375,6.05],"to":[8.325,10.45,6.2],"rotation":{"angle":0,"axis":"y","origin":[10.175,10.375,6.05]},"faces":{"north":{"uv":[1.5,4.25,2.3125,4.3125],"texture":"#1"},"south":{"uv":[1.5,4.25,2.3125,4.3125],"texture":"#1"},"west":{"uv":[5.5,2.25,5.6875,2.3125],"texture":"#1"},"up":{"uv":[2.3125,1.6875,1.5,1.5],"texture":"#1"}}},{"from":[7.675,10.375,6.55],"to":[8.325,10.45,6.7],"rotation":{"angle":0,"axis":"y","origin":[10.175,10.375,6.55]},"faces":{"north":{"uv":[1.5,4.25,2.3125,4.3125],"texture":"#1"},"south":{"uv":[1.5,4.25,2.3125,4.3125],"texture":"#1"},"west":{"uv":[5.5,2.25,5.6875,2.3125],"texture":"#1"},"up":{"uv":[2.3125,1.6875,1.5,1.5],"texture":"#1"}}},{"from":[7.675,10.375,7.05],"to":[8.325,10.45,7.2],"rotation":{"angle":0,"axis":"y","origin":[10.175,10.375,7.05]},"faces":{"north":{"uv":[1.5,4.25,2.3125,4.3125],"texture":"#1"},"south":{"uv":[1.5,4.25,2.3125,4.3125],"texture":"#1"},"west":{"uv":[5.5,2.25,5.6875,2.3125],"texture":"#1"},"up":{"uv":[2.3125,1.6875,1.5,1.5],"texture":"#1"}}},{"from":[7.675,10.375,7.55],"to":[8.325,10.45,7.7],"rotation":{"angle":0,"axis":"y","origin":[10.175,10.375,7.55]},"faces":{"north":{"uv":[1.5,4.25,2.3125,4.3125],"texture":"#1"},"south":{"uv":[1.5,4.25,2.3125,4.3125],"texture":"#1"},"west":{"uv":[5.5,2.25,5.6875,2.3125],"texture":"#1"},"up":{"uv":[2.3125,1.6875,1.5,1.5],"texture":"#1"}}},{"from":[7.675,10.375,8.05],"to":[8.325,10.45,8.2],"rotation":{"angle":0,"axis":"y","origin":[10.175,10.375,8.05]},"faces":{"north":{"uv":[1.5,4.25,2.3125,4.3125],"texture":"#1"},"south":{"uv":[1.5,4.25,2.3125,4.3125],"texture":"#1"},"west":{"uv":[5.5,2.25,5.6875,2.3125],"texture":"#1"},"up":{"uv":[2.3125,1.6875,1.5,1.5],"texture":"#1"}}},{"from":[7.675,10.375,8.55],"to":[8.325,10.45,8.7],"rotation":{"angle":0,"axis":"y","origin":[10.175,10.375,8.55]},"faces":{"north":{"uv":[1.5,4.25,2.3125,4.3125],"texture":"#1"},"south":{"uv":[1.5,4.25,2.3125,4.3125],"texture":"#1"},"west":{"uv":[5.5,2.25,5.6875,2.3125],"texture":"#1"},"up":{"uv":[2.3125,1.6875,1.5,1.5],"texture":"#1"}}},{"from":[7.675,10.375,9.05],"to":[8.325,10.45,9.2],"rotation":{"angle":0,"axis":"y","origin":[10.175,10.375,9.05]},"faces":{"north":{"uv":[1.5,4.25,2.3125,4.3125],"texture":"#1"},"south":{"uv":[1.5,4.25,2.3125,4.3125],"texture":"#1"},"up":{"uv":[2.3125,1.6875,1.5,1.5],"texture":"#1"}}},{"from":[7.675,10.375,9.55],"to":[8.325,10.45,9.7],"rotation":{"angle":0,"axis":"y","origin":[10.175,10.375,9.55]},"faces":{"north":{"uv":[1.5,4.25,2.3125,4.3125],"texture":"#1"},"south":{"uv":[1.5,4.25,2.3125,4.3125],"texture":"#1"},"up":{"uv":[2.3125,1.6875,1.5,1.5],"texture":"#1"}}},{"from":[7.675,10.375,10.05],"to":[8.325,10.45,10.2],"rotation":{"angle":0,"axis":"y","origin":[10.175,10.375,10.05]},"faces":{"north":{"uv":[1.5,4.25,2.3125,4.3125],"texture":"#1"},"south":{"uv":[1.5,4.25,2.3125,4.3125],"texture":"#1"},"up":{"uv":[2.3125,1.6875,1.5,1.5],"texture":"#1"}}}],"gui_light":"front"}