{
	"format_version": "1.21.6",
	"credit": "Made with Blockbench",
	"texture_size": [32, 32],
	"textures": {
		"0": "item/flans/weapons/smg/smg",
		"particle": "item/flans/weapons/smg/smg"
	},
	"elements": [
		{
			"name": "smg_0",
			"from": [3, 13, 0],
			"to": [4, 16, 1],
			"faces": {
				"north": {"uv": [4, 0, 3, 3], "texture": "#0"},
				"east": {"uv": [3, 0, 4, 3], "texture": "#0"},
				"south": {"uv": [3, 0, 4, 3], "texture": "#0"},
				"west": {"uv": [3, 0, 4, 3], "texture": "#0"},
				"up": {"uv": [3, 0, 4, 1], "texture": "#0"},
				"down": {"uv": [3, 2, 4, 3], "texture": "#0"}
			}
		},
		{
			"name": "smg_1",
			"from": [2, 14, 0],
			"to": [3, 15, 1],
			"faces": {
				"north": {"uv": [3, 1, 2, 2], "texture": "#0"},
				"east": {"uv": [2, 1, 3, 2], "texture": "#0"},
				"south": {"uv": [2, 1, 3, 2], "texture": "#0"},
				"west": {"uv": [2, 1, 3, 2], "texture": "#0"},
				"up": {"uv": [2, 1, 3, 2], "texture": "#0"},
				"down": {"uv": [2, 1, 3, 2], "texture": "#0"}
			}
		},
		{
			"name": "smg_2",
			"from": [4, 12, 0],
			"to": [5, 15, 1],
			"faces": {
				"north": {"uv": [5, 1, 4, 4], "texture": "#0"},
				"east": {"uv": [4, 1, 5, 4], "texture": "#0"},
				"south": {"uv": [4, 1, 5, 4], "texture": "#0"},
				"west": {"uv": [4, 1, 5, 4], "texture": "#0"},
				"up": {"uv": [4, 1, 5, 2], "texture": "#0"},
				"down": {"uv": [4, 3, 5, 4], "texture": "#0"}
			}
		},
		{
			"name": "smg_3",
			"from": [5, 10, 0],
			"to": [6, 14, 1],
			"faces": {
				"north": {"uv": [6, 2, 5, 6], "texture": "#0"},
				"east": {"uv": [5, 2, 6, 6], "texture": "#0"},
				"south": {"uv": [5, 2, 6, 6], "texture": "#0"},
				"west": {"uv": [5, 2, 6, 6], "texture": "#0"},
				"up": {"uv": [5, 2, 6, 3], "texture": "#0"},
				"down": {"uv": [5, 5, 6, 6], "texture": "#0"}
			}
		},
		{
			"name": "smg_4",
			"from": [6, 6, 0],
			"to": [7, 13, 1],
			"faces": {
				"north": {"uv": [7, 3, 6, 10], "texture": "#0"},
				"east": {"uv": [6, 3, 7, 10], "texture": "#0"},
				"south": {"uv": [6, 3, 7, 10], "texture": "#0"},
				"west": {"uv": [6, 3, 7, 10], "texture": "#0"},
				"up": {"uv": [6, 3, 7, 4], "texture": "#0"},
				"down": {"uv": [6, 9, 7, 10], "texture": "#0"}
			}
		},
		{
			"name": "smg_5",
			"from": [7, 7, 0],
			"to": [9, 12, 1],
			"faces": {
				"north": {"uv": [9, 4, 7, 9], "texture": "#0"},
				"east": {"uv": [8, 4, 9, 9], "texture": "#0"},
				"south": {"uv": [7, 4, 9, 9], "texture": "#0"},
				"west": {"uv": [7, 4, 8, 9], "texture": "#0"},
				"up": {"uv": [7, 4, 9, 5], "texture": "#0"},
				"down": {"uv": [7, 8, 9, 9], "texture": "#0"}
			}
		},
		{
			"name": "smg_6",
			"from": [9, 2, 0],
			"to": [10, 11, 1],
			"faces": {
				"north": {"uv": [10, 5, 9, 14], "texture": "#0"},
				"east": {"uv": [9, 5, 10, 14], "texture": "#0"},
				"south": {"uv": [9, 5, 10, 14], "texture": "#0"},
				"west": {"uv": [9, 5, 10, 14], "texture": "#0"},
				"up": {"uv": [9, 5, 10, 6], "texture": "#0"},
				"down": {"uv": [9, 13, 10, 14], "texture": "#0"}
			}
		},
		{
			"name": "smg_7",
			"from": [10, 3, 0],
			"to": [11, 10, 1],
			"faces": {
				"north": {"uv": [11, 6, 10, 13], "texture": "#0"},
				"east": {"uv": [10, 6, 11, 13], "texture": "#0"},
				"south": {"uv": [10, 6, 11, 13], "texture": "#0"},
				"west": {"uv": [10, 6, 11, 13], "texture": "#0"},
				"up": {"uv": [10, 6, 11, 7], "texture": "#0"},
				"down": {"uv": [10, 12, 11, 13], "texture": "#0"}
			}
		},
		{
			"name": "smg_8",
			"from": [5, 6, 0],
			"to": [6, 9, 1],
			"faces": {
				"north": {"uv": [6, 7, 5, 10], "texture": "#0"},
				"east": {"uv": [5, 7, 6, 10], "texture": "#0"},
				"south": {"uv": [5, 7, 6, 10], "texture": "#0"},
				"west": {"uv": [5, 7, 6, 10], "texture": "#0"},
				"up": {"uv": [5, 7, 6, 8], "texture": "#0"},
				"down": {"uv": [5, 9, 6, 10], "texture": "#0"}
			}
		},
		{
			"name": "smg_9",
			"from": [3, 5, 0],
			"to": [5, 8, 1],
			"faces": {
				"north": {"uv": [5, 8, 3, 11], "texture": "#0"},
				"east": {"uv": [4, 8, 5, 11], "texture": "#0"},
				"south": {"uv": [3, 8, 5, 11], "texture": "#0"},
				"west": {"uv": [3, 8, 4, 11], "texture": "#0"},
				"up": {"uv": [3, 8, 5, 9], "texture": "#0"},
				"down": {"uv": [3, 10, 5, 11], "texture": "#0"}
			}
		},
		{
			"name": "smg_10",
			"from": [11, 3, 0],
			"to": [12, 8, 1],
			"faces": {
				"north": {"uv": [12, 8, 11, 13], "texture": "#0"},
				"east": {"uv": [11, 8, 12, 13], "texture": "#0"},
				"south": {"uv": [11, 8, 12, 13], "texture": "#0"},
				"west": {"uv": [11, 8, 12, 13], "texture": "#0"},
				"up": {"uv": [11, 8, 12, 9], "texture": "#0"},
				"down": {"uv": [11, 12, 12, 13], "texture": "#0"}
			}
		},
		{
			"name": "smg_11",
			"from": [2, 6, 0],
			"to": [3, 7, 1],
			"faces": {
				"north": {"uv": [3, 9, 2, 10], "texture": "#0"},
				"east": {"uv": [2, 9, 3, 10], "texture": "#0"},
				"south": {"uv": [2, 9, 3, 10], "texture": "#0"},
				"west": {"uv": [2, 9, 3, 10], "texture": "#0"},
				"up": {"uv": [2, 9, 3, 10], "texture": "#0"},
				"down": {"uv": [2, 9, 3, 10], "texture": "#0"}
			}
		},
		{
			"name": "smg_12",
			"from": [8, 2, 0],
			"to": [9, 7, 1],
			"faces": {
				"north": {"uv": [9, 9, 8, 14], "texture": "#0"},
				"east": {"uv": [8, 9, 9, 14], "texture": "#0"},
				"south": {"uv": [8, 9, 9, 14], "texture": "#0"},
				"west": {"uv": [8, 9, 9, 14], "texture": "#0"},
				"up": {"uv": [8, 9, 9, 10], "texture": "#0"},
				"down": {"uv": [8, 13, 9, 14], "texture": "#0"}
			}
		},
		{
			"name": "smg_13",
			"from": [12, 1, 0],
			"to": [13, 7, 1],
			"faces": {
				"north": {"uv": [13, 9, 12, 15], "texture": "#0"},
				"east": {"uv": [12, 9, 13, 15], "texture": "#0"},
				"south": {"uv": [12, 9, 13, 15], "texture": "#0"},
				"west": {"uv": [12, 9, 13, 15], "texture": "#0"},
				"up": {"uv": [12, 9, 13, 10], "texture": "#0"},
				"down": {"uv": [12, 14, 13, 15], "texture": "#0"}
			}
		},
		{
			"name": "smg_14",
			"from": [13, 0, 0],
			"to": [14, 6, 1],
			"faces": {
				"north": {"uv": [14, 10, 13, 16], "texture": "#0"},
				"east": {"uv": [13, 10, 14, 16], "texture": "#0"},
				"south": {"uv": [13, 10, 14, 16], "texture": "#0"},
				"west": {"uv": [13, 10, 14, 16], "texture": "#0"},
				"up": {"uv": [13, 10, 14, 11], "texture": "#0"},
				"down": {"uv": [13, 15, 14, 16], "texture": "#0"}
			}
		},
		{
			"name": "smg_15",
			"from": [14, 0, 0],
			"to": [15, 5, 1],
			"faces": {
				"north": {"uv": [15, 11, 14, 16], "texture": "#0"},
				"east": {"uv": [14, 11, 15, 16], "texture": "#0"},
				"south": {"uv": [14, 11, 15, 16], "texture": "#0"},
				"west": {"uv": [14, 11, 15, 16], "texture": "#0"},
				"up": {"uv": [14, 11, 15, 12], "texture": "#0"},
				"down": {"uv": [14, 15, 15, 16], "texture": "#0"}
			}
		},
		{
			"name": "smg_16",
			"from": [15, 1, 0],
			"to": [16, 4, 1],
			"faces": {
				"north": {"uv": [16, 12, 15, 15], "texture": "#0"},
				"east": {"uv": [15, 12, 16, 15], "texture": "#0"},
				"south": {"uv": [15, 12, 16, 15], "texture": "#0"},
				"west": {"uv": [15, 12, 16, 15], "texture": "#0"},
				"up": {"uv": [15, 12, 16, 13], "texture": "#0"},
				"down": {"uv": [15, 14, 16, 15], "texture": "#0"}
			}
		}
	],
	"gui_light": "front",
	"display": {
		"thirdperson_righthand": {
			"rotation": [-40, -90, 0],
			"translation": [-5.75, 1.25, -2.25],
			"scale": [0.8, 0.8, 0.8]
		},
		"thirdperson_lefthand": {
			"rotation": [-40, 90, 0],
			"translation": [5.75, 1.25, -2.5],
			"scale": [0.8, 0.8, 0.8]
		},
		"firstperson_righthand": {
			"rotation": [1, -90, 35],
			"translation": [-5, 3.75, -2.5],
			"scale": [0.8, 0.8, 0.8]
		},
		"firstperson_lefthand": {
			"rotation": [0, 90, -35],
			"translation": [6, 4, -1.5],
			"scale": [0.8, 0.8, 0.8]
		},
		"ground": {
			"translation": [0, 3.5, 1.5],
			"scale": [0.8, 0.8, 0.8]
		},
		"gui": {
			"rotation": [14, -180, 0],
			"translation": [0.31, 1.75, 0]
		},
		"head": {
			"translation": [0, 13, 2]
		},
		"fixed": {
			"rotation": [1, -3, 90],
			"translation": [-0.25, -0.25, 7.5]
		}
	},
	"groups": [
		{
			"name": "smg",
			"origin": [8, 8, 8],
			"color": 0,
			"children": [0, 1, 2, 3, 4, 5, 6, 7, 8, 9, 10, 11, 12, 13, 14, 15, 16]
		}
	]
}