{
	"format_version": "1.21.6",
	"credit": "Made with Blockbench",
	"parent": "item/generated",
	"textures": {
		"particle": "item/flans/weapons/special/golden_minigun",
		"layer0": "item/flans/weapons/special/golden_minigun"
	},
	"display": {
		"thirdperson_righthand": {
			"rotation": [0, -90, -25],
			"translation": [0, -0.5, -1.75],
			"scale": [1, 1, 1]
		},
		"thirdperson_lefthand": {
			"rotation": [0, 90, 25],
			"translation": [0, -0.75, -1.75],
			"scale": [1, 1, 1]
		},
		"firstperson_righthand": {
			"rotation": [0, -90, 45],
			"translation": [0, 3.5, -0.25],
			"scale": [0.7, 0.7, 0.7]
		},
		"firstperson_lefthand": {
			"rotation": [0, 90, -45],
			"translation": [0, 3.5, 0.25],
			"scale": [0.7, 0.7, 0.7]
		},
		"ground": {
			"translation": [0, 3, 0],
			"scale": [0.7, 0.7, 0.7]
		},
		"head": {
			"translation": [0, 14.5, 0]
		}
	}
}