{"__comment":"DesignedbyCorporalBLOBERwithCubikStudio","textures":{"particle":"drugs/vodka","mesh_palette":"drugs/vodka"},"elements":[{"__comment":"Voxels-D4D4D4","from":[5.5,0,7],"to":[7,0.5,7.5],"faces":{"down":{"uv":[12.96,4.96,15.04,7.04],"texture":"#mesh_palette"},"up":{"uv":[12.96,4.96,15.04,7.04],"texture":"#mesh_palette"},"north":{"uv":[12.96,4.96,15.04,7.04],"texture":"#mesh_palette"},"south":{"uv":[12.96,4.96,15.04,7.04],"texture":"#mesh_palette"},"west":{"uv":[12.96,4.96,15.04,7.04],"texture":"#mesh_palette"},"east":{"uv":[12.96,4.96,15.04,7.04],"texture":"#mesh_palette"}}},{"__comment":"Voxels-D4D4D4","from":[5.5,0,7.5],"to":[6.5,0.5,9],"faces":{"down":{"uv":[12.96,4.96,15.04,7.04],"texture":"#mesh_palette"},"up":{"uv":[12.96,4.96,15.04,7.04],"texture":"#mesh_palette"},"north":{"uv":[12.96,4.96,15.04,7.04],"texture":"#mesh_palette"},"south":{"uv":[12.96,4.96,15.04,7.04],"texture":"#mesh_palette"},"west":{"uv":[12.96,4.96,15.04,7.04],"texture":"#mesh_palette"},"east":{"uv":[12.96,4.96,15.04,7.04],"texture":"#mesh_palette"}}},{"__comment":"Voxels-D9D9D9","from":[5.5,0.5,7],"to":[6,1,9],"faces":{"down":{"uv":[0.96,8.96,3.04,11.04],"texture":"#mesh_palette"},"up":{"uv":[0.96,8.96,3.04,11.04],"texture":"#mesh_palette"},"north":{"uv":[0.96,8.96,3.04,11.04],"texture":"#mesh_palette"},"south":{"uv":[0.96,8.96,3.04,11.04],"texture":"#mesh_palette"},"west":{"uv":[0.96,8.96,3.04,11.04],"texture":"#mesh_palette"},"east":{"uv":[0.96,8.96,3.04,11.04],"texture":"#mesh_palette"}}},{"__comment":"Voxels-DBDBDB","from":[5.5,1,7],"to":[6,1.5,9],"faces":{"down":{"uv":[4.96,8.96,7.04,11.04],"texture":"#mesh_palette"},"up":{"uv":[4.96,8.96,7.04,11.04],"texture":"#mesh_palette"},"north":{"uv":[4.96,8.96,7.04,11.04],"texture":"#mesh_palette"},"south":{"uv":[4.96,8.96,7.04,11.04],"texture":"#mesh_palette"},"west":{"uv":[4.96,8.96,7.04,11.04],"texture":"#mesh_palette"},"east":{"uv":[4.96,8.96,7.04,11.04],"texture":"#mesh_palette"}}},{"__comment":"Voxels-DFDFDF","from":[5.5,1.5,7],"to":[6,2,9],"faces":{"down":{"uv":[8.96,8.96,11.04,11.04],"texture":"#mesh_palette"},"up":{"uv":[8.96,8.96,11.04,11.04],"texture":"#mesh_palette"},"north":{"uv":[8.96,8.96,11.04,11.04],"texture":"#mesh_palette"},"south":{"uv":[8.96,8.96,11.04,11.04],"texture":"#mesh_palette"},"west":{"uv":[8.96,8.96,11.04,11.04],"texture":"#mesh_palette"},"east":{"uv":[8.96,8.96,11.04,11.04],"texture":"#mesh_palette"}}},{"__comment":"Voxels-E3E3E3","from":[5.5,2,7],"to":[6,9,9],"faces":{"down":{"uv":[4.96,0.96,7.04,3.04],"texture":"#mesh_palette"},"up":{"uv":[4.96,0.96,7.04,3.04],"texture":"#mesh_palette"},"north":{"uv":[4.96,0.96,7.04,3.04],"texture":"#mesh_palette"},"south":{"uv":[4.96,0.96,7.04,3.04],"texture":"#mesh_palette"},"west":{"uv":[4.96,0.96,7.04,3.04],"texture":"#mesh_palette"},"east":{"uv":[4.96,0.96,7.04,3.04],"texture":"#mesh_palette"}}},{"__comment":"Voxels-D4D4D4","from":[6,0,6.5],"to":[10,0.5,7],"faces":{"down":{"uv":[12.96,4.96,15.04,7.04],"texture":"#mesh_palette"},"up":{"uv":[12.96,4.96,15.04,7.04],"texture":"#mesh_palette"},"north":{"uv":[12.96,4.96,15.04,7.04],"texture":"#mesh_palette"},"south":{"uv":[12.96,4.96,15.04,7.04],"texture":"#mesh_palette"},"west":{"uv":[12.96,4.96,15.04,7.04],"texture":"#mesh_palette"},"east":{"uv":[12.96,4.96,15.04,7.04],"texture":"#mesh_palette"}}},{"__comment":"Voxels-D4D4D4","from":[6,0,9],"to":[10,0.5,9.5],"faces":{"down":{"uv":[12.96,4.96,15.04,7.04],"texture":"#mesh_palette"},"up":{"uv":[12.96,4.96,15.04,7.04],"texture":"#mesh_palette"},"north":{"uv":[12.96,4.96,15.04,7.04],"texture":"#mesh_palette"},"south":{"uv":[12.96,4.96,15.04,7.04],"texture":"#mesh_palette"},"west":{"uv":[12.96,4.96,15.04,7.04],"texture":"#mesh_palette"},"east":{"uv":[12.96,4.96,15.04,7.04],"texture":"#mesh_palette"}}},{"__comment":"Voxels-D9D9D9","from":[6,0.5,6.5],"to":[6.5,1,7],"faces":{"down":{"uv":[0.96,8.96,3.04,11.04],"texture":"#mesh_palette"},"up":{"uv":[0.96,8.96,3.04,11.04],"texture":"#mesh_palette"},"north":{"uv":[0.96,8.96,3.04,11.04],"texture":"#mesh_palette"},"south":{"uv":[0.96,8.96,3.04,11.04],"texture":"#mesh_palette"},"west":{"uv":[0.96,8.96,3.04,11.04],"texture":"#mesh_palette"},"east":{"uv":[0.96,8.96,3.04,11.04],"texture":"#mesh_palette"}}},{"__comment":"Voxels-D9D9D9","from":[6,0.5,9],"to":[6.5,1,9.5],"faces":{"down":{"uv":[0.96,8.96,3.04,11.04],"texture":"#mesh_palette"},"up":{"uv":[0.96,8.96,3.04,11.04],"texture":"#mesh_palette"},"north":{"uv":[0.96,8.96,3.04,11.04],"texture":"#mesh_palette"},"south":{"uv":[0.96,8.96,3.04,11.04],"texture":"#mesh_palette"},"west":{"uv":[0.96,8.96,3.04,11.04],"texture":"#mesh_palette"},"east":{"uv":[0.96,8.96,3.04,11.04],"texture":"#mesh_palette"}}},{"__comment":"Voxels-DBDBDB","from":[6,1,6.5],"to":[6.5,1.5,7],"faces":{"down":{"uv":[4.96,8.96,7.04,11.04],"texture":"#mesh_palette"},"up":{"uv":[4.96,8.96,7.04,11.04],"texture":"#mesh_palette"},"north":{"uv":[4.96,8.96,7.04,11.04],"texture":"#mesh_palette"},"south":{"uv":[4.96,8.96,7.04,11.04],"texture":"#mesh_palette"},"west":{"uv":[4.96,8.96,7.04,11.04],"texture":"#mesh_palette"},"east":{"uv":[4.96,8.96,7.04,11.04],"texture":"#mesh_palette"}}},{"__comment":"Voxels-DBDBDB","from":[6,1,9],"to":[6.5,1.5,9.5],"faces":{"down":{"uv":[4.96,8.96,7.04,11.04],"texture":"#mesh_palette"},"up":{"uv":[4.96,8.96,7.04,11.04],"texture":"#mesh_palette"},"north":{"uv":[4.96,8.96,7.04,11.04],"texture":"#mesh_palette"},"south":{"uv":[4.96,8.96,7.04,11.04],"texture":"#mesh_palette"},"west":{"uv":[4.96,8.96,7.04,11.04],"texture":"#mesh_palette"},"east":{"uv":[4.96,8.96,7.04,11.04],"texture":"#mesh_palette"}}},{"__comment":"Voxels-DFDFDF","from":[6,1.5,6.5],"to":[6.5,2,7],"faces":{"down":{"uv":[8.96,8.96,11.04,11.04],"texture":"#mesh_palette"},"up":{"uv":[8.96,8.96,11.04,11.04],"texture":"#mesh_palette"},"north":{"uv":[8.96,8.96,11.04,11.04],"texture":"#mesh_palette"},"south":{"uv":[8.96,8.96,11.04,11.04],"texture":"#mesh_palette"},"west":{"uv":[8.96,8.96,11.04,11.04],"texture":"#mesh_palette"},"east":{"uv":[8.96,8.96,11.04,11.04],"texture":"#mesh_palette"}}},{"__comment":"Voxels-DFDFDF","from":[6,1.5,9],"to":[6.5,2,9.5],"faces":{"down":{"uv":[8.96,8.96,11.04,11.04],"texture":"#mesh_palette"},"up":{"uv":[8.96,8.96,11.04,11.04],"texture":"#mesh_palette"},"north":{"uv":[8.96,8.96,11.04,11.04],"texture":"#mesh_palette"},"south":{"uv":[8.96,8.96,11.04,11.04],"texture":"#mesh_palette"},"west":{"uv":[8.96,8.96,11.04,11.04],"texture":"#mesh_palette"},"east":{"uv":[8.96,8.96,11.04,11.04],"texture":"#mesh_palette"}}},{"__comment":"Voxels-E3E3E3","from":[6,2,6.5],"to":[6.5,9,7],"faces":{"down":{"uv":[4.96,0.96,7.04,3.04],"texture":"#mesh_palette"},"up":{"uv":[4.96,0.96,7.04,3.04],"texture":"#mesh_palette"},"north":{"uv":[4.96,0.96,7.04,3.04],"texture":"#mesh_palette"},"south":{"uv":[4.96,0.96,7.04,3.04],"texture":"#mesh_palette"},"west":{"uv":[4.96,0.96,7.04,3.04],"texture":"#mesh_palette"},"east":{"uv":[4.96,0.96,7.04,3.04],"texture":"#mesh_palette"}}},{"__comment":"Voxels-E3E3E3","from":[6,2,9],"to":[6.5,9,9.5],"faces":{"down":{"uv":[4.96,0.96,7.04,3.04],"texture":"#mesh_palette"},"up":{"uv":[4.96,0.96,7.04,3.04],"texture":"#mesh_palette"},"north":{"uv":[4.96,0.96,7.04,3.04],"texture":"#mesh_palette"},"south":{"uv":[4.96,0.96,7.04,3.04],"texture":"#mesh_palette"},"west":{"uv":[4.96,0.96,7.04,3.04],"texture":"#mesh_palette"},"east":{"uv":[4.96,0.96,7.04,3.04],"texture":"#mesh_palette"}}},{"__comment":"Voxels-E3E3E3","from":[6,9,7],"to":[7,9.5,9],"faces":{"down":{"uv":[4.96,0.96,7.04,3.04],"texture":"#mesh_palette"},"up":{"uv":[4.96,0.96,7.04,3.04],"texture":"#mesh_palette"},"north":{"uv":[4.96,0.96,7.04,3.04],"texture":"#mesh_palette"},"south":{"uv":[4.96,0.96,7.04,3.04],"texture":"#mesh_palette"},"west":{"uv":[4.96,0.96,7.04,3.04],"texture":"#mesh_palette"},"east":{"uv":[4.96,0.96,7.04,3.04],"texture":"#mesh_palette"}}},{"__comment":"Voxels-D4D4D4","from":[6.5,0,6],"to":[9.5,0.5,6.5],"faces":{"down":{"uv":[12.96,4.96,15.04,7.04],"texture":"#mesh_palette"},"up":{"uv":[12.96,4.96,15.04,7.04],"texture":"#mesh_palette"},"north":{"uv":[12.96,4.96,15.04,7.04],"texture":"#mesh_palette"},"south":{"uv":[12.96,4.96,15.04,7.04],"texture":"#mesh_palette"},"west":{"uv":[12.96,4.96,15.04,7.04],"texture":"#mesh_palette"},"east":{"uv":[12.96,4.96,15.04,7.04],"texture":"#mesh_palette"}}},{"__comment":"Voxels-D4D4D4","from":[6.5,0,8.5],"to":[7,0.5,9],"faces":{"down":{"uv":[12.96,4.96,15.04,7.04],"texture":"#mesh_palette"},"up":{"uv":[12.96,4.96,15.04,7.04],"texture":"#mesh_palette"},"north":{"uv":[12.96,4.96,15.04,7.04],"texture":"#mesh_palette"},"south":{"uv":[12.96,4.96,15.04,7.04],"texture":"#mesh_palette"},"west":{"uv":[12.96,4.96,15.04,7.04],"texture":"#mesh_palette"},"east":{"uv":[12.96,4.96,15.04,7.04],"texture":"#mesh_palette"}}},{"__comment":"Voxels-D4D4D4","from":[6.5,0,9.5],"to":[9.5,0.5,10],"faces":{"down":{"uv":[12.96,4.96,15.04,7.04],"texture":"#mesh_palette"},"up":{"uv":[12.96,4.96,15.04,7.04],"texture":"#mesh_palette"},"north":{"uv":[12.96,4.96,15.04,7.04],"texture":"#mesh_palette"},"south":{"uv":[12.96,4.96,15.04,7.04],"texture":"#mesh_palette"},"west":{"uv":[12.96,4.96,15.04,7.04],"texture":"#mesh_palette"},"east":{"uv":[12.96,4.96,15.04,7.04],"texture":"#mesh_palette"}}},{"__comment":"Voxels-D9D9D9","from":[6.5,0.5,6],"to":[9.5,1,6.5],"faces":{"down":{"uv":[0.96,8.96,3.04,11.04],"texture":"#mesh_palette"},"up":{"uv":[0.96,8.96,3.04,11.04],"texture":"#mesh_palette"},"north":{"uv":[0.96,8.96,3.04,11.04],"texture":"#mesh_palette"},"south":{"uv":[0.96,8.96,3.04,11.04],"texture":"#mesh_palette"},"west":{"uv":[0.96,8.96,3.04,11.04],"texture":"#mesh_palette"},"east":{"uv":[0.96,8.96,3.04,11.04],"texture":"#mesh_palette"}}},{"__comment":"Voxels-D9D9D9","from":[6.5,0.5,7.5],"to":[9.5,1,8.5],"faces":{"down":{"uv":[0.96,8.96,3.04,11.04],"texture":"#mesh_palette"},"up":{"uv":[0.96,8.96,3.04,11.04],"texture":"#mesh_palette"},"north":{"uv":[0.96,8.96,3.04,11.04],"texture":"#mesh_palette"},"south":{"uv":[0.96,8.96,3.04,11.04],"texture":"#mesh_palette"},"west":{"uv":[0.96,8.96,3.04,11.04],"texture":"#mesh_palette"},"east":{"uv":[0.96,8.96,3.04,11.04],"texture":"#mesh_palette"}}},{"__comment":"Voxels-D9D9D9","from":[6.5,0.5,9.5],"to":[9.5,1,10],"faces":{"down":{"uv":[0.96,8.96,3.04,11.04],"texture":"#mesh_palette"},"up":{"uv":[0.96,8.96,3.04,11.04],"texture":"#mesh_palette"},"north":{"uv":[0.96,8.96,3.04,11.04],"texture":"#mesh_palette"},"south":{"uv":[0.96,8.96,3.04,11.04],"texture":"#mesh_palette"},"west":{"uv":[0.96,8.96,3.04,11.04],"texture":"#mesh_palette"},"east":{"uv":[0.96,8.96,3.04,11.04],"texture":"#mesh_palette"}}},{"__comment":"Voxels-DBDBDB","from":[6.5,1,6],"to":[9.5,1.5,6.5],"faces":{"down":{"uv":[4.96,8.96,7.04,11.04],"texture":"#mesh_palette"},"up":{"uv":[4.96,8.96,7.04,11.04],"texture":"#mesh_palette"},"north":{"uv":[4.96,8.96,7.04,11.04],"texture":"#mesh_palette"},"south":{"uv":[4.96,8.96,7.04,11.04],"texture":"#mesh_palette"},"west":{"uv":[4.96,8.96,7.04,11.04],"texture":"#mesh_palette"},"east":{"uv":[4.96,8.96,7.04,11.04],"texture":"#mesh_palette"}}},{"__comment":"Voxels-DBDBDB","from":[6.5,1,9.5],"to":[9.5,1.5,10],"faces":{"down":{"uv":[4.96,8.96,7.04,11.04],"texture":"#mesh_palette"},"up":{"uv":[4.96,8.96,7.04,11.04],"texture":"#mesh_palette"},"north":{"uv":[4.96,8.96,7.04,11.04],"texture":"#mesh_palette"},"south":{"uv":[4.96,8.96,7.04,11.04],"texture":"#mesh_palette"},"west":{"uv":[4.96,8.96,7.04,11.04],"texture":"#mesh_palette"},"east":{"uv":[4.96,8.96,7.04,11.04],"texture":"#mesh_palette"}}},{"__comment":"Voxels-DFDFDF","from":[6.5,1.5,6],"to":[9.5,2,6.5],"faces":{"down":{"uv":[8.96,8.96,11.04,11.04],"texture":"#mesh_palette"},"up":{"uv":[8.96,8.96,11.04,11.04],"texture":"#mesh_palette"},"north":{"uv":[8.96,8.96,11.04,11.04],"texture":"#mesh_palette"},"south":{"uv":[8.96,8.96,11.04,11.04],"texture":"#mesh_palette"},"west":{"uv":[8.96,8.96,11.04,11.04],"texture":"#mesh_palette"},"east":{"uv":[8.96,8.96,11.04,11.04],"texture":"#mesh_palette"}}},{"__comment":"Voxels-DFDFDF","from":[6.5,1.5,9.5],"to":[9.5,2,10],"faces":{"down":{"uv":[8.96,8.96,11.04,11.04],"texture":"#mesh_palette"},"up":{"uv":[8.96,8.96,11.04,11.04],"texture":"#mesh_palette"},"north":{"uv":[8.96,8.96,11.04,11.04],"texture":"#mesh_palette"},"south":{"uv":[8.96,8.96,11.04,11.04],"texture":"#mesh_palette"},"west":{"uv":[8.96,8.96,11.04,11.04],"texture":"#mesh_palette"},"east":{"uv":[8.96,8.96,11.04,11.04],"texture":"#mesh_palette"}}},{"__comment":"Voxels-E3E3E3","from":[6.5,2,6],"to":[9.5,9,6.5],"faces":{"down":{"uv":[4.96,0.96,7.04,3.04],"texture":"#mesh_palette"},"up":{"uv":[4.96,0.96,7.04,3.04],"texture":"#mesh_palette"},"north":{"uv":[4.96,0.96,7.04,3.04],"texture":"#mesh_palette"},"south":{"uv":[4.96,0.96,7.04,3.04],"texture":"#mesh_palette"},"west":{"uv":[4.96,0.96,7.04,3.04],"texture":"#mesh_palette"},"east":{"uv":[4.96,0.96,7.04,3.04],"texture":"#mesh_palette"}}},{"__comment":"Voxels-E3E3E3","from":[6.5,2,9.5],"to":[9.5,9,10],"faces":{"down":{"uv":[4.96,0.96,7.04,3.04],"texture":"#mesh_palette"},"up":{"uv":[4.96,0.96,7.04,3.04],"texture":"#mesh_palette"},"north":{"uv":[4.96,0.96,7.04,3.04],"texture":"#mesh_palette"},"south":{"uv":[4.96,0.96,7.04,3.04],"texture":"#mesh_palette"},"west":{"uv":[4.96,0.96,7.04,3.04],"texture":"#mesh_palette"},"east":{"uv":[4.96,0.96,7.04,3.04],"texture":"#mesh_palette"}}},{"__comment":"Voxels-E3E3E3","from":[6.5,9,6.5],"to":[9.5,9.5,7],"faces":{"down":{"uv":[4.96,0.96,7.04,3.04],"texture":"#mesh_palette"},"up":{"uv":[4.96,0.96,7.04,3.04],"texture":"#mesh_palette"},"north":{"uv":[4.96,0.96,7.04,3.04],"texture":"#mesh_palette"},"south":{"uv":[4.96,0.96,7.04,3.04],"texture":"#mesh_palette"},"west":{"uv":[4.96,0.96,7.04,3.04],"texture":"#mesh_palette"},"east":{"uv":[4.96,0.96,7.04,3.04],"texture":"#mesh_palette"}}},{"__comment":"Voxels-E3E3E3","from":[6.5,9,9],"to":[9.5,9.5,9.5],"faces":{"down":{"uv":[4.96,0.96,7.04,3.04],"texture":"#mesh_palette"},"up":{"uv":[4.96,0.96,7.04,3.04],"texture":"#mesh_palette"},"north":{"uv":[4.96,0.96,7.04,3.04],"texture":"#mesh_palette"},"south":{"uv":[4.96,0.96,7.04,3.04],"texture":"#mesh_palette"},"west":{"uv":[4.96,0.96,7.04,3.04],"texture":"#mesh_palette"},"east":{"uv":[4.96,0.96,7.04,3.04],"texture":"#mesh_palette"}}},{"__comment":"Voxels-C3C3C3","from":[6.5,11.5,7],"to":[7,12.5,9],"faces":{"down":{"uv":[12.96,0.96,15.04,3.04],"texture":"#mesh_palette"},"up":{"uv":[12.96,0.96,15.04,3.04],"texture":"#mesh_palette"},"north":{"uv":[12.96,0.96,15.04,3.04],"texture":"#mesh_palette"},"south":{"uv":[12.96,0.96,15.04,3.04],"texture":"#mesh_palette"},"west":{"uv":[12.96,0.96,15.04,3.04],"texture":"#mesh_palette"},"east":{"uv":[12.96,0.96,15.04,3.04],"texture":"#mesh_palette"}}},{"__comment":"Voxels-D9D9D9","from":[7,0.5,7],"to":[9,1,7.5],"faces":{"down":{"uv":[0.96,8.96,3.04,11.04],"texture":"#mesh_palette"},"up":{"uv":[0.96,8.96,3.04,11.04],"texture":"#mesh_palette"},"north":{"uv":[0.96,8.96,3.04,11.04],"texture":"#mesh_palette"},"south":{"uv":[0.96,8.96,3.04,11.04],"texture":"#mesh_palette"},"west":{"uv":[0.96,8.96,3.04,11.04],"texture":"#mesh_palette"},"east":{"uv":[0.96,8.96,3.04,11.04],"texture":"#mesh_palette"}}},{"__comment":"Voxels-D9D9D9","from":[7,0.5,8.5],"to":[9,1,9],"faces":{"down":{"uv":[0.96,8.96,3.04,11.04],"texture":"#mesh_palette"},"up":{"uv":[0.96,8.96,3.04,11.04],"texture":"#mesh_palette"},"north":{"uv":[0.96,8.96,3.04,11.04],"texture":"#mesh_palette"},"south":{"uv":[0.96,8.96,3.04,11.04],"texture":"#mesh_palette"},"west":{"uv":[0.96,8.96,3.04,11.04],"texture":"#mesh_palette"},"east":{"uv":[0.96,8.96,3.04,11.04],"texture":"#mesh_palette"}}},{"__comment":"Voxels-E3E3E3","from":[7,9.5,7],"to":[9,10,7.5],"faces":{"down":{"uv":[4.96,0.96,7.04,3.04],"texture":"#mesh_palette"},"up":{"uv":[4.96,0.96,7.04,3.04],"texture":"#mesh_palette"},"north":{"uv":[4.96,0.96,7.04,3.04],"texture":"#mesh_palette"},"south":{"uv":[4.96,0.96,7.04,3.04],"texture":"#mesh_palette"},"west":{"uv":[4.96,0.96,7.04,3.04],"texture":"#mesh_palette"},"east":{"uv":[4.96,0.96,7.04,3.04],"texture":"#mesh_palette"}}},{"__comment":"Voxels-E3E3E3","from":[7,9.5,7.5],"to":[7.5,11.5,8.5],"faces":{"down":{"uv":[4.96,0.96,7.04,3.04],"texture":"#mesh_palette"},"up":{"uv":[4.96,0.96,7.04,3.04],"texture":"#mesh_palette"},"north":{"uv":[4.96,0.96,7.04,3.04],"texture":"#mesh_palette"},"south":{"uv":[4.96,0.96,7.04,3.04],"texture":"#mesh_palette"},"west":{"uv":[4.96,0.96,7.04,3.04],"texture":"#mesh_palette"},"east":{"uv":[4.96,0.96,7.04,3.04],"texture":"#mesh_palette"}}},{"__comment":"Voxels-E3E3E3","from":[7,9.5,8.5],"to":[9,10,9],"faces":{"down":{"uv":[4.96,0.96,7.04,3.04],"texture":"#mesh_palette"},"up":{"uv":[4.96,0.96,7.04,3.04],"texture":"#mesh_palette"},"north":{"uv":[4.96,0.96,7.04,3.04],"texture":"#mesh_palette"},"south":{"uv":[4.96,0.96,7.04,3.04],"texture":"#mesh_palette"},"west":{"uv":[4.96,0.96,7.04,3.04],"texture":"#mesh_palette"},"east":{"uv":[4.96,0.96,7.04,3.04],"texture":"#mesh_palette"}}},{"__comment":"Voxels-B8B8B8","from":[7,11.5,6.5],"to":[7.5,12.5,9.5],"faces":{"down":{"uv":[8.96,4.96,11.04,7.04],"texture":"#mesh_palette"},"up":{"uv":[8.96,4.96,11.04,7.04],"texture":"#mesh_palette"},"north":{"uv":[8.96,4.96,11.04,7.04],"texture":"#mesh_palette"},"south":{"uv":[8.96,4.96,11.04,7.04],"texture":"#mesh_palette"},"west":{"uv":[8.96,4.96,11.04,7.04],"texture":"#mesh_palette"},"east":{"uv":[8.96,4.96,11.04,7.04],"texture":"#mesh_palette"}}},{"__comment":"Voxels-E3E3E3","from":[7.5,10,7],"to":[8.5,11.5,7.5],"faces":{"down":{"uv":[4.96,0.96,7.04,3.04],"texture":"#mesh_palette"},"up":{"uv":[4.96,0.96,7.04,3.04],"texture":"#mesh_palette"},"north":{"uv":[4.96,0.96,7.04,3.04],"texture":"#mesh_palette"},"south":{"uv":[4.96,0.96,7.04,3.04],"texture":"#mesh_palette"},"west":{"uv":[4.96,0.96,7.04,3.04],"texture":"#mesh_palette"},"east":{"uv":[4.96,0.96,7.04,3.04],"texture":"#mesh_palette"}}},{"__comment":"Voxels-E3E3E3","from":[7.5,10,8.5],"to":[8.5,11.5,9],"faces":{"down":{"uv":[4.96,0.96,7.04,3.04],"texture":"#mesh_palette"},"up":{"uv":[4.96,0.96,7.04,3.04],"texture":"#mesh_palette"},"north":{"uv":[4.96,0.96,7.04,3.04],"texture":"#mesh_palette"},"south":{"uv":[4.96,0.96,7.04,3.04],"texture":"#mesh_palette"},"west":{"uv":[4.96,0.96,7.04,3.04],"texture":"#mesh_palette"},"east":{"uv":[4.96,0.96,7.04,3.04],"texture":"#mesh_palette"}}},{"__comment":"Voxels-B1B1B1","from":[7.5,11.5,6.5],"to":[8.5,12.5,7.5],"faces":{"down":{"uv":[4.96,4.96,7.04,7.04],"texture":"#mesh_palette"},"up":{"uv":[4.96,4.96,7.04,7.04],"texture":"#mesh_palette"},"north":{"uv":[4.96,4.96,7.04,7.04],"texture":"#mesh_palette"},"south":{"uv":[4.96,4.96,7.04,7.04],"texture":"#mesh_palette"},"west":{"uv":[4.96,4.96,7.04,7.04],"texture":"#mesh_palette"},"east":{"uv":[4.96,4.96,7.04,7.04],"texture":"#mesh_palette"}}},{"__comment":"Voxels-B1B1B1","from":[7.5,11.5,8.5],"to":[8.5,12.5,9.5],"faces":{"down":{"uv":[4.96,4.96,7.04,7.04],"texture":"#mesh_palette"},"up":{"uv":[4.96,4.96,7.04,7.04],"texture":"#mesh_palette"},"north":{"uv":[4.96,4.96,7.04,7.04],"texture":"#mesh_palette"},"south":{"uv":[4.96,4.96,7.04,7.04],"texture":"#mesh_palette"},"west":{"uv":[4.96,4.96,7.04,7.04],"texture":"#mesh_palette"},"east":{"uv":[4.96,4.96,7.04,7.04],"texture":"#mesh_palette"}}},{"__comment":"Voxels-B1B1B1","from":[7.5,12,7.5],"to":[8.5,12.5,8.5],"faces":{"down":{"uv":[4.96,4.96,7.04,7.04],"texture":"#mesh_palette"},"up":{"uv":[4.96,4.96,7.04,7.04],"texture":"#mesh_palette"},"north":{"uv":[4.96,4.96,7.04,7.04],"texture":"#mesh_palette"},"south":{"uv":[4.96,4.96,7.04,7.04],"texture":"#mesh_palette"},"west":{"uv":[4.96,4.96,7.04,7.04],"texture":"#mesh_palette"},"east":{"uv":[4.96,4.96,7.04,7.04],"texture":"#mesh_palette"}}},{"__comment":"Voxels-E3E3E3","from":[8.5,9.5,7.5],"to":[9,11.5,8.5],"faces":{"down":{"uv":[4.96,0.96,7.04,3.04],"texture":"#mesh_palette"},"up":{"uv":[4.96,0.96,7.04,3.04],"texture":"#mesh_palette"},"north":{"uv":[4.96,0.96,7.04,3.04],"texture":"#mesh_palette"},"south":{"uv":[4.96,0.96,7.04,3.04],"texture":"#mesh_palette"},"west":{"uv":[4.96,0.96,7.04,3.04],"texture":"#mesh_palette"},"east":{"uv":[4.96,0.96,7.04,3.04],"texture":"#mesh_palette"}}},{"__comment":"Voxels-B8B8B8","from":[8.5,11.5,6.5],"to":[9,12.5,9.5],"faces":{"down":{"uv":[8.96,4.96,11.04,7.04],"texture":"#mesh_palette"},"up":{"uv":[8.96,4.96,11.04,7.04],"texture":"#mesh_palette"},"north":{"uv":[8.96,4.96,11.04,7.04],"texture":"#mesh_palette"},"south":{"uv":[8.96,4.96,11.04,7.04],"texture":"#mesh_palette"},"west":{"uv":[8.96,4.96,11.04,7.04],"texture":"#mesh_palette"},"east":{"uv":[8.96,4.96,11.04,7.04],"texture":"#mesh_palette"}}},{"__comment":"Voxels-D4D4D4","from":[9,0,7],"to":[10.5,0.5,7.5],"faces":{"down":{"uv":[12.96,4.96,15.04,7.04],"texture":"#mesh_palette"},"up":{"uv":[12.96,4.96,15.04,7.04],"texture":"#mesh_palette"},"north":{"uv":[12.96,4.96,15.04,7.04],"texture":"#mesh_palette"},"south":{"uv":[12.96,4.96,15.04,7.04],"texture":"#mesh_palette"},"west":{"uv":[12.96,4.96,15.04,7.04],"texture":"#mesh_palette"},"east":{"uv":[12.96,4.96,15.04,7.04],"texture":"#mesh_palette"}}},{"__comment":"Voxels-D4D4D4","from":[9,0,8.5],"to":[10.5,0.5,9],"faces":{"down":{"uv":[12.96,4.96,15.04,7.04],"texture":"#mesh_palette"},"up":{"uv":[12.96,4.96,15.04,7.04],"texture":"#mesh_palette"},"north":{"uv":[12.96,4.96,15.04,7.04],"texture":"#mesh_palette"},"south":{"uv":[12.96,4.96,15.04,7.04],"texture":"#mesh_palette"},"west":{"uv":[12.96,4.96,15.04,7.04],"texture":"#mesh_palette"},"east":{"uv":[12.96,4.96,15.04,7.04],"texture":"#mesh_palette"}}},{"__comment":"Voxels-E3E3E3","from":[9,9,7],"to":[10,9.5,9],"faces":{"down":{"uv":[4.96,0.96,7.04,3.04],"texture":"#mesh_palette"},"up":{"uv":[4.96,0.96,7.04,3.04],"texture":"#mesh_palette"},"north":{"uv":[4.96,0.96,7.04,3.04],"texture":"#mesh_palette"},"south":{"uv":[4.96,0.96,7.04,3.04],"texture":"#mesh_palette"},"west":{"uv":[4.96,0.96,7.04,3.04],"texture":"#mesh_palette"},"east":{"uv":[4.96,0.96,7.04,3.04],"texture":"#mesh_palette"}}},{"__comment":"Voxels-C3C3C3","from":[9,11.5,7],"to":[9.5,12.5,9],"faces":{"down":{"uv":[12.96,0.96,15.04,3.04],"texture":"#mesh_palette"},"up":{"uv":[12.96,0.96,15.04,3.04],"texture":"#mesh_palette"},"north":{"uv":[12.96,0.96,15.04,3.04],"texture":"#mesh_palette"},"south":{"uv":[12.96,0.96,15.04,3.04],"texture":"#mesh_palette"},"west":{"uv":[12.96,0.96,15.04,3.04],"texture":"#mesh_palette"},"east":{"uv":[12.96,0.96,15.04,3.04],"texture":"#mesh_palette"}}},{"__comment":"Voxels-D4D4D4","from":[9.5,0,7.5],"to":[10.5,0.5,8.5],"faces":{"down":{"uv":[12.96,4.96,15.04,7.04],"texture":"#mesh_palette"},"up":{"uv":[12.96,4.96,15.04,7.04],"texture":"#mesh_palette"},"north":{"uv":[12.96,4.96,15.04,7.04],"texture":"#mesh_palette"},"south":{"uv":[12.96,4.96,15.04,7.04],"texture":"#mesh_palette"},"west":{"uv":[12.96,4.96,15.04,7.04],"texture":"#mesh_palette"},"east":{"uv":[12.96,4.96,15.04,7.04],"texture":"#mesh_palette"}}},{"__comment":"Voxels-D9D9D9","from":[9.5,0.5,6.5],"to":[10,1,7],"faces":{"down":{"uv":[0.96,8.96,3.04,11.04],"texture":"#mesh_palette"},"up":{"uv":[0.96,8.96,3.04,11.04],"texture":"#mesh_palette"},"north":{"uv":[0.96,8.96,3.04,11.04],"texture":"#mesh_palette"},"south":{"uv":[0.96,8.96,3.04,11.04],"texture":"#mesh_palette"},"west":{"uv":[0.96,8.96,3.04,11.04],"texture":"#mesh_palette"},"east":{"uv":[0.96,8.96,3.04,11.04],"texture":"#mesh_palette"}}},{"__comment":"Voxels-D9D9D9","from":[9.5,0.5,9],"to":[10,1,9.5],"faces":{"down":{"uv":[0.96,8.96,3.04,11.04],"texture":"#mesh_palette"},"up":{"uv":[0.96,8.96,3.04,11.04],"texture":"#mesh_palette"},"north":{"uv":[0.96,8.96,3.04,11.04],"texture":"#mesh_palette"},"south":{"uv":[0.96,8.96,3.04,11.04],"texture":"#mesh_palette"},"west":{"uv":[0.96,8.96,3.04,11.04],"texture":"#mesh_palette"},"east":{"uv":[0.96,8.96,3.04,11.04],"texture":"#mesh_palette"}}},{"__comment":"Voxels-DBDBDB","from":[9.5,1,6.5],"to":[10,1.5,7],"faces":{"down":{"uv":[4.96,8.96,7.04,11.04],"texture":"#mesh_palette"},"up":{"uv":[4.96,8.96,7.04,11.04],"texture":"#mesh_palette"},"north":{"uv":[4.96,8.96,7.04,11.04],"texture":"#mesh_palette"},"south":{"uv":[4.96,8.96,7.04,11.04],"texture":"#mesh_palette"},"west":{"uv":[4.96,8.96,7.04,11.04],"texture":"#mesh_palette"},"east":{"uv":[4.96,8.96,7.04,11.04],"texture":"#mesh_palette"}}},{"__comment":"Voxels-DBDBDB","from":[9.5,1,9],"to":[10,1.5,9.5],"faces":{"down":{"uv":[4.96,8.96,7.04,11.04],"texture":"#mesh_palette"},"up":{"uv":[4.96,8.96,7.04,11.04],"texture":"#mesh_palette"},"north":{"uv":[4.96,8.96,7.04,11.04],"texture":"#mesh_palette"},"south":{"uv":[4.96,8.96,7.04,11.04],"texture":"#mesh_palette"},"west":{"uv":[4.96,8.96,7.04,11.04],"texture":"#mesh_palette"},"east":{"uv":[4.96,8.96,7.04,11.04],"texture":"#mesh_palette"}}},{"__comment":"Voxels-DFDFDF","from":[9.5,1.5,6.5],"to":[10,2,7],"faces":{"down":{"uv":[8.96,8.96,11.04,11.04],"texture":"#mesh_palette"},"up":{"uv":[8.96,8.96,11.04,11.04],"texture":"#mesh_palette"},"north":{"uv":[8.96,8.96,11.04,11.04],"texture":"#mesh_palette"},"south":{"uv":[8.96,8.96,11.04,11.04],"texture":"#mesh_palette"},"west":{"uv":[8.96,8.96,11.04,11.04],"texture":"#mesh_palette"},"east":{"uv":[8.96,8.96,11.04,11.04],"texture":"#mesh_palette"}}},{"__comment":"Voxels-DFDFDF","from":[9.5,1.5,9],"to":[10,2,9.5],"faces":{"down":{"uv":[8.96,8.96,11.04,11.04],"texture":"#mesh_palette"},"up":{"uv":[8.96,8.96,11.04,11.04],"texture":"#mesh_palette"},"north":{"uv":[8.96,8.96,11.04,11.04],"texture":"#mesh_palette"},"south":{"uv":[8.96,8.96,11.04,11.04],"texture":"#mesh_palette"},"west":{"uv":[8.96,8.96,11.04,11.04],"texture":"#mesh_palette"},"east":{"uv":[8.96,8.96,11.04,11.04],"texture":"#mesh_palette"}}},{"__comment":"Voxels-E3E3E3","from":[9.5,2,6.5],"to":[10,9,7],"faces":{"down":{"uv":[4.96,0.96,7.04,3.04],"texture":"#mesh_palette"},"up":{"uv":[4.96,0.96,7.04,3.04],"texture":"#mesh_palette"},"north":{"uv":[4.96,0.96,7.04,3.04],"texture":"#mesh_palette"},"south":{"uv":[4.96,0.96,7.04,3.04],"texture":"#mesh_palette"},"west":{"uv":[4.96,0.96,7.04,3.04],"texture":"#mesh_palette"},"east":{"uv":[4.96,0.96,7.04,3.04],"texture":"#mesh_palette"}}},{"__comment":"Voxels-E3E3E3","from":[9.5,2,9],"to":[10,9,9.5],"faces":{"down":{"uv":[4.96,0.96,7.04,3.04],"texture":"#mesh_palette"},"up":{"uv":[4.96,0.96,7.04,3.04],"texture":"#mesh_palette"},"north":{"uv":[4.96,0.96,7.04,3.04],"texture":"#mesh_palette"},"south":{"uv":[4.96,0.96,7.04,3.04],"texture":"#mesh_palette"},"west":{"uv":[4.96,0.96,7.04,3.04],"texture":"#mesh_palette"},"east":{"uv":[4.96,0.96,7.04,3.04],"texture":"#mesh_palette"}}},{"__comment":"Voxels-D9D9D9","from":[10,0.5,7],"to":[10.5,1,9],"faces":{"down":{"uv":[0.96,8.96,3.04,11.04],"texture":"#mesh_palette"},"up":{"uv":[0.96,8.96,3.04,11.04],"texture":"#mesh_palette"},"north":{"uv":[0.96,8.96,3.04,11.04],"texture":"#mesh_palette"},"south":{"uv":[0.96,8.96,3.04,11.04],"texture":"#mesh_palette"},"west":{"uv":[0.96,8.96,3.04,11.04],"texture":"#mesh_palette"},"east":{"uv":[0.96,8.96,3.04,11.04],"texture":"#mesh_palette"}}},{"__comment":"Voxels-DBDBDB","from":[10,1,7],"to":[10.5,1.5,9],"faces":{"down":{"uv":[4.96,8.96,7.04,11.04],"texture":"#mesh_palette"},"up":{"uv":[4.96,8.96,7.04,11.04],"texture":"#mesh_palette"},"north":{"uv":[4.96,8.96,7.04,11.04],"texture":"#mesh_palette"},"south":{"uv":[4.96,8.96,7.04,11.04],"texture":"#mesh_palette"},"west":{"uv":[4.96,8.96,7.04,11.04],"texture":"#mesh_palette"},"east":{"uv":[4.96,8.96,7.04,11.04],"texture":"#mesh_palette"}}},{"__comment":"Voxels-DFDFDF","from":[10,1.5,7],"to":[10.5,2,9],"faces":{"down":{"uv":[8.96,8.96,11.04,11.04],"texture":"#mesh_palette"},"up":{"uv":[8.96,8.96,11.04,11.04],"texture":"#mesh_palette"},"north":{"uv":[8.96,8.96,11.04,11.04],"texture":"#mesh_palette"},"south":{"uv":[8.96,8.96,11.04,11.04],"texture":"#mesh_palette"},"west":{"uv":[8.96,8.96,11.04,11.04],"texture":"#mesh_palette"},"east":{"uv":[8.96,8.96,11.04,11.04],"texture":"#mesh_palette"}}},{"__comment":"Voxels-E3E3E3","from":[10,2,7],"to":[10.5,9,9],"faces":{"down":{"uv":[4.96,0.96,7.04,3.04],"texture":"#mesh_palette"},"up":{"uv":[4.96,0.96,7.04,3.04],"texture":"#mesh_palette"},"north":{"uv":[4.96,0.96,7.04,3.04],"texture":"#mesh_palette"},"south":{"uv":[4.96,0.96,7.04,3.04],"texture":"#mesh_palette"},"west":{"uv":[4.96,0.96,7.04,3.04],"texture":"#mesh_palette"},"east":{"uv":[4.96,0.96,7.04,3.04],"texture":"#mesh_palette"}}}],"gui_light":"front","display":{"thirdperson_righthand":{"rotation":[15,90,0],"translation":[0,1.8049,0],"scale":[0.8,0.8,0.8]},"thirdperson_lefthand":{"rotation":[15,90,0],"translation":[0,1.8049,0],"scale":[0.8,0.8,0.8]},"gui":{"rotation":[11,-20,0],"translation":[0,2.0869,0]},"head":{"translation":[0,15.304,0]},"ground":{"rotation":[90,0,0]}}}