{"__comment":"DesignedbyCorporalBLOBERwithCubikStudio","textures":{"particle":"crates/crate5/crate5_1","texture":"crates/crate5/crate5_1","texture1":"crates/crate5/crate5_2","texture2":"crates/crate5/crate5_3","texture3":"crates/crate5/crate5_4"},"elements":[{"__comment":"Cube1","from":[0.5,0,3],"to":[15.5,0.5,13],"faces":{"down":{"uv":[0.5,3,15.5,13],"texture":"#texture"},"up":{"uv":[0.5,3,15.5,13],"texture":"#texture"},"north":{"uv":[0.5,15.5,15.5,16],"texture":"#texture"},"south":{"uv":[0.5,15.5,15.5,16],"texture":"#texture"},"west":{"uv":[3,15.5,13,16],"texture":"#texture"},"east":{"uv":[3,15.5,13,16],"texture":"#texture"}}},{"__comment":"Cube2","from":[0.5,0.5,2.5],"to":[15.5,2,3],"faces":{"down":{"uv":[0.5,13,15.5,13.5],"texture":"#texture"},"up":{"uv":[0.5,2.5,15.5,3],"texture":"#texture"},"north":{"uv":[0.5,14,15.5,15.5],"texture":"#texture"},"south":{"uv":[0.5,14,15.5,15.5],"texture":"#texture"},"west":{"uv":[2.5,14,3,15.5],"texture":"#texture"},"east":{"uv":[13,14,13.5,15.5],"texture":"#texture"}}},{"__comment":"Cube3","from":[0,0.5,3],"to":[0.5,2,13],"faces":{"down":{"uv":[0,3,0.5,13],"texture":"#texture"},"up":{"uv":[0,3,0.5,13],"texture":"#texture"},"north":{"uv":[15.5,14,16,15.5],"texture":"#texture"},"south":{"uv":[0,14,0.5,15.5],"texture":"#texture"},"west":{"uv":[3,14,13,15.5],"texture":"#texture"},"east":{"uv":[3,14,13,15.5],"texture":"#texture"}}},{"__comment":"Cube3","from":[15.5,0.5,3],"to":[16,2,13],"faces":{"down":{"uv":[15.5,3,16,13],"texture":"#texture"},"up":{"uv":[15.5,3,16,13],"texture":"#texture"},"north":{"uv":[0,14,0.5,15.5],"texture":"#texture"},"south":{"uv":[15.5,14,16,15.5],"texture":"#texture"},"west":{"uv":[3,14,13,15.5],"texture":"#texture"},"east":{"uv":[3,14,13,15.5],"texture":"#texture"}}},{"__comment":"Cube2","from":[0.5,0.5,13],"to":[15.5,2,13.5],"faces":{"down":{"uv":[0.5,2.5,15.5,3],"texture":"#texture"},"up":{"uv":[0.5,13,15.5,13.5],"texture":"#texture"},"north":{"uv":[0.5,14,15.5,15.5],"texture":"#texture"},"south":{"uv":[0.5,14,15.5,15.5],"texture":"#texture"},"west":{"uv":[13,14,13.5,15.5],"texture":"#texture"},"east":{"uv":[2.5,14,3,15.5],"texture":"#texture"}}},{"__comment":"Cube6","from":[0.5,2,2.5],"to":[15.5,2.5,3],"faces":{"down":{"uv":[0.5,13,15.5,13.5],"texture":"#texture1"},"up":{"uv":[0.5,2.5,15.5,3],"texture":"#texture1"},"north":{"uv":[0.5,13.5,15.5,14],"texture":"#texture1"},"south":{"uv":[0.5,13.5,15.5,14],"texture":"#texture1"},"west":{"uv":[2.5,13.5,3,14],"texture":"#texture1"},"east":{"uv":[13,13.5,13.5,14],"texture":"#texture1"}}},{"__comment":"Cube6","from":[0.5,2,13],"to":[15.5,2.5,13.5],"faces":{"down":{"uv":[0.5,13,15.5,13.5],"texture":"#texture1"},"up":{"uv":[0.5,2.5,15.5,3],"texture":"#texture1"},"north":{"uv":[0.5,13.5,15.5,14],"texture":"#texture1"},"south":{"uv":[0.5,13.5,15.5,14],"texture":"#texture1"},"west":{"uv":[2.5,13.5,3,14],"texture":"#texture1"},"east":{"uv":[13,13.5,13.5,14],"texture":"#texture1"}}},{"__comment":"Cube6","from":[0,2,3],"to":[0.5,2.5,13],"faces":{"down":{"uv":[0,3,0.5,13],"texture":"#texture1"},"up":{"uv":[0,3,0.5,13],"texture":"#texture1"},"north":{"uv":[15.5,13.5,16,14],"texture":"#texture1"},"south":{"uv":[0,13.5,0.5,14],"texture":"#texture1"},"west":{"uv":[3,13.5,13,14],"texture":"#texture1"},"east":{"uv":[3,13.5,13,14],"texture":"#texture1"}}},{"__comment":"Cube6","from":[15.5,2,3],"to":[16,2.5,13],"faces":{"down":{"uv":[0,3,0.5,13],"texture":"#texture1"},"up":{"uv":[0,3,0.5,13],"texture":"#texture1"},"north":{"uv":[15.5,13.5,16,14],"texture":"#texture1"},"south":{"uv":[0,13.5,0.5,14],"texture":"#texture1"},"west":{"uv":[3,13.5,13,14],"texture":"#texture1"},"east":{"uv":[3,13.5,13,14],"texture":"#texture1"}}},{"__comment":"Cube6","from":[0,3,2],"to":[0.5,13,2.5],"faces":{"down":{"uv":[0.5,3.5,0,3],"texture":"#texture1"},"up":{"uv":[0,12.5,0.5,13],"texture":"#texture1"},"north":{"uv":[0.5,13,0,3],"texture":"#texture1"},"south":{"uv":[0,3,0.5,13],"texture":"#texture1"},"west":{"uv":[3,2.5,13,3],"texture":"#texture1","rotation":270},"east":{"uv":[3,2.5,13,3],"texture":"#texture1","rotation":90}}},{"__comment":"Cube6","from":[0.5,2.5,2],"to":[15.5,3,2.5],"faces":{"down":{"uv":[15.5,3,0.5,2.5],"texture":"#texture1"},"up":{"uv":[0.5,2.5,15.5,3],"texture":"#texture1"},"north":{"uv":[15.5,3,0.5,2.5],"texture":"#texture1"},"south":{"uv":[0.5,2.5,15.5,3],"texture":"#texture1"},"west":{"uv":[0.5,2.5,1,3],"texture":"#texture1","rotation":270},"east":{"uv":[15,2.5,15.5,3],"texture":"#texture1","rotation":90}}},{"__comment":"Cube6","from":[15.5,3,2],"to":[16,13,2.5],"faces":{"down":{"uv":[0.5,3.5,0,3],"texture":"#texture1"},"up":{"uv":[0,12.5,0.5,13],"texture":"#texture1"},"north":{"uv":[0.5,13,0,3],"texture":"#texture1"},"south":{"uv":[0,3,0.5,13],"texture":"#texture1"},"west":{"uv":[3,2.5,13,3],"texture":"#texture1","rotation":270},"east":{"uv":[3,2.5,13,3],"texture":"#texture1","rotation":90}}},{"__comment":"Cube6","from":[0.5,13,2],"to":[15.5,13.5,2.5],"faces":{"down":{"uv":[15.5,3,0.5,2.5],"texture":"#texture1"},"up":{"uv":[0.5,2.5,15.5,3],"texture":"#texture1"},"north":{"uv":[15.5,3,0.5,2.5],"texture":"#texture1"},"south":{"uv":[0.5,2.5,15.5,3],"texture":"#texture1"},"west":{"uv":[0.5,2.5,1,3],"texture":"#texture1","rotation":270},"east":{"uv":[15,2.5,15.5,3],"texture":"#texture1","rotation":90}}},{"__comment":"Cube3","from":[0,3,0.5],"to":[0.5,13,2],"faces":{"down":{"uv":[0.5,15.5,0,14],"texture":"#texture"},"up":{"uv":[15.5,14,16,15.5],"texture":"#texture"},"north":{"uv":[16,13,15.5,3],"texture":"#texture"},"south":{"uv":[15.5,3,16,13],"texture":"#texture"},"west":{"uv":[3,14,13,15.5],"texture":"#texture","rotation":270},"east":{"uv":[3,14,13,15.5],"texture":"#texture","rotation":90}}},{"__comment":"Cube1","from":[0.5,3,0],"to":[15.5,13,0.5],"faces":{"down":{"uv":[15.5,16,0.5,15.5],"texture":"#texture"},"up":{"uv":[0.5,15.5,15.5,16],"texture":"#texture"},"north":{"uv":[15.5,13,0.5,3],"texture":"#texture"},"south":{"uv":[0.5,3,15.5,13],"texture":"#texture"},"west":{"uv":[3,15.5,13,16],"texture":"#texture","rotation":270},"east":{"uv":[3,15.5,13,16],"texture":"#texture","rotation":90}}},{"__comment":"Cube2","from":[0.5,2.5,0.5],"to":[15.5,3,2],"faces":{"down":{"uv":[15.5,15.5,0.5,14],"texture":"#texture"},"up":{"uv":[0.5,14,15.5,15.5],"texture":"#texture"},"north":{"uv":[15.5,3,0.5,2.5],"texture":"#texture"},"south":{"uv":[0.5,13,15.5,13.5],"texture":"#texture"},"west":{"uv":[2.5,14,3,15.5],"texture":"#texture","rotation":270},"east":{"uv":[13,14,13.5,15.5],"texture":"#texture","rotation":90}}},{"__comment":"Cube2","from":[0.5,13,0.5],"to":[15.5,13.5,2],"faces":{"down":{"uv":[15.5,15.5,0.5,14],"texture":"#texture"},"up":{"uv":[0.5,14,15.5,15.5],"texture":"#texture"},"north":{"uv":[15.5,13.5,0.5,13],"texture":"#texture"},"south":{"uv":[0.5,2.5,15.5,3],"texture":"#texture"},"west":{"uv":[13,14,13.5,15.5],"texture":"#texture","rotation":270},"east":{"uv":[2.5,14,3,15.5],"texture":"#texture","rotation":90}}},{"__comment":"Cube3","from":[15.5,3,0.5],"to":[16,13,2],"faces":{"down":{"uv":[16,15.5,15.5,14],"texture":"#texture"},"up":{"uv":[0,14,0.5,15.5],"texture":"#texture"},"north":{"uv":[0.5,13,0,3],"texture":"#texture"},"south":{"uv":[0,3,0.5,13],"texture":"#texture"},"west":{"uv":[3,14,13,15.5],"texture":"#texture","rotation":270},"east":{"uv":[3,14,13,15.5],"texture":"#texture","rotation":90}}},{"__comment":"Cube19","from":[2,1.5,13.5],"to":[4.5,2.5,14],"faces":{"down":{"uv":[2,2,4.5,2.5],"texture":"#texture2"},"up":{"uv":[2,13.5,4.5,14],"texture":"#texture2"},"north":{"uv":[11.5,13.5,14,14.5],"texture":"#texture2"},"south":{"uv":[2,13.5,4.5,14.5],"texture":"#texture2"},"west":{"uv":[13.5,13.5,14,14.5],"texture":"#texture2"},"east":{"uv":[2,13.5,2.5,14.5],"texture":"#texture2"}}},{"__comment":"Cube21","from":[2,13.5,1.5],"to":[4.5,14,2.5],"faces":{"down":{"uv":[14,13.5,11.5,12.5],"texture":"#texture2"},"up":{"uv":[2,12.5,4.5,13.5],"texture":"#texture2"},"north":{"uv":[4.5,14,2,13.5],"texture":"#texture2"},"south":{"uv":[2,2,4.5,2.5],"texture":"#texture2"},"west":{"uv":[13.5,12.5,14,13.5],"texture":"#texture2","rotation":270},"east":{"uv":[2,12.5,2.5,13.5],"texture":"#texture2","rotation":90}}},{"__comment":"Cube19","from":[11.5,1.5,13.5],"to":[14,2.5,14],"faces":{"down":{"uv":[2.5,2,5,2.5],"texture":"#texture2"},"up":{"uv":[2.5,13.5,5,14],"texture":"#texture2"},"north":{"uv":[11,13.5,13.5,14.5],"texture":"#texture2"},"south":{"uv":[2.5,13.5,5,14.5],"texture":"#texture2"},"west":{"uv":[13.5,13.5,14,14.5],"texture":"#texture2"},"east":{"uv":[2,13.5,2.5,14.5],"texture":"#texture2"}}},{"__comment":"Cube21","from":[11.5,13.5,1.5],"to":[14,14,2.5],"faces":{"down":{"uv":[13.5,13.5,11,12.5],"texture":"#texture2"},"up":{"uv":[2.5,12.5,5,13.5],"texture":"#texture2"},"north":{"uv":[5,14,2.5,13.5],"texture":"#texture2"},"south":{"uv":[2.5,2,5,2.5],"texture":"#texture2"},"west":{"uv":[13.5,12.5,14,13.5],"texture":"#texture2","rotation":270},"east":{"uv":[2,12.5,2.5,13.5],"texture":"#texture2","rotation":90}}},{"__comment":"Cube24","from":[5.125,1,13.5],"to":[6.125,1.75,14.25],"faces":{"down":{"uv":[5.125,1.75,6.125,2.5],"texture":"#texture2"},"up":{"uv":[5.125,13.5,6.125,14.25],"texture":"#texture2"},"north":{"uv":[9.875,14.25,10.875,15],"texture":"#texture2"},"south":{"uv":[5.125,14.25,6.125,15],"texture":"#texture2"},"west":{"uv":[13.5,14.25,14.25,15],"texture":"#texture2"},"east":{"uv":[1.75,14.25,2.5,15],"texture":"#texture2"}}},{"__comment":"Cube24","from":[10,1,13.5],"to":[11,1.75,14.25],"faces":{"down":{"uv":[5.5,1.5,6.5,2.5],"texture":"#texture2"},"up":{"uv":[5.5,13.5,6.5,14.5],"texture":"#texture2"},"north":{"uv":[9.5,14,10.5,15],"texture":"#texture2"},"south":{"uv":[5.5,14,6.5,15],"texture":"#texture2"},"west":{"uv":[13.5,14,14.5,15],"texture":"#texture2"},"east":{"uv":[1.5,14,2.5,15],"texture":"#texture2"}}},{"__comment":"Cube26","from":[5.5,0.75,14],"to":[6.5,1.5,15.5],"faces":{"down":{"uv":[5.5,0.5,6.5,2],"texture":"#texture"},"up":{"uv":[5.5,14,6.5,15.5],"texture":"#texture"},"north":{"uv":[9.5,14.5,10.5,15.25],"texture":"#texture"},"south":{"uv":[5.5,14.5,6.5,15.25],"texture":"#texture"},"west":{"uv":[14,14.5,15.5,15.25],"texture":"#texture"},"east":{"uv":[0.5,14.5,2,15.25],"texture":"#texture"}}},{"__comment":"Cube27","from":[9.5,0.75,14],"to":[10.5,1.5,15.5],"faces":{"down":{"uv":[9.5,0.5,10.5,2],"texture":"#texture"},"up":{"uv":[9.5,14,10.5,15.5],"texture":"#texture"},"north":{"uv":[5.5,14.5,6.5,15.25],"texture":"#texture"},"south":{"uv":[9.5,14.5,10.5,15.25],"texture":"#texture"},"west":{"uv":[14,14.5,15.5,15.25],"texture":"#texture"},"east":{"uv":[0.5,14.5,2,15.25],"texture":"#texture"}}},{"__comment":"Cube28","from":[6,0.5,15],"to":[10,1.5,16],"faces":{"down":{"uv":[6,0,10,1],"texture":"#texture"},"up":{"uv":[6,15,10,16],"texture":"#texture"},"north":{"uv":[6,14.5,10,15.5],"texture":"#texture"},"south":{"uv":[6,14.5,10,15.5],"texture":"#texture"},"west":{"uv":[15,14.5,16,15.5],"texture":"#texture"},"east":{"uv":[0,14.5,1,15.5],"texture":"#texture"}}},{"__comment":"Cube28","from":[0.5,1,3],"to":[3,3,8],"faces":{"down":{"uv":[0.5,1.5,7.5,14.5],"texture":"#texture3"},"up":{"uv":[0.5,1.5,7.5,14.5],"texture":"#texture3"},"north":{"uv":[0,0,1,1],"texture":"#texture3"},"south":{"uv":[0,0,1,1],"texture":"#texture3"},"west":{"uv":[0,0,1,1],"texture":"#texture3"},"east":{"uv":[0,0,1,1],"texture":"#texture3"}}},{"__comment":"Cube28","from":[3,1,3],"to":[5.5,3,8],"faces":{"down":{"uv":[8.5,1.5,15.5,14.5],"texture":"#texture3"},"up":{"uv":[8.5,1.5,15.5,14.5],"texture":"#texture3"},"north":{"uv":[15,0,16,1],"texture":"#texture3"},"south":{"uv":[15,0,16,1],"texture":"#texture3"},"west":{"uv":[15,0,16,1],"texture":"#texture3"},"east":{"uv":[15,0,16,1],"texture":"#texture3"}}},{"__comment":"Cube28","from":[3,1,8],"to":[5.5,3,13],"faces":{"down":{"uv":[0.5,1.5,7.5,14.5],"texture":"#texture3"},"up":{"uv":[0.5,1.5,7.5,14.5],"texture":"#texture3"},"north":{"uv":[0,0,1,1],"texture":"#texture3"},"south":{"uv":[0,0,1,1],"texture":"#texture3"},"west":{"uv":[0,0,1,1],"texture":"#texture3"},"east":{"uv":[0,0,1,1],"texture":"#texture3"}}},{"__comment":"Cube28","from":[8,1,8],"to":[10.5,3,13],"faces":{"down":{"uv":[0.5,1.5,7.5,14.5],"texture":"#texture3"},"up":{"uv":[0.5,1.5,7.5,14.5],"texture":"#texture3"},"north":{"uv":[0,0,1,1],"texture":"#texture3"},"south":{"uv":[0,0,1,1],"texture":"#texture3"},"west":{"uv":[0,0,1,1],"texture":"#texture3"},"east":{"uv":[0,0,1,1],"texture":"#texture3"}}},{"__comment":"Cube28","from":[13,1,8],"to":[15.5,3,13],"faces":{"down":{"uv":[0.5,1.5,7.5,14.5],"texture":"#texture3"},"up":{"uv":[0.5,1.5,7.5,14.5],"texture":"#texture3"},"north":{"uv":[0,0,1,1],"texture":"#texture3"},"south":{"uv":[0,0,1,1],"texture":"#texture3"},"west":{"uv":[0,0,1,1],"texture":"#texture3"},"east":{"uv":[0,0,1,1],"texture":"#texture3"}}},{"__comment":"Cube28","from":[5.5,1,3],"to":[8,3,8],"faces":{"down":{"uv":[0.5,1.5,7.5,14.5],"texture":"#texture3"},"up":{"uv":[0.5,1.5,7.5,14.5],"texture":"#texture3"},"north":{"uv":[0,0,1,1],"texture":"#texture3"},"south":{"uv":[0,0,1,1],"texture":"#texture3"},"west":{"uv":[0,0,1,1],"texture":"#texture3"},"east":{"uv":[0,0,1,1],"texture":"#texture3"}}},{"__comment":"Cube28","from":[10.5,1,3],"to":[13,3,8],"faces":{"down":{"uv":[0.5,1.5,7.5,14.5],"texture":"#texture3"},"up":{"uv":[0.5,1.5,7.5,14.5],"texture":"#texture3"},"north":{"uv":[0,0,1,1],"texture":"#texture3"},"south":{"uv":[0,0,1,1],"texture":"#texture3"},"west":{"uv":[0,0,1,1],"texture":"#texture3"},"east":{"uv":[0,0,1,1],"texture":"#texture3"}}},{"__comment":"Cube28","from":[0.5,1,8],"to":[3,3,13],"faces":{"down":{"uv":[8.5,1.5,15.5,14.5],"texture":"#texture3"},"up":{"uv":[8.5,1.5,15.5,14.5],"texture":"#texture3"},"north":{"uv":[15,0,16,1],"texture":"#texture3"},"south":{"uv":[15,0,16,1],"texture":"#texture3"},"west":{"uv":[15,0,16,1],"texture":"#texture3"},"east":{"uv":[15,0,16,1],"texture":"#texture3"}}},{"__comment":"Cube28","from":[5.5,1,8],"to":[8,3,13],"faces":{"down":{"uv":[8.5,1.5,15.5,14.5],"texture":"#texture3"},"up":{"uv":[8.5,1.5,15.5,14.5],"texture":"#texture3"},"north":{"uv":[15,0,16,1],"texture":"#texture3"},"south":{"uv":[15,0,16,1],"texture":"#texture3"},"west":{"uv":[15,0,16,1],"texture":"#texture3"},"east":{"uv":[15,0,16,1],"texture":"#texture3"}}},{"__comment":"Cube28","from":[8,1,3],"to":[10.5,3,8],"faces":{"down":{"uv":[8.5,1.5,15.5,14.5],"texture":"#texture3"},"up":{"uv":[8.5,1.5,15.5,14.5],"texture":"#texture3"},"north":{"uv":[15,0,16,1],"texture":"#texture3"},"south":{"uv":[15,0,16,1],"texture":"#texture3"},"west":{"uv":[15,0,16,1],"texture":"#texture3"},"east":{"uv":[15,0,16,1],"texture":"#texture3"}}},{"__comment":"Cube28","from":[10.5,1,8],"to":[13,3,13],"faces":{"down":{"uv":[8.5,1.5,15.5,14.5],"texture":"#texture3"},"up":{"uv":[8.5,1.5,15.5,14.5],"texture":"#texture3"},"north":{"uv":[15,0,16,1],"texture":"#texture3"},"south":{"uv":[15,0,16,1],"texture":"#texture3"},"west":{"uv":[15,0,16,1],"texture":"#texture3"},"east":{"uv":[15,0,16,1],"texture":"#texture3"}}},{"__comment":"Cube28","from":[13,1,3],"to":[15.5,3,8],"faces":{"down":{"uv":[8.5,1.5,15.5,14.5],"texture":"#texture3"},"up":{"uv":[8.5,1.5,15.5,14.5],"texture":"#texture3"},"north":{"uv":[15,0,16,1],"texture":"#texture3"},"south":{"uv":[15,0,16,1],"texture":"#texture3"},"west":{"uv":[15,0,16,1],"texture":"#texture3"},"east":{"uv":[15,0,16,1],"texture":"#texture3"}}}],"gui_light":"front","display":{"thirdperson_righthand":{"rotation":[-30,0,-90],"translation":[5.5652,-5.563,-4.869],"scale":[0.8,0.8,0.8]},"thirdperson_lefthand":{"rotation":[-30,0,-90],"translation":[5.5652,-5.563,-4.869],"scale":[0.8,0.8,0.8]},"firstperson_righthand":{"rotation":[90,-180,-15],"translation":[-2.782,3.4782,5.5652],"scale":[0.6,0.6,0.6]},"firstperson_lefthand":{"rotation":[90,-180,-15],"translation":[-2.782,3.4782,5.5652],"scale":[0.6,0.6,0.6]},"gui":{"rotation":[15,-25,0],"translation":[0,-0.695,0],"scale":[0.7,0.7,0.7]},"head":{"rotation":[0,-180,0],"translation":[0,-34.77,0],"scale":[1.3,1.3,1.3]},"ground":{"translation":[0,5.5652,0]},"fixed":{"rotation":[0,-180,0],"translation":[0,-0.695,-6.956]}}}