{"display":{"thirdperson_righthand":{"rotation":[42,34,0],"translation":[0.25,0.75,-0.5],"scale":[0.5,0.5,0.5]},"thirdperson_lefthand":{"translation":[0.25,0.75,-0.5],"scale":[0.5,0.5,0.5]},"firstperson_righthand":{"rotation":[-45,-70,13],"translation":[0.75,3.25,2.5]},"firstperson_lefthand":{"rotation":[7,-22,7],"translation":[-1.5,3.5,2.5]},"ground":{"scale":[0.6,0.6,0.6]},"gui":{"rotation":[24,-40,-6],"scale":[1.3,1.3,1.3]},"head":{"rotation":[90,0,0],"translation":[0,6.5,0],"scale":[4,4,0.55]},"fixed":{"rotation":[90,0,0]}},"textures":{"13":"food/carrot/192192192","16":"food/carrot/234115019","19":"food/carrot/bluedetailedtexture","22":"food/carrot/flame","23":"food/carrot/gold","24":"food/carrot/greendetailedtexture","particle":"food/carrot/greendetailedtexture"},"elements":[{"from":[7.5007,5.4879,1.99736],"to":[8.5007,5.6879,13.99736],"rotation":{"angle":0,"axis":"z","origin":[8.00114,8.00262,8]},"faces":{"north":{"uv":[10.31359,7.49694,10.51359,8.49694],"rotation":270,"texture":"#24"},"east":{"uv":[0,0,1,1],"rotation":270,"texture":"#24"},"south":{"uv":[0,0,0.5,0.5],"rotation":270,"texture":"#24"},"west":{"uv":[0,0,1,1],"rotation":90,"texture":"#24"},"up":{"uv":[0,0,1,1],"rotation":180,"texture":"#24"},"down":{"uv":[0,0,0.25,3],"rotation":180,"texture":"#24"}}},{"from":[7.5006,5.4895,1.99698],"to":[8.5006,5.6895,13.99698],"rotation":{"angle":22.5,"axis":"z","origin":[8.00114,8.00262,8]},"faces":{"north":{"uv":[10.31199,7.49684,10.51199,8.49684],"rotation":270,"texture":"#24"},"east":{"uv":[0,0,1,1],"rotation":270,"texture":"#24"},"south":{"uv":[0,0,0.5,0.5],"rotation":270,"texture":"#24"},"west":{"uv":[0,0,1,1],"rotation":90,"texture":"#24"},"up":{"uv":[0,0,1,1],"rotation":180,"texture":"#24"},"down":{"uv":[0,0,0.25,3],"rotation":180,"texture":"#24"}}},{"from":[5.48801,7.50209,1.99698],"to":[5.68801,8.50209,13.99698],"rotation":{"angle":22.5,"axis":"z","origin":[8.00114,8.00262,8]},"faces":{"north":{"uv":[10.31199,7.49791,10.51199,8.49791],"rotation":180,"texture":"#24"},"east":{"uv":[1,0,0,1],"rotation":270,"texture":"#24"},"south":{"uv":[0,0.5,0.5,0],"texture":"#24"},"west":{"uv":[0.5,0,0.75,3],"rotation":270,"texture":"#24"},"up":{"uv":[1,0,0,1],"rotation":180,"texture":"#24"},"down":{"uv":[1,0,0,1],"texture":"#24"}}},{"from":[5.4891,7.50166,1.99507],"to":[5.6891,8.50166,13.99507],"rotation":{"angle":45,"axis":"z","origin":[8.00114,8.00262,8]},"faces":{"north":{"uv":[10.3109,7.49834,10.5109,8.49834],"rotation":180,"texture":"#24"},"east":{"uv":[1,0,0,1],"rotation":270,"texture":"#24"},"south":{"uv":[0,1,0.2,0],"texture":"#24"},"west":{"uv":[0.5,0,0.75,3],"rotation":270,"texture":"#24"},"up":{"uv":[1,0,0,1],"rotation":180,"texture":"#24"},"down":{"uv":[1,0,0,1],"texture":"#24"}}},{"from":[7.50292,5.49145,1.99346],"to":[8.50292,5.69145,13.99346],"rotation":{"angle":-22.5,"axis":"z","origin":[8.00114,8.00262,8]},"faces":{"north":{"uv":[10.31004,7.49917,10.51004,8.49917],"rotation":270,"texture":"#24"},"east":{"uv":[1,0,0,1],"rotation":270,"texture":"#24"},"south":{"uv":[0,0.5,0.5,0],"rotation":270,"texture":"#24"},"west":{"uv":[1,0,0,1],"rotation":90,"texture":"#24"},"up":{"uv":[1,0,0,1],"rotation":180,"texture":"#24"},"down":{"uv":[0.5,0,0.75,3],"rotation":180,"texture":"#24"}}},{"from":[7.50111,5.491,1.99736],"to":[8.50111,5.691,13.99736],"rotation":{"angle":45,"axis":"z","origin":[8.00114,8.00262,8]},"faces":{"north":{"uv":[7.49889,10.309,8.49889,10.509],"rotation":270,"texture":"#24"},"east":{"uv":[0,0,1,1],"rotation":270,"texture":"#24"},"south":{"uv":[0,0,0.5,0.5],"rotation":270,"texture":"#24"},"west":{"uv":[0,0,1,1],"rotation":90,"texture":"#24"},"up":{"uv":[0,0,1,1],"rotation":180,"texture":"#24"},"down":{"uv":[0,0,0.25,3],"rotation":180,"texture":"#24"}}},{"from":[5.48951,7.5026,1.99736],"to":[5.68951,8.5026,13.99736],"rotation":{"angle":0,"axis":"z","origin":[8.00114,8.00262,8]},"faces":{"north":{"uv":[7.49889,5.48575,8.49889,5.68575],"texture":"#24"},"east":{"uv":[1,0,0,1],"rotation":270,"texture":"#24"},"south":{"uv":[0.5,0,0,0.5],"rotation":180,"texture":"#24"},"west":{"uv":[0.5,0,0.75,3],"rotation":270,"texture":"#24"},"up":{"uv":[1,0,0,1],"rotation":180,"texture":"#24"},"down":{"uv":[1,0,0,1],"texture":"#24"}}},{"from":[10.31156,7.50365,1.99844],"to":[10.51156,8.50365,13.99844],"rotation":{"angle":-22.5,"axis":"z","origin":[8.00114,8.00262,8]},"faces":{"north":{"uv":[7.49784,10.3078,8.49784,10.5078],"texture":"#24"},"east":{"uv":[0,0,0.25,3],"rotation":90,"texture":"#24"},"south":{"uv":[0,0,0.5,0.5],"rotation":180,"texture":"#24"},"west":{"uv":[0,0,1,1],"rotation":90,"texture":"#24"},"up":{"uv":[0,0,1,1],"rotation":180,"texture":"#24"},"down":{"uv":[0,0,1,1],"texture":"#24"}}},{"from":[5.49072,7.50365,1.99844],"to":[5.69071,8.50365,13.99844],"rotation":{"angle":-22.5,"axis":"z","origin":[8.00114,8.00262,8]},"faces":{"north":{"uv":[7.49784,5.48696,8.49784,5.68696],"texture":"#24"},"east":{"uv":[1,0,0,1],"rotation":270,"texture":"#24"},"south":{"uv":[0.5,0,0,0.5],"rotation":180,"texture":"#24"},"west":{"uv":[0.5,0,0.75,3],"rotation":270,"texture":"#24"},"up":{"uv":[1,0,0,1],"rotation":180,"texture":"#24"},"down":{"uv":[1,0,0,1],"texture":"#24"}}},{"from":[10.31086,7.50508,2.00005],"to":[10.51086,8.50508,14.00005],"rotation":{"angle":0,"axis":"z","origin":[8.00114,8.00262,8]},"faces":{"north":{"uv":[7.49641,10.3071,8.49641,10.5071],"texture":"#24"},"east":{"uv":[0,0,0.25,3],"rotation":90,"texture":"#24"},"south":{"uv":[0,0,0.5,0.5],"rotation":180,"texture":"#24"},"west":{"uv":[0,0,1,1],"rotation":90,"texture":"#24"},"up":{"uv":[0,0,1,1],"rotation":180,"texture":"#24"},"down":{"uv":[0,0,1,1],"texture":"#24"}}},{"from":[7.50359,10.31235,2.00005],"to":[8.50359,10.51235,14.00005],"rotation":{"angle":45,"axis":"z","origin":[8.00114,8.00262,8]},"faces":{"north":{"uv":[7.49641,5.48765,8.49641,5.68765],"rotation":270,"texture":"#24"},"east":{"uv":[1,0,0,1],"rotation":270,"texture":"#24"},"south":{"uv":[0.5,0,0,0.5],"rotation":270,"texture":"#24"},"west":{"uv":[1,0,0,1],"rotation":90,"texture":"#24"},"up":{"uv":[0.5,0,0.75,3],"texture":"#24"},"down":{"uv":[1,0,0,1],"texture":"#24"}}},{"from":[10.31076,7.50667,2.00196],"to":[10.51076,8.50667,14.00196],"rotation":{"angle":22.5,"axis":"z","origin":[8.00114,8.00262,8]},"faces":{"north":{"uv":[7.49482,10.307,8.49482,10.507],"texture":"#24"},"east":{"uv":[0,0,0.25,3],"rotation":90,"texture":"#24"},"south":{"uv":[0,0,0.5,0.5],"rotation":180,"texture":"#24"},"west":{"uv":[0,0,1,1],"rotation":90,"texture":"#24"},"up":{"uv":[0,0,1,1],"rotation":180,"texture":"#24"},"down":{"uv":[0,0,1,1],"texture":"#24"}}},{"from":[7.50518,10.31225,2.00196],"to":[8.50518,10.51225,14.00196],"rotation":{"angle":22.5,"axis":"z","origin":[8.00114,8.00262,8]},"faces":{"north":{"uv":[7.49482,5.48775,8.49482,5.68775],"rotation":270,"texture":"#24"},"east":{"uv":[1,0,0,1],"rotation":270,"texture":"#24"},"south":{"uv":[0.5,0,0,0.5],"rotation":270,"texture":"#24"},"west":{"uv":[1,0,0,1],"rotation":90,"texture":"#24"},"up":{"uv":[7.50518,2.00196,7.75518,5.00196],"texture":"#24"},"down":{"uv":[1,0,0,1],"texture":"#24"}}},{"from":[10.31127,7.50817,2.00386],"to":[10.51127,8.50817,14.00386],"rotation":{"angle":45,"axis":"z","origin":[8.00114,8.00262,8]},"faces":{"north":{"uv":[5.48873,7.49183,5.68873,8.49183],"texture":"#24"},"east":{"uv":[0,0,0.25,3],"rotation":90,"texture":"#24"},"south":{"uv":[0,0,0.5,0.5],"rotation":180,"texture":"#24"},"west":{"uv":[0,0,1,1],"rotation":90,"texture":"#24"},"up":{"uv":[0,0,1,1],"rotation":180,"texture":"#24"},"down":{"uv":[0,0,1,1],"texture":"#24"}}},{"from":[7.50789,10.3138,2.00547],"to":[8.50789,10.5138,14.00547],"rotation":{"angle":-22.5,"axis":"z","origin":[8.00114,8.00262,8]},"faces":{"north":{"uv":[5.48769,7.50413,5.68769,8.50413],"rotation":90,"texture":"#24"},"east":{"uv":[1,0,0,1],"rotation":270,"texture":"#24"},"south":{"uv":[0,0.5,0.5,0],"rotation":90,"texture":"#24"},"west":{"uv":[1,0,0,1],"rotation":90,"texture":"#24"},"up":{"uv":[0.5,0,0.75,3],"texture":"#24"},"down":{"uv":[1,0,0,1],"texture":"#24"}}},{"from":[7.49368,10.31523,2.00655],"to":[8.49368,10.51523,14.00655],"rotation":{"angle":0,"axis":"z","origin":[8.00114,8.00262,8]},"faces":{"north":{"uv":[5.48626,7.48992,5.68626,8.48992],"rotation":90,"texture":"#24"},"east":{"uv":[0,0,1,1],"rotation":270,"texture":"#24"},"south":{"uv":[0,0,0.5,0.5],"rotation":90,"texture":"#24"},"west":{"uv":[0,0,1,1],"rotation":90,"texture":"#24"},"up":{"uv":[0,0,0.25,3],"texture":"#24"},"down":{"uv":[0,0,1,1],"texture":"#24"}}},{"from":[7.53428,9.45523,2.00655],"to":[8.45428,10.31423,14.00655],"rotation":{"angle":0,"axis":"z","origin":[8.00114,8.00262,8]},"faces":{"north":{"uv":[0,0,0.184,0.92],"rotation":90,"texture":"#13"},"east":{"uv":[0,0,0.184,0.92],"rotation":90,"texture":"#13"},"south":{"uv":[9.06017,6.82509,10.16917,7.74509],"rotation":90,"texture":"#13"},"west":{"uv":[0,0,0.184,0.92],"rotation":270,"texture":"#13"},"up":{"uv":[0,0,0.184,0.92],"texture":"#13"},"down":{"uv":[0,0,0.184,0.92],"rotation":180,"texture":"#13"}}},{"from":[7.54073,5.68908,1.99736],"to":[8.46073,6.54808,13.99736],"rotation":{"angle":0,"axis":"z","origin":[8.00114,8.00262,8]},"faces":{"north":{"uv":[0,0,0.184,0.92],"rotation":270,"texture":"#13"},"east":{"uv":[0,0,0.184,0.92],"rotation":270,"texture":"#13"},"south":{"uv":[5.82853,8.24895,6.93753,9.16895],"rotation":270,"texture":"#13"},"west":{"uv":[0,0,0.184,0.92],"rotation":90,"texture":"#13"},"up":{"uv":[0,0,0.184,0.92],"rotation":180,"texture":"#13"},"down":{"uv":[0,0,0.184,0.92],"texture":"#13"}}},{"from":[7.54064,5.69055,1.99698],"to":[8.46064,6.62455,13.99698],"rotation":{"angle":22.5,"axis":"z","origin":[8.00114,8.00262,8]},"faces":{"north":{"uv":[0,0,0.184,0.92],"rotation":270,"texture":"#13"},"east":{"uv":[0,0,0.184,0.92],"rotation":270,"texture":"#13"},"south":{"uv":[6.23117,8.84927,7.41517,9.76927],"rotation":270,"texture":"#13"},"west":{"uv":[0,0,0.184,0.92],"rotation":90,"texture":"#13"},"up":{"uv":[0,0,0.184,0.92],"rotation":180,"texture":"#13"},"down":{"uv":[0,0,0.184,0.92],"texture":"#13"}}},{"from":[5.68906,7.54213,1.99698],"to":[6.62306,8.46213,13.99698],"rotation":{"angle":22.5,"axis":"z","origin":[8.00114,8.00262,8]},"faces":{"north":{"uv":[0,0.92,0.184,0],"rotation":180,"texture":"#13"},"east":{"uv":[0,0.92,0.184,0],"rotation":270,"texture":"#13"},"south":{"uv":[6.23117,6.23073,7.41517,7.15073],"texture":"#13"},"west":{"uv":[0,0.92,0.184,0],"rotation":90,"texture":"#13"},"up":{"uv":[0,0.92,0.184,0],"rotation":180,"texture":"#13"},"down":{"uv":[0,0.92,0.184,0],"texture":"#13"}}},{"from":[5.69007,7.54173,1.99507],"to":[6.54907,8.46173,13.99507],"rotation":{"angle":45,"axis":"z","origin":[8.00114,8.00262,8]},"faces":{"north":{"uv":[0,0.92,0.184,0],"rotation":180,"texture":"#13"},"east":{"uv":[0,0.92,0.184,0],"rotation":270,"texture":"#13"},"south":{"uv":[5.83063,6.83245,6.93963,7.75245],"texture":"#13"},"west":{"uv":[0,0.92,0.184,0],"rotation":90,"texture":"#13"},"up":{"uv":[0,0.92,0.184,0],"rotation":180,"texture":"#13"},"down":{"uv":[0,0.92,0.184,0],"texture":"#13"}}},{"from":[7.54279,5.69234,1.99346],"to":[8.46279,6.62634,13.99346],"rotation":{"angle":-22.5,"axis":"z","origin":[8.00114,8.00262,8]},"faces":{"north":{"uv":[0,0.92,0.184,0],"rotation":270,"texture":"#13"},"east":{"uv":[0,0.92,0.184,0],"rotation":270,"texture":"#13"},"south":{"uv":[5.69085,7.54165,6.87485,8.46165],"rotation":270,"texture":"#13"},"west":{"uv":[0,0.92,0.184,0],"rotation":90,"texture":"#13"},"up":{"uv":[0,0.92,0.184,0],"rotation":180,"texture":"#13"},"down":{"uv":[0,0.92,0.184,0],"texture":"#13"}}},{"from":[7.54112,5.69193,1.99736],"to":[8.46112,6.55093,13.99736],"rotation":{"angle":45,"axis":"z","origin":[8.00114,8.00262,8]},"faces":{"north":{"uv":[0,0,0.184,0.92],"rotation":90,"texture":"#13"},"east":{"uv":[0,0,0.184,0.92],"rotation":180,"texture":"#13"},"south":{"uv":[6.83289,9.06081,7.75289,10.16981],"rotation":270,"texture":"#13"},"west":{"uv":[0,0,0.184,0.92],"texture":"#13"},"up":{"uv":[0,0,0.184,0.92],"rotation":90,"texture":"#13"},"down":{"uv":[0,0,0.184,0.92],"rotation":270,"texture":"#13"}}},{"from":[5.69044,7.54261,1.99736],"to":[6.54944,8.46261,13.99736],"rotation":{"angle":0,"axis":"z","origin":[8.00114,8.00262,8]},"faces":{"north":{"uv":[0.184,0,0,0.92],"rotation":180,"texture":"#13"},"east":{"uv":[0.184,0,0,0.92],"rotation":180,"texture":"#13"},"south":{"uv":[6.83289,5.83019,7.75289,6.93919],"rotation":180,"texture":"#13"},"west":{"uv":[0.184,0,0,0.92],"texture":"#13"},"up":{"uv":[0.184,0,0,0.92],"rotation":90,"texture":"#13"},"down":{"uv":[0.184,0,0,0.92],"rotation":270,"texture":"#13"}}},{"from":[9.40172,7.54357,1.99844],"to":[10.31073,8.46357,13.99844],"rotation":{"angle":-22.5,"axis":"z","origin":[8.00114,8.00262,8]},"faces":{"north":{"uv":[0,0,0.184,0.92],"rotation":180,"texture":"#13"},"east":{"uv":[0,0,0.184,0.92],"rotation":180,"texture":"#13"},"south":{"uv":[7.54208,9.12559,8.46208,10.30959],"rotation":180,"texture":"#13"},"west":{"uv":[0,0,0.184,0.92],"texture":"#13"},"up":{"uv":[0,0,0.184,0.92],"rotation":90,"texture":"#13"},"down":{"uv":[0,0,0.184,0.92],"rotation":270,"texture":"#13"}}},{"from":[5.69155,7.54357,1.99844],"to":[6.55055,8.46357,13.99844],"rotation":{"angle":-22.5,"axis":"z","origin":[8.00114,8.00262,8]},"faces":{"north":{"uv":[0.184,0,0,0.92],"rotation":180,"texture":"#13"},"east":{"uv":[0.184,0,0,0.92],"rotation":180,"texture":"#13"},"south":{"uv":[7.54208,5.69041,8.46208,6.79941],"rotation":180,"texture":"#13"},"west":{"uv":[0.184,0,0,0.92],"texture":"#13"},"up":{"uv":[0.184,0,0,0.92],"rotation":90,"texture":"#13"},"down":{"uv":[0.184,0,0,0.92],"rotation":270,"texture":"#13"}}},{"from":[9.40108,7.54488,2.00005],"to":[10.31008,8.46488,14.00005],"rotation":{"angle":0,"axis":"z","origin":[8.00114,8.00262,8]},"faces":{"north":{"uv":[0,0,0.184,0.92],"rotation":180,"texture":"#13"},"east":{"uv":[0,0,0.184,0.92],"rotation":180,"texture":"#13"},"south":{"uv":[8.25078,9.00834,9.17078,10.16734],"rotation":180,"texture":"#13"},"west":{"uv":[0,0,0.184,0.92],"texture":"#13"},"up":{"uv":[0,0,0.184,0.92],"rotation":90,"texture":"#13"},"down":{"uv":[0,0,0.184,0.92],"rotation":270,"texture":"#13"}}},{"from":[7.54339,9.45257,2.00005],"to":[8.46339,10.31157,14.00005],"rotation":{"angle":45,"axis":"z","origin":[8.00114,8.00262,8]},"faces":{"north":{"uv":[0.184,0,0,0.92],"rotation":90,"texture":"#13"},"east":{"uv":[0.184,0,0,0.92],"rotation":180,"texture":"#13"},"south":{"uv":[8.25078,5.83266,9.17078,6.94166],"rotation":270,"texture":"#13"},"west":{"uv":[0.184,0,0,0.92],"texture":"#13"},"up":{"uv":[0.184,0,0,0.92],"rotation":90,"texture":"#13"},"down":{"uv":[0.184,0,0,0.92],"rotation":270,"texture":"#13"}}},{"from":[9.45099,7.54634,2.00196],"to":[10.30999,8.46634,14.00196],"rotation":{"angle":22.5,"axis":"z","origin":[8.00114,8.00262,8]},"faces":{"north":{"uv":[0,0,0.184,0.92],"rotation":180,"texture":"#13"},"east":{"uv":[0,0,0.184,0.92],"rotation":180,"texture":"#13"},"south":{"uv":[8.8511,8.65571,9.7711,9.76471],"rotation":180,"texture":"#13"},"west":{"uv":[0,0,0.184,0.92],"texture":"#13"},"up":{"uv":[0,0,0.184,0.92],"rotation":90,"texture":"#13"},"down":{"uv":[0,0,0.184,0.92],"rotation":270,"texture":"#13"}}},{"from":[7.54485,9.45248,2.00196],"to":[8.46485,10.31148,14.00196],"rotation":{"angle":22.5,"axis":"z","origin":[8.00114,8.00262,8]},"faces":{"north":{"uv":[0.184,0,0,0.92],"rotation":90,"texture":"#13"},"east":{"uv":[0.184,0,0,0.92],"rotation":180,"texture":"#13"},"south":{"uv":[8.8511,6.23529,9.7711,7.34429],"rotation":270,"texture":"#13"},"west":{"uv":[0.184,0,0,0.92],"texture":"#13"},"up":{"uv":[0.184,0,0,0.92],"rotation":90,"texture":"#13"},"down":{"uv":[0.184,0,0,0.92],"rotation":270,"texture":"#13"}}},{"from":[9.45146,7.54773,2.00386],"to":[10.31046,8.46773,14.00386],"rotation":{"angle":45,"axis":"z","origin":[8.00114,8.00262,8]},"faces":{"north":{"uv":[0,0,0.184,0.92],"texture":"#13"},"east":{"uv":[0,0,0.184,0.92],"rotation":90,"texture":"#13"},"south":{"uv":[9.06264,8.24299,10.17164,9.16299],"rotation":180,"texture":"#13"},"west":{"uv":[0,0,0.184,0.92],"rotation":270,"texture":"#13"},"up":{"uv":[0,0,0.184,0.92],"texture":"#13"},"down":{"uv":[0,0,0.184,0.92],"rotation":180,"texture":"#13"}}},{"from":[7.54735,9.45391,2.00547],"to":[8.46735,10.31291,14.00547],"rotation":{"angle":-22.5,"axis":"z","origin":[8.00114,8.00262,8]},"faces":{"north":{"uv":[0,0.92,0.184,0],"rotation":90,"texture":"#13"},"east":{"uv":[0,0.92,0.184,0],"rotation":90,"texture":"#13"},"south":{"uv":[9.20242,7.54621,10.31142,8.46621],"rotation":90,"texture":"#13"},"west":{"uv":[0,0.92,0.184,0],"rotation":270,"texture":"#13"},"up":{"uv":[0,0.92,0.184,0],"texture":"#13"},"down":{"uv":[0,0.92,0.184,0],"rotation":180,"texture":"#13"}}},{"from":[7.7117,6.54638,1.99736],"to":[8.29058,7.27526,13.99746],"rotation":{"angle":-22.5,"axis":"z","origin":[8.00114,8.00262,8]},"faces":{"north":{"uv":[6.4918,7.7,6.8518,8.06],"rotation":270,"texture":"#22"},"east":{"uv":[6.4918,7.7,6.8518,8.06],"rotation":270,"texture":"#22"},"south":{"uv":[6.4918,7.7,6.8518,8.06],"rotation":270,"texture":"#22"},"west":{"uv":[6.4918,7.7,6.8518,8.06],"rotation":90,"texture":"#22"},"up":{"uv":[6.4918,7.7,6.8518,8.06],"rotation":180,"texture":"#22"},"down":{"uv":[6.4918,7.7,6.8518,8.06],"texture":"#22"}}},{"from":[7.71127,6.54646,1.99736],"to":[8.29015,7.27534,13.99736],"rotation":{"angle":0,"axis":"z","origin":[8.00114,8.00262,8]},"faces":{"north":{"uv":[6.58377,8.16236,6.94377,8.52236],"rotation":270,"texture":"#22"},"east":{"uv":[6.58377,8.16236,6.94377,8.52236],"rotation":270,"texture":"#22"},"south":{"uv":[6.58377,8.16236,6.94377,8.52236],"rotation":270,"texture":"#22"},"west":{"uv":[6.58377,8.16236,6.94377,8.52236],"rotation":90,"texture":"#22"},"up":{"uv":[6.58377,8.16236,6.94377,8.52236],"rotation":180,"texture":"#22"},"down":{"uv":[6.58377,8.16236,6.94377,8.52236],"texture":"#22"}}},{"from":[6.54497,7.71276,1.99736],"to":[7.27385,8.29164,13.99736],"rotation":{"angle":45,"axis":"z","origin":[8.00114,8.00262,8]},"faces":{"north":{"uv":[6.58377,7.23764,6.94377,7.59764],"rotation":180,"texture":"#22"},"east":{"uv":[6.58377,7.23764,6.94377,7.59764],"rotation":270,"texture":"#22"},"south":{"uv":[6.58377,7.23764,6.94377,7.59764],"texture":"#22"},"west":{"uv":[6.58377,7.23764,6.94377,7.59764],"rotation":90,"texture":"#22"},"up":{"uv":[6.58377,7.23764,6.94377,7.59764],"rotation":180,"texture":"#22"},"down":{"uv":[6.58377,7.23764,6.94377,7.59764],"texture":"#22"}}},{"from":[7.71089,6.5467,1.99736],"to":[8.28977,7.27558,13.99746],"rotation":{"angle":22.5,"axis":"z","origin":[8.00114,8.00262,8]},"faces":{"north":{"uv":[6.84567,8.55433,7.20567,8.91433],"rotation":270,"texture":"#22"},"east":{"uv":[6.84567,8.55433,7.20567,8.91433],"rotation":270,"texture":"#22"},"south":{"uv":[6.84567,8.55433,7.20567,8.91433],"rotation":270,"texture":"#22"},"west":{"uv":[6.84567,8.55433,7.20567,8.91433],"rotation":90,"texture":"#22"},"up":{"uv":[6.84567,8.55433,7.20567,8.91433],"rotation":180,"texture":"#22"},"down":{"uv":[6.84567,8.55433,7.20567,8.91433],"texture":"#22"}}},{"from":[6.54521,7.71238,1.99736],"to":[7.27409,8.29126,13.99746],"rotation":{"angle":22.5,"axis":"z","origin":[8.00114,8.00262,8]},"faces":{"north":{"uv":[6.84567,6.84567,7.20567,7.20567],"rotation":180,"texture":"#22"},"east":{"uv":[6.84567,6.84567,7.20567,7.20567],"rotation":270,"texture":"#22"},"south":{"uv":[6.84567,6.84567,7.20567,7.20567],"texture":"#22"},"west":{"uv":[6.84567,6.84567,7.20567,7.20567],"rotation":90,"texture":"#22"},"up":{"uv":[6.84567,6.84567,7.20567,7.20567],"rotation":180,"texture":"#22"},"down":{"uv":[6.84567,6.84567,7.20567,7.20567],"texture":"#22"}}},{"from":[7.71064,6.54708,1.99736],"to":[8.28952,7.27596,13.99736],"rotation":{"angle":45,"axis":"z","origin":[8.00114,8.00262,8]},"faces":{"north":{"uv":[7.23764,8.81623,7.59764,9.17623],"rotation":90,"texture":"#22"},"east":{"uv":[7.23764,8.81623,7.59764,9.17623],"rotation":180,"texture":"#22"},"south":{"uv":[7.23764,8.81623,7.59764,9.17623],"rotation":270,"texture":"#22"},"west":{"uv":[7.23764,8.81623,7.59764,9.17623],"texture":"#22"},"up":{"uv":[7.23764,8.81623,7.59764,9.17623],"rotation":90,"texture":"#22"},"down":{"uv":[7.23764,8.81623,7.59764,9.17623],"rotation":270,"texture":"#22"}}},{"from":[6.54559,7.71213,1.99736],"to":[7.27447,8.29101,13.99736],"rotation":{"angle":0,"axis":"z","origin":[8.00114,8.00262,8]},"faces":{"north":{"uv":[7.23764,6.58377,7.59764,6.94377],"rotation":180,"texture":"#22"},"east":{"uv":[7.23764,6.58377,7.59764,6.94377],"rotation":180,"texture":"#22"},"south":{"uv":[7.23764,6.58377,7.59764,6.94377],"rotation":180,"texture":"#22"},"west":{"uv":[7.23764,6.58377,7.59764,6.94377],"texture":"#22"},"up":{"uv":[7.23764,6.58377,7.59764,6.94377],"rotation":90,"texture":"#22"},"down":{"uv":[7.23764,6.58377,7.59764,6.94377],"rotation":270,"texture":"#22"}}},{"from":[8.72736,7.71205,1.99736],"to":[9.45624,8.29093,13.99746],"rotation":{"angle":-22.5,"axis":"z","origin":[8.00114,8.00262,8]},"faces":{"north":{"uv":[7.7,8.9082,8.06,9.2682],"rotation":180,"texture":"#22"},"east":{"uv":[7.7,8.9082,8.06,9.2682],"rotation":180,"texture":"#22"},"south":{"uv":[7.7,8.9082,8.06,9.2682],"rotation":180,"texture":"#22"},"west":{"uv":[7.7,8.9082,8.06,9.2682],"texture":"#22"},"up":{"uv":[7.7,8.9082,8.06,9.2682],"rotation":90,"texture":"#22"},"down":{"uv":[7.7,8.9082,8.06,9.2682],"rotation":270,"texture":"#22"}}},{"from":[6.54602,7.71205,1.99736],"to":[7.2749,8.29093,13.99746],"rotation":{"angle":-22.5,"axis":"z","origin":[8.00114,8.00262,8]},"faces":{"north":{"uv":[7.7,6.4918,8.06,6.8518],"rotation":180,"texture":"#22"},"east":{"uv":[7.7,6.4918,8.06,6.8518],"rotation":180,"texture":"#22"},"south":{"uv":[7.7,6.4918,8.06,6.8518],"rotation":180,"texture":"#22"},"west":{"uv":[7.7,6.4918,8.06,6.8518],"texture":"#22"},"up":{"uv":[7.7,6.4918,8.06,6.8518],"rotation":90,"texture":"#22"},"down":{"uv":[7.7,6.4918,8.06,6.8518],"rotation":270,"texture":"#22"}}},{"from":[8.72693,7.71214,1.99736],"to":[9.45581,8.29102,13.99736],"rotation":{"angle":0,"axis":"z","origin":[8.00114,8.00262,8]},"faces":{"north":{"uv":[8.16236,8.81623,8.52236,9.17623],"rotation":180,"texture":"#22"},"east":{"uv":[8.16236,8.81623,8.52236,9.17623],"rotation":180,"texture":"#22"},"south":{"uv":[8.16236,8.81623,8.52236,9.17623],"rotation":180,"texture":"#22"},"west":{"uv":[8.16236,8.81623,8.52236,9.17623],"texture":"#22"},"up":{"uv":[8.16236,8.81623,8.52236,9.17623],"rotation":90,"texture":"#22"},"down":{"uv":[8.16236,8.81623,8.52236,9.17623],"rotation":270,"texture":"#22"}}},{"from":[7.71065,8.72842,1.99736],"to":[8.28953,9.4573,13.99736],"rotation":{"angle":45,"axis":"z","origin":[8.00114,8.00262,8]},"faces":{"north":{"uv":[8.16236,6.58377,8.52236,6.94377],"rotation":90,"texture":"#22"},"east":{"uv":[8.16236,6.58377,8.52236,6.94377],"rotation":180,"texture":"#22"},"south":{"uv":[8.16236,6.58377,8.52236,6.94377],"rotation":270,"texture":"#22"},"west":{"uv":[8.16236,6.58377,8.52236,6.94377],"texture":"#22"},"up":{"uv":[8.16236,6.58377,8.52236,6.94377],"rotation":90,"texture":"#22"},"down":{"uv":[8.16236,6.58377,8.52236,6.94377],"rotation":270,"texture":"#22"}}},{"from":[8.72657,7.71238,1.99736],"to":[9.45545,8.29126,13.99746],"rotation":{"angle":22.5,"axis":"z","origin":[8.00114,8.00262,8]},"faces":{"north":{"uv":[8.55433,8.55433,8.91433,8.91433],"rotation":180,"texture":"#22"},"east":{"uv":[8.55433,8.55433,8.91433,8.91433],"rotation":180,"texture":"#22"},"south":{"uv":[8.55433,8.55433,8.91433,8.91433],"rotation":180,"texture":"#22"},"west":{"uv":[8.55433,8.55433,8.91433,8.91433],"texture":"#22"},"up":{"uv":[8.55433,8.55433,8.91433,8.91433],"rotation":90,"texture":"#22"},"down":{"uv":[8.55433,8.55433,8.91433,8.91433],"rotation":270,"texture":"#22"}}},{"from":[7.71089,8.72806,1.99736],"to":[8.28977,9.45694,13.99746],"rotation":{"angle":22.5,"axis":"z","origin":[8.00114,8.00262,8]},"faces":{"north":{"uv":[8.55433,6.84567,8.91433,7.20567],"rotation":90,"texture":"#19"},"east":{"uv":[8.55433,6.84567,8.91433,7.20567],"rotation":180,"texture":"#19"},"south":{"uv":[8.55433,6.84567,8.91433,7.20567],"rotation":270,"texture":"#19"},"west":{"uv":[8.55433,6.84567,8.91433,7.20567],"texture":"#19"},"up":{"uv":[8.55433,6.84567,8.91433,7.20567],"rotation":90,"texture":"#19"},"down":{"uv":[8.55433,6.84567,8.91433,7.20567],"rotation":270,"texture":"#19"}}},{"from":[8.72632,7.71274,1.99736],"to":[9.4552,8.29162,13.99736],"rotation":{"angle":45,"axis":"z","origin":[8.00114,8.00262,8]},"faces":{"north":{"uv":[8.81623,8.16236,9.17623,8.52236],"texture":"#19"},"east":{"uv":[8.81623,8.16236,9.17623,8.52236],"rotation":90,"texture":"#19"},"south":{"uv":[8.81623,8.16236,9.17623,8.52236],"rotation":180,"texture":"#19"},"west":{"uv":[8.81623,8.16236,9.17623,8.52236],"rotation":270,"texture":"#19"},"up":{"uv":[8.81623,8.16236,9.17623,8.52236],"texture":"#19"},"down":{"uv":[8.81623,8.16236,9.17623,8.52236],"rotation":180,"texture":"#19"}}},{"from":[7.71125,8.72781,1.99736],"to":[8.29013,9.45669,13.99736],"rotation":{"angle":0,"axis":"z","origin":[8.00114,8.00262,8]},"faces":{"north":{"uv":[8.81623,7.23764,9.17623,7.59764],"rotation":90,"texture":"#19"},"east":{"uv":[8.81623,7.23764,9.17623,7.59764],"rotation":90,"texture":"#19"},"south":{"uv":[8.81623,7.23764,9.17623,7.59764],"rotation":90,"texture":"#19"},"west":{"uv":[8.81623,7.23764,9.17623,7.59764],"rotation":270,"texture":"#19"},"up":{"uv":[8.81623,7.23764,9.17623,7.59764],"texture":"#19"},"down":{"uv":[8.81623,7.23764,9.17623,7.59764],"rotation":180,"texture":"#19"}}},{"from":[7.7117,8.72772,1.99736],"to":[8.29058,9.4566,13.99746],"rotation":{"angle":-22.5,"axis":"z","origin":[8.00114,8.00262,8]},"faces":{"north":{"uv":[8.9082,7.7,9.2682,8.06],"rotation":90,"texture":"#19"},"east":{"uv":[8.9082,7.7,9.2682,8.06],"rotation":90,"texture":"#19"},"south":{"uv":[8.9082,7.7,9.2682,8.06],"rotation":90,"texture":"#19"},"west":{"uv":[8.9082,7.7,9.2682,8.06],"rotation":270,"texture":"#19"},"up":{"uv":[8.9082,7.7,9.2682,8.06],"texture":"#19"},"down":{"uv":[8.9082,7.7,9.2682,8.06],"rotation":180,"texture":"#19"}}},{"from":[7.85642,7.27393,1.99736],"to":[8.14585,7.56337,13.99746],"rotation":{"angle":-22.5,"axis":"z","origin":[8.00114,8.00262,8]},"faces":{"north":{"uv":[6.4918,7.7,6.7078,7.916],"rotation":270,"texture":"#16"},"east":{"uv":[6.4918,7.7,6.7078,7.916],"rotation":270,"texture":"#16"},"south":{"uv":[6.4918,7.7,6.7078,7.916],"rotation":270,"texture":"#16"},"west":{"uv":[6.4918,7.7,6.7078,7.916],"rotation":90,"texture":"#16"},"up":{"uv":[6.4918,7.7,6.7078,7.916],"rotation":180,"texture":"#16"},"down":{"uv":[6.4918,7.7,6.7078,7.916],"texture":"#16"}}},{"from":[7.85598,7.27402,1.99736],"to":[8.14542,7.56346,13.99736],"rotation":{"angle":0,"axis":"z","origin":[8.00114,8.00262,8]},"faces":{"north":{"uv":[6.58377,8.16236,6.79977,8.37836],"rotation":270,"texture":"#16"},"east":{"uv":[6.58377,8.16236,6.79977,8.37836],"rotation":270,"texture":"#16"},"south":{"uv":[6.58377,8.16236,6.79977,8.37836],"rotation":270,"texture":"#16"},"west":{"uv":[6.58377,8.16236,6.79977,8.37836],"rotation":90,"texture":"#16"},"up":{"uv":[6.58377,8.16236,6.79977,8.37836],"rotation":180,"texture":"#16"},"down":{"uv":[6.58377,8.16236,6.79977,8.37836],"texture":"#16"}}},{"from":[7.27253,7.85747,1.99736],"to":[7.56197,8.14691,13.99736],"rotation":{"angle":45,"axis":"z","origin":[8.00114,8.00262,8]},"faces":{"north":{"uv":[6.58377,7.23764,6.79977,7.45364],"rotation":180,"texture":"#16"},"east":{"uv":[6.58377,7.23764,6.79977,7.45364],"rotation":270,"texture":"#16"},"south":{"uv":[6.58377,7.23764,6.79977,7.45364],"texture":"#16"},"west":{"uv":[6.58377,7.23764,6.79977,7.45364],"rotation":90,"texture":"#16"},"up":{"uv":[6.58377,7.23764,6.79977,7.45364],"rotation":180,"texture":"#16"},"down":{"uv":[6.58377,7.23764,6.79977,7.45364],"texture":"#16"}}},{"from":[7.85561,7.27426,1.99736],"to":[8.14505,7.5637,13.99746],"rotation":{"angle":22.5,"axis":"z","origin":[8.00114,8.00262,8]},"faces":{"north":{"uv":[6.84567,8.55433,7.06167,8.77033],"rotation":270,"texture":"#16"},"east":{"uv":[6.84567,8.55433,7.06167,8.77033],"rotation":270,"texture":"#16"},"south":{"uv":[6.84567,8.55433,7.06167,8.77033],"rotation":270,"texture":"#16"},"west":{"uv":[6.84567,8.55433,7.06167,8.77033],"rotation":90,"texture":"#16"},"up":{"uv":[6.84567,8.55433,7.06167,8.77033],"rotation":180,"texture":"#16"},"down":{"uv":[6.84567,8.55433,7.06167,8.77033],"texture":"#16"}}},{"from":[7.27277,7.8571,1.99736],"to":[7.56221,8.14654,13.99746],"rotation":{"angle":22.5,"axis":"z","origin":[8.00114,8.00262,8]},"faces":{"north":{"uv":[6.84567,6.84567,7.06167,7.06167],"rotation":180,"texture":"#16"},"east":{"uv":[6.84567,6.84567,7.06167,7.06167],"rotation":270,"texture":"#16"},"south":{"uv":[6.84567,6.84567,7.06167,7.06167],"texture":"#16"},"west":{"uv":[6.84567,6.84567,7.06167,7.06167],"rotation":90,"texture":"#16"},"up":{"uv":[6.84567,6.84567,7.06167,7.06167],"rotation":180,"texture":"#16"},"down":{"uv":[6.84567,6.84567,7.06167,7.06167],"texture":"#16"}}},{"from":[7.85537,7.27464,1.99736],"to":[8.14481,7.56408,13.99736],"rotation":{"angle":45,"axis":"z","origin":[8.00114,8.00262,8]},"faces":{"north":{"uv":[7.23764,8.81623,7.45364,9.03223],"rotation":90,"texture":"#16"},"east":{"uv":[7.23764,8.81623,7.45364,9.03223],"rotation":180,"texture":"#16"},"south":{"uv":[7.23764,8.81623,7.45364,9.03223],"rotation":270,"texture":"#16"},"west":{"uv":[7.23764,8.81623,7.45364,9.03223],"texture":"#16"},"up":{"uv":[7.23764,8.81623,7.45364,9.03223],"rotation":90,"texture":"#16"},"down":{"uv":[7.23764,8.81623,7.45364,9.03223],"rotation":270,"texture":"#16"}}},{"from":[7.27315,7.85686,1.99736],"to":[7.56259,8.1463,13.99736],"rotation":{"angle":0,"axis":"z","origin":[8.00114,8.00262,8]},"faces":{"north":{"uv":[7.23764,6.58377,7.45364,6.79977],"rotation":180,"texture":"#16"},"east":{"uv":[7.23764,6.58377,7.45364,6.79977],"rotation":180,"texture":"#16"},"south":{"uv":[7.23764,6.58377,7.45364,6.79977],"rotation":180,"texture":"#16"},"west":{"uv":[7.23764,6.58377,7.45364,6.79977],"texture":"#16"},"up":{"uv":[7.23764,6.58377,7.45364,6.79977],"rotation":90,"texture":"#16"},"down":{"uv":[7.23764,6.58377,7.45364,6.79977],"rotation":270,"texture":"#16"}}},{"from":[8.43925,7.85677,1.99736],"to":[8.7287,8.14621,13.99746],"rotation":{"angle":-22.5,"axis":"z","origin":[8.00114,8.00262,8]},"faces":{"north":{"uv":[7.7,8.9082,7.916,9.1242],"rotation":180,"texture":"#16"},"east":{"uv":[7.7,8.9082,7.916,9.1242],"rotation":180,"texture":"#16"},"south":{"uv":[7.7,8.9082,7.916,9.1242],"rotation":180,"texture":"#16"},"west":{"uv":[7.7,8.9082,7.916,9.1242],"texture":"#16"},"up":{"uv":[7.7,8.9082,7.916,9.1242],"rotation":90,"texture":"#16"},"down":{"uv":[7.7,8.9082,7.916,9.1242],"rotation":270,"texture":"#16"}}},{"from":[7.27357,7.85677,1.99736],"to":[7.56302,8.14621,13.99746],"rotation":{"angle":-22.5,"axis":"z","origin":[8.00114,8.00262,8]},"faces":{"north":{"uv":[7.7,6.4918,7.916,6.7078],"rotation":180,"texture":"#16"},"east":{"uv":[7.7,6.4918,7.916,6.7078],"rotation":180,"texture":"#16"},"south":{"uv":[7.7,6.4918,7.916,6.7078],"rotation":180,"texture":"#16"},"west":{"uv":[7.7,6.4918,7.916,6.7078],"texture":"#16"},"up":{"uv":[7.7,6.4918,7.916,6.7078],"rotation":90,"texture":"#16"},"down":{"uv":[7.7,6.4918,7.916,6.7078],"rotation":270,"texture":"#16"}}},{"from":[8.43882,7.85685,1.99736],"to":[8.72826,8.14629,13.99736],"rotation":{"angle":0,"axis":"z","origin":[8.00114,8.00262,8]},"faces":{"north":{"uv":[8.16236,8.81623,8.37836,9.03223],"rotation":180,"texture":"#16"},"east":{"uv":[8.16236,8.81623,8.37836,9.03223],"rotation":180,"texture":"#16"},"south":{"uv":[8.16236,8.81623,8.37836,9.03223],"rotation":180,"texture":"#16"},"west":{"uv":[8.16236,8.81623,8.37836,9.03223],"texture":"#16"},"up":{"uv":[8.16236,8.81623,8.37836,9.03223],"rotation":90,"texture":"#16"},"down":{"uv":[8.16236,8.81623,8.37836,9.03223],"rotation":270,"texture":"#16"}}},{"from":[7.85536,8.44031,1.99736],"to":[8.1448,8.72975,13.99736],"rotation":{"angle":45,"axis":"z","origin":[8.00114,8.00262,8]},"faces":{"north":{"uv":[8.16236,6.58377,8.37836,6.79977],"rotation":90,"texture":"#16"},"east":{"uv":[8.16236,6.58377,8.37836,6.79977],"rotation":180,"texture":"#16"},"south":{"uv":[8.16236,6.58377,8.37836,6.79977],"rotation":270,"texture":"#16"},"west":{"uv":[8.16236,6.58377,8.37836,6.79977],"texture":"#16"},"up":{"uv":[8.16236,6.58377,8.37836,6.79977],"rotation":90,"texture":"#16"},"down":{"uv":[8.16236,6.58377,8.37836,6.79977],"rotation":270,"texture":"#16"}}},{"from":[8.43845,7.8571,1.99736],"to":[8.72789,8.14654,13.99746],"rotation":{"angle":22.5,"axis":"z","origin":[8.00114,8.00262,8]},"faces":{"north":{"uv":[8.55433,8.55433,8.77033,8.77033],"rotation":180,"texture":"#16"},"east":{"uv":[8.55433,8.55433,8.77033,8.77033],"rotation":180,"texture":"#16"},"south":{"uv":[8.55433,8.55433,8.77033,8.77033],"rotation":180,"texture":"#16"},"west":{"uv":[8.55433,8.55433,8.77033,8.77033],"texture":"#16"},"up":{"uv":[8.55433,8.55433,8.77033,8.77033],"rotation":90,"texture":"#16"},"down":{"uv":[8.55433,8.55433,8.77033,8.77033],"rotation":270,"texture":"#16"}}},{"from":[7.85561,8.43994,1.99736],"to":[8.14505,8.72938,13.99746],"rotation":{"angle":22.5,"axis":"z","origin":[8.00114,8.00262,8]},"faces":{"north":{"uv":[8.55433,6.84567,8.77033,7.06167],"rotation":90,"texture":"#16"},"east":{"uv":[8.55433,6.84567,8.77033,7.06167],"rotation":180,"texture":"#16"},"south":{"uv":[8.55433,6.84567,8.77033,7.06167],"rotation":270,"texture":"#16"},"west":{"uv":[8.55433,6.84567,8.77033,7.06167],"texture":"#16"},"up":{"uv":[8.55433,6.84567,8.77033,7.06167],"rotation":90,"texture":"#16"},"down":{"uv":[8.55433,6.84567,8.77033,7.06167],"rotation":270,"texture":"#16"}}},{"from":[8.4382,7.85747,1.99736],"to":[8.72764,8.14691,13.99736],"rotation":{"angle":45,"axis":"z","origin":[8.00114,8.00262,8]},"faces":{"north":{"uv":[8.81623,8.16236,9.03223,8.37836],"texture":"#16"},"east":{"uv":[8.81623,8.16236,9.03223,8.37836],"rotation":90,"texture":"#16"},"south":{"uv":[8.81623,8.16236,9.03223,8.37836],"rotation":180,"texture":"#16"},"west":{"uv":[8.81623,8.16236,9.03223,8.37836],"rotation":270,"texture":"#16"},"up":{"uv":[8.81623,8.16236,9.03223,8.37836],"texture":"#16"},"down":{"uv":[8.81623,8.16236,9.03223,8.37836],"rotation":180,"texture":"#16"}}},{"from":[7.85598,8.43969,1.99736],"to":[8.14542,8.72913,13.99736],"rotation":{"angle":0,"axis":"z","origin":[8.00114,8.00262,8]},"faces":{"north":{"uv":[8.81623,7.23764,9.03223,7.45364],"rotation":90,"texture":"#16"},"east":{"uv":[8.81623,7.23764,9.03223,7.45364],"rotation":90,"texture":"#16"},"south":{"uv":[8.81623,7.23764,9.03223,7.45364],"rotation":90,"texture":"#16"},"west":{"uv":[8.81623,7.23764,9.03223,7.45364],"rotation":270,"texture":"#16"},"up":{"uv":[8.81623,7.23764,9.03223,7.45364],"texture":"#16"},"down":{"uv":[8.81623,7.23764,9.03223,7.45364],"rotation":180,"texture":"#16"}}},{"from":[7.85642,8.43961,1.99736],"to":[8.14585,8.72905,13.99746],"rotation":{"angle":-22.5,"axis":"z","origin":[8.00114,8.00262,8]},"faces":{"north":{"uv":[8.9082,7.7,9.1242,7.916],"rotation":90,"texture":"#16"},"east":{"uv":[8.9082,7.7,9.1242,7.916],"rotation":90,"texture":"#16"},"south":{"uv":[8.9082,7.7,9.1242,7.916],"rotation":90,"texture":"#16"},"west":{"uv":[8.9082,7.7,9.1242,7.916],"rotation":270,"texture":"#16"},"up":{"uv":[8.9082,7.7,9.1242,7.916],"texture":"#16"},"down":{"uv":[8.9082,7.7,9.1242,7.916],"rotation":180,"texture":"#16"}}},{"from":[7.91431,7.56496,1.99736],"to":[8.08797,8.40862,13.99746],"rotation":{"angle":-22.5,"axis":"z","origin":[8.00114,8.00262,8]},"faces":{"north":{"uv":[0,0,0.214,0.214],"rotation":270,"texture":"#23"},"east":{"uv":[0,0,0.214,0.214],"rotation":270,"texture":"#23"},"south":{"uv":[0,0,0.214,0.214],"rotation":270,"texture":"#23"},"west":{"uv":[0,0,0.214,0.214],"rotation":90,"texture":"#23"},"up":{"uv":[0,0,0.214,0.214],"rotation":180,"texture":"#23"},"down":{"uv":[0,0,0.214,0.214],"texture":"#23"}}},{"from":[7.91387,7.56504,1.99736],"to":[8.08754,8.4087,13.99736],"rotation":{"angle":0,"axis":"z","origin":[8.00114,8.00262,8]},"faces":{"north":{"uv":[0,0,0.214,0.214],"rotation":270,"texture":"#23"},"east":{"uv":[0,0,0.214,0.214],"rotation":270,"texture":"#23"},"south":{"uv":[0,0,0.214,0.214],"rotation":270,"texture":"#23"},"west":{"uv":[0,0,0.214,0.214],"rotation":90,"texture":"#23"},"up":{"uv":[0,0,0.214,0.214],"rotation":180,"texture":"#23"},"down":{"uv":[0,0,0.214,0.214],"texture":"#23"}}},{"from":[7.56355,7.91536,1.99736],"to":[8.40721,8.08903,13.99736],"rotation":{"angle":45,"axis":"z","origin":[8.00114,8.00262,8]},"faces":{"north":{"uv":[0,0,0.214,0.214],"rotation":180,"texture":"#23"},"east":{"uv":[0,0,0.214,0.214],"rotation":270,"texture":"#23"},"south":{"uv":[0,0,0.214,0.214],"texture":"#23"},"west":{"uv":[0,0,0.214,0.214],"rotation":90,"texture":"#23"},"up":{"uv":[0,0,0.214,0.214],"rotation":180,"texture":"#23"},"down":{"uv":[0,0,0.214,0.214],"texture":"#23"}}},{"from":[7.91349,7.56529,1.99736],"to":[8.08716,8.40896,13.99746],"rotation":{"angle":22.5,"axis":"z","origin":[8.00114,8.00262,8]},"faces":{"north":{"uv":[0,0,0.214,0.214],"rotation":270,"texture":"#23"},"east":{"uv":[0,0,0.214,0.214],"rotation":270,"texture":"#23"},"south":{"uv":[0,0,0.214,0.214],"rotation":270,"texture":"#23"},"west":{"uv":[0,0,0.214,0.214],"rotation":90,"texture":"#23"},"up":{"uv":[0,0,0.214,0.214],"rotation":180,"texture":"#23"},"down":{"uv":[0,0,0.214,0.214],"texture":"#23"}}},{"from":[7.5638,7.91498,1.99736],"to":[8.40747,8.08865,13.99746],"rotation":{"angle":22.5,"axis":"z","origin":[8.00114,8.00262,8]},"faces":{"north":{"uv":[0,0,0.214,0.214],"rotation":180,"texture":"#23"},"east":{"uv":[0,0,0.214,0.214],"rotation":270,"texture":"#23"},"south":{"uv":[0,0,0.214,0.214],"texture":"#23"},"west":{"uv":[0,0,0.214,0.214],"rotation":90,"texture":"#23"},"up":{"uv":[0,0,0.214,0.214],"rotation":180,"texture":"#23"},"down":{"uv":[0,0,0.214,0.214],"texture":"#23"}}},{"from":[7.91325,7.56566,1.99736],"to":[8.08692,8.40932,13.99736],"rotation":{"angle":45,"axis":"z","origin":[8.00114,8.00262,8]},"faces":{"north":{"uv":[0,0,0.214,0.214],"rotation":90,"texture":"#23"},"east":{"uv":[0,0,0.214,0.214],"rotation":180,"texture":"#23"},"south":{"uv":[0,0,0.214,0.214],"rotation":270,"texture":"#23"},"west":{"uv":[0,0,0.214,0.214],"texture":"#23"},"up":{"uv":[0,0,0.214,0.214],"rotation":90,"texture":"#23"},"down":{"uv":[0,0,0.214,0.214],"rotation":270,"texture":"#23"}}},{"from":[7.56417,7.91474,1.99736],"to":[8.40783,8.08841,13.99736],"rotation":{"angle":0,"axis":"z","origin":[8.00114,8.00262,8]},"faces":{"north":{"uv":[0,0,0.214,0.214],"rotation":180,"texture":"#23"},"east":{"uv":[0,0,0.214,0.214],"rotation":180,"texture":"#23"},"south":{"uv":[0,0,0.214,0.214],"rotation":180,"texture":"#23"},"west":{"uv":[0,0,0.214,0.214],"texture":"#23"},"up":{"uv":[0,0,0.214,0.214],"rotation":90,"texture":"#23"},"down":{"uv":[0,0,0.214,0.214],"rotation":270,"texture":"#23"}}},{"from":[8.264,7.91466,1.99736],"to":[8.43766,8.08832,13.99746],"rotation":{"angle":-22.5,"axis":"z","origin":[8.00114,8.00262,8]},"faces":{"north":{"uv":[0,0,0.214,0.214],"rotation":180,"texture":"#23"},"east":{"uv":[0,0,0.214,0.214],"rotation":180,"texture":"#23"},"south":{"uv":[0,0,0.214,0.214],"rotation":180,"texture":"#23"},"west":{"uv":[0,0,0.214,0.214],"texture":"#23"},"up":{"uv":[0,0,0.214,0.214],"rotation":90,"texture":"#23"},"down":{"uv":[0,0,0.214,0.214],"rotation":270,"texture":"#23"}}},{"from":[7.5646,7.91466,1.99736],"to":[8.40827,8.08832,13.99746],"rotation":{"angle":-22.5,"axis":"z","origin":[8.00114,8.00262,8]},"faces":{"north":{"uv":[0,0,0.214,0.214],"rotation":180,"texture":"#23"},"east":{"uv":[0,0,0.214,0.214],"rotation":180,"texture":"#23"},"south":{"uv":[0,0,0.214,0.214],"rotation":180,"texture":"#23"},"west":{"uv":[0,0,0.214,0.214],"texture":"#23"},"up":{"uv":[0,0,0.214,0.214],"rotation":90,"texture":"#23"},"down":{"uv":[0,0,0.214,0.214],"rotation":270,"texture":"#23"}}},{"from":[8.26357,7.91474,1.99736],"to":[8.43723,8.08841,13.99736],"rotation":{"angle":0,"axis":"z","origin":[8.00114,8.00262,8]},"faces":{"north":{"uv":[0,0,0.214,0.214],"rotation":180,"texture":"#23"},"east":{"uv":[0,0,0.214,0.214],"rotation":180,"texture":"#23"},"south":{"uv":[0,0,0.214,0.214],"rotation":180,"texture":"#23"},"west":{"uv":[0,0,0.214,0.214],"texture":"#23"},"up":{"uv":[0,0,0.214,0.214],"rotation":90,"texture":"#23"},"down":{"uv":[0,0,0.214,0.214],"rotation":270,"texture":"#23"}}},{"from":[7.91325,8.26506,1.99736],"to":[8.08692,8.43872,13.99736],"rotation":{"angle":45,"axis":"z","origin":[8.00114,8.00262,8]},"faces":{"north":{"uv":[0,0,0.214,0.214],"rotation":90,"texture":"#23"},"east":{"uv":[0,0,0.214,0.214],"rotation":180,"texture":"#23"},"south":{"uv":[0,0,0.214,0.214],"rotation":270,"texture":"#23"},"west":{"uv":[0,0,0.214,0.214],"texture":"#23"},"up":{"uv":[0,0,0.214,0.214],"rotation":90,"texture":"#23"},"down":{"uv":[0,0,0.214,0.214],"rotation":270,"texture":"#23"}}},{"from":[8.2632,7.91498,1.99736],"to":[8.43687,8.08865,13.99746],"rotation":{"angle":22.5,"axis":"z","origin":[8.00114,8.00262,8]},"faces":{"north":{"uv":[0,0,0.214,0.214],"rotation":180,"texture":"#23"},"east":{"uv":[0,0,0.214,0.214],"rotation":180,"texture":"#23"},"south":{"uv":[0,0,0.214,0.214],"rotation":180,"texture":"#23"},"west":{"uv":[0,0,0.214,0.214],"texture":"#23"},"up":{"uv":[0,0,0.214,0.214],"rotation":90,"texture":"#23"},"down":{"uv":[0,0,0.214,0.214],"rotation":270,"texture":"#23"}}},{"from":[7.91349,8.26469,1.99736],"to":[8.08716,8.43836,13.99746],"rotation":{"angle":22.5,"axis":"z","origin":[8.00114,8.00262,8]},"faces":{"north":{"uv":[0,0,0.214,0.214],"rotation":90,"texture":"#23"},"east":{"uv":[0,0,0.214,0.214],"rotation":180,"texture":"#23"},"south":{"uv":[0,0,0.214,0.214],"rotation":270,"texture":"#23"},"west":{"uv":[0,0,0.214,0.214],"texture":"#23"},"up":{"uv":[0,0,0.214,0.214],"rotation":90,"texture":"#23"},"down":{"uv":[0,0,0.214,0.214],"rotation":270,"texture":"#23"}}},{"from":[8.26296,7.91536,1.99736],"to":[8.43662,8.08903,13.99736],"rotation":{"angle":45,"axis":"z","origin":[8.00114,8.00262,8]},"faces":{"north":{"uv":[0,0,0.214,0.214],"texture":"#23"},"east":{"uv":[0,0,0.214,0.214],"rotation":90,"texture":"#23"},"south":{"uv":[0,0,0.214,0.214],"rotation":180,"texture":"#23"},"west":{"uv":[0,0,0.214,0.214],"rotation":270,"texture":"#23"},"up":{"uv":[0,0,0.214,0.214],"texture":"#23"},"down":{"uv":[0,0,0.214,0.214],"rotation":180,"texture":"#23"}}},{"from":[7.91387,8.26445,1.99736],"to":[8.08754,8.43811,13.99736],"rotation":{"angle":0,"axis":"z","origin":[8.00114,8.00262,8]},"faces":{"north":{"uv":[0,0,0.214,0.214],"rotation":90,"texture":"#23"},"east":{"uv":[0,0,0.214,0.214],"rotation":90,"texture":"#23"},"south":{"uv":[0,0,0.214,0.214],"rotation":90,"texture":"#23"},"west":{"uv":[0,0,0.214,0.214],"rotation":270,"texture":"#23"},"up":{"uv":[0,0,0.214,0.214],"texture":"#23"},"down":{"uv":[0,0,0.214,0.214],"rotation":180,"texture":"#23"}}},{"from":[7.91431,8.26436,1.99736],"to":[8.08797,8.43802,13.99746],"rotation":{"angle":-22.5,"axis":"z","origin":[8.00114,8.00262,8]},"faces":{"north":{"uv":[0,0,0.214,0.214],"rotation":90,"texture":"#23"},"east":{"uv":[0,0,0.214,0.214],"rotation":90,"texture":"#23"},"south":{"uv":[0,0,0.214,0.214],"rotation":90,"texture":"#23"},"west":{"uv":[0,0,0.214,0.214],"rotation":270,"texture":"#23"},"up":{"uv":[0,0,0.214,0.214],"texture":"#23"},"down":{"uv":[0,0,0.214,0.214],"rotation":180,"texture":"#23"}}}],"gui_light":"front"}