{"display":{"thirdperson_righthand":{"rotation":[75,45,0],"translation":[0,1.5,-5.75],"scale":[2,2,2]},"firstperson_righthand":{"rotation":[0,45,15],"translation":[0,-2.5,-1],"scale":[2,2,2]},"firstperson_lefthand":{"rotation":[0,45,15],"translation":[0,-2.5,-1],"scale":[2,2,2]},"ground":{"translation":[0,-7.75,0],"scale":[2,2,2]},"gui":{"rotation":[30,225,0],"translation":[0,-3.75,0],"scale":[2,2,2]},"head":{"rotation":[98,0,0],"translation":[0,2.25,-20],"scale":[4,4,4]},"fixed":{"translation":[0,-5.5,0],"scale":[2,2,2]}},"textures":{"2":"food/pumpkin_pie/096096096","3":"food/pumpkin_pie/246188000","4":"food/pumpkin_pie/234115019","particle":"food/pumpkin_pie/234115019"},"elements":[{"from":[5.5,10.5,7.5],"to":[6,11,8.5],"faces":{"north":{"uv":[7.5,5,8.5,5.5],"texture":"#2"},"east":{"uv":[7.5,5,8.5,5.5],"texture":"#2"},"south":{"uv":[7.5,5,8.5,5.5],"texture":"#2"},"west":{"uv":[7.5,5,8.5,5.5],"texture":"#2"},"up":{"uv":[7.5,5,8,6],"texture":"#2"},"down":{"uv":[7.5,5,8.5,5.5],"texture":"#2"}}},{"from":[5.7,10.575,7.54],"to":[6.16,11.075,8.46],"rotation":{"angle":0,"axis":"y","origin":[8,8.075,8]},"faces":{"north":{"uv":[7.5,5,8,6],"texture":"#3"},"east":{"uv":[7.5,5,8,6],"texture":"#3"},"south":{"uv":[7.5,5,8,6],"texture":"#3"},"west":{"uv":[7.5,5,8,6],"texture":"#3"},"up":{"uv":[7.5,5,8,6],"texture":"#3"},"down":{"uv":[7.5,5,8,6],"texture":"#3"}}},{"from":[6,10.25,7.6],"to":[9.65,10.5,8.4],"rotation":{"angle":0,"axis":"y","origin":[8,7.5,8]},"faces":{"north":{"uv":[7.6,5.5,8.4,5.75],"texture":"#2"},"east":{"uv":[7.6,5.5,8.4,5.75],"texture":"#2"},"south":{"uv":[7.6,5.5,8.4,5.75],"texture":"#2"},"west":{"uv":[7.6,5.5,8.4,5.75],"texture":"#2"},"up":{"uv":[7.6,5.5,8.4,5.75],"texture":"#2"},"down":{"uv":[7.6,5.5,8.4,5.75],"texture":"#2"}}},{"from":[6,10.85,7.6],"to":[9.65,11.1,8.4],"rotation":{"angle":0,"axis":"y","origin":[8,8.1,8]},"faces":{"north":{"uv":[7.6,5.5,8.4,5.75],"texture":"#4"},"east":{"uv":[7.6,5.5,8.4,5.75],"texture":"#4"},"south":{"uv":[7.6,5.5,8.4,5.75],"texture":"#4"},"west":{"uv":[7.6,5.5,8.4,5.75],"texture":"#4"},"up":{"uv":[6,7.6,9.65,8.4],"rotation":180,"texture":"#4"},"down":{"uv":[7.6,5.5,8.4,5.75],"texture":"#4"}}},{"from":[5.50104,10.5,7.50523],"to":[6.00104,11,8.50523],"rotation":{"angle":22.5,"axis":"y","origin":[8.00104,8,8.00523]},"faces":{"north":{"uv":[7.49477,5,8.49477,5.5],"texture":"#2"},"east":{"uv":[7.49477,5,8.49477,5.5],"texture":"#2"},"south":{"uv":[7.49477,5,8.49477,5.5],"texture":"#2"},"west":{"uv":[7.49477,5,8.49477,5.5],"texture":"#2"},"up":{"uv":[7.49477,5,7.99477,6],"texture":"#2"},"down":{"uv":[7.49477,5,8.49477,5.5],"texture":"#2"}}},{"from":[5.70096,10.575,7.54481],"to":[6.16096,11.075,8.46481],"rotation":{"angle":22.5,"axis":"y","origin":[8.00096,8.075,8.00481]},"faces":{"north":{"uv":[7.49477,5,7.99477,6],"texture":"#3"},"east":{"uv":[7.49477,5,7.99477,6],"texture":"#3"},"south":{"uv":[7.49477,5,7.99477,6],"texture":"#3"},"west":{"uv":[7.49477,5,7.99477,6],"texture":"#3"},"up":{"uv":[7.49477,5,7.99477,6],"texture":"#3"},"down":{"uv":[7.49477,5,7.99477,6],"texture":"#3"}}},{"from":[6.00083,10.25,7.60418],"to":[6.40083,10.5,8.40418],"rotation":{"angle":22.5,"axis":"y","origin":[8.00083,7.5,8.00418]},"faces":{"north":{"uv":[7.59582,5.5,8.39582,5.75],"texture":"#2"},"east":{"uv":[7.59582,5.5,8.39582,5.75],"texture":"#2"},"south":{"uv":[7.59582,5.5,8.39582,5.75],"texture":"#2"},"west":{"uv":[7.59582,5.5,8.39582,5.75],"texture":"#2"},"up":{"uv":[7.59582,5.5,8.39582,5.75],"texture":"#2"},"down":{"uv":[7.59582,5.5,8.39582,5.75],"texture":"#2"}}},{"from":[6.00083,10.85,7.60418],"to":[6.40083,11.0997,8.40418],"rotation":{"angle":22.5,"axis":"y","origin":[8.00083,8.1,8.00418]},"faces":{"north":{"uv":[7.59582,5.5,8.39582,5.75],"texture":"#4"},"east":{"uv":[7.59582,5.5,8.39582,5.75],"texture":"#4"},"south":{"uv":[7.59582,5.5,8.39582,5.75],"texture":"#4"},"west":{"uv":[7.59582,5.5,8.39582,5.75],"texture":"#4"},"up":{"uv":[6.00083,7.60418,6.40083,8.40418],"rotation":180,"texture":"#4"},"down":{"uv":[7.59582,5.5,8.39582,5.75],"texture":"#4"}}},{"from":[5.50104,10.5,7.49477],"to":[6.00104,11,8.49477],"rotation":{"angle":-22.5,"axis":"y","origin":[8.00104,8,7.99477]},"faces":{"north":{"uv":[7.50523,5,8.50523,5.5],"texture":"#2"},"east":{"uv":[7.50523,5,8.50523,5.5],"texture":"#2"},"south":{"uv":[7.50523,5,8.50523,5.5],"texture":"#2"},"west":{"uv":[7.50523,5,8.50523,5.5],"texture":"#2"},"up":{"uv":[7.50523,5,8.00523,6],"texture":"#2"},"down":{"uv":[7.50523,5,8.50523,5.5],"texture":"#2"}}},{"from":[5.70096,10.575,7.53519],"to":[6.16096,11.075,8.45519],"rotation":{"angle":-22.5,"axis":"y","origin":[8.00096,8.075,7.99519]},"faces":{"north":{"uv":[7.50523,5,8.00523,6],"texture":"#3"},"east":{"uv":[7.50523,5,8.00523,6],"texture":"#3"},"south":{"uv":[7.50523,5,8.00523,6],"texture":"#3"},"west":{"uv":[7.50523,5,8.00523,6],"texture":"#3"},"up":{"uv":[7.50523,5,8.00523,6],"texture":"#3"},"down":{"uv":[7.50523,5,8.00523,6],"texture":"#3"}}},{"from":[6.00083,10.25,7.59582],"to":[6.40083,10.5,8.39582],"rotation":{"angle":-22.5,"axis":"y","origin":[8.00083,7.5,7.99582]},"faces":{"north":{"uv":[7.60418,5.5,8.40418,5.75],"texture":"#2"},"east":{"uv":[7.60418,5.5,8.40418,5.75],"texture":"#2"},"south":{"uv":[7.60418,5.5,8.40418,5.75],"texture":"#2"},"west":{"uv":[7.60418,5.5,8.40418,5.75],"texture":"#2"},"up":{"uv":[7.60418,5.5,8.40418,5.75],"texture":"#2"},"down":{"uv":[7.60418,5.5,8.40418,5.75],"texture":"#2"}}},{"from":[6.00083,10.85,7.59582],"to":[6.40083,11.0996,8.39582],"rotation":{"angle":-22.5,"axis":"y","origin":[8.00083,8.1,7.99582]},"faces":{"north":{"uv":[7.60418,5.5,8.40418,5.75],"texture":"#4"},"east":{"uv":[7.60418,5.5,8.40418,5.75],"texture":"#4"},"south":{"uv":[7.60418,5.5,8.40418,5.75],"texture":"#4"},"west":{"uv":[7.60418,5.5,8.40418,5.75],"texture":"#4"},"up":{"uv":[6.00083,7.59582,6.40083,8.39582],"rotation":180,"texture":"#4"},"down":{"uv":[7.60418,5.5,8.40418,5.75],"texture":"#4"}}},{"from":[6.16301,10.5,9.10066],"to":[6.66301,11,10.10066],"rotation":{"angle":45,"axis":"y","origin":[6.41301,10.75,9.60066]},"faces":{"north":{"uv":[5.89934,5,6.89934,5.5],"texture":"#2"},"east":{"uv":[5.89934,5,6.89934,5.5],"texture":"#2"},"south":{"uv":[5.89934,5,6.89934,5.5],"texture":"#2"},"west":{"uv":[5.89934,5,6.89934,5.5],"texture":"#2"},"up":{"uv":[5.89934,5,6.39934,6],"texture":"#2"},"down":{"uv":[5.89934,5,6.89934,5.5],"texture":"#2"}}},{"from":[6.30997,10.575,9.0126],"to":[6.76997,11.075,9.9326],"rotation":{"angle":45,"axis":"y","origin":[6.53997,10.825,9.4726]},"faces":{"north":{"uv":[5.89934,5,6.39934,6],"texture":"#3"},"east":{"uv":[5.89934,5,6.39934,6],"texture":"#3"},"south":{"uv":[5.89934,5,6.39934,6],"texture":"#3"},"west":{"uv":[5.89934,5,6.39934,6],"texture":"#3"},"up":{"uv":[5.89934,5,6.39934,6],"texture":"#3"},"down":{"uv":[5.89934,5,6.39934,6],"texture":"#3"}}},{"from":[6.53041,10.25,8.88052],"to":[10.18041,10.5,9.68052],"rotation":{"angle":45,"axis":"y","origin":[6.73041,10.25,9.28052]},"faces":{"north":{"uv":[6.31948,5.5,7.11948,5.75],"texture":"#2"},"east":{"uv":[6.31948,5.5,7.11948,5.75],"texture":"#2"},"south":{"uv":[6.31948,5.5,7.11948,5.75],"texture":"#2"},"west":{"uv":[6.31948,5.5,7.11948,5.75],"texture":"#2"},"up":{"uv":[6.31948,5.5,7.11948,5.75],"texture":"#2"},"down":{"uv":[6.31948,5.5,7.11948,5.75],"texture":"#2"}}},{"from":[6.53041,10.85,8.88052],"to":[10.18041,11.0998,9.68052],"rotation":{"angle":45,"axis":"y","origin":[6.73041,10.85,9.28052]},"faces":{"north":{"uv":[6.31948,5.5,7.11948,5.75],"texture":"#4"},"east":{"uv":[6.31948,5.5,7.11948,5.75],"texture":"#4"},"south":{"uv":[6.31948,5.5,7.11948,5.75],"texture":"#4"},"west":{"uv":[6.31948,5.5,7.11948,5.75],"texture":"#4"},"up":{"uv":[6.53041,8.88052,10.18041,9.68052],"rotation":180,"texture":"#4"},"down":{"uv":[6.31948,5.5,7.11948,5.75],"texture":"#4"}}},{"from":[6.16301,10.5,5.89934],"to":[6.66301,11,6.89934],"rotation":{"angle":-45,"axis":"y","origin":[6.41301,10.75,6.39934]},"faces":{"north":{"uv":[9.10066,5,10.10066,5.5],"texture":"#2"},"east":{"uv":[9.10066,5,10.10066,5.5],"texture":"#2"},"south":{"uv":[9.10066,5,10.10066,5.5],"texture":"#2"},"west":{"uv":[9.10066,5,10.10066,5.5],"texture":"#2"},"up":{"uv":[9.10066,5,9.60066,6],"texture":"#2"},"down":{"uv":[9.10066,5,10.10066,5.5],"texture":"#2"}}},{"from":[6.30997,10.575,6.0674],"to":[6.76997,11.075,6.9874],"rotation":{"angle":-45,"axis":"y","origin":[6.53997,10.825,6.5274]},"faces":{"north":{"uv":[9.10066,5,9.60066,6],"texture":"#3"},"east":{"uv":[9.10066,5,9.60066,6],"texture":"#3"},"south":{"uv":[9.10066,5,9.60066,6],"texture":"#3"},"west":{"uv":[9.10066,5,9.60066,6],"texture":"#3"},"up":{"uv":[9.10066,5,9.60066,6],"texture":"#3"},"down":{"uv":[9.10066,5,9.60066,6],"texture":"#3"}}},{"from":[6.53041,10.25,6.31948],"to":[6.93041,10.5,7.11948],"rotation":{"angle":-45,"axis":"y","origin":[6.73041,10.25,6.71948]},"faces":{"north":{"uv":[8.88052,5.5,9.68052,5.75],"texture":"#2"},"east":{"uv":[8.88052,5.5,9.68052,5.75],"texture":"#2"},"south":{"uv":[8.88052,5.5,9.68052,5.75],"texture":"#2"},"west":{"uv":[8.88052,5.5,9.68052,5.75],"texture":"#2"},"up":{"uv":[8.88052,5.5,9.68052,5.75],"texture":"#2"},"down":{"uv":[8.88052,5.5,9.68052,5.75],"texture":"#2"}}},{"from":[6.53041,10.85,6.31948],"to":[6.93041,11.0999,7.11948],"rotation":{"angle":-45,"axis":"y","origin":[6.73041,10.85,6.71948]},"faces":{"north":{"uv":[8.88052,5.5,9.68052,5.75],"texture":"#4"},"east":{"uv":[8.88052,5.5,9.68052,5.75],"texture":"#4"},"south":{"uv":[8.88052,5.5,9.68052,5.75],"texture":"#4"},"west":{"uv":[8.88052,5.5,9.68052,5.75],"texture":"#4"},"up":{"uv":[6.53041,6.31948,6.93041,7.11948],"rotation":180,"texture":"#4"},"down":{"uv":[8.88052,5.5,9.68052,5.75],"texture":"#4"}}},{"from":[6.6474,10.5,9.84136],"to":[7.6474,11,10.34136],"rotation":{"angle":-22.5,"axis":"y","origin":[7.1474,10.75,10.09136]},"faces":{"north":{"uv":[5.65864,5,6.15864,5.5],"rotation":270,"texture":"#2"},"east":{"uv":[5.65864,5,6.15864,5.5],"rotation":270,"texture":"#2"},"south":{"uv":[5.65864,5,6.15864,5.5],"rotation":270,"texture":"#2"},"west":{"uv":[5.65864,5,6.15864,5.5],"rotation":270,"texture":"#2"},"up":{"uv":[5.65864,5,6.15864,6],"rotation":270,"texture":"#2"},"down":{"uv":[5.65864,5,6.15864,5.5],"rotation":270,"texture":"#2"}}},{"from":[6.75561,10.575,9.69405],"to":[7.67561,11.075,10.15405],"rotation":{"angle":-22.5,"axis":"y","origin":[7.21561,10.825,9.92405]},"faces":{"north":{"uv":[5.65864,5,6.15864,6],"rotation":270,"texture":"#3"},"east":{"uv":[5.65864,5,6.15864,6],"rotation":270,"texture":"#3"},"south":{"uv":[5.65864,5,6.15864,6],"rotation":270,"texture":"#3"},"west":{"uv":[5.65864,5,6.15864,6],"rotation":270,"texture":"#3"},"up":{"uv":[5.65864,5,6.15864,6],"rotation":270,"texture":"#3"},"down":{"uv":[5.65864,5,6.15864,6],"rotation":270,"texture":"#3"}}},{"from":[6.91792,10.25,9.47309],"to":[7.71792,10.5,9.87309],"rotation":{"angle":-22.5,"axis":"y","origin":[7.31792,10.25,9.67309]},"faces":{"north":{"uv":[6.12691,5.5,6.52691,5.75],"rotation":270,"texture":"#2"},"east":{"uv":[6.12691,5.5,6.52691,5.75],"rotation":270,"texture":"#2"},"south":{"uv":[6.12691,5.5,6.52691,5.75],"rotation":270,"texture":"#2"},"west":{"uv":[6.12691,5.5,6.52691,5.75],"rotation":270,"texture":"#2"},"up":{"uv":[6.12691,5.5,6.52691,5.75],"rotation":270,"texture":"#2"},"down":{"uv":[6.12691,5.5,6.52691,5.75],"rotation":270,"texture":"#2"}}},{"from":[6.91792,10.85,9.47309],"to":[7.71792,11.1,9.87309],"rotation":{"angle":-22.5,"axis":"y","origin":[7.31792,10.85,9.67309]},"faces":{"north":{"uv":[6.12691,5.5,6.52691,5.75],"rotation":270,"texture":"#4"},"east":{"uv":[6.12691,5.5,6.52691,5.75],"rotation":270,"texture":"#4"},"south":{"uv":[6.12691,5.5,6.52691,5.75],"rotation":270,"texture":"#4"},"west":{"uv":[6.12691,5.5,6.52691,5.75],"rotation":270,"texture":"#4"},"up":{"uv":[6.91792,9.47309,7.71792,9.87309],"rotation":180,"texture":"#4"},"down":{"uv":[6.12691,5.5,6.52691,5.75],"rotation":270,"texture":"#4"}}},{"from":[6.6474,10.5,5.65864],"to":[7.6474,11,6.15864],"rotation":{"angle":22.5,"axis":"y","origin":[7.1474,10.75,5.90864]},"faces":{"north":{"uv":[9.84136,5,10.34136,5.5],"rotation":270,"texture":"#2"},"east":{"uv":[9.84136,5,10.34136,5.5],"rotation":270,"texture":"#2"},"south":{"uv":[9.84136,5,10.34136,5.5],"rotation":270,"texture":"#2"},"west":{"uv":[9.84136,5,10.34136,5.5],"rotation":270,"texture":"#2"},"up":{"uv":[9.84136,5,10.34136,6],"rotation":270,"texture":"#2"},"down":{"uv":[9.84136,5,10.34136,5.5],"rotation":270,"texture":"#2"}}},{"from":[6.75561,10.575,5.84595],"to":[7.67561,11.075,6.30595],"rotation":{"angle":22.5,"axis":"y","origin":[7.21561,10.825,6.07595]},"faces":{"north":{"uv":[9.84136,5,10.34136,6],"rotation":270,"texture":"#3"},"east":{"uv":[9.84136,5,10.34136,6],"rotation":270,"texture":"#3"},"south":{"uv":[9.84136,5,10.34136,6],"rotation":270,"texture":"#3"},"west":{"uv":[9.84136,5,10.34136,6],"rotation":270,"texture":"#3"},"up":{"uv":[9.84136,5,10.34136,6],"rotation":270,"texture":"#3"},"down":{"uv":[9.84136,5,10.34136,6],"rotation":270,"texture":"#3"}}},{"from":[6.91792,10.25,6.12691],"to":[7.71792,10.5,9.77691],"rotation":{"angle":22.5,"axis":"y","origin":[7.31792,10.25,6.32691]},"faces":{"north":{"uv":[6.22309,5.5,9.87309,5.75],"rotation":270,"texture":"#2"},"east":{"uv":[6.22309,5.5,9.87309,5.75],"rotation":270,"texture":"#2"},"south":{"uv":[6.22309,5.5,9.87309,5.75],"rotation":270,"texture":"#2"},"west":{"uv":[6.22309,5.5,9.87309,5.75],"rotation":270,"texture":"#2"},"up":{"uv":[6.22309,5.5,9.87309,5.75],"rotation":270,"texture":"#2"},"down":{"uv":[6.22309,5.5,9.87309,5.75],"rotation":270,"texture":"#2"}}},{"from":[6.91792,10.85,6.12691],"to":[7.71792,11.0995,9.77691],"rotation":{"angle":22.5,"axis":"y","origin":[7.31792,10.85,6.32691]},"faces":{"north":{"uv":[6.22309,5.5,9.87309,5.75],"rotation":270,"texture":"#4"},"east":{"uv":[6.22309,5.5,9.87309,5.75],"rotation":270,"texture":"#4"},"south":{"uv":[6.22309,5.5,9.87309,5.75],"rotation":270,"texture":"#4"},"west":{"uv":[6.22309,5.5,9.87309,5.75],"rotation":270,"texture":"#4"},"up":{"uv":[6.91792,6.12691,7.71792,9.77691],"rotation":180,"texture":"#4"},"down":{"uv":[6.22309,5.5,9.87309,5.75],"rotation":270,"texture":"#4"}}},{"from":[7.51367,10.5,10.01367],"to":[8.51367,11,10.51367],"rotation":{"angle":0,"axis":"y","origin":[8.01367,10.75,10.26367]},"faces":{"north":{"uv":[5.48633,5,5.98633,5.5],"rotation":270,"texture":"#2"},"east":{"uv":[5.48633,5,5.98633,5.5],"rotation":270,"texture":"#2"},"south":{"uv":[5.48633,5,5.98633,5.5],"rotation":270,"texture":"#2"},"west":{"uv":[5.48633,5,5.98633,5.5],"rotation":270,"texture":"#2"},"up":{"uv":[5.48633,5,5.98633,6],"rotation":270,"texture":"#2"},"down":{"uv":[5.48633,5,5.98633,5.5],"rotation":270,"texture":"#2"}}},{"from":[7.55258,10.575,9.85258],"to":[8.47258,11.075,10.31258],"rotation":{"angle":0,"axis":"y","origin":[8.01258,10.825,10.08258]},"faces":{"north":{"uv":[5.48633,5,5.98633,6],"rotation":270,"texture":"#3"},"east":{"uv":[5.48633,5,5.98633,6],"rotation":270,"texture":"#3"},"south":{"uv":[5.48633,5,5.98633,6],"rotation":270,"texture":"#3"},"west":{"uv":[5.48633,5,5.98633,6],"rotation":270,"texture":"#3"},"up":{"uv":[5.48633,5,5.98633,6],"rotation":270,"texture":"#3"},"down":{"uv":[5.48633,5,5.98633,6],"rotation":270,"texture":"#3"}}},{"from":[7.61094,10.25,6.36094],"to":[8.41094,10.5,10.01094],"rotation":{"angle":0,"axis":"y","origin":[8.01094,10.25,9.81094]},"faces":{"north":{"uv":[5.98906,5.5,9.63906,5.75],"rotation":270,"texture":"#2"},"east":{"uv":[5.98906,5.5,9.63906,5.75],"rotation":270,"texture":"#2"},"south":{"uv":[5.98906,5.5,9.63906,5.75],"rotation":270,"texture":"#2"},"west":{"uv":[5.98906,5.5,9.63906,5.75],"rotation":270,"texture":"#2"},"up":{"uv":[5.98906,5.5,9.63906,5.75],"rotation":270,"texture":"#2"},"down":{"uv":[5.98906,5.5,9.63906,5.75],"rotation":270,"texture":"#2"}}},{"from":[7.61094,10.85,6.36094],"to":[8.41094,11.1001,10.01094],"rotation":{"angle":0,"axis":"y","origin":[8.01094,10.85,9.81094]},"faces":{"north":{"uv":[5.98906,5.5,9.63906,5.75],"rotation":270,"texture":"#4"},"east":{"uv":[5.98906,5.5,9.63906,5.75],"rotation":270,"texture":"#4"},"south":{"uv":[5.98906,5.5,9.63906,5.75],"rotation":270,"texture":"#4"},"west":{"uv":[5.98906,5.5,9.63906,5.75],"rotation":270,"texture":"#4"},"up":{"uv":[7.61094,6.36094,8.41094,10.01094],"rotation":180,"texture":"#4"},"down":{"uv":[5.98906,5.5,9.63906,5.75],"rotation":270,"texture":"#4"}}},{"from":[7.51367,10.5,5.48633],"to":[8.51367,11,5.98633],"rotation":{"angle":0,"axis":"y","origin":[8.01367,10.75,5.73633]},"faces":{"north":{"uv":[10.01367,5,10.51367,5.5],"rotation":270,"texture":"#2"},"east":{"uv":[10.01367,5,10.51367,5.5],"rotation":270,"texture":"#2"},"south":{"uv":[10.01367,5,10.51367,5.5],"rotation":270,"texture":"#2"},"west":{"uv":[10.01367,5,10.51367,5.5],"rotation":270,"texture":"#2"},"up":{"uv":[10.01367,5,10.51367,6],"rotation":270,"texture":"#2"},"down":{"uv":[10.01367,5,10.51367,5.5],"rotation":270,"texture":"#2"}}},{"from":[7.55258,10.575,5.68742],"to":[8.47258,11.075,6.14742],"rotation":{"angle":0,"axis":"y","origin":[8.01258,10.825,5.91742]},"faces":{"north":{"uv":[10.01367,5,10.51367,6],"rotation":270,"texture":"#3"},"east":{"uv":[10.01367,5,10.51367,6],"rotation":270,"texture":"#3"},"south":{"uv":[10.01367,5,10.51367,6],"rotation":270,"texture":"#3"},"west":{"uv":[10.01367,5,10.51367,6],"rotation":270,"texture":"#3"},"up":{"uv":[10.01367,5,10.51367,6],"rotation":270,"texture":"#3"},"down":{"uv":[10.01367,5,10.51367,6],"rotation":270,"texture":"#3"}}},{"from":[7.61094,10.25,5.98906],"to":[8.41094,10.5,6.38906],"rotation":{"angle":0,"axis":"y","origin":[8.01094,10.25,6.18906]},"faces":{"north":{"uv":[9.61094,5.5,10.01094,5.75],"rotation":270,"texture":"#2"},"east":{"uv":[9.61094,5.5,10.01094,5.75],"rotation":270,"texture":"#2"},"south":{"uv":[9.61094,5.5,10.01094,5.75],"rotation":270,"texture":"#2"},"west":{"uv":[9.61094,5.5,10.01094,5.75],"rotation":270,"texture":"#2"},"up":{"uv":[9.61094,5.5,10.01094,5.75],"rotation":270,"texture":"#2"},"down":{"uv":[9.61094,5.5,10.01094,5.75],"rotation":270,"texture":"#2"}}},{"from":[7.61094,10.85,5.98906],"to":[8.41094,11.1001,6.38906],"rotation":{"angle":0,"axis":"y","origin":[8.01094,10.85,6.18906]},"faces":{"north":{"uv":[9.61094,5.5,10.01094,5.75],"rotation":270,"texture":"#4"},"east":{"uv":[9.61094,5.5,10.01094,5.75],"rotation":270,"texture":"#4"},"south":{"uv":[9.61094,5.5,10.01094,5.75],"rotation":270,"texture":"#4"},"west":{"uv":[9.61094,5.5,10.01094,5.75],"rotation":270,"texture":"#4"},"up":{"uv":[7.61094,5.98906,8.41094,6.38906],"rotation":180,"texture":"#4"},"down":{"uv":[9.61094,5.5,10.01094,5.75],"rotation":270,"texture":"#4"}}},{"from":[8.37994,10.5,9.84136],"to":[9.37994,11,10.34136],"rotation":{"angle":22.5,"axis":"y","origin":[8.87994,10.75,10.09136]},"faces":{"north":{"uv":[5.65864,5,6.15864,5.5],"rotation":270,"texture":"#2"},"east":{"uv":[5.65864,5,6.15864,5.5],"rotation":270,"texture":"#2"},"south":{"uv":[5.65864,5,6.15864,5.5],"rotation":270,"texture":"#2"},"west":{"uv":[5.65864,5,6.15864,5.5],"rotation":270,"texture":"#2"},"up":{"uv":[5.65864,5,6.15864,6],"rotation":270,"texture":"#2"},"down":{"uv":[5.65864,5,6.15864,5.5],"rotation":270,"texture":"#2"}}},{"from":[8.34954,10.575,9.69405],"to":[9.26954,11.075,10.15405],"rotation":{"angle":22.5,"axis":"y","origin":[8.80954,10.825,9.92405]},"faces":{"north":{"uv":[5.65864,5,6.15864,6],"rotation":270,"texture":"#3"},"east":{"uv":[5.65864,5,6.15864,6],"rotation":270,"texture":"#3"},"south":{"uv":[5.65864,5,6.15864,6],"rotation":270,"texture":"#3"},"west":{"uv":[5.65864,5,6.15864,6],"rotation":270,"texture":"#3"},"up":{"uv":[5.65864,5,6.15864,6],"rotation":270,"texture":"#3"},"down":{"uv":[5.65864,5,6.15864,6],"rotation":270,"texture":"#3"}}},{"from":[8.30395,10.25,9.47309],"to":[9.10395,10.5,9.87309],"rotation":{"angle":22.5,"axis":"y","origin":[8.70395,10.25,9.67309]},"faces":{"north":{"uv":[6.12691,5.5,6.52691,5.75],"rotation":270,"texture":"#2"},"east":{"uv":[6.12691,5.5,6.52691,5.75],"rotation":270,"texture":"#2"},"south":{"uv":[6.12691,5.5,6.52691,5.75],"rotation":270,"texture":"#2"},"west":{"uv":[6.12691,5.5,6.52691,5.75],"rotation":270,"texture":"#2"},"up":{"uv":[6.12691,5.5,6.52691,5.75],"rotation":270,"texture":"#2"},"down":{"uv":[6.12691,5.5,6.52691,5.75],"rotation":270,"texture":"#2"}}},{"from":[8.30395,10.85,9.47309],"to":[9.10395,11.0995,9.87309],"rotation":{"angle":22.5,"axis":"y","origin":[8.70395,10.85,9.67309]},"faces":{"north":{"uv":[6.12691,5.5,6.52691,5.75],"rotation":270,"texture":"#4"},"east":{"uv":[6.12691,5.5,6.52691,5.75],"rotation":270,"texture":"#4"},"south":{"uv":[6.12691,5.5,6.52691,5.75],"rotation":270,"texture":"#4"},"west":{"uv":[6.12691,5.5,6.52691,5.75],"rotation":270,"texture":"#4"},"up":{"uv":[8.30395,9.47309,9.10395,9.87309],"rotation":180,"texture":"#4"},"down":{"uv":[6.12691,5.5,6.52691,5.75],"rotation":270,"texture":"#4"}}},{"from":[8.37994,10.5,5.65864],"to":[9.37994,11,6.15864],"rotation":{"angle":-22.5,"axis":"y","origin":[8.87994,10.75,5.90864]},"faces":{"north":{"uv":[9.84136,5,10.34136,5.5],"rotation":270,"texture":"#2"},"east":{"uv":[9.84136,5,10.34136,5.5],"rotation":270,"texture":"#2"},"south":{"uv":[9.84136,5,10.34136,5.5],"rotation":270,"texture":"#2"},"west":{"uv":[9.84136,5,10.34136,5.5],"rotation":270,"texture":"#2"},"up":{"uv":[9.84136,5,10.34136,6],"rotation":270,"texture":"#2"},"down":{"uv":[9.84136,5,10.34136,5.5],"rotation":270,"texture":"#2"}}},{"from":[8.34954,10.575,5.84595],"to":[9.26954,11.075,6.30595],"rotation":{"angle":-22.5,"axis":"y","origin":[8.80954,10.825,6.07595]},"faces":{"north":{"uv":[9.84136,5,10.34136,6],"rotation":270,"texture":"#3"},"east":{"uv":[9.84136,5,10.34136,6],"rotation":270,"texture":"#3"},"south":{"uv":[9.84136,5,10.34136,6],"rotation":270,"texture":"#3"},"west":{"uv":[9.84136,5,10.34136,6],"rotation":270,"texture":"#3"},"up":{"uv":[9.84136,5,10.34136,6],"rotation":270,"texture":"#3"},"down":{"uv":[9.84136,5,10.34136,6],"rotation":270,"texture":"#3"}}},{"from":[8.30395,10.25,6.12691],"to":[9.10395,10.5,9.77691],"rotation":{"angle":-22.5,"axis":"y","origin":[8.70395,10.25,6.32691]},"faces":{"north":{"uv":[6.22309,5.5,9.87309,5.75],"rotation":270,"texture":"#2"},"east":{"uv":[6.22309,5.5,9.87309,5.75],"rotation":270,"texture":"#2"},"south":{"uv":[6.22309,5.5,9.87309,5.75],"rotation":270,"texture":"#2"},"west":{"uv":[6.22309,5.5,9.87309,5.75],"rotation":270,"texture":"#2"},"up":{"uv":[6.22309,5.5,9.87309,5.75],"rotation":270,"texture":"#2"},"down":{"uv":[6.22309,5.5,9.87309,5.75],"rotation":270,"texture":"#2"}}},{"from":[8.30395,10.85,6.12691],"to":[9.10395,11.1,9.77691],"rotation":{"angle":-22.5,"axis":"y","origin":[8.70395,10.85,6.32691]},"faces":{"north":{"uv":[6.22309,5.5,9.87309,5.75],"rotation":270,"texture":"#4"},"east":{"uv":[6.22309,5.5,9.87309,5.75],"rotation":270,"texture":"#4"},"south":{"uv":[6.22309,5.5,9.87309,5.75],"rotation":270,"texture":"#4"},"west":{"uv":[6.22309,5.5,9.87309,5.75],"rotation":270,"texture":"#4"},"up":{"uv":[8.30395,6.12691,9.10395,9.77691],"rotation":180,"texture":"#4"},"down":{"uv":[6.22309,5.5,9.87309,5.75],"rotation":270,"texture":"#4"}}},{"from":[9.11433,10.5,9.35066],"to":[10.11433,11,9.85066],"rotation":{"angle":45,"axis":"y","origin":[9.61433,10.75,9.60066]},"faces":{"north":{"uv":[6.14934,5,6.64934,5.5],"rotation":270,"texture":"#2"},"east":{"uv":[6.14934,5,6.64934,5.5],"rotation":270,"texture":"#2"},"south":{"uv":[6.14934,5,6.64934,5.5],"rotation":270,"texture":"#2"},"west":{"uv":[6.14934,5,6.64934,5.5],"rotation":270,"texture":"#2"},"up":{"uv":[6.14934,5,6.64934,6],"rotation":270,"texture":"#2"},"down":{"uv":[6.14934,5,6.64934,5.5],"rotation":270,"texture":"#2"}}},{"from":[9.02518,10.575,9.2426],"to":[9.94518,11.075,9.7026],"rotation":{"angle":45,"axis":"y","origin":[9.48518,10.825,9.4726]},"faces":{"north":{"uv":[6.14934,5,6.64934,6],"rotation":270,"texture":"#3"},"east":{"uv":[6.14934,5,6.64934,6],"rotation":270,"texture":"#3"},"south":{"uv":[6.14934,5,6.64934,6],"rotation":270,"texture":"#3"},"west":{"uv":[6.14934,5,6.64934,6],"rotation":270,"texture":"#3"},"up":{"uv":[6.14934,5,6.64934,6],"rotation":270,"texture":"#3"},"down":{"uv":[6.14934,5,6.64934,6],"rotation":270,"texture":"#3"}}},{"from":[8.89146,10.25,5.83052],"to":[9.69146,10.5,9.48052],"rotation":{"angle":45,"axis":"y","origin":[9.29146,10.25,9.28052]},"faces":{"north":{"uv":[6.51948,5.5,10.16948,5.75],"rotation":270,"texture":"#2"},"east":{"uv":[6.51948,5.5,10.16948,5.75],"rotation":270,"texture":"#2"},"south":{"uv":[6.51948,5.5,10.16948,5.75],"rotation":270,"texture":"#2"},"west":{"uv":[6.51948,5.5,10.16948,5.75],"rotation":270,"texture":"#2"},"up":{"uv":[6.51948,5.5,10.16948,5.75],"rotation":270,"texture":"#2"},"down":{"uv":[6.51948,5.5,10.16948,5.75],"rotation":270,"texture":"#2"}}},{"from":[8.89146,10.85,5.83052],"to":[9.69146,11.0999,9.48052],"rotation":{"angle":45,"axis":"y","origin":[9.29146,10.85,9.28052]},"faces":{"north":{"uv":[6.51948,5.5,10.16948,5.75],"rotation":270,"texture":"#4"},"east":{"uv":[6.51948,5.5,10.16948,5.75],"rotation":270,"texture":"#4"},"south":{"uv":[6.51948,5.5,10.16948,5.75],"rotation":270,"texture":"#4"},"west":{"uv":[6.51948,5.5,10.16948,5.75],"rotation":270,"texture":"#4"},"up":{"uv":[8.89146,5.83052,9.69146,9.48052],"rotation":180,"texture":"#4"},"down":{"uv":[6.51948,5.5,10.16948,5.75],"rotation":270,"texture":"#4"}}},{"from":[9.11433,10.5,6.14934],"to":[10.11433,11,6.64934],"rotation":{"angle":-45,"axis":"y","origin":[9.61433,10.75,6.39934]},"faces":{"north":{"uv":[9.35066,5,9.85066,5.5],"rotation":270,"texture":"#2"},"east":{"uv":[9.35066,5,9.85066,5.5],"rotation":270,"texture":"#2"},"south":{"uv":[9.35066,5,9.85066,5.5],"rotation":270,"texture":"#2"},"west":{"uv":[9.35066,5,9.85066,5.5],"rotation":270,"texture":"#2"},"up":{"uv":[9.35066,5,9.85066,6],"rotation":270,"texture":"#2"},"down":{"uv":[9.35066,5,9.85066,5.5],"rotation":270,"texture":"#2"}}},{"from":[9.02518,10.575,6.2974],"to":[9.94518,11.075,6.7574],"rotation":{"angle":-45,"axis":"y","origin":[9.48518,10.825,6.5274]},"faces":{"north":{"uv":[9.35066,5,9.85066,6],"rotation":270,"texture":"#3"},"east":{"uv":[9.35066,5,9.85066,6],"rotation":270,"texture":"#3"},"south":{"uv":[9.35066,5,9.85066,6],"rotation":270,"texture":"#3"},"west":{"uv":[9.35066,5,9.85066,6],"rotation":270,"texture":"#3"},"up":{"uv":[9.35066,5,9.85066,6],"rotation":270,"texture":"#3"},"down":{"uv":[9.35066,5,9.85066,6],"rotation":270,"texture":"#3"}}},{"from":[8.89146,10.25,6.51948],"to":[9.69146,10.5,6.91948],"rotation":{"angle":-45,"axis":"y","origin":[9.29146,10.25,6.71948]},"faces":{"north":{"uv":[9.08052,5.5,9.48052,5.75],"rotation":270,"texture":"#2"},"east":{"uv":[9.08052,5.5,9.48052,5.75],"rotation":270,"texture":"#2"},"south":{"uv":[9.08052,5.5,9.48052,5.75],"rotation":270,"texture":"#2"},"west":{"uv":[9.08052,5.5,9.48052,5.75],"rotation":270,"texture":"#2"},"up":{"uv":[9.08052,5.5,9.48052,5.75],"rotation":270,"texture":"#2"},"down":{"uv":[9.08052,5.5,9.48052,5.75],"rotation":270,"texture":"#2"}}},{"from":[8.89146,10.85,6.51948],"to":[9.69146,11.0998,6.91948],"rotation":{"angle":-45,"axis":"y","origin":[9.29146,10.85,6.71948]},"faces":{"north":{"uv":[9.08052,5.5,9.48052,5.75],"rotation":270,"texture":"#4"},"east":{"uv":[9.08052,5.5,9.48052,5.75],"rotation":270,"texture":"#4"},"south":{"uv":[9.08052,5.5,9.48052,5.75],"rotation":270,"texture":"#4"},"west":{"uv":[9.08052,5.5,9.48052,5.75],"rotation":270,"texture":"#4"},"up":{"uv":[8.89146,6.51948,9.69146,6.91948],"rotation":180,"texture":"#4"},"down":{"uv":[9.08052,5.5,9.48052,5.75],"rotation":270,"texture":"#4"}}},{"from":[9.85503,10.5,8.36627],"to":[10.35503,11,9.36627],"rotation":{"angle":-22.5,"axis":"y","origin":[10.10503,10.75,8.86627]},"faces":{"north":{"uv":[6.63373,5,7.63373,5.5],"rotation":180,"texture":"#2"},"east":{"uv":[6.63373,5,7.63373,5.5],"rotation":180,"texture":"#2"},"south":{"uv":[6.63373,5,7.63373,5.5],"rotation":180,"texture":"#2"},"west":{"uv":[6.63373,5,7.63373,5.5],"rotation":180,"texture":"#2"},"up":{"uv":[6.63373,5,7.13373,6],"rotation":180,"texture":"#2"},"down":{"uv":[6.63373,5,7.63373,5.5],"rotation":180,"texture":"#2"}}},{"from":[9.70663,10.575,8.33697],"to":[10.16663,11.075,9.25697],"rotation":{"angle":-22.5,"axis":"y","origin":[9.93663,10.825,8.79697]},"faces":{"north":{"uv":[6.63373,5,7.13373,6],"rotation":180,"texture":"#3"},"east":{"uv":[6.63373,5,7.13373,6],"rotation":180,"texture":"#3"},"south":{"uv":[6.63373,5,7.13373,6],"rotation":180,"texture":"#3"},"west":{"uv":[6.63373,5,7.13373,6],"rotation":180,"texture":"#3"},"up":{"uv":[6.63373,5,7.13373,6],"rotation":180,"texture":"#3"},"down":{"uv":[6.63373,5,7.13373,6],"rotation":180,"texture":"#3"}}},{"from":[6.23402,10.25,8.29302],"to":[9.88402,10.5,9.09302],"rotation":{"angle":-22.5,"axis":"y","origin":[9.68402,10.25,8.69302]},"faces":{"north":{"uv":[6.90698,5.5,7.70698,5.75],"rotation":180,"texture":"#2"},"east":{"uv":[6.90698,5.5,7.70698,5.75],"rotation":180,"texture":"#2"},"south":{"uv":[6.90698,5.5,7.70698,5.75],"rotation":180,"texture":"#2"},"west":{"uv":[6.90698,5.5,7.70698,5.75],"rotation":180,"texture":"#2"},"up":{"uv":[6.90698,5.5,7.70698,5.75],"rotation":180,"texture":"#2"},"down":{"uv":[6.90698,5.5,7.70698,5.75],"rotation":180,"texture":"#2"}}},{"from":[6.23402,10.85,8.29302],"to":[9.88402,11.0996,9.09302],"rotation":{"angle":-22.5,"axis":"y","origin":[9.68402,10.85,8.69302]},"faces":{"north":{"uv":[6.90698,5.5,7.70698,5.75],"rotation":180,"texture":"#4"},"east":{"uv":[6.90698,5.5,7.70698,5.75],"rotation":180,"texture":"#4"},"south":{"uv":[6.90698,5.5,7.70698,5.75],"rotation":180,"texture":"#4"},"west":{"uv":[6.90698,5.5,7.70698,5.75],"rotation":180,"texture":"#4"},"up":{"uv":[6.23402,8.29302,9.88402,9.09302],"rotation":180,"texture":"#4"},"down":{"uv":[6.90698,5.5,7.70698,5.75],"rotation":180,"texture":"#4"}}},{"from":[9.85503,10.5,6.63373],"to":[10.35503,11,7.63373],"rotation":{"angle":22.5,"axis":"y","origin":[10.10503,10.75,7.13373]},"faces":{"north":{"uv":[8.36627,5,9.36627,5.5],"rotation":180,"texture":"#2"},"east":{"uv":[8.36627,5,9.36627,5.5],"rotation":180,"texture":"#2"},"south":{"uv":[8.36627,5,9.36627,5.5],"rotation":180,"texture":"#2"},"west":{"uv":[8.36627,5,9.36627,5.5],"rotation":180,"texture":"#2"},"up":{"uv":[8.36627,5,8.86627,6],"rotation":180,"texture":"#2"},"down":{"uv":[8.36627,5,9.36627,5.5],"rotation":180,"texture":"#2"}}},{"from":[9.70663,10.575,6.74303],"to":[10.16663,11.075,7.66303],"rotation":{"angle":22.5,"axis":"y","origin":[9.93663,10.825,7.20303]},"faces":{"north":{"uv":[8.36627,5,8.86627,6],"rotation":180,"texture":"#3"},"east":{"uv":[8.36627,5,8.86627,6],"rotation":180,"texture":"#3"},"south":{"uv":[8.36627,5,8.86627,6],"rotation":180,"texture":"#3"},"west":{"uv":[8.36627,5,8.86627,6],"rotation":180,"texture":"#3"},"up":{"uv":[8.36627,5,8.86627,6],"rotation":180,"texture":"#3"},"down":{"uv":[8.36627,5,8.86627,6],"rotation":180,"texture":"#3"}}},{"from":[6.23402,10.25,6.90698],"to":[9.88402,10.5,7.70698],"rotation":{"angle":22.5,"axis":"y","origin":[9.68402,10.25,7.30698]},"faces":{"north":{"uv":[8.29302,5.5,9.09302,5.75],"rotation":180,"texture":"#2"},"east":{"uv":[8.29302,5.5,9.09302,5.75],"rotation":180,"texture":"#2"},"south":{"uv":[8.29302,5.5,9.09302,5.75],"rotation":180,"texture":"#2"},"west":{"uv":[8.29302,5.5,9.09302,5.75],"rotation":180,"texture":"#2"},"up":{"uv":[8.29302,5.5,9.09302,5.75],"rotation":180,"texture":"#2"},"down":{"uv":[8.29302,5.5,9.09302,5.75],"rotation":180,"texture":"#2"}}},{"from":[6.23402,10.85,6.90698],"to":[9.88402,11.0997,7.70698],"rotation":{"angle":22.5,"axis":"y","origin":[9.68402,10.85,7.30698]},"faces":{"north":{"uv":[8.29302,5.5,9.09302,5.75],"rotation":180,"texture":"#4"},"east":{"uv":[8.29302,5.5,9.09302,5.75],"rotation":180,"texture":"#4"},"south":{"uv":[8.29302,5.5,9.09302,5.75],"rotation":180,"texture":"#4"},"west":{"uv":[8.29302,5.5,9.09302,5.75],"rotation":180,"texture":"#4"},"up":{"uv":[6.23402,6.90698,9.88402,7.70698],"rotation":180,"texture":"#4"},"down":{"uv":[8.29302,5.5,9.09302,5.75],"rotation":180,"texture":"#4"}}},{"from":[10.02734,10.5,7.5],"to":[10.52734,11,8.5],"rotation":{"angle":0,"axis":"y","origin":[10.27734,10.75,8]},"faces":{"north":{"uv":[7.5,5,8.5,5.5],"rotation":180,"texture":"#2"},"east":{"uv":[7.5,5,8.5,5.5],"rotation":180,"texture":"#2"},"south":{"uv":[7.5,5,8.5,5.5],"rotation":180,"texture":"#2"},"west":{"uv":[7.5,5,8.5,5.5],"rotation":180,"texture":"#2"},"up":{"uv":[7.5,5,8,6],"rotation":180,"texture":"#2"},"down":{"uv":[7.5,5,8.5,5.5],"rotation":180,"texture":"#2"}}},{"from":[9.86515,10.575,7.54],"to":[10.32515,11.075,8.46],"rotation":{"angle":0,"axis":"y","origin":[10.09515,10.825,8]},"faces":{"north":{"uv":[7.5,5,8,6],"rotation":180,"texture":"#3"},"east":{"uv":[7.5,5,8,6],"rotation":180,"texture":"#3"},"south":{"uv":[7.5,5,8,6],"rotation":180,"texture":"#3"},"west":{"uv":[7.5,5,8,6],"rotation":180,"texture":"#3"},"up":{"uv":[7.5,5,8,6],"rotation":180,"texture":"#3"},"down":{"uv":[7.5,5,8,6],"rotation":180,"texture":"#3"}}},{"from":[9.62187,10.25,7.6],"to":[10.02187,10.5,8.4],"rotation":{"angle":0,"axis":"y","origin":[9.82187,10.25,8]},"faces":{"north":{"uv":[7.6,5.5,8.4,5.75],"rotation":180,"texture":"#2"},"east":{"uv":[7.6,5.5,8.4,5.75],"rotation":180,"texture":"#2"},"south":{"uv":[7.6,5.5,8.4,5.75],"rotation":180,"texture":"#2"},"west":{"uv":[7.6,5.5,8.4,5.75],"rotation":180,"texture":"#2"},"up":{"uv":[7.6,5.5,8.4,5.75],"rotation":180,"texture":"#2"},"down":{"uv":[7.6,5.5,8.4,5.75],"rotation":180,"texture":"#2"}}},{"from":[9.62187,10.85,7.6],"to":[10.02187,11.1,8.4],"rotation":{"angle":0,"axis":"y","origin":[9.82187,10.85,8]},"faces":{"north":{"uv":[7.6,5.5,8.4,5.75],"rotation":180,"texture":"#4"},"east":{"uv":[7.6,5.5,8.4,5.75],"rotation":180,"texture":"#4"},"south":{"uv":[7.6,5.5,8.4,5.75],"rotation":180,"texture":"#4"},"west":{"uv":[7.6,5.5,8.4,5.75],"rotation":180,"texture":"#4"},"up":{"uv":[9.62187,7.6,10.02187,8.4],"rotation":180,"texture":"#4"},"down":{"uv":[7.6,5.5,8.4,5.75],"rotation":180,"texture":"#4"}}}],"gui_light":"front"}