{"__comment":"DesignedbyZachrywilsnwithCubikStudio-http://bdcraft.net","textures":{"particle":"crates/crate4/vault","texture":"crates/crate4/vault","stars":"crates/stars"},"elements":[{"__comment":"Voxels","from":[-4,-8,0],"to":[-2,-5,1],"faces":{"down":{"uv":[14.125,11.1875,14.375,11.3125],"texture":"#texture"},"up":{"uv":[14.125,11.1875,14.375,11.0625],"texture":"#texture"},"north":{"uv":[2.625,0.03125,2.375,0.40625],"texture":"#texture"},"south":{"uv":[15.75,14.25,16,14.625],"texture":"#texture"},"west":{"uv":[15.875,15.625,16,16],"texture":"#texture"},"east":{"uv":[2.75,0.03125,2.625,0.40625],"texture":"#texture"}}},{"__comment":"Voxels","from":[-4,-8,15],"to":[-2,-5,16],"faces":{"down":{"uv":[14.125,11.3125,14.375,11.4375],"texture":"#texture"},"up":{"uv":[15.625,11.5625,15.875,11.4375],"texture":"#texture"},"north":{"uv":[15.1875,12.46875,14.9375,12.84375],"texture":"#texture"},"south":{"uv":[14.9375,12.09375,15.1875,12.46875],"texture":"#texture"},"west":{"uv":[15.875,14.9375,16,15.3125],"texture":"#texture"},"east":{"uv":[13.6875,10.90625,13.5625,11.28125],"texture":"#texture"}}},{"__comment":"Voxels","from":[-4,-7,1],"to":[20,-5,15],"faces":{"down":{"uv":[10.5625,10,13.5625,11.75],"texture":"#texture"},"up":{"uv":[4.6875,9.8125,7.6875,8.0625],"texture":"#texture"},"north":{"uv":[13.6875,9.5625,10.6875,9.8125],"texture":"#texture"},"south":{"uv":[7.6875,9.5625,10.6875,9.8125],"texture":"#texture"},"west":{"uv":[2.75,2.34375,4.5,2.59375],"texture":"#texture"},"east":{"uv":[4.5,2.59375,2.75,2.84375],"texture":"#texture"}}},{"__comment":"Voxels","from":[-3.75,-5,0.25],"to":[19.75,-2.25,15.75],"faces":{"down":{"uv":[4.6875,9.8125,7.625,11.75],"texture":"#texture"},"up":{"uv":[7.625,11.75,10.5625,9.8125],"texture":"#texture"},"north":{"uv":[7.625,5.59375,4.6875,5.9375],"texture":"#texture"},"south":{"uv":[4.6875,5.9375,7.625,6.28125],"texture":"#texture"},"west":{"uv":[2.75,2.84375,4.6875,3.1875],"texture":"#texture"},"east":{"uv":[1.9375,0.0625,0,0.40625],"texture":"#texture"}}},{"__comment":"Voxels","from":[-3.75,-2.25,0.25],"to":[-2.25,32,15.75],"faces":{"up":{"uv":[14.75,14.625,14.9375,12.6875],"texture":"#texture"},"north":{"uv":[4.875,1.3125,4.6875,5.59375],"texture":"#texture"},"south":{"uv":[4.875,1.3125,5.0625,5.59375],"texture":"#texture"},"west":{"uv":[2.75,7.46875,4.6875,11.75],"texture":"#texture"},"east":{"uv":[4.6875,3.1875,2.75,7.46875],"texture":"#texture"}}},{"__comment":"Voxels","from":[-2.25,-2.25,15.5],"to":[19.75,32,15.75],"faces":{"up":{"uv":[10.5625,9.84375,13.3125,9.8125],"texture":"#texture"},"north":{"uv":[2.75,11.71875,0,16],"texture":"#texture"},"south":{"uv":[0,7.4375,2.75,11.71875],"texture":"#texture"},"east":{"uv":[5.46875,1.3125,5.4375,5.59375],"texture":"#texture"}}},{"__comment":"Voxels","from":[-2.25,-2.25,15.75],"to":[18.25,30.25,16.25],"faces":{"down":{"uv":[5.5,11.8125,8.0625,11.875],"texture":"#texture"},"up":{"uv":[5.5,11.9375,8.0625,11.875],"texture":"#texture"},"south":{"uv":[5.5,11.9375,8.0625,16],"texture":"#texture"},"west":{"uv":[5.375,1.53125,5.4375,5.59375],"texture":"#texture"},"east":{"uv":[5.375,1.53125,5.3125,5.59375],"texture":"#texture"}}},{"__comment":"Voxels","from":[-2.25,-2,0.25],"to":[19.75,32,1.25],"faces":{"down":{"uv":[7.6875,9.09375,10.4375,9.21875],"texture":"#texture"},"up":{"uv":[13.1875,9.34375,15.9375,9.21875],"texture":"#texture"},"north":{"uv":[5.5,11.75,2.75,16],"texture":"#texture"},"south":{"uv":[0,3.1875,2.75,7.4375],"texture":"#texture"},"east":{"uv":[5.3125,1.34375,5.1875,5.59375],"texture":"#texture"}}},{"__comment":"Voxels","from":[-2.25,30.25,1.25],"to":[19.75,32,15.5],"faces":{"down":{"uv":[4.6875,6.28125,7.4375,8.0625],"texture":"#texture"},"up":{"uv":[0,3.1875,2.75,1.40625],"texture":"#texture"},"east":{"uv":[4.53125,2.125,2.75,2.34375],"texture":"#texture"}}},{"__comment":"Voxels","from":[-2,-7,0],"to":[20,-5,1],"faces":{"down":{"uv":[13.1875,9.4375,15.9375,9.5625],"texture":"#texture"},"up":{"uv":[10.5625,10,13.3125,9.875],"texture":"#texture"},"north":{"uv":[2.75,1.15625,0,1.40625],"texture":"#texture"},"east":{"uv":[3.125,0.59375,3,0.84375],"texture":"#texture"}}},{"__comment":"Voxels","from":[-2,-7,15],"to":[20,-5,16],"faces":{"down":{"uv":[7.6875,9.21875,10.4375,9.34375],"texture":"#texture"},"up":{"uv":[10.4375,9.34375,13.1875,9.21875],"texture":"#texture"},"south":{"uv":[0,0.65625,2.75,0.90625],"texture":"#texture"},"east":{"uv":[3.125,0.90625,3,1.15625],"texture":"#texture"}}},{"__comment":"Voxels","from":[1,11.5,17.25],"to":[3.25,11.75,18],"faces":{"down":{"uv":[4.40625,0.78125,4.6875,0.875],"texture":"#texture","cullface":"south"},"up":{"uv":[4.40625,0.96875,4.6875,0.875],"texture":"#texture","cullface":"south"},"north":{"uv":[6.34375,4.65625,6.0625,4.6875],"texture":"#texture","cullface":"south"},"south":{"uv":[5.78125,4.65625,6.0625,4.6875],"texture":"#texture","cullface":"south"},"west":{"uv":[15.3125,9.8125,15.40625,9.84375],"texture":"#texture","cullface":"south"},"east":{"uv":[16,9.8125,15.90625,9.84375],"texture":"#texture","cullface":"south"}}},{"__comment":"Voxels","from":[1,11.75,17.25],"to":[3,13.5,18],"faces":{"up":{"uv":[14.125,10.875,14.375,10.78125],"texture":"#texture","cullface":"south"},"north":{"uv":[15.875,11.75,15.625,11.96875],"texture":"#texture","cullface":"south"},"south":{"uv":[4,0.125,4.25,0.34375],"texture":"#texture","cullface":"south"},"west":{"uv":[4.53125,2.125,4.625,2.34375],"texture":"#texture","cullface":"south"},"east":{"uv":[15.96875,11.75,15.875,11.96875],"texture":"#texture","cullface":"south"}}},{"__comment":"Voxels","from":[1.25,10.75,17.25],"to":[3.5,11,18],"faces":{"down":{"uv":[14.375,10.84375,14.65625,10.9375],"texture":"#texture","cullface":"south"},"up":{"uv":[14.375,10.84375,14.65625,10.75],"texture":"#texture","cullface":"south"},"north":{"uv":[6.90625,4.75,6.625,4.78125],"texture":"#texture","cullface":"south"},"south":{"uv":[6.90625,4.75,7.1875,4.78125],"texture":"#texture","cullface":"south"},"west":{"uv":[15.90625,10.625,16,10.65625],"texture":"#texture","cullface":"south"},"east":{"uv":[16,10.65625,15.90625,10.6875],"texture":"#texture","cullface":"south"}}},{"__comment":"Voxels","from":[1.25,11,17.25],"to":[3.25,11.5,18],"faces":{"north":{"uv":[16,10.28125,15.75,10.34375],"texture":"#texture","cullface":"south"},"south":{"uv":[15.75,10.34375,16,10.40625],"texture":"#texture","cullface":"south"},"west":{"uv":[4.6875,0.53125,4.78125,0.59375],"texture":"#texture","cullface":"south"},"east":{"uv":[4.875,0.875,4.78125,0.9375],"texture":"#texture","cullface":"south"}}},{"__comment":"Voxels","from":[1.25,11.5,18],"to":[3.25,11.75,18.25],"faces":{"down":{"uv":[7,4.5,7.25,4.53125],"texture":"#texture","cullface":"south"},"up":{"uv":[7.25,4.53125,7.5,4.5],"texture":"#texture","cullface":"south"},"south":{"uv":[5.75,4.46875,6,4.5],"texture":"#texture","cullface":"south"},"west":{"uv":[5.28125,1,5.3125,1.03125],"texture":"#texture","cullface":"south"},"east":{"uv":[5.3125,1.03125,5.28125,1.0625],"texture":"#texture","cullface":"south"}}},{"__comment":"Voxels","from":[1.25,11.75,18],"to":[3,13.5,18.25],"faces":{"up":{"uv":[5.9375,4.40625,6.15625,4.375],"texture":"#texture","cullface":"south"},"south":{"uv":[4.25,0.125,4.46875,0.34375],"texture":"#texture","cullface":"south"},"west":{"uv":[15.96875,11.75,16,11.96875],"texture":"#texture","cullface":"south"},"east":{"uv":[4.65625,2.125,4.625,2.34375],"texture":"#texture","cullface":"south"}}},{"__comment":"Voxels","from":[1.25,13.5,17.25],"to":[3.25,14.25,18],"faces":{"down":{"uv":[14.125,10.3125,14.375,10.40625],"texture":"#texture","cullface":"south"},"up":{"uv":[14.125,10.3125,14.375,10.21875],"texture":"#texture","cullface":"south"},"north":{"uv":[14.375,9.9375,14.125,10.03125],"texture":"#texture","cullface":"south"},"south":{"uv":[14.125,9.84375,14.375,9.9375],"texture":"#texture","cullface":"south"},"west":{"uv":[14.65625,11.75,14.75,11.84375],"texture":"#texture","cullface":"south"},"east":{"uv":[14.75,11.84375,14.65625,11.9375],"texture":"#texture","cullface":"south"}}},{"__comment":"Voxels","from":[1.5,10.25,17.25],"to":[4,10.5,18],"faces":{"down":{"uv":[15.3125,11.34375,15.625,11.4375],"texture":"#texture","cullface":"south"},"up":{"uv":[15,11.4375,15.3125,11.34375],"texture":"#texture","cullface":"south"},"north":{"uv":[7.6875,5.34375,7.375,5.375],"texture":"#texture","cullface":"south"},"south":{"uv":[7.375,5.375,7.6875,5.40625],"texture":"#texture","cullface":"south"},"west":{"uv":[5.0625,1.15625,5.15625,1.1875],"texture":"#texture","cullface":"south"},"east":{"uv":[5.15625,1.1875,5.0625,1.21875],"texture":"#texture","cullface":"south"}}},{"__comment":"Voxels","from":[1.5,10.5,17.25],"to":[3.75,10.75,18],"faces":{"up":{"uv":[14.375,10.46875,14.65625,10.375],"texture":"#texture","cullface":"south"},"north":{"uv":[5.78125,4.71875,5.5,4.75],"texture":"#texture","cullface":"south"},"south":{"uv":[7.1875,4.75,7.46875,4.78125],"texture":"#texture","cullface":"south"},"west":{"uv":[15.90625,10.71875,16,10.75],"texture":"#texture","cullface":"south"},"east":{"uv":[16,10.6875,15.90625,10.71875],"texture":"#texture","cullface":"south"}}},{"__comment":"Voxels","from":[1.5,10.75,18],"to":[3.5,11,18.25],"faces":{"down":{"uv":[7.4375,6.84375,7.6875,6.875],"texture":"#texture","cullface":"south"},"up":{"uv":[7.4375,6.84375,7.6875,6.8125],"texture":"#texture","cullface":"south"},"south":{"uv":[7.4375,6.40625,7.6875,6.4375],"texture":"#texture","cullface":"south"},"west":{"uv":[5.15625,0.84375,5.1875,0.875],"texture":"#texture","cullface":"south"},"east":{"uv":[5.1875,0.875,5.15625,0.90625],"texture":"#texture","cullface":"south"}}},{"__comment":"Voxels","from":[1.5,11,18],"to":[3.25,11.5,18.25],"faces":{"south":{"uv":[4.46875,0,4.6875,0.0625],"texture":"#texture","cullface":"south"},"west":{"uv":[5.375,1.46875,5.40625,1.53125],"texture":"#texture","cullface":"south"},"east":{"uv":[5.4375,1.46875,5.40625,1.53125],"texture":"#texture","cullface":"south"}}},{"__comment":"Voxels","from":[1.5,13.5,18],"to":[3.25,14.25,18.25],"faces":{"down":{"uv":[7.03125,4.375,7.25,4.40625],"texture":"#texture","cullface":"south"},"up":{"uv":[6.8125,4.40625,7.03125,4.375],"texture":"#texture","cullface":"south"},"south":{"uv":[15.40625,10.0625,15.625,10.15625],"texture":"#texture","cullface":"south"},"west":{"uv":[15.75,12.90625,15.78125,13],"texture":"#texture","cullface":"south"},"east":{"uv":[4.6875,1.625,4.65625,1.71875],"texture":"#texture","cullface":"south"}}},{"__comment":"Voxels","from":[1.5,14.25,17.25],"to":[3.75,14.75,18],"faces":{"down":{"uv":[14.375,10.28125,14.65625,10.375],"texture":"#texture","cullface":"south"},"up":{"uv":[14.375,10.28125,14.65625,10.1875],"texture":"#texture","cullface":"south"},"north":{"uv":[15.90625,10.09375,15.625,10.15625],"texture":"#texture","cullface":"south"},"south":{"uv":[15.625,10.03125,15.90625,10.09375],"texture":"#texture","cullface":"south"},"west":{"uv":[4.78125,1.21875,4.875,1.28125],"texture":"#texture","cullface":"south"},"east":{"uv":[4.78125,1.15625,4.6875,1.21875],"texture":"#texture","cullface":"south"}}},{"__comment":"Voxels","from":[1.75,10,17.25],"to":[4.25,10.25,18],"faces":{"down":{"uv":[14.375,11.34375,14.6875,11.4375],"texture":"#texture","cullface":"south"},"up":{"uv":[14.6875,11.4375,15,11.34375],"texture":"#texture","cullface":"south"},"north":{"uv":[6.125,4.78125,5.8125,4.8125],"texture":"#texture","cullface":"south"},"south":{"uv":[6.125,4.78125,6.4375,4.8125],"texture":"#texture","cullface":"south"},"west":{"uv":[5.0625,0.46875,5.15625,0.5],"texture":"#texture","cullface":"south"},"east":{"uv":[5.15625,0.4375,5.0625,0.46875],"texture":"#texture","cullface":"south"}}},{"__comment":"Voxels","from":[1.75,10.25,18],"to":[4,10.75,18.25],"faces":{"down":{"uv":[6.90625,4.65625,7.1875,4.6875],"texture":"#texture","cullface":"south"},"up":{"uv":[15.71875,13.21875,16,13.1875],"texture":"#texture","cullface":"south"},"north":{"uv":[6.34375,5.15625,6.0625,5.21875],"texture":"#texture","cullface":"south"},"south":{"uv":[5.78125,5.15625,6.0625,5.21875],"texture":"#texture","cullface":"south"},"west":{"uv":[7.65625,7.0625,7.6875,7.125],"texture":"#texture","cullface":"south"},"east":{"uv":[7.6875,7.125,7.65625,7.1875],"texture":"#texture","cullface":"south"}}},{"__comment":"Voxels","from":[1.75,14.25,18],"to":[3.75,14.75,18.25],"faces":{"down":{"uv":[5.75,4.5,6,4.53125],"texture":"#texture","cullface":"south"},"up":{"uv":[5.5,4.53125,5.75,4.5],"texture":"#texture","cullface":"south"},"south":{"uv":[7.4375,7.3125,7.6875,7.375],"texture":"#texture","cullface":"south"},"west":{"uv":[5.34375,0.34375,5.375,0.40625],"texture":"#texture","cullface":"south"},"east":{"uv":[5.34375,0.21875,5.3125,0.28125],"texture":"#texture","cullface":"south"}}},{"__comment":"Voxels","from":[1.75,14.75,17.25],"to":[4.25,15,18],"faces":{"down":{"uv":[14.6875,11.25,15,11.34375],"texture":"#texture","cullface":"south"},"up":{"uv":[15,11.34375,15.3125,11.25],"texture":"#texture","cullface":"south"},"north":{"uv":[3.0625,0,2.75,0.03125],"texture":"#texture","cullface":"south"},"south":{"uv":[7.375,5.125,7.6875,5.15625],"texture":"#texture","cullface":"south"},"west":{"uv":[5.1875,0.59375,5.28125,0.625],"texture":"#texture","cullface":"south"},"east":{"uv":[5.28125,0.5625,5.1875,0.59375],"texture":"#texture","cullface":"south"}}},{"__comment":"Voxels","from":[2,9.5,17.25],"to":[9.5,9.75,18],"faces":{"down":{"uv":[10.625,11.84375,11.5625,11.9375],"texture":"#texture","cullface":"south"},"up":{"uv":[10.625,11.84375,11.5625,11.75],"texture":"#texture","cullface":"south"},"north":{"uv":[0.9375,0.03125,0,0.0625],"texture":"#texture","cullface":"south"},"south":{"uv":[0,0,0.9375,0.03125],"texture":"#texture","cullface":"south"},"west":{"uv":[5.1875,1.0625,5.28125,1.09375],"texture":"#texture","cullface":"south"},"east":{"uv":[5.28125,1.09375,5.1875,1.125],"texture":"#texture","cullface":"south"}}},{"__comment":"Voxels","from":[2,9.75,17.25],"to":[5,10,18],"faces":{"up":{"uv":[13.5625,10.53125,13.9375,10.4375],"texture":"#texture","cullface":"south"},"north":{"uv":[7.0625,4.96875,6.6875,5],"texture":"#texture","cullface":"south"},"south":{"uv":[6.3125,4.96875,6.6875,5],"texture":"#texture","cullface":"south"},"west":{"uv":[5.1875,1.25,5.28125,1.28125],"texture":"#texture","cullface":"south"},"east":{"uv":[5.28125,1.28125,5.1875,1.3125],"texture":"#texture","cullface":"south"}}},{"__comment":"Voxels","from":[2,10,18],"to":[4.25,10.25,18.25],"faces":{"down":{"uv":[6.625,4.71875,6.90625,4.75],"texture":"#texture","cullface":"south"},"up":{"uv":[6.34375,4.75,6.625,4.71875],"texture":"#texture","cullface":"south"},"south":{"uv":[5.78125,4.71875,6.0625,4.75],"texture":"#texture","cullface":"south"},"west":{"uv":[5.15625,0.75,5.1875,0.78125],"texture":"#texture","cullface":"south"},"east":{"uv":[5.1875,0.71875,5.15625,0.75],"texture":"#texture","cullface":"south"}}},{"__comment":"Voxels","from":[2,14.75,18],"to":[4.25,15,18.25],"faces":{"down":{"uv":[6.34375,4.65625,6.625,4.6875],"texture":"#texture","cullface":"south"},"up":{"uv":[6.625,4.6875,6.90625,4.65625],"texture":"#texture","cullface":"south"},"south":{"uv":[6.625,4.5625,6.90625,4.59375],"texture":"#texture","cullface":"south"},"west":{"uv":[5.15625,0.5625,5.1875,0.59375],"texture":"#texture","cullface":"south"},"east":{"uv":[5.1875,0.59375,5.15625,0.625],"texture":"#texture","cullface":"south"}}},{"__comment":"Voxels","from":[2,15,17.25],"to":[5,15.5,18],"faces":{"down":{"uv":[13.6875,10.90625,14.0625,11],"texture":"#texture","cullface":"south"},"up":{"uv":[13.6875,11.09375,14.0625,11],"texture":"#texture","cullface":"south"},"north":{"uv":[15.5625,11.75,15.1875,11.8125],"texture":"#texture","cullface":"south"},"south":{"uv":[15.3125,12.84375,15.6875,12.90625],"texture":"#texture","cullface":"south"},"west":{"uv":[15.3125,10.03125,15.40625,10.09375],"texture":"#texture","cullface":"south"},"east":{"uv":[16,12.46875,15.90625,12.53125],"texture":"#texture","cullface":"south"}}},{"__comment":"Voxels","from":[2.25,9.25,17.25],"to":[9.25,9.5,18],"faces":{"down":{"uv":[2.75,1.4375,3.625,1.53125],"texture":"#texture","cullface":"south"},"north":{"uv":[15.25,11.125,14.375,11.15625],"texture":"#texture","cullface":"south"},"south":{"uv":[15,11.15625,15.875,11.1875],"texture":"#texture","cullface":"south"},"west":{"uv":[5.0625,0.125,5.15625,0.15625],"texture":"#texture","cullface":"south"},"east":{"uv":[5.15625,0.09375,5.0625,0.125],"texture":"#texture","cullface":"south"}}},{"__comment":"Voxels","from":[2.25,9.5,18],"to":[9.25,9.75,18.25],"faces":{"down":{"uv":[15,11.1875,15.875,11.21875],"texture":"#texture","cullface":"south"},"up":{"uv":[15,11.25,15.875,11.21875],"texture":"#texture","cullface":"south"},"south":{"uv":[6.375,11.78125,7.25,11.8125],"texture":"#texture","cullface":"south"},"west":{"uv":[5.15625,0.65625,5.1875,0.6875],"texture":"#texture","cullface":"south"},"east":{"uv":[5.1875,0.6875,5.15625,0.71875],"texture":"#texture","cullface":"south"}}},{"__comment":"Voxels","from":[2.25,9.75,16.25],"to":[9.25,15.25,16.5],"faces":{"down":{"uv":[5.5,11.75,6.375,11.78125],"texture":"#texture","cullface":"south"},"up":{"uv":[5.5,11.8125,6.375,11.78125],"texture":"#texture","cullface":"south"},"south":{"uv":[14.5625,14.625,15.4375,15.3125],"texture":"#texture","cullface":"south"},"west":{"uv":[7.4375,7.375,7.46875,8.0625],"texture":"#texture","cullface":"south"},"east":{"uv":[7.5,7.375,7.46875,8.0625],"texture":"#texture","cullface":"south"}}},{"__comment":"Voxels","from":[2.25,9.75,18],"to":[5,10,18.25],"faces":{"up":{"uv":[7.21875,4.90625,7.5625,4.875],"texture":"#texture","cullface":"south"},"south":{"uv":[5.84375,4.90625,6.1875,4.9375],"texture":"#texture","cullface":"south"},"west":{"uv":[5.15625,0.78125,5.1875,0.8125],"texture":"#texture","cullface":"south"},"east":{"uv":[5.1875,0.8125,5.15625,0.84375],"texture":"#texture","cullface":"south"}}},{"__comment":"Voxels","from":[2.25,15,18],"to":[5,15.5,18.25],"faces":{"down":{"uv":[5.875,4.9375,6.21875,4.96875],"texture":"#texture","cullface":"south"},"up":{"uv":[14.96875,9.84375,15.3125,9.8125],"texture":"#texture","cullface":"south"},"south":{"uv":[15.40625,10.21875,15.75,10.28125],"texture":"#texture","cullface":"south"},"west":{"uv":[5.3125,0.84375,5.34375,0.90625],"texture":"#texture","cullface":"south"},"east":{"uv":[5.375,1.15625,5.34375,1.21875],"texture":"#texture","cullface":"south"}}},{"__comment":"Voxels","from":[2.25,15.5,17.25],"to":[9.25,15.75,18],"faces":{"down":{"uv":[2.75,1.34375,3.625,1.4375],"texture":"#texture","cullface":"south"},"up":{"uv":[3.625,1.4375,4.5,1.34375],"texture":"#texture","cullface":"south"},"north":{"uv":[1.8125,0.03125,0.9375,0.0625],"texture":"#texture","cullface":"south"},"south":{"uv":[0.9375,0,1.8125,0.03125],"texture":"#texture","cullface":"south"},"west":{"uv":[5.0625,0.0625,5.15625,0.09375],"texture":"#texture","cullface":"south"},"east":{"uv":[5.15625,0.03125,5.0625,0.0625],"texture":"#texture","cullface":"south"}}},{"__comment":"Voxels","from":[2.5,9,17.25],"to":[9,9.25,18],"faces":{"down":{"uv":[3.1875,1.0625,4,1.15625],"texture":"#texture","cullface":"south"},"north":{"uv":[8.0625,11.75,7.25,11.78125],"texture":"#texture","cullface":"south"},"south":{"uv":[7.25,11.78125,8.0625,11.8125],"texture":"#texture","cullface":"south"},"west":{"uv":[5.0625,0,5.15625,0.03125],"texture":"#texture","cullface":"south"},"east":{"uv":[5.28125,1.3125,5.1875,1.34375],"texture":"#texture","cullface":"south"}}},{"__comment":"Voxels","from":[2.5,9.25,18],"to":[9,9.5,18.25],"faces":{"down":{"uv":[14.65625,10.8125,15.46875,10.84375],"texture":"#texture","cullface":"south"},"south":{"uv":[14.65625,10.71875,15.46875,10.75],"texture":"#texture","cullface":"south"},"west":{"uv":[5.15625,1.03125,5.1875,1.0625],"texture":"#texture","cullface":"south"},"east":{"uv":[5.1875,1.15625,5.15625,1.1875],"texture":"#texture","cullface":"south"}}},{"__comment":"Voxels","from":[2.5,9.5,16.25],"to":[9,9.75,16.5],"faces":{"down":{"uv":[14.65625,10.6875,15.46875,10.71875],"texture":"#texture","cullface":"south"},"south":{"uv":[14.65625,10.59375,15.46875,10.625],"texture":"#texture","cullface":"south"},"west":{"uv":[5.15625,0.03125,5.1875,0.0625],"texture":"#texture","cullface":"south"},"east":{"uv":[5.1875,0.0625,5.15625,0.09375],"texture":"#texture","cullface":"south"}}},{"__comment":"Voxels","from":[2.5,15.25,16.25],"to":[9,15.5,16.5],"faces":{"up":{"uv":[14.65625,10.875,15.46875,10.84375],"texture":"#texture","cullface":"south"},"south":{"uv":[14.65625,10.90625,15.46875,10.9375],"texture":"#texture","cullface":"south"},"west":{"uv":[5.15625,0.09375,5.1875,0.125],"texture":"#texture","cullface":"south"},"east":{"uv":[5.1875,0.125,5.15625,0.15625],"texture":"#texture","cullface":"south"}}},{"__comment":"Voxels","from":[2.5,15.5,18],"to":[9,15.75,18.25],"faces":{"down":{"uv":[14.65625,10.9375,15.46875,10.96875],"texture":"#texture","cullface":"south"},"up":{"uv":[14.65625,11,15.46875,10.96875],"texture":"#texture","cullface":"south"},"south":{"uv":[14.65625,11.03125,15.46875,11.0625],"texture":"#texture","cullface":"south"},"west":{"uv":[5.15625,0.15625,5.1875,0.1875],"texture":"#texture","cullface":"south"},"east":{"uv":[5.1875,0.1875,5.15625,0.21875],"texture":"#texture","cullface":"south"}}},{"__comment":"Voxels","from":[2.5,15.75,17.25],"to":[9,16,18],"faces":{"up":{"uv":[3.59375,0.875,4.40625,0.78125],"texture":"#texture","cullface":"south"},"north":{"uv":[15.46875,11.0625,14.65625,11.09375],"texture":"#texture","cullface":"south"},"south":{"uv":[14.65625,11.09375,15.46875,11.125],"texture":"#texture","cullface":"south"},"west":{"uv":[5.1875,1.21875,5.28125,1.25],"texture":"#texture","cullface":"south"},"east":{"uv":[5.28125,1.1875,5.1875,1.21875],"texture":"#texture","cullface":"south"}}},{"__comment":"Voxels","from":[2.75,8.75,17.25],"to":[8.75,9,18],"faces":{"down":{"uv":[13.5625,11.5625,14.3125,11.65625],"texture":"#texture","cullface":"south"},"north":{"uv":[6.25,5.5625,5.5,5.59375],"texture":"#texture","cullface":"south"},"south":{"uv":[6.25,5.5625,7,5.59375],"texture":"#texture","cullface":"south"},"west":{"uv":[5.1875,1.15625,5.28125,1.1875],"texture":"#texture","cullface":"south"},"east":{"uv":[5.28125,1.125,5.1875,1.15625],"texture":"#texture","cullface":"south"}}},{"__comment":"Voxels","from":[2.75,9,18],"to":[8.75,9.25,18.25],"faces":{"down":{"uv":[6.25,5.4375,7,5.46875],"texture":"#texture","cullface":"south"},"south":{"uv":[5.5,5.46875,6.25,5.5],"texture":"#texture","cullface":"south"},"west":{"uv":[5.15625,0.46875,5.1875,0.5],"texture":"#texture","cullface":"south"},"east":{"uv":[5.1875,0.5,5.15625,0.53125],"texture":"#texture","cullface":"south"}}},{"__comment":"Voxels","from":[2.75,9.25,16.25],"to":[8.75,9.5,16.5],"faces":{"down":{"uv":[6.25,5.5,7,5.53125],"texture":"#texture","cullface":"south"},"south":{"uv":[5.5,5.53125,6.25,5.5625],"texture":"#texture","cullface":"south"},"west":{"uv":[15.96875,10.4375,16,10.46875],"texture":"#texture","cullface":"south"},"east":{"uv":[16,10.46875,15.96875,10.5],"texture":"#texture","cullface":"south"}}},{"__comment":"Voxels","from":[2.75,15.5,16.25],"to":[8.75,15.75,16.5],"faces":{"up":{"uv":[14.65625,10.4375,15.40625,10.40625],"texture":"#texture","cullface":"south"},"south":{"uv":[14.65625,10.4375,15.40625,10.46875],"texture":"#texture","cullface":"south"},"west":{"uv":[15.96875,10.5,16,10.53125],"texture":"#texture","cullface":"south"},"east":{"uv":[16,10.53125,15.96875,10.5625],"texture":"#texture","cullface":"south"}}},{"__comment":"Voxels","from":[2.75,15.75,18],"to":[8.75,16,18.25],"faces":{"up":{"uv":[14.65625,10.5625,15.40625,10.53125],"texture":"#texture","cullface":"south"},"south":{"uv":[14.65625,10.375,15.40625,10.40625],"texture":"#texture","cullface":"south"},"west":{"uv":[4.65625,2.125,4.6875,2.15625],"texture":"#texture","cullface":"south"},"east":{"uv":[14.1875,11.78125,14.15625,11.8125],"texture":"#texture","cullface":"south"}}},{"__comment":"Voxels","from":[2.75,16,17.25],"to":[8.75,16.25,18],"faces":{"up":{"uv":[13.5625,11.75,14.3125,11.65625],"texture":"#texture"},"north":{"uv":[15.40625,10.3125,14.65625,10.34375],"texture":"#texture"},"south":{"uv":[14.65625,10.28125,15.40625,10.3125],"texture":"#texture"},"west":{"uv":[5.1875,1.03125,5.28125,1.0625],"texture":"#texture"},"east":{"uv":[5.28125,1,5.1875,1.03125],"texture":"#texture"}}},{"__comment":"Voxels","from":[3,9,16.25],"to":[8.5,9.25,16.5],"faces":{"down":{"uv":[6.875,5.40625,7.5625,5.4375],"texture":"#texture","cullface":"south"},"south":{"uv":[7,5.4375,7.6875,5.46875],"texture":"#texture","cullface":"south"},"west":{"uv":[4.96875,0,5,0.03125],"texture":"#texture","cullface":"south"},"east":{"uv":[4.96875,0,4.9375,0.03125],"texture":"#texture","cullface":"south"}}},{"__comment":"Voxels","from":[3,13.25,17.25],"to":[3.25,13.5,18.25],"faces":{"down":{"uv":[4.9375,0.03125,4.96875,0.15625],"texture":"#texture","cullface":"south"},"up":{"uv":[4.96875,0.15625,5,0.03125],"texture":"#texture","cullface":"south"},"north":{"uv":[5.0625,0.53125,5.03125,0.5625],"texture":"#texture","cullface":"south"},"south":{"uv":[5.03125,0.5625,5.0625,0.59375],"texture":"#texture","cullface":"south"},"west":{"uv":[15.21875,10.09375,15.34375,10.125],"texture":"#texture","cullface":"south"},"east":{"uv":[7.6875,7.375,7.5625,7.40625],"texture":"#texture","cullface":"south"}}},{"__comment":"Voxels","from":[3,15.75,16.25],"to":[8.5,16,16.5],"faces":{"up":{"uv":[7,5.53125,7.6875,5.5],"texture":"#texture","cullface":"south"},"south":{"uv":[7,5.5625,7.6875,5.59375],"texture":"#texture","cullface":"south"},"west":{"uv":[5.03125,0.59375,5.0625,0.625],"texture":"#texture","cullface":"south"},"east":{"uv":[5.0625,0.625,5.03125,0.65625],"texture":"#texture","cullface":"south"}}},{"__comment":"Voxels","from":[3.25,8.5,17.25],"to":[8.25,8.75,18],"faces":{"down":{"uv":[4,1.0625,4.625,1.15625],"texture":"#texture","cullface":"south"},"north":{"uv":[6.125,5.3125,5.5,5.34375],"texture":"#texture","cullface":"south"},"south":{"uv":[6.125,5.3125,6.75,5.34375],"texture":"#texture","cullface":"south"},"west":{"uv":[5.1875,0.5,5.28125,0.53125],"texture":"#texture","cullface":"south"},"east":{"uv":[5.28125,0.53125,5.1875,0.5625],"texture":"#texture","cullface":"south"}}},{"__comment":"Voxels","from":[3.25,8.75,18],"to":[8.25,9,18.25],"faces":{"down":{"uv":[6.75,5.28125,7.375,5.3125],"texture":"#texture","cullface":"south"},"south":{"uv":[6.75,5.3125,7.375,5.34375],"texture":"#texture","cullface":"south"},"west":{"uv":[5.03125,0.71875,5.0625,0.75],"texture":"#texture","cullface":"south"},"east":{"uv":[5.0625,0.75,5.03125,0.78125],"texture":"#texture","cullface":"south"}}},{"__comment":"Voxels","from":[3.25,14,17.25],"to":[3.5,14.25,18.25],"faces":{"down":{"uv":[12.375,11.8125,12.40625,11.9375],"texture":"#texture","cullface":"south"},"up":{"uv":[14.15625,11.9375,14.1875,11.8125],"texture":"#texture","cullface":"south"},"north":{"uv":[5.0625,0.78125,5.03125,0.8125],"texture":"#texture","cullface":"south"},"south":{"uv":[5.03125,0.8125,5.0625,0.84375],"texture":"#texture","cullface":"south"},"west":{"uv":[13.9375,10.25,14.0625,10.28125],"texture":"#texture","cullface":"south"},"east":{"uv":[14.0625,10.15625,13.9375,10.1875],"texture":"#texture","cullface":"south"}}},{"__comment":"Voxels","from":[3.25,16,18],"to":[8.25,16.25,18.25],"faces":{"up":{"uv":[6.125,5.375,6.75,5.34375],"texture":"#texture"},"south":{"uv":[6.75,5.375,7.375,5.40625],"texture":"#texture"},"west":{"uv":[5.03125,0.84375,5.0625,0.875],"texture":"#texture"},"east":{"uv":[5.0625,0.875,5.03125,0.90625],"texture":"#texture"}}},{"__comment":"Voxels","from":[3.25,16.25,17.25],"to":[8.25,16.5,18],"faces":{"up":{"uv":[4,0.53125,4.625,0.4375],"texture":"#texture"},"north":{"uv":[6.75,5.375,6.125,5.40625],"texture":"#texture"},"south":{"uv":[5.5,5.375,6.125,5.40625],"texture":"#texture"},"west":{"uv":[5.1875,0.625,5.28125,0.65625],"texture":"#texture"},"east":{"uv":[5.28125,0.65625,5.1875,0.6875],"texture":"#texture"}}},{"__comment":"Voxels","from":[3.5,8.25,17.25],"to":[8,8.5,18],"faces":{"down":{"uv":[14.875,11.5625,15.4375,11.65625],"texture":"#texture","cullface":"south"},"north":{"uv":[6.625,5.21875,6.0625,5.25],"texture":"#texture","cullface":"south"},"south":{"uv":[6.625,5.21875,7.1875,5.25],"texture":"#texture","cullface":"south"},"west":{"uv":[5.1875,0.6875,5.28125,0.71875],"texture":"#texture","cullface":"south"},"east":{"uv":[5.28125,0.71875,5.1875,0.75],"texture":"#texture","cullface":"south"}}},{"__comment":"Voxels","from":[3.5,8.5,18],"to":[8,8.75,18.25],"faces":{"down":{"uv":[5.5,5.125,6.0625,5.15625],"texture":"#texture","cullface":"south"},"south":{"uv":[15.40625,10.53125,15.96875,10.5625],"texture":"#texture","cullface":"south"},"west":{"uv":[5.28125,0.15625,5.3125,0.1875],"texture":"#texture","cullface":"south"},"east":{"uv":[5.3125,0.125,5.28125,0.15625],"texture":"#texture","cullface":"south"}}},{"__comment":"Voxels","from":[3.5,10.75,17.5],"to":[4.5,11,18],"faces":{"down":{"uv":[13.9375,10.1875,14.0625,10.25],"texture":"#texture","cullface":"south"},"up":{"uv":[13.9375,10.34375,14.0625,10.28125],"texture":"#texture","cullface":"south"},"north":{"uv":[13.9375,9.8125,13.8125,9.84375],"texture":"#texture","cullface":"south"},"south":{"uv":[13.9375,10.0625,14.0625,10.09375],"texture":"#texture","cullface":"south"},"east":{"uv":[5.375,1.375,5.3125,1.40625],"texture":"#texture","cullface":"south"}}},{"__comment":"Voxels","from":[3.5,16.25,18],"to":[8,16.5,18.25],"faces":{"up":{"uv":[15.40625,10.5,15.96875,10.46875],"texture":"#texture"},"south":{"uv":[15.40625,10.40625,15.96875,10.4375],"texture":"#texture"},"west":{"uv":[5.4375,1.1875,5.46875,1.21875],"texture":"#texture"},"east":{"uv":[5.46875,1.15625,5.4375,1.1875],"texture":"#texture"}}},{"__comment":"Voxels","from":[3.5,16.5,17.25],"to":[8,16.75,18],"faces":{"up":{"uv":[13.5625,11.5625,14.125,11.46875],"texture":"#texture"},"north":{"uv":[6.0625,5.25,5.5,5.28125],"texture":"#texture"},"south":{"uv":[6.0625,5.25,6.625,5.28125],"texture":"#texture"},"west":{"uv":[5.1875,0.75,5.28125,0.78125],"texture":"#texture"},"east":{"uv":[5.28125,0.78125,5.1875,0.8125],"texture":"#texture"}}},{"__comment":"Voxels","from":[3.5,24.75,16.25],"to":[6.75,27,16.5],"faces":{"down":{"uv":[5.5,4.96875,5.90625,5],"texture":"#texture"},"up":{"uv":[5.90625,5,6.3125,4.96875],"texture":"#texture"},"south":{"uv":[15.3125,13.46875,15.71875,13.75],"texture":"#texture"},"west":{"uv":[7.625,7.78125,7.65625,8.0625],"texture":"#texture"},"east":{"uv":[7.6875,7.78125,7.65625,8.0625],"texture":"#texture"}}},{"__comment":"Voxels","from":[3.75,10.5,17.5],"to":[4.25,10.75,18],"faces":{"down":{"uv":[7.625,5.75,7.6875,5.8125],"texture":"#texture","cullface":"south"},"north":{"uv":[5.375,0.40625,5.3125,0.4375],"texture":"#texture","cullface":"south"},"south":{"uv":[5.3125,0.4375,5.375,0.46875],"texture":"#texture","cullface":"south"},"east":{"uv":[5.375,0.625,5.3125,0.65625],"texture":"#texture","cullface":"south"}}},{"__comment":"Voxels","from":[3.75,14.5,17.25],"to":[4,14.75,18.25],"faces":{"down":{"uv":[7.65625,6.15625,7.6875,6.28125],"texture":"#texture","cullface":"south"},"up":{"uv":[4.65625,2.125,4.6875,2],"texture":"#texture","cullface":"south"},"north":{"uv":[5.3125,1.1875,5.28125,1.21875],"texture":"#texture","cullface":"south"},"south":{"uv":[5.28125,1.15625,5.3125,1.1875],"texture":"#texture","cullface":"south"},"west":{"uv":[15.875,11.15625,16,11.1875],"texture":"#texture","cullface":"south"},"east":{"uv":[15.34375,10.1875,15.21875,10.21875],"texture":"#texture","cullface":"south"}}},{"__comment":"Voxels","from":[3.75,24.5,16.25],"to":[6.5,24.75,16.5],"faces":{"down":{"uv":[6.1875,4.875,6.53125,4.90625],"texture":"#texture"},"south":{"uv":[6.1875,4.90625,6.53125,4.9375],"texture":"#texture"},"west":{"uv":[5.28125,0.875,5.3125,0.90625],"texture":"#texture"},"east":{"uv":[5.3125,0.84375,5.28125,0.875],"texture":"#texture"}}},{"__comment":"Voxels","from":[3.75,25.25,16.5],"to":[6.5,26.5,17],"faces":{"down":{"uv":[15.40625,10.28125,15.75,10.34375],"texture":"#texture"},"up":{"uv":[15.40625,10.40625,15.75,10.34375],"texture":"#texture"},"south":{"uv":[13.8125,11.78125,14.15625,11.9375],"texture":"#texture"},"west":{"uv":[14.5,11.78125,14.5625,11.9375],"texture":"#texture"},"east":{"uv":[14.375,11.78125,14.3125,11.9375],"texture":"#texture"}}},{"__comment":"Voxels","from":[3.75,27,16.25],"to":[6.5,27.25,16.5],"faces":{"up":{"uv":[7.21875,4.9375,7.5625,4.90625],"texture":"#texture"},"south":{"uv":[6.53125,4.90625,6.875,4.9375],"texture":"#texture"},"west":{"uv":[5.28125,0.6875,5.3125,0.71875],"texture":"#texture"},"east":{"uv":[5.3125,0.65625,5.28125,0.6875],"texture":"#texture"}}},{"__comment":"Voxels","from":[4,8,17.25],"to":[7.5,8.25,18],"faces":{"down":{"uv":[15.3125,12.90625,15.75,13],"texture":"#texture","cullface":"south"},"north":{"uv":[2.375,0,1.9375,0.03125],"texture":"#texture","cullface":"south"},"south":{"uv":[15.46875,10.71875,15.90625,10.75],"texture":"#texture","cullface":"south"},"west":{"uv":[5.1875,0.8125,5.28125,0.84375],"texture":"#texture","cullface":"south"},"east":{"uv":[5.28125,0.84375,5.1875,0.875],"texture":"#texture","cullface":"south"}}},{"__comment":"Voxels","from":[4,8.25,18],"to":[7.5,8.5,18.25],"faces":{"down":{"uv":[15.46875,10.6875,15.90625,10.71875],"texture":"#texture","cullface":"south"},"south":{"uv":[15.46875,10.59375,15.90625,10.625],"texture":"#texture","cullface":"south"},"west":{"uv":[5.28125,0.40625,5.3125,0.4375],"texture":"#texture","cullface":"south"},"east":{"uv":[5.3125,0.375,5.28125,0.40625],"texture":"#texture","cullface":"south"}}},{"__comment":"Voxels","from":[4,10.25,17.5],"to":[4.25,10.5,18],"faces":{"north":{"uv":[5.3125,1.125,5.28125,1.15625],"texture":"#texture","cullface":"south"},"south":{"uv":[5.4375,1.03125,5.46875,1.0625],"texture":"#texture","cullface":"south"},"east":{"uv":[16,10.75,15.9375,10.78125],"texture":"#texture","cullface":"south"}}},{"__comment":"Voxels","from":[4,11,17.5],"to":[4.75,11.25,18],"faces":{"down":{"uv":[4.78125,0.0625,4.875,0.125],"texture":"#texture","cullface":"south"},"up":{"uv":[4.6875,0.0625,4.78125,0],"texture":"#texture","cullface":"south"},"north":{"uv":[5.28125,0.875,5.1875,0.90625],"texture":"#texture","cullface":"south"},"south":{"uv":[5.21875,0.90625,5.3125,0.9375],"texture":"#texture","cullface":"south"},"west":{"uv":[14.0625,10.0625,14.125,10.09375],"texture":"#texture","cullface":"south"},"east":{"uv":[16,10.9375,15.9375,10.96875],"texture":"#texture","cullface":"south"}}},{"__comment":"Voxels","from":[4,16.5,18],"to":[7.5,16.75,18.25],"faces":{"up":{"uv":[7.1875,5.28125,7.625,5.25],"texture":"#texture"},"south":{"uv":[6.0625,5.125,6.5,5.15625],"texture":"#texture"},"west":{"uv":[5.15625,0.53125,5.1875,0.5625],"texture":"#texture"},"east":{"uv":[5.1875,0.25,5.15625,0.28125],"texture":"#texture"}}},{"__comment":"Voxels","from":[4,16.75,17.25],"to":[7.5,17,18],"faces":{"up":{"uv":[13.6875,11.1875,14.125,11.09375],"texture":"#texture"},"north":{"uv":[6.9375,5.125,6.5,5.15625],"texture":"#texture"},"south":{"uv":[6.9375,5.125,7.375,5.15625],"texture":"#texture"},"west":{"uv":[5.21875,0.9375,5.3125,0.96875],"texture":"#texture"},"east":{"uv":[5.3125,0.96875,5.21875,1],"texture":"#texture"}}},{"__comment":"Voxels","from":[4,24.25,16.25],"to":[6.25,24.5,16.5],"faces":{"down":{"uv":[6.0625,4.625,6.34375,4.65625],"texture":"#texture"},"south":{"uv":[6.90625,4.625,7.1875,4.65625],"texture":"#texture"},"west":{"uv":[5.15625,0.96875,5.1875,1],"texture":"#texture"},"east":{"uv":[5.1875,0.625,5.15625,0.65625],"texture":"#texture"}}},{"__comment":"Voxels","from":[4,25,16.5],"to":[6.25,25.25,17],"faces":{"down":{"uv":[15.625,9.84375,15.90625,9.90625],"texture":"#texture"},"south":{"uv":[5.5,4.59375,5.78125,4.625],"texture":"#texture"},"west":{"uv":[4.625,0.96875,4.6875,1],"texture":"#texture"},"east":{"uv":[5.4375,0.375,5.375,0.40625],"texture":"#texture"}}},{"__comment":"Voxels","from":[4,25.5,17],"to":[6.25,26.25,17.25],"faces":{"down":{"uv":[5.78125,4.59375,6.0625,4.625],"texture":"#texture"},"up":{"uv":[6.0625,4.625,6.34375,4.59375],"texture":"#texture"},"south":{"uv":[14.375,10.5625,14.65625,10.65625],"texture":"#texture"},"west":{"uv":[5.1875,0.90625,5.21875,1],"texture":"#texture"},"east":{"uv":[5.09375,1.0625,5.0625,1.15625],"texture":"#texture"}}},{"__comment":"Voxels","from":[4,26.5,16.5],"to":[6.25,26.75,17],"faces":{"up":{"uv":[6.34375,5.21875,6.625,5.15625],"texture":"#texture"},"south":{"uv":[6.625,4.59375,6.90625,4.625],"texture":"#texture"},"west":{"uv":[5.375,0.09375,5.4375,0.125],"texture":"#texture"},"east":{"uv":[5.4375,0.03125,5.375,0.0625],"texture":"#texture"}}},{"__comment":"Voxels","from":[4,27.25,16.25],"to":[6.25,27.5,16.5],"faces":{"up":{"uv":[7.1875,4.625,7.46875,4.59375],"texture":"#texture"},"south":{"uv":[5.78125,4.5625,6.0625,4.59375],"texture":"#texture"},"west":{"uv":[5.03125,0.90625,5.0625,0.9375],"texture":"#texture"},"east":{"uv":[5.1875,1.21875,5.15625,1.25],"texture":"#texture"}}},{"__comment":"Voxels","from":[4.25,11.25,17.5],"to":[5,11.5,18],"faces":{"down":{"uv":[4.78125,0,4.875,0.0625],"texture":"#texture","cullface":"south"},"up":{"uv":[4.875,1.03125,4.96875,0.96875],"texture":"#texture","cullface":"south"},"north":{"uv":[5.1875,1.125,5.09375,1.15625],"texture":"#texture","cullface":"south"},"south":{"uv":[5.09375,1.09375,5.1875,1.125],"texture":"#texture","cullface":"south"},"west":{"uv":[5.375,0.34375,5.4375,0.375],"texture":"#texture","cullface":"south"},"east":{"uv":[5.4375,0.3125,5.375,0.34375],"texture":"#texture","cullface":"south"}}},{"__comment":"Voxels","from":[4.25,24.75,16.5],"to":[6,25,17],"faces":{"down":{"uv":[7.4375,7.125,7.65625,7.1875],"texture":"#texture"},"south":{"uv":[7.46875,4.375,7.6875,4.40625],"texture":"#texture"},"west":{"uv":[5.375,0.28125,5.4375,0.3125],"texture":"#texture"},"east":{"uv":[5.4375,0.1875,5.375,0.21875],"texture":"#texture"}}},{"__comment":"Voxels","from":[4.25,25.25,17],"to":[6,25.5,17.25],"faces":{"down":{"uv":[7.46875,4.6875,7.6875,4.71875],"texture":"#texture"},"south":{"uv":[7.46875,4.65625,7.6875,4.6875],"texture":"#texture"},"west":{"uv":[5.4375,1.09375,5.46875,1.125],"texture":"#texture"},"east":{"uv":[5.46875,0.6875,5.4375,0.71875],"texture":"#texture"}}},{"__comment":"Voxels","from":[4.25,26.25,17],"to":[6,26.5,17.25],"faces":{"up":{"uv":[6.875,4.4375,7.09375,4.40625],"texture":"#texture"},"south":{"uv":[7.46875,4.5625,7.6875,4.59375],"texture":"#texture"},"west":{"uv":[5.4375,0.71875,5.46875,0.75],"texture":"#texture"},"east":{"uv":[5.46875,0.75,5.4375,0.78125],"texture":"#texture"}}},{"__comment":"Voxels","from":[4.25,26.75,16.5],"to":[6,27,17],"faces":{"up":{"uv":[7.4375,7.125,7.65625,7.0625],"texture":"#texture"},"south":{"uv":[5.5,4.375,5.71875,4.40625],"texture":"#texture"},"west":{"uv":[5.375,0.0625,5.4375,0.09375],"texture":"#texture"},"east":{"uv":[5.4375,0.40625,5.375,0.4375],"texture":"#texture"}}},{"__comment":"Voxels","from":[4.5,11.5,16.5],"to":[7,13.5,16.75],"faces":{"down":{"uv":[6.75,4.8125,7.0625,4.84375],"texture":"#texture","cullface":"south"},"up":{"uv":[6.125,4.84375,6.4375,4.8125],"texture":"#texture","cullface":"south"},"south":{"uv":[2.75,0.03125,3.0625,0.28125],"texture":"#texture","cullface":"south"},"west":{"uv":[7.53125,6.5,7.5625,6.75],"texture":"#texture","cullface":"south"},"east":{"uv":[7.53125,6.5,7.5,6.75],"texture":"#texture","cullface":"south"}}},{"__comment":"Voxels","from":[4.5,11.5,17.5],"to":[5.25,11.75,18],"faces":{"down":{"uv":[4.6875,0.875,4.78125,0.9375],"texture":"#texture","cullface":"south"},"up":{"uv":[4.78125,1.21875,4.875,1.15625],"texture":"#texture","cullface":"south"},"north":{"uv":[5.1875,1.0625,5.09375,1.09375],"texture":"#texture","cullface":"south"},"south":{"uv":[5.0625,1.03125,5.15625,1.0625],"texture":"#texture","cullface":"south"},"west":{"uv":[5.375,0.25,5.4375,0.28125],"texture":"#texture","cullface":"south"},"east":{"uv":[5.4375,0.21875,5.375,0.25],"texture":"#texture","cullface":"south"}}},{"__comment":"Voxels","from":[4.5,24.5,16.5],"to":[5.75,24.75,17],"faces":{"down":{"uv":[4.5,1.46875,4.65625,1.53125],"texture":"#texture"},"south":{"uv":[4.875,0.625,5.03125,0.65625],"texture":"#texture"},"west":{"uv":[5.375,0.15625,5.4375,0.1875],"texture":"#texture"},"east":{"uv":[5.4375,0.125,5.375,0.15625],"texture":"#texture"}}},{"__comment":"Voxels","from":[4.5,25,17],"to":[5.75,25.25,17.25],"faces":{"down":{"uv":[4.875,0.6875,5.03125,0.71875],"texture":"#texture"},"south":{"uv":[4.875,0.78125,5.03125,0.8125],"texture":"#texture"},"west":{"uv":[5.28125,0.625,5.3125,0.65625],"texture":"#texture"},"east":{"uv":[5.3125,0.46875,5.28125,0.5],"texture":"#texture"}}},{"__comment":"Voxels","from":[4.5,25.5,17.25],"to":[5.75,26.25,17.75],"faces":{"down":{"uv":[4.5,0.71875,4.65625,0.78125],"texture":"#texture"},"up":{"uv":[3,0.59375,3.15625,0.53125],"texture":"#texture"},"south":{"uv":[4.53125,1.90625,4.6875,2],"texture":"#texture"},"west":{"uv":[15.9375,14.6875,16,14.78125],"texture":"#texture"},"east":{"uv":[16,15.375,15.9375,15.46875],"texture":"#texture"}}},{"__comment":"Voxels","from":[4.5,26.25,17.25],"to":[5.5,26.5,17.5],"faces":{"up":{"uv":[14.1875,11.78125,14.3125,11.75],"texture":"#texture"},"south":{"uv":[15.8125,11.65625,15.9375,11.6875],"texture":"#texture"},"west":{"uv":[5.28125,0.4375,5.3125,0.46875],"texture":"#texture"},"east":{"uv":[5.3125,0.34375,5.28125,0.375],"texture":"#texture"}}},{"__comment":"Voxels","from":[4.5,26.5,17],"to":[5.75,26.75,17.25],"faces":{"up":{"uv":[4.875,0.9375,5.03125,0.90625],"texture":"#texture"},"south":{"uv":[4.875,0.84375,5.03125,0.875],"texture":"#texture"},"west":{"uv":[5.28125,0.3125,5.3125,0.34375],"texture":"#texture"},"east":{"uv":[5.3125,0.28125,5.28125,0.3125],"texture":"#texture"}}},{"__comment":"Voxels","from":[4.5,26.5,17.25],"to":[5,26.75,17.5],"faces":{"up":{"uv":[5.375,1.09375,5.4375,1.0625],"texture":"#texture"},"south":{"uv":[5.375,1.125,5.4375,1.15625],"texture":"#texture"},"west":{"uv":[5.28125,0.5,5.3125,0.53125],"texture":"#texture"},"east":{"uv":[5.3125,0.53125,5.28125,0.5625],"texture":"#texture"}}},{"__comment":"Voxels","from":[4.5,27,16.5],"to":[5.75,27.25,17],"faces":{"up":{"uv":[15.84375,14.6875,16,14.625],"texture":"#texture"},"south":{"uv":[4.875,0.53125,5.03125,0.5625],"texture":"#texture"},"west":{"uv":[5.375,1.15625,5.4375,1.1875],"texture":"#texture"},"east":{"uv":[5.4375,1.1875,5.375,1.21875],"texture":"#texture"}}},{"__comment":"Voxels","from":[4.75,7.75,17.25],"to":[6.75,8,18],"faces":{"down":{"uv":[14.125,10.6875,14.375,10.78125],"texture":"#texture","cullface":"south"},"north":{"uv":[6.25,4.46875,6,4.5],"texture":"#texture","cullface":"south"},"south":{"uv":[6.25,4.46875,6.5,4.5],"texture":"#texture","cullface":"south"},"west":{"uv":[5.0625,1,5.15625,1.03125],"texture":"#texture","cullface":"south"},"east":{"uv":[5.15625,0.96875,5.0625,1],"texture":"#texture","cullface":"south"}}},{"__comment":"Voxels","from":[4.75,8,18],"to":[6.75,8.25,18.25],"faces":{"down":{"uv":[7.4375,6.34375,7.6875,6.375],"texture":"#texture","cullface":"south"},"south":{"uv":[7.4375,4.96875,7.6875,5],"texture":"#texture","cullface":"south"},"west":{"uv":[5.28125,0.78125,5.3125,0.8125],"texture":"#texture","cullface":"south"},"east":{"uv":[5.3125,0.8125,5.28125,0.84375],"texture":"#texture","cullface":"south"}}},{"__comment":"Voxels","from":[4.75,11.25,16.5],"to":[6.75,11.5,16.75],"faces":{"down":{"uv":[6.0625,4.53125,6.3125,4.5625],"texture":"#texture","cullface":"south"},"south":{"uv":[6.8125,4.53125,7.0625,4.5625],"texture":"#texture","cullface":"south"},"west":{"uv":[5.28125,1.0625,5.3125,1.09375],"texture":"#texture","cullface":"south"},"east":{"uv":[5.3125,1.09375,5.28125,1.125],"texture":"#texture","cullface":"south"}}},{"__comment":"Voxels","from":[4.75,11.75,16.75],"to":[6.75,13.25,17],"faces":{"down":{"uv":[7.0625,4.53125,7.3125,4.5625],"texture":"#texture","cullface":"south"},"up":{"uv":[7.3125,4.5625,7.5625,4.53125],"texture":"#texture","cullface":"south"},"south":{"uv":[15.65625,12.65625,15.90625,12.84375],"texture":"#texture","cullface":"south"},"west":{"uv":[13.53125,9.8125,13.5625,10],"texture":"#texture","cullface":"south"},"east":{"uv":[7.65625,6.09375,7.625,6.28125],"texture":"#texture","cullface":"south"}}},{"__comment":"Voxels","from":[4.75,11.75,17.5],"to":[5.5,12,18],"faces":{"down":{"uv":[4.78125,0.53125,4.875,0.59375],"texture":"#texture","cullface":"south"},"up":{"uv":[4.6875,0.53125,4.78125,0.46875],"texture":"#texture","cullface":"south"},"north":{"uv":[5.15625,0.9375,5.0625,0.96875],"texture":"#texture","cullface":"south"},"south":{"uv":[5.0625,0.90625,5.15625,0.9375],"texture":"#texture","cullface":"south"},"west":{"uv":[5.375,1.21875,5.4375,1.25],"texture":"#texture","cullface":"south"},"east":{"uv":[5.4375,1.25,5.375,1.28125],"texture":"#texture","cullface":"south"}}},{"__comment":"Voxels","from":[4.75,13.5,16.5],"to":[6.75,13.75,16.75],"faces":{"up":{"uv":[7.25,4.46875,7.5,4.4375],"texture":"#texture","cullface":"south"},"south":{"uv":[6.75,4.4375,7,4.46875],"texture":"#texture","cullface":"south"},"west":{"uv":[5.28125,1.21875,5.3125,1.25],"texture":"#texture","cullface":"south"},"east":{"uv":[5.3125,1.25,5.28125,1.28125],"texture":"#texture","cullface":"south"}}},{"__comment":"Voxels","from":[4.75,16.75,18],"to":[6.75,17,18.25],"faces":{"up":{"uv":[5.5,4.46875,5.75,4.4375],"texture":"#texture"},"south":{"uv":[7,4.46875,7.25,4.5],"texture":"#texture"},"west":{"uv":[5.28125,1.28125,5.3125,1.3125],"texture":"#texture"},"east":{"uv":[5.3125,1.3125,5.28125,1.34375],"texture":"#texture"}}},{"__comment":"Voxels","from":[4.75,17,17.25],"to":[6.75,17.25,18],"faces":{"up":{"uv":[14.125,10.125,14.375,10.03125],"texture":"#texture"},"north":{"uv":[6,4.40625,5.75,4.4375],"texture":"#texture"},"south":{"uv":[2.375,0,2.625,0.03125],"texture":"#texture"},"west":{"uv":[5.0625,0.875,5.15625,0.90625],"texture":"#texture"},"east":{"uv":[5.15625,0.84375,5.0625,0.875],"texture":"#texture"}}},{"__comment":"Voxels","from":[4.75,24.75,17],"to":[5.5,25,17.25],"faces":{"down":{"uv":[5.0625,0.8125,5.15625,0.84375],"texture":"#texture"},"south":{"uv":[5.0625,0.71875,5.15625,0.75],"texture":"#texture"},"west":{"uv":[5.4375,0.96875,5.46875,1],"texture":"#texture"},"east":{"uv":[5.46875,0.9375,5.4375,0.96875],"texture":"#texture"}}},{"__comment":"Voxels","from":[4.75,25.25,17.25],"to":[5.5,25.5,17.75],"faces":{"down":{"uv":[4.78125,0.46875,4.875,0.53125],"texture":"#texture"},"south":{"uv":[5.0625,0.15625,5.15625,0.1875],"texture":"#texture"},"west":{"uv":[5.375,1.40625,5.4375,1.4375],"texture":"#texture"},"east":{"uv":[5.4375,1.4375,5.375,1.46875],"texture":"#texture"}}},{"__comment":"Voxels","from":[4.75,26.25,17.5],"to":[5.5,26.5,17.75],"faces":{"up":{"uv":[5.0625,0.25,5.15625,0.21875],"texture":"#texture"},"south":{"uv":[5.0625,0.28125,5.15625,0.3125],"texture":"#texture"},"west":{"uv":[5.4375,0.8125,5.46875,0.84375],"texture":"#texture"},"east":{"uv":[5.46875,0.78125,5.4375,0.8125],"texture":"#texture"}}},{"__comment":"Voxels","from":[4.75,26.75,17],"to":[5.5,27,17.25],"faces":{"up":{"uv":[5.0625,0.375,5.15625,0.34375],"texture":"#texture"},"south":{"uv":[5.0625,0.40625,5.15625,0.4375],"texture":"#texture"},"west":{"uv":[5.4375,0.65625,5.46875,0.6875],"texture":"#texture"},"east":{"uv":[5.46875,0.625,5.4375,0.65625],"texture":"#texture"}}},{"__comment":"Voxels","from":[5,11.5,16.75],"to":[6.5,11.75,17],"faces":{"down":{"uv":[4.6875,1.03125,4.875,1.0625],"texture":"#texture","cullface":"south"},"south":{"uv":[4.6875,0.9375,4.875,0.96875],"texture":"#texture","cullface":"south"},"west":{"uv":[5.4375,0.59375,5.46875,0.625],"texture":"#texture","cullface":"south"},"east":{"uv":[5.46875,0.5625,5.4375,0.59375],"texture":"#texture","cullface":"south"}}},{"__comment":"Voxels","from":[5,12,17.5],"to":[6.5,12.25,18],"faces":{"down":{"uv":[14.75,11.75,14.9375,11.8125],"texture":"#texture","cullface":"south"},"up":{"uv":[4.5,1.78125,4.6875,1.71875],"texture":"#texture","cullface":"south"},"north":{"uv":[4.875,0.84375,4.6875,0.875],"texture":"#texture","cullface":"south"},"south":{"uv":[4.6875,0.8125,4.875,0.84375],"texture":"#texture","cullface":"south"},"west":{"uv":[5.3125,0.0625,5.375,0.09375],"texture":"#texture","cullface":"south"},"east":{"uv":[5.4375,0.4375,5.375,0.46875],"texture":"#texture","cullface":"south"}}},{"__comment":"Voxels","from":[5,13.25,16.75],"to":[6.5,13.5,17],"faces":{"up":{"uv":[4.6875,0.71875,4.875,0.6875],"texture":"#texture","cullface":"south"},"south":{"uv":[4.875,1.09375,5.0625,1.125],"texture":"#texture","cullface":"south"},"west":{"uv":[5.4375,1.21875,5.46875,1.25],"texture":"#texture","cullface":"south"},"east":{"uv":[5.46875,1.25,5.4375,1.28125],"texture":"#texture","cullface":"south"}}},{"__comment":"Voxels","from":[5,15.25,17.25],"to":[9.5,15.5,18],"faces":{"down":{"uv":[14.3125,11.5625,14.875,11.65625],"texture":"#texture","cullface":"south"},"up":{"uv":[13.5625,11.375,14.125,11.28125],"texture":"#texture","cullface":"south"},"north":{"uv":[6.0625,5.21875,5.5,5.25],"texture":"#texture","cullface":"south"},"south":{"uv":[6.625,5.25,7.1875,5.28125],"texture":"#texture","cullface":"south"},"east":{"uv":[5.15625,0.53125,5.0625,0.5625],"texture":"#texture","cullface":"south"}}},{"__comment":"Voxels","from":[5,15.25,18],"to":[9.25,15.5,18.25],"faces":{"down":{"uv":[15.46875,11.09375,16,11.125],"texture":"#texture","cullface":"south"},"up":{"uv":[15.46875,11.09375,16,11.0625],"texture":"#texture","cullface":"south"},"south":{"uv":[15.46875,11,16,11.03125],"texture":"#texture","cullface":"south"},"east":{"uv":[5.25,0,5.21875,0.03125],"texture":"#texture","cullface":"south"}}},{"__comment":"Voxels","from":[5.25,12.25,17],"to":[6.25,12.75,18.25],"faces":{"down":{"uv":[14.1875,11.78125,14.3125,11.9375],"texture":"#texture","cullface":"south"},"up":{"uv":[14.375,11.9375,14.5,11.78125],"texture":"#texture","cullface":"south"},"south":{"uv":[13.8125,9.84375,13.9375,9.90625],"texture":"#texture","cullface":"south"},"west":{"uv":[4.5,1.375,4.65625,1.4375],"texture":"#texture","cullface":"south"},"east":{"uv":[3.15625,0.84375,3,0.90625],"texture":"#texture","cullface":"south"}}},{"__comment":"Voxels","from":[5.5,12,17],"to":[6,12.25,17.5],"faces":{"down":{"uv":[5,0.40625,5.0625,0.46875],"texture":"#texture","cullface":"south"},"west":{"uv":[5.375,0.53125,5.4375,0.5625],"texture":"#texture","cullface":"south"},"east":{"uv":[5.4375,0.5625,5.375,0.59375],"texture":"#texture","cullface":"south"}}},{"__comment":"Voxels","from":[5.5,12,18],"to":[6,12.25,18.25],"faces":{"down":{"uv":[5.375,0.59375,5.4375,0.625],"texture":"#texture","cullface":"south"},"south":{"uv":[5.375,0.6875,5.4375,0.71875],"texture":"#texture","cullface":"south"},"west":{"uv":[15.96875,10.40625,16,10.4375],"texture":"#texture","cullface":"south"},"east":{"uv":[5.0625,0.9375,5.03125,0.96875],"texture":"#texture","cullface":"south"}}},{"__comment":"Voxels","from":[5.5,12.25,18.25],"to":[6,12.75,18.5],"faces":{"down":{"uv":[5.375,0.71875,5.4375,0.75],"texture":"#texture","cullface":"south"},"up":{"uv":[5.375,0.78125,5.4375,0.75],"texture":"#texture","cullface":"south"},"south":{"uv":[5,0.34375,5.0625,0.40625],"texture":"#texture","cullface":"south"},"west":{"uv":[5.40625,0.78125,5.4375,0.84375],"texture":"#texture","cullface":"south"},"east":{"uv":[5.40625,0.78125,5.375,0.84375],"texture":"#texture","cullface":"south"}}},{"__comment":"Voxels","from":[5.5,12.75,17],"to":[6,13,18.25],"faces":{"up":{"uv":[15.9375,14.9375,16,14.78125],"texture":"#texture","cullface":"south"},"south":{"uv":[5.375,0.875,5.4375,0.90625],"texture":"#texture","cullface":"south"},"west":{"uv":[4.875,0.8125,5.03125,0.84375],"texture":"#texture","cullface":"south"},"east":{"uv":[5.03125,0.65625,4.875,0.6875],"texture":"#texture","cullface":"south"}}},{"__comment":"Voxels","from":[5.5,13,17.5],"to":[6,15.25,18],"faces":{"north":{"uv":[7.625,7.78125,7.5625,8.0625],"texture":"#texture","cullface":"south"},"south":{"uv":[7.5,7.78125,7.5625,8.0625],"texture":"#texture","cullface":"south"},"west":{"uv":[3.125,0,3.1875,0.28125],"texture":"#texture","cullface":"south"},"east":{"uv":[3.125,0,3.0625,0.28125],"texture":"#texture","cullface":"south"}}},{"__comment":"Voxels","from":[6,11.75,17.5],"to":[6.75,12,18],"faces":{"down":{"uv":[4.6875,0.0625,4.78125,0.125],"texture":"#texture","cullface":"south"},"up":{"uv":[4.78125,0.28125,4.875,0.21875],"texture":"#texture","cullface":"south"},"north":{"uv":[5.15625,0.5625,5.0625,0.59375],"texture":"#texture","cullface":"south"},"south":{"uv":[5.0625,0.59375,5.15625,0.625],"texture":"#texture","cullface":"south"},"west":{"uv":[5.375,0.90625,5.4375,0.9375],"texture":"#texture","cullface":"south"},"east":{"uv":[5.4375,0.9375,5.375,0.96875],"texture":"#texture","cullface":"south"}}},{"__comment":"Voxels","from":[6.25,11.5,17.5],"to":[7,11.75,18],"faces":{"down":{"uv":[15.90625,12.59375,16,12.65625],"texture":"#texture","cullface":"south"},"up":{"uv":[15.6875,12.90625,15.78125,12.84375],"texture":"#texture","cullface":"south"},"north":{"uv":[5.15625,0.625,5.0625,0.65625],"texture":"#texture","cullface":"south"},"south":{"uv":[5.0625,0.65625,5.15625,0.6875],"texture":"#texture","cullface":"south"},"west":{"uv":[5.375,0.96875,5.4375,1],"texture":"#texture","cullface":"south"},"east":{"uv":[5.4375,1,5.375,1.03125],"texture":"#texture","cullface":"south"}}},{"__comment":"Voxels","from":[6.5,9.75,17.25],"to":[9.5,10,18],"faces":{"up":{"uv":[13.5625,10.25,13.9375,10.15625],"texture":"#texture","cullface":"south"},"north":{"uv":[7.4375,4.96875,7.0625,5],"texture":"#texture","cullface":"south"},"south":{"uv":[5.5,4.9375,5.875,4.96875],"texture":"#texture","cullface":"south"},"west":{"uv":[7.59375,4.9375,7.6875,4.96875],"texture":"#texture","cullface":"south"},"east":{"uv":[7.65625,4.90625,7.5625,4.9375],"texture":"#texture","cullface":"south"}}},{"__comment":"Voxels","from":[6.5,9.75,18],"to":[9.25,10,18.25],"faces":{"up":{"uv":[5.84375,4.875,6.1875,4.84375],"texture":"#texture","cullface":"south"},"south":{"uv":[6.53125,4.84375,6.875,4.875],"texture":"#texture","cullface":"south"},"west":{"uv":[5.40625,0,5.4375,0.03125],"texture":"#texture","cullface":"south"},"east":{"uv":[5.46875,1.28125,5.4375,1.3125],"texture":"#texture","cullface":"south"}}},{"__comment":"Voxels","from":[6.5,11.25,17.5],"to":[7.25,11.5,18],"faces":{"down":{"uv":[15.90625,9.96875,16,10.03125],"texture":"#texture","cullface":"south"},"up":{"uv":[15.90625,9.96875,16,9.90625],"texture":"#texture","cullface":"south"},"north":{"uv":[5.28125,0.25,5.1875,0.28125],"texture":"#texture","cullface":"south"},"south":{"uv":[5.1875,0.28125,5.28125,0.3125],"texture":"#texture","cullface":"south"},"west":{"uv":[5.3125,0.03125,5.375,0.0625],"texture":"#texture","cullface":"south"},"east":{"uv":[5.375,0,5.3125,0.03125],"texture":"#texture","cullface":"south"}}},{"__comment":"Voxels","from":[6.5,15,17.25],"to":[9.5,15.25,18],"faces":{"down":{"uv":[13.5625,10.0625,13.9375,10.15625],"texture":"#texture","cullface":"south"},"north":{"uv":[14.1875,11.75,13.8125,11.78125],"texture":"#texture","cullface":"south"},"south":{"uv":[12.03125,11.75,12.40625,11.78125],"texture":"#texture","cullface":"south"},"west":{"uv":[5.1875,0.3125,5.28125,0.34375],"texture":"#texture","cullface":"south"},"east":{"uv":[5.28125,0.34375,5.1875,0.375],"texture":"#texture","cullface":"south"}}},{"__comment":"Voxels","from":[6.5,15,18],"to":[9.25,15.25,18.25],"faces":{"down":{"uv":[6.21875,4.9375,6.5625,4.96875],"texture":"#texture","cullface":"south"},"south":{"uv":[7.25,4.9375,7.59375,4.96875],"texture":"#texture","cullface":"south"},"west":{"uv":[5.4375,0.84375,5.46875,0.875],"texture":"#texture","cullface":"south"},"east":{"uv":[5.46875,0.875,5.4375,0.90625],"texture":"#texture","cullface":"south"}}},{"__comment":"Voxels","from":[6.75,11,17.5],"to":[7.5,11.25,18],"faces":{"down":{"uv":[15.90625,9.84375,16,9.90625],"texture":"#texture","cullface":"south"},"up":{"uv":[4.6875,1.28125,4.78125,1.21875],"texture":"#texture","cullface":"south"},"north":{"uv":[5.28125,0.375,5.1875,0.40625],"texture":"#texture","cullface":"south"},"south":{"uv":[5.1875,0.40625,5.28125,0.4375],"texture":"#texture","cullface":"south"},"west":{"uv":[5.375,1.375,5.4375,1.40625],"texture":"#texture","cullface":"south"},"east":{"uv":[5.4375,1.34375,5.375,1.375],"texture":"#texture","cullface":"south"}}},{"__comment":"Voxels","from":[7,10.75,17.5],"to":[10.25,11,18],"faces":{"down":{"uv":[15.4375,14.625,15.84375,14.6875],"texture":"#texture","cullface":"south"},"up":{"uv":[15.4375,15.375,15.84375,15.3125],"texture":"#texture","cullface":"south"},"north":{"uv":[4,0,3.59375,0.03125],"texture":"#texture","cullface":"south"},"south":{"uv":[3.1875,0,3.59375,0.03125],"texture":"#texture","cullface":"south"},"west":{"uv":[5.375,1.3125,5.4375,1.34375],"texture":"#texture","cullface":"south"},"east":{"uv":[5.4375,1.28125,5.375,1.3125],"texture":"#texture","cullface":"south"}}},{"__comment":"Voxels","from":[7.25,10,17.25],"to":[9.75,10.25,18],"faces":{"down":{"uv":[15.625,11.34375,15.9375,11.4375],"texture":"#texture","cullface":"south"},"up":{"uv":[14.375,11.34375,14.6875,11.25],"texture":"#texture","cullface":"south"},"north":{"uv":[7.6875,4.8125,7.375,4.84375],"texture":"#texture","cullface":"south"},"south":{"uv":[5.5,4.78125,5.8125,4.8125],"texture":"#texture","cullface":"south"},"west":{"uv":[5.1875,0.46875,5.28125,0.5],"texture":"#texture","cullface":"south"},"east":{"uv":[5.28125,0.4375,5.1875,0.46875],"texture":"#texture","cullface":"south"}}},{"__comment":"Voxels","from":[7.25,10,18],"to":[9.5,10.25,18.25],"faces":{"down":{"uv":[6.90625,4.71875,7.1875,4.75],"texture":"#texture","cullface":"south"},"up":{"uv":[7.1875,4.75,7.46875,4.71875],"texture":"#texture","cullface":"south"},"south":{"uv":[5.78125,4.6875,6.0625,4.71875],"texture":"#texture","cullface":"south"},"west":{"uv":[5.15625,0.21875,5.1875,0.25],"texture":"#texture","cullface":"south"},"east":{"uv":[5.1875,1,5.15625,1.03125],"texture":"#texture","cullface":"south"}}},{"__comment":"Voxels","from":[7.25,10.25,17.5],"to":[10,10.75,18],"faces":{"down":{"uv":[14.96875,10.03125,15.3125,10.09375],"texture":"#texture","cullface":"south"},"north":{"uv":[15.3125,9.90625,14.96875,9.96875],"texture":"#texture","cullface":"south"},"south":{"uv":[14.96875,9.84375,15.3125,9.90625],"texture":"#texture","cullface":"south"},"west":{"uv":[4.875,0.09375,4.9375,0.15625],"texture":"#texture","cullface":"south"},"east":{"uv":[5.0625,0.15625,5,0.21875],"texture":"#texture","cullface":"south"}}},{"__comment":"Voxels","from":[7.25,14.75,17.25],"to":[9.75,15,18],"faces":{"down":{"uv":[15.3125,11.25,15.625,11.34375],"texture":"#texture","cullface":"south"},"up":{"uv":[15.625,11.34375,15.9375,11.25],"texture":"#texture","cullface":"south"},"north":{"uv":[7.6875,5.3125,7.375,5.34375],"texture":"#texture","cullface":"south"},"south":{"uv":[7.375,5.28125,7.6875,5.3125],"texture":"#texture","cullface":"south"},"west":{"uv":[7.5625,4.875,7.65625,4.90625],"texture":"#texture","cullface":"south"},"east":{"uv":[7.625,5,7.53125,5.03125],"texture":"#texture","cullface":"south"}}},{"__comment":"Voxels","from":[7.25,14.75,18],"to":[9.5,15,18.25],"faces":{"down":{"uv":[6.0625,4.6875,6.34375,4.71875],"texture":"#texture","cullface":"south"},"up":{"uv":[6.34375,4.71875,6.625,4.6875],"texture":"#texture","cullface":"south"},"south":{"uv":[6.90625,4.6875,7.1875,4.71875],"texture":"#texture","cullface":"south"},"west":{"uv":[5.1875,0,5.21875,0.03125],"texture":"#texture","cullface":"south"},"east":{"uv":[5.46875,1.125,5.4375,1.15625],"texture":"#texture","cullface":"south"}}},{"__comment":"Voxels","from":[7.5,10.25,17.25],"to":[10,10.5,17.5],"faces":{"down":{"uv":[6.875,4.84375,7.1875,4.875],"texture":"#texture","cullface":"south"},"up":{"uv":[7.1875,4.875,7.5,4.84375],"texture":"#texture","cullface":"south"},"north":{"uv":[5.8125,4.8125,5.5,4.84375],"texture":"#texture","cullface":"south"},"west":{"uv":[5.28125,0.5625,5.3125,0.59375],"texture":"#texture","cullface":"south"},"east":{"uv":[5.3125,0.59375,5.28125,0.625],"texture":"#texture","cullface":"south"}}},{"__comment":"Voxels","from":[7.5,10.25,18],"to":[9.75,10.75,18.25],"faces":{"down":{"uv":[7.1875,4.6875,7.46875,4.71875],"texture":"#texture","cullface":"south"},"up":{"uv":[5.5,4.6875,5.78125,4.65625],"texture":"#texture","cullface":"south"},"south":{"uv":[15.625,9.90625,15.90625,9.96875],"texture":"#texture","cullface":"south"},"west":{"uv":[5.34375,0.15625,5.375,0.21875],"texture":"#texture","cullface":"south"},"east":{"uv":[5.28125,0,5.25,0.0625],"texture":"#texture","cullface":"south"}}},{"__comment":"Voxels","from":[7.5,14.5,17.25],"to":[10,14.75,18],"faces":{"down":{"uv":[14.375,11.15625,14.6875,11.25],"texture":"#texture","cullface":"south"},"up":{"uv":[14.6875,11.25,15,11.15625],"texture":"#texture","cullface":"south"},"north":{"uv":[6.75,4.8125,6.4375,4.84375],"texture":"#texture","cullface":"south"},"south":{"uv":[7.0625,4.8125,7.375,4.84375],"texture":"#texture","cullface":"south"},"west":{"uv":[5.1875,0.21875,5.28125,0.25],"texture":"#texture","cullface":"south"},"east":{"uv":[5.28125,0.1875,5.1875,0.21875],"texture":"#texture","cullface":"south"}}},{"__comment":"Voxels","from":[7.5,14.5,18],"to":[9.75,14.75,18.25],"faces":{"down":{"uv":[15.71875,13.46875,16,13.5],"texture":"#texture","cullface":"south"},"up":{"uv":[15.625,9.84375,15.90625,9.8125],"texture":"#texture","cullface":"south"},"south":{"uv":[6.71875,4.78125,7,4.8125],"texture":"#texture","cullface":"south"},"west":{"uv":[5.28125,0.21875,5.3125,0.25],"texture":"#texture","cullface":"south"},"east":{"uv":[5.3125,0.25,5.28125,0.28125],"texture":"#texture","cullface":"south"}}},{"__comment":"Voxels","from":[7.75,10.5,17.25],"to":[10,10.75,17.5],"faces":{"up":{"uv":[7.28125,4.8125,7.5625,4.78125],"texture":"#texture","cullface":"south"},"north":{"uv":[5.78125,4.75,5.5,4.78125],"texture":"#texture","cullface":"south"},"west":{"uv":[5.03125,0.6875,5.0625,0.71875],"texture":"#texture","cullface":"south"},"east":{"uv":[5.0625,0.65625,5.03125,0.6875],"texture":"#texture","cullface":"south"}}},{"__comment":"Voxels","from":[7.75,14.25,17.25],"to":[10,14.5,18],"faces":{"down":{"uv":[14.375,9.90625,14.65625,10],"texture":"#texture","cullface":"south"},"north":{"uv":[6.34375,4.75,6.0625,4.78125],"texture":"#texture","cullface":"south"},"south":{"uv":[6.34375,4.75,6.625,4.78125],"texture":"#texture","cullface":"south"},"west":{"uv":[5.1875,0.15625,5.28125,0.1875],"texture":"#texture","cullface":"south"},"east":{"uv":[5.28125,0.125,5.1875,0.15625],"texture":"#texture","cullface":"south"}}},{"__comment":"Voxels","from":[7.75,14.25,18],"to":[9.75,14.5,18.25],"faces":{"down":{"uv":[6,4.5,6.25,4.53125],"texture":"#texture","cullface":"south"},"south":{"uv":[6.75,4.5,7,4.53125],"texture":"#texture","cullface":"south"},"west":{"uv":[5.15625,1.1875,5.1875,1.21875],"texture":"#texture","cullface":"south"},"east":{"uv":[12.40625,11.78125,12.375,11.8125],"texture":"#texture","cullface":"south"}}},{"__comment":"Voxels","from":[8,10.75,17.25],"to":[10.25,11,17.5],"faces":{"down":{"uv":[5.78125,4.53125,6.0625,4.5625],"texture":"#texture","cullface":"south"},"up":{"uv":[7.1875,4.6875,7.46875,4.65625],"texture":"#texture","cullface":"south"},"north":{"uv":[5.78125,4.625,5.5,4.65625],"texture":"#texture","cullface":"south"},"west":{"uv":[5.15625,0.4375,5.1875,0.46875],"texture":"#texture","cullface":"south"},"east":{"uv":[5.1875,0.40625,5.15625,0.4375],"texture":"#texture","cullface":"south"}}},{"__comment":"Voxels","from":[8,10.75,18],"to":[10,11,18.25],"faces":{"down":{"uv":[6.5,4.46875,6.75,4.5],"texture":"#texture","cullface":"south"},"up":{"uv":[7.4375,6.40625,7.6875,6.375],"texture":"#texture","cullface":"south"},"south":{"uv":[6,4.4375,6.25,4.46875],"texture":"#texture","cullface":"south"},"west":{"uv":[5.15625,0.3125,5.1875,0.34375],"texture":"#texture","cullface":"south"},"east":{"uv":[5.1875,0.28125,5.15625,0.3125],"texture":"#texture","cullface":"south"}}},{"__comment":"Voxels","from":[8,14,17.25],"to":[10.25,14.25,18],"faces":{"down":{"uv":[14.375,10,14.65625,10.09375],"texture":"#texture","cullface":"south"},"up":{"uv":[14.375,10.1875,14.65625,10.09375],"texture":"#texture","cullface":"south"},"north":{"uv":[6.625,4.5625,6.34375,4.59375],"texture":"#texture","cullface":"south"},"south":{"uv":[6.0625,4.5625,6.34375,4.59375],"texture":"#texture","cullface":"south"},"west":{"uv":[7.5625,5.40625,7.65625,5.4375],"texture":"#texture","cullface":"south"},"east":{"uv":[7.625,5.03125,7.53125,5.0625],"texture":"#texture","cullface":"south"}}},{"__comment":"Voxels","from":[8,14,18],"to":[10,14.25,18.25],"faces":{"down":{"uv":[7.4375,6.4375,7.6875,6.46875],"texture":"#texture","cullface":"south"},"up":{"uv":[7.4375,6.5,7.6875,6.46875],"texture":"#texture","cullface":"south"},"south":{"uv":[7.4375,6.78125,7.6875,6.8125],"texture":"#texture","cullface":"south"},"west":{"uv":[5.15625,0.9375,5.1875,0.96875],"texture":"#texture","cullface":"south"},"east":{"uv":[5.1875,0.90625,5.15625,0.9375],"texture":"#texture","cullface":"south"}}},{"__comment":"Voxels","from":[8.25,11,17.25],"to":[10.25,11.75,18],"faces":{"down":{"uv":[14.65625,10,14.90625,10.09375],"texture":"#texture","cullface":"south"},"up":{"uv":[14.65625,10,14.90625,9.90625],"texture":"#texture","cullface":"south"},"north":{"uv":[14.90625,9.8125,14.65625,9.90625],"texture":"#texture","cullface":"south"},"south":{"uv":[14.96875,10.09375,15.21875,10.1875],"texture":"#texture","cullface":"south"},"west":{"uv":[15.90625,12.65625,16,12.75],"texture":"#texture","cullface":"south"},"east":{"uv":[16,12.75,15.90625,12.84375],"texture":"#texture","cullface":"south"}}},{"__comment":"Voxels","from":[8.25,11,18],"to":[10,11.75,18.25],"faces":{"up":{"uv":[6.65625,4.4375,6.875,4.40625],"texture":"#texture","cullface":"south"},"south":{"uv":[15.40625,9.875,15.625,9.96875],"texture":"#texture","cullface":"south"},"west":{"uv":[5.21875,0.03125,5.25,0.125],"texture":"#texture","cullface":"south"},"east":{"uv":[5.21875,0.03125,5.1875,0.125],"texture":"#texture","cullface":"south"}}},{"__comment":"Voxels","from":[8.25,13.25,17.25],"to":[10.5,13.5,18],"faces":{"down":{"uv":[14.375,10.9375,14.65625,11.03125],"texture":"#texture","cullface":"south"},"up":{"uv":[14.375,11.125,14.65625,11.03125],"texture":"#texture","cullface":"south"},"north":{"uv":[7.46875,4.5625,7.1875,4.59375],"texture":"#texture","cullface":"south"},"south":{"uv":[5.5,4.53125,5.78125,4.5625],"texture":"#texture","cullface":"south"},"west":{"uv":[15.90625,10.59375,16,10.625],"texture":"#texture","cullface":"south"},"east":{"uv":[16,10.5625,15.90625,10.59375],"texture":"#texture","cullface":"south"}}},{"__comment":"Voxels","from":[8.25,13.25,18],"to":[10.25,13.5,18.25],"faces":{"down":{"uv":[13.5625,9.8125,13.8125,9.84375],"texture":"#texture","cullface":"south"},"up":{"uv":[14.125,9.84375,14.375,9.8125],"texture":"#texture","cullface":"south"},"south":{"uv":[7.25,4.46875,7.5,4.5],"texture":"#texture","cullface":"south"},"west":{"uv":[5.15625,0.34375,5.1875,0.375],"texture":"#texture","cullface":"south"},"east":{"uv":[5.1875,0.375,5.15625,0.40625],"texture":"#texture","cullface":"south"}}},{"__comment":"Voxels","from":[8.25,13.5,17.25],"to":[10.25,14,18],"faces":{"north":{"uv":[7.6875,7.25,7.4375,7.3125],"texture":"#texture","cullface":"south"},"south":{"uv":[15.75,10.21875,16,10.28125],"texture":"#texture","cullface":"south"},"west":{"uv":[15.3125,9.96875,15.40625,10.03125],"texture":"#texture","cullface":"south"},"east":{"uv":[15.40625,9.90625,15.3125,9.96875],"texture":"#texture","cullface":"south"}}},{"__comment":"Voxels","from":[8.25,13.5,18],"to":[10,14,18.25],"faces":{"south":{"uv":[7.4375,6.875,7.65625,6.9375],"texture":"#texture","cullface":"south"},"west":{"uv":[5.3125,1.15625,5.34375,1.21875],"texture":"#texture","cullface":"south"},"east":{"uv":[5.375,1.40625,5.34375,1.46875],"texture":"#texture","cullface":"south"}}},{"__comment":"Voxels","from":[8.5,11.75,17.25],"to":[10.5,13.25,18],"faces":{"down":{"uv":[14.96875,10.1875,15.21875,10.28125],"texture":"#texture","cullface":"south"},"north":{"uv":[15.875,12.28125,15.625,12.46875],"texture":"#texture","cullface":"south"},"south":{"uv":[4.40625,1.15625,4.65625,1.34375],"texture":"#texture","cullface":"south"},"west":{"uv":[14.5625,11.75,14.65625,11.9375],"texture":"#texture","cullface":"south"},"east":{"uv":[10.625,11.75,10.53125,11.9375],"texture":"#texture","cullface":"south"}}},{"__comment":"Voxels","from":[8.5,11.75,18],"to":[10.25,13.25,18.25],"faces":{"down":{"uv":[7.46875,4.75,7.6875,4.78125],"texture":"#texture","cullface":"south"},"south":{"uv":[13.3125,9.8125,13.53125,10],"texture":"#texture","cullface":"south"},"west":{"uv":[4.65625,2.15625,4.6875,2.34375],"texture":"#texture","cullface":"south"},"east":{"uv":[4.6875,1.15625,4.65625,1.34375],"texture":"#texture","cullface":"south"}}},{"__comment":"Voxels","from":[10,11.5,18],"to":[10.25,11.75,18.25],"faces":{"down":{"uv":[5.15625,1.25,5.1875,1.28125],"texture":"#texture","cullface":"south"},"south":{"uv":[5.4375,1,5.46875,1.03125],"texture":"#texture","cullface":"south"},"east":{"uv":[5.3125,0.75,5.28125,0.78125],"texture":"#texture","cullface":"south"}}},{"__comment":"Voxels","from":[10.25,11.5,17.25],"to":[10.5,11.75,18],"faces":{"down":{"uv":[7.53125,7.375,7.5625,7.46875],"texture":"#texture","cullface":"south"},"north":{"uv":[5.1875,0,5.15625,0.03125],"texture":"#texture","cullface":"south"},"south":{"uv":[5.4375,1.0625,5.46875,1.09375],"texture":"#texture","cullface":"south"},"east":{"uv":[5.15625,1.25,5.0625,1.28125],"texture":"#texture","cullface":"south"}}},{"__comment":"Voxels","from":[13.5,3.25,16.25],"to":[17.5,5.25,17.75],"faces":{"down":{"uv":[9.5625,11.75,10.0625,11.9375],"texture":"#texture","cullface":"south"},"up":{"uv":[9.0625,11.9375,9.5625,11.75],"texture":"#texture","cullface":"south"},"south":{"uv":[15.4375,15.375,15.9375,15.625],"texture":"#texture","cullface":"south"},"west":{"uv":[15.8125,14,16,14.25],"texture":"#texture","cullface":"south"},"east":{"uv":[16,13.75,15.8125,14],"texture":"#texture","cullface":"south"}}},{"__comment":"Voxels","from":[13.5,26.5,16.25],"to":[17.5,28.5,17.75],"faces":{"down":{"uv":[8.5625,11.75,9.0625,11.9375],"texture":"#texture"},"up":{"uv":[8.0625,11.9375,8.5625,11.75],"texture":"#texture"},"south":{"uv":[15.3125,13.75,15.8125,14],"texture":"#texture"},"west":{"uv":[4.5,2.34375,4.6875,2.59375],"texture":"#texture"},"east":{"uv":[4.6875,2.59375,4.5,2.84375],"texture":"#texture"}}},{"__comment":"Voxels","from":[13.75,3,16.25],"to":[17.5,3.25,17.75],"faces":{"down":{"uv":[12.40625,11.75,12.875,11.9375],"texture":"#texture","cullface":"south"},"south":{"uv":[15.46875,10.78125,15.9375,10.8125],"texture":"#texture","cullface":"south"},"west":{"uv":[4.6875,1.28125,4.875,1.3125],"texture":"#texture","cullface":"south"},"east":{"uv":[4.6875,1.34375,4.5,1.375],"texture":"#texture","cullface":"south"}}},{"__comment":"Voxels","from":[13.75,5.25,16.25],"to":[17.5,5.5,17.75],"faces":{"up":{"uv":[10.0625,11.9375,10.53125,11.75],"texture":"#texture","cullface":"south"},"south":{"uv":[15.46875,10.84375,15.9375,10.875],"texture":"#texture","cullface":"south"},"west":{"uv":[4.5,1.4375,4.6875,1.46875],"texture":"#texture","cullface":"south"},"east":{"uv":[4.6875,1.53125,4.5,1.5625],"texture":"#texture","cullface":"south"}}},{"__comment":"Voxels","from":[13.75,26.25,16.25],"to":[17.5,26.5,17.75],"faces":{"down":{"uv":[13.34375,11.75,13.8125,11.9375],"texture":"#texture"},"south":{"uv":[15.46875,10.90625,15.9375,10.9375],"texture":"#texture"},"west":{"uv":[4.875,1.28125,5.0625,1.3125],"texture":"#texture"},"east":{"uv":[5.0625,1.25,4.875,1.28125],"texture":"#texture"}}},{"__comment":"Voxels","from":[13.75,28.5,16.25],"to":[17.5,28.75,17.75],"faces":{"up":{"uv":[15.1875,12.65625,15.65625,12.46875],"texture":"#texture"},"south":{"uv":[15.46875,10.9375,15.9375,10.96875],"texture":"#texture"},"west":{"uv":[4.875,1.21875,5.0625,1.25],"texture":"#texture"},"east":{"uv":[5.0625,1.1875,4.875,1.21875],"texture":"#texture"}}},{"__comment":"Voxels","from":[14,2.75,16.25],"to":[17.5,3,17.75],"faces":{"down":{"uv":[3.1875,1.71875,3.625,1.90625],"texture":"#texture","cullface":"south"},"south":{"uv":[5.9375,5.0625,6.375,5.09375],"texture":"#texture","cullface":"south"},"west":{"uv":[4.875,1.15625,5.0625,1.1875],"texture":"#texture","cullface":"south"},"east":{"uv":[5.0625,1.125,4.875,1.15625],"texture":"#texture","cullface":"south"}}},{"__comment":"Voxels","from":[14,5.5,16.25],"to":[17.5,5.75,17.75],"faces":{"up":{"uv":[3.625,1.71875,4.0625,1.53125],"texture":"#texture","cullface":"south"},"south":{"uv":[7.25,5.09375,7.6875,5.125],"texture":"#texture","cullface":"south"},"west":{"uv":[4.875,1.03125,5.0625,1.0625],"texture":"#texture","cullface":"south"},"east":{"uv":[5.0625,1.0625,4.875,1.09375],"texture":"#texture","cullface":"south"}}},{"__comment":"Voxels","from":[14,26,16.25],"to":[17.5,26.25,17.75],"faces":{"down":{"uv":[2.75,1.53125,3.1875,1.71875],"texture":"#texture"},"south":{"uv":[6.375,5.09375,6.8125,5.125],"texture":"#texture"},"west":{"uv":[4.6875,0.75,4.875,0.78125],"texture":"#texture"},"east":{"uv":[4.875,0.78125,4.6875,0.8125],"texture":"#texture"}}},{"__comment":"Voxels","from":[14,28.75,16.25],"to":[17.5,29,17.75],"faces":{"up":{"uv":[15.1875,12.09375,15.625,11.90625],"texture":"#texture"},"south":{"uv":[5.5,5.09375,5.9375,5.125],"texture":"#texture"},"west":{"uv":[4.6875,1.0625,4.875,1.09375],"texture":"#texture"},"east":{"uv":[4.875,1.09375,4.6875,1.125],"texture":"#texture"}}},{"__comment":"Voxels","from":[14.25,2.5,16.25],"to":[17.5,2.75,17.75],"faces":{"down":{"uv":[3.59375,0.59375,4,0.78125],"texture":"#texture","cullface":"south"},"south":{"uv":[6.71875,5,7.125,5.03125],"texture":"#texture","cullface":"south"},"west":{"uv":[4.6875,1.125,4.875,1.15625],"texture":"#texture","cullface":"south"},"east":{"uv":[4.875,0.125,4.6875,0.15625],"texture":"#texture","cullface":"south"}}},{"__comment":"Voxels","from":[14.25,5.75,16.25],"to":[17.5,6,17.75],"faces":{"up":{"uv":[3.59375,0.21875,4,0.03125],"texture":"#texture","cullface":"south"},"south":{"uv":[5.90625,5,6.3125,5.03125],"texture":"#texture","cullface":"south"},"west":{"uv":[4.6875,0.15625,4.875,0.1875],"texture":"#texture","cullface":"south"},"east":{"uv":[4.875,0.1875,4.6875,0.21875],"texture":"#texture","cullface":"south"}}},{"__comment":"Voxels","from":[14.25,25.75,16.25],"to":[17.5,26,17.75],"faces":{"down":{"uv":[3.1875,0.40625,3.59375,0.59375],"texture":"#texture"},"south":{"uv":[7.125,5.03125,7.53125,5.0625],"texture":"#texture"},"west":{"uv":[4.6875,0.34375,4.875,0.375],"texture":"#texture"},"east":{"uv":[4.875,0.375,4.6875,0.40625],"texture":"#texture"}}},{"__comment":"Voxels","from":[14.25,29,16.25],"to":[17.5,29.25,17.75],"faces":{"up":{"uv":[4,1.34375,4.40625,1.15625],"texture":"#texture"},"south":{"uv":[6.3125,5.03125,6.71875,5.0625],"texture":"#texture"},"west":{"uv":[4.6875,0.40625,4.875,0.4375],"texture":"#texture"},"east":{"uv":[4.875,0.4375,4.6875,0.46875],"texture":"#texture"}}},{"__comment":"Voxels","from":[15.5,-1.25,16.25],"to":[19,1.75,17.75],"faces":{"down":{"uv":[15.1875,12.09375,15.625,12.28125],"texture":"#texture"},"up":{"uv":[15.1875,12.46875,15.625,12.28125],"texture":"#texture"},"north":{"uv":[15.875,14.9375,15.4375,15.3125],"texture":"#texture"},"south":{"uv":[15.3125,14.25,15.75,14.625],"texture":"#texture"},"west":{"uv":[14.75,12.3125,14.9375,12.6875],"texture":"#texture"},"east":{"uv":[14.9375,11.9375,14.75,12.3125],"texture":"#texture"}}},{"__comment":"Voxels","from":[15.5,1.75,16.25],"to":[18.75,2,17.75],"faces":{"up":{"uv":[3.59375,1.34375,4,1.15625],"texture":"#texture","cullface":"south"},"north":{"uv":[6.3125,5.03125,5.90625,5.0625],"texture":"#texture","cullface":"south"},"south":{"uv":[5.5,5.03125,5.90625,5.0625],"texture":"#texture","cullface":"south"},"west":{"uv":[4.6875,0.59375,4.875,0.625],"texture":"#texture","cullface":"south"},"east":{"uv":[4.875,0.625,4.6875,0.65625],"texture":"#texture","cullface":"south"}}},{"__comment":"Voxels","from":[15.5,22,16.25],"to":[19,25,17.75],"faces":{"down":{"uv":[4.0625,1.53125,4.5,1.71875],"texture":"#texture"},"up":{"uv":[2.75,1.34375,3.1875,1.15625],"texture":"#texture"},"north":{"uv":[15.875,15.625,15.4375,16],"texture":"#texture"},"south":{"uv":[1.9375,0.03125,2.375,0.40625],"texture":"#texture"},"west":{"uv":[14.5625,11.9375,14.75,12.3125],"texture":"#texture"},"east":{"uv":[14.75,12.3125,14.5625,12.6875],"texture":"#texture"}}},{"__comment":"Voxels","from":[15.5,25,16.25],"to":[18.75,25.25,17.75],"faces":{"up":{"uv":[3.1875,0.40625,3.59375,0.21875],"texture":"#texture"},"north":{"uv":[7.625,5.0625,7.21875,5.09375],"texture":"#texture"},"south":{"uv":[6.8125,5.0625,7.21875,5.09375],"texture":"#texture"},"west":{"uv":[4.6875,0.3125,4.875,0.34375],"texture":"#texture"},"east":{"uv":[4.875,0.28125,4.6875,0.3125],"texture":"#texture"}}},{"__comment":"Voxels","from":[16,-1.75,16.75],"to":[17,-1.25,17.25],"faces":{"down":{"uv":[15.21875,10.125,15.34375,10.1875],"texture":"#texture"},"north":{"uv":[7.6875,6.6875,7.5625,6.75],"texture":"#texture"},"south":{"uv":[7.5625,6.625,7.6875,6.6875],"texture":"#texture"},"west":{"uv":[14.0625,10.375,14.125,10.4375],"texture":"#texture"},"east":{"uv":[14.125,10.46875,14.0625,10.53125],"texture":"#texture"}}},{"__comment":"Voxels","from":[16,2,16.75],"to":[17,2.5,17.25],"faces":{"north":{"uv":[16,11.1875,15.875,11.25],"texture":"#texture"},"south":{"uv":[15.21875,10.21875,15.34375,10.28125],"texture":"#texture"},"west":{"uv":[4.625,1.78125,4.6875,1.84375],"texture":"#texture"},"east":{"uv":[4.6875,0.65625,4.625,0.71875],"texture":"#texture"}}},{"__comment":"Voxels","from":[16,6,16.75],"to":[17,6.5,17.25],"faces":{"up":{"uv":[4.5,0.59375,4.625,0.53125],"texture":"#texture"},"north":{"uv":[14.0625,10.46875,13.9375,10.53125],"texture":"#texture"},"south":{"uv":[15.8125,11.6875,15.9375,11.75],"texture":"#texture"},"west":{"uv":[14.875,11.8125,14.9375,11.875],"texture":"#texture"},"east":{"uv":[15.40625,10.125,15.34375,10.1875],"texture":"#texture"}}},{"__comment":"Voxels","from":[16,21.5,16.75],"to":[17,22,17.25],"faces":{"down":{"uv":[4.5,0.65625,4.625,0.71875],"texture":"#texture"},"north":{"uv":[16,12.28125,15.875,12.34375],"texture":"#texture"},"south":{"uv":[1.8125,0,1.9375,0.0625],"texture":"#texture"},"west":{"uv":[14.0625,11.03125,14.125,11.09375],"texture":"#texture"},"east":{"uv":[14.125,10.9375,14.0625,11],"texture":"#texture"}}},{"__comment":"Voxels","from":[16,25.25,16.75],"to":[17,25.75,17.25],"faces":{"north":{"uv":[14.125,9.875,14,9.9375],"texture":"#texture"},"south":{"uv":[14,9.9375,14.125,10],"texture":"#texture"},"west":{"uv":[7.625,7.46875,7.6875,7.53125],"texture":"#texture"},"east":{"uv":[7.6875,6.03125,7.625,6.09375],"texture":"#texture"}}},{"__comment":"Voxels","from":[16,29.25,16.75],"to":[17,29.75,17.25],"faces":{"up":{"uv":[15.875,11.5,16,11.4375],"texture":"#texture"},"north":{"uv":[14.0625,10.09375,13.9375,10.15625],"texture":"#texture"},"south":{"uv":[13.8125,9.90625,13.9375,9.96875],"texture":"#texture"},"west":{"uv":[7.625,5.8125,7.6875,5.875],"texture":"#texture"},"east":{"uv":[14.9375,11.875,14.875,11.9375],"texture":"#texture"}}},{"__comment":"Voxels","from":[16.25,-2,16.75],"to":[16.75,-1.75,17.25],"faces":{"down":{"uv":[4.625,0.53125,4.6875,0.59375],"texture":"#texture"},"north":{"uv":[16,11.34375,15.9375,11.375],"texture":"#texture"},"south":{"uv":[15.9375,11.25,16,11.28125],"texture":"#texture"},"west":{"uv":[15.9375,10.96875,16,11],"texture":"#texture"},"east":{"uv":[16,10.90625,15.9375,10.9375],"texture":"#texture"}}},{"__comment":"Voxels","from":[16.25,-1.75,16.5],"to":[16.75,-1.25,16.75],"faces":{"down":{"uv":[15.9375,10.875,16,10.90625],"texture":"#texture"},"north":{"uv":[4.6875,0.46875,4.625,0.53125],"texture":"#texture"},"west":{"uv":[7.65625,7,7.6875,7.0625],"texture":"#texture"},"east":{"uv":[7.6875,6.9375,7.65625,7],"texture":"#texture"}}},{"__comment":"Voxels","from":[16.25,-1.75,17.25],"to":[16.75,-1.25,17.5],"faces":{"down":{"uv":[15.9375,10.8125,16,10.84375],"texture":"#texture"},"south":{"uv":[7.625,5.96875,7.6875,6.03125],"texture":"#texture"},"west":{"uv":[7.65625,6.875,7.6875,6.9375],"texture":"#texture"},"east":{"uv":[7.6875,6.09375,7.65625,6.15625],"texture":"#texture"}}},{"__comment":"Voxels","from":[16.25,2,16.5],"to":[16.75,2.5,16.75],"faces":{"north":{"uv":[16,11.375,15.9375,11.4375],"texture":"#texture"},"west":{"uv":[5.03125,0.96875,5.0625,1.03125],"texture":"#texture"},"east":{"uv":[5.28125,0.0625,5.25,0.125],"texture":"#texture"}}},{"__comment":"Voxels","from":[16.25,2,17.25],"to":[16.75,2.5,17.5],"faces":{"south":{"uv":[14.0625,10.28125,14.125,10.34375],"texture":"#texture"},"west":{"uv":[4.65625,1.46875,4.6875,1.53125],"texture":"#texture"},"east":{"uv":[4.6875,1.375,4.65625,1.4375],"texture":"#texture"}}},{"__comment":"Voxels","from":[16.25,6,16.5],"to":[16.75,6.5,16.75],"faces":{"up":{"uv":[14.5,11.78125,14.5625,11.75],"texture":"#texture"},"north":{"uv":[4.6875,0.59375,4.625,0.65625],"texture":"#texture"},"west":{"uv":[3.15625,0.84375,3.1875,0.90625],"texture":"#texture"},"east":{"uv":[3.1875,0.53125,3.15625,0.59375],"texture":"#texture"}}},{"__comment":"Voxels","from":[16.25,6,17.25],"to":[16.75,6.5,17.5],"faces":{"up":{"uv":[4.625,0.46875,4.6875,0.4375],"texture":"#texture"},"south":{"uv":[4.625,1.84375,4.6875,1.90625],"texture":"#texture"},"west":{"uv":[4.65625,0.71875,4.6875,0.78125],"texture":"#texture"},"east":{"uv":[7.6875,7.1875,7.65625,7.25],"texture":"#texture"}}},{"__comment":"Voxels","from":[16.25,6.5,16.75],"to":[16.75,6.75,17.25],"faces":{"up":{"uv":[14.90625,9.90625,14.96875,9.84375],"texture":"#texture"},"north":{"uv":[4.6875,0.34375,4.625,0.375],"texture":"#texture"},"south":{"uv":[15.9375,11.65625,16,11.6875],"texture":"#texture"},"west":{"uv":[14.0625,11,14.125,11.03125],"texture":"#texture"},"east":{"uv":[14.125,10.90625,14.0625,10.9375],"texture":"#texture"}}},{"__comment":"Voxels","from":[16.25,21.25,16.75],"to":[16.75,21.5,17.25],"faces":{"down":{"uv":[5,0.09375,5.0625,0.15625],"texture":"#texture"},"north":{"uv":[14.125,10.4375,14.0625,10.46875],"texture":"#texture"},"south":{"uv":[14.0625,10.34375,14.125,10.375],"texture":"#texture"},"west":{"uv":[14.0625,10.25,14.125,10.28125],"texture":"#texture"},"east":{"uv":[14.125,10.15625,14.0625,10.1875],"texture":"#texture"}}},{"__comment":"Voxels","from":[16.25,21.5,16.5],"to":[16.75,22,16.75],"faces":{"down":{"uv":[5.3125,0.8125,5.375,0.84375],"texture":"#texture"},"north":{"uv":[4.9375,0.21875,4.875,0.28125],"texture":"#texture"},"west":{"uv":[5.34375,0.84375,5.375,0.90625],"texture":"#texture"},"east":{"uv":[5.34375,0.71875,5.3125,0.78125],"texture":"#texture"}}},{"__comment":"Voxels","from":[16.25,21.5,17.25],"to":[16.75,22,17.5],"faces":{"down":{"uv":[5.3125,0.6875,5.375,0.71875],"texture":"#texture"},"south":{"uv":[5,0.21875,5.0625,0.28125],"texture":"#texture"},"west":{"uv":[5.34375,0.71875,5.375,0.78125],"texture":"#texture"},"east":{"uv":[5.34375,0.53125,5.3125,0.59375],"texture":"#texture"}}},{"__comment":"Voxels","from":[16.25,25.25,16.5],"to":[16.75,25.75,16.75],"faces":{"north":{"uv":[4.9375,0.15625,4.875,0.21875],"texture":"#texture"},"west":{"uv":[5.34375,0.53125,5.375,0.59375],"texture":"#texture"},"east":{"uv":[5.34375,0.34375,5.3125,0.40625],"texture":"#texture"}}},{"__comment":"Voxels","from":[16.25,25.25,17.25],"to":[16.75,25.75,17.5],"faces":{"south":{"uv":[7.625,5.625,7.6875,5.6875],"texture":"#texture"},"west":{"uv":[5.34375,0.21875,5.375,0.28125],"texture":"#texture"},"east":{"uv":[5.34375,0.15625,5.3125,0.21875],"texture":"#texture"}}},{"__comment":"Voxels","from":[16.25,29.25,16.5],"to":[16.75,29.75,16.75],"faces":{"up":{"uv":[5.3125,0.125,5.375,0.09375],"texture":"#texture"},"north":{"uv":[5.03125,0.96875,4.96875,1.03125],"texture":"#texture"},"west":{"uv":[5.28125,0,5.3125,0.0625],"texture":"#texture"},"east":{"uv":[5.34375,1.46875,5.3125,1.53125],"texture":"#texture"}}},{"__comment":"Voxels","from":[16.25,29.25,17.25],"to":[16.75,29.75,17.5],"faces":{"up":{"uv":[5,0.03125,5.0625,0],"texture":"#texture"},"south":{"uv":[5,0.46875,5.0625,0.53125],"texture":"#texture"},"west":{"uv":[5.34375,1.46875,5.375,1.53125],"texture":"#texture"},"east":{"uv":[5.34375,1.40625,5.3125,1.46875],"texture":"#texture"}}},{"__comment":"Voxels","from":[16.25,29.75,16.75],"to":[16.75,30,17.25],"faces":{"up":{"uv":[4.9375,0.46875,5,0.40625],"texture":"#texture"},"north":{"uv":[5.375,1.3125,5.3125,1.34375],"texture":"#texture"},"south":{"uv":[5.3125,1.28125,5.375,1.3125],"texture":"#texture"},"west":{"uv":[5.3125,1.25,5.375,1.28125],"texture":"#texture"},"east":{"uv":[5.375,1.21875,5.3125,1.25],"texture":"#texture"}}},{"__comment":"Voxels","from":[18,-8,0],"to":[20,-7,1],"faces":{"down":{"uv":[15.375,11.4375,15.625,11.5625],"texture":"#texture"},"north":{"uv":[15.125,11.4375,14.875,11.5625],"texture":"#texture"},"south":{"uv":[14.625,11.4375,14.875,11.5625],"texture":"#texture"},"west":{"uv":[15.875,12.34375,16,12.46875],"texture":"#texture"},"east":{"uv":[14.875,11.8125,14.75,11.9375],"texture":"#texture"}}},{"__comment":"Voxels","from":[18,-8,15],"to":[20,-7,16],"faces":{"down":{"uv":[14.375,11.4375,14.625,11.5625],"texture":"#texture"},"north":{"uv":[13.8125,9.84375,13.5625,9.96875],"texture":"#texture"},"south":{"uv":[4,0,4.25,0.125],"texture":"#texture"},"west":{"uv":[4.53125,2,4.65625,2.125],"texture":"#texture"},"east":{"uv":[4.625,1.78125,4.5,1.90625],"texture":"#texture"}}},{"__comment":"Voxels","from":[18,-2.25,0.25],"to":[19.75,-2,1.25],"faces":{"north":{"uv":[7.53125,4.40625,7.3125,4.4375],"texture":"#texture"},"south":{"uv":[7.09375,4.40625,7.3125,4.4375],"texture":"#texture"},"west":{"uv":[13.9375,10.34375,14.0625,10.375],"texture":"#texture"},"east":{"uv":[14.0625,10.4375,13.9375,10.46875],"texture":"#texture"}}},{"__comment":"Voxels","from":[18.25,-2.25,1.25],"to":[19.75,30.25,15.5],"faces":{"north":{"uv":[14.5625,11.9375,14.375,16],"texture":"#texture"},"west":{"uv":[12.40625,11.9375,14.1875,16],"texture":"#texture"},"east":{"uv":[12.40625,11.9375,10.625,16],"texture":"#texture"}}},{"__comment":"Voxels","from":[18.25,-1.25,15.75],"to":[19,1.75,16.25],"faces":{"down":{"uv":[15.3125,9.84375,15.40625,9.90625],"texture":"#texture"},"up":{"uv":[15.90625,12.59375,16,12.53125],"texture":"#texture"},"east":{"uv":[14,10.53125,13.9375,10.90625],"texture":"#texture"}}},{"__comment":"Voxels","from":[18.25,1.75,15.75],"to":[18.75,2,16.25],"faces":{"up":{"uv":[5.0625,1.34375,5.125,1.28125],"texture":"#texture","cullface":"east"},"east":{"uv":[5.375,1.03125,5.3125,1.0625],"texture":"#texture","cullface":"east"}}},{"__comment":"Voxels","from":[18.25,22,15.75],"to":[19,25,16.25],"faces":{"down":{"uv":[15.90625,10.03125,16,10.09375],"texture":"#texture"},"up":{"uv":[15.90625,10.15625,16,10.09375],"texture":"#texture"},"east":{"uv":[14.96875,9.90625,14.90625,10.28125],"texture":"#texture"}}},{"__comment":"Voxels","from":[18.25,25,15.75],"to":[18.75,25.25,16.25],"faces":{"up":{"uv":[15.5625,11.8125,15.625,11.75],"texture":"#texture"},"east":{"uv":[5.375,0.90625,5.3125,0.9375],"texture":"#texture"}}},{"__comment":"Voxels","from":[19,-1,15.75],"to":[19.25,1.5,17.75],"faces":{"down":{"uv":[3.15625,0.90625,3.1875,1.15625],"texture":"#texture"},"up":{"uv":[3.125,1.15625,3.15625,0.90625],"texture":"#texture"},"south":{"uv":[7.53125,7.46875,7.5625,7.78125],"texture":"#texture"},"west":{"uv":[2.75,0.53125,3,0.84375],"texture":"#texture"},"east":{"uv":[3,0.84375,2.75,1.15625],"texture":"#texture"}}},{"__comment":"Voxels","from":[19,22.25,15.75],"to":[19.25,24.75,17.75],"faces":{"down":{"uv":[7.625,7.53125,7.65625,7.78125],"texture":"#texture"},"up":{"uv":[7.65625,7.78125,7.6875,7.53125],"texture":"#texture"},"south":{"uv":[7.5625,7.46875,7.59375,7.78125],"texture":"#texture"},"west":{"uv":[15.625,11.96875,15.875,12.28125],"texture":"#texture"},"east":{"uv":[15.1875,11.78125,14.9375,12.09375],"texture":"#texture"}}},{"__comment":"Voxels","from":[19.25,-0.75,15.75],"to":[19.5,1.25,17.75],"faces":{"down":{"uv":[7.4375,6.5,7.46875,6.75],"texture":"#texture"},"up":{"uv":[7.46875,6.75,7.5,6.5],"texture":"#texture"},"south":{"uv":[13.9375,9.8125,13.96875,10.0625],"texture":"#texture"},"east":{"uv":[15.96875,13.5,15.71875,13.75],"texture":"#texture"}}},{"__comment":"Voxels","from":[19.25,22.5,15.75],"to":[19.5,24.5,17.75],"faces":{"down":{"uv":[15.96875,13.5,16,13.75],"texture":"#texture"},"up":{"uv":[15.96875,13.46875,16,13.21875],"texture":"#texture"},"south":{"uv":[3.15625,0.59375,3.1875,0.84375],"texture":"#texture"},"east":{"uv":[4.5,0.53125,4.25,0.78125],"texture":"#texture"}}},{"__comment":"Cube206","from":[0.5,18.75,16.125],"to":[15.5,23.75,16.375],"faces":{"down":{"uv":[0,0,0.5,0.5],"texture":"#stars"},"up":{"uv":[0,0,0.5,0.5],"texture":"#stars"},"north":{"uv":[2,5.5,14.5,9.5],"texture":"#stars"},"south":{"uv":[14.5,5.5,2,9.5],"texture":"#stars"},"west":{"uv":[0,0,0.5,0.5],"texture":"#stars"},"east":{"uv":[0,0,0.5,0.5],"texture":"#stars"}}}],"gui_light":"front","display":{"thirdperson_righthand":{"rotation":[75,-48,0],"translation":[-3,0,-6],"scale":[0.3,0.3,0.3]},"thirdperson_lefthand":{"rotation":[75,-48,0],"translation":[-3,0,-6],"scale":[0.3,0.3,0.3]},"firstperson_righthand":{"rotation":[25,-75,0],"translation":[1,2.5,0],"scale":[0.25,0.25,0.25]},"firstperson_lefthand":{"rotation":[25,-75,0],"translation":[1,2.5,0],"scale":[0.25,0.25,0.25]},"gui":{"rotation":[30,45,0],"translation":[0,-1,0],"scale":[0.3,0.3,0.3]},"head":{"rotation":[0,180,0],"translation":[0,-17,0],"scale":[1.6,1.6,1.6]},"ground":{"translation":[0,12,0],"scale":[0.4,0.4,0.4]},"fixed":{"rotation":[0,180,0],"translation":[0,-1,-1],"scale":[0.3,0.3,0.3]}}}