{
	"format_version": "1.21.6",
	"credit": "Made with Blockbench",
	"texture_size": [32, 32],
	"textures": {
		"0": "item/flans/weapons/throwable/grenade",
		"particle": "item/flans/weapons/throwable/grenade"
	},
	"elements": [
		{
			"name": "grenade_0",
			"from": [6, 1, 0],
			"to": [10, 15, 1],
			"faces": {
				"north": {"uv": [10, 1, 6, 15], "texture": "#0"},
				"east": {"uv": [9, 1, 10, 15], "texture": "#0"},
				"south": {"uv": [6, 1, 10, 15], "texture": "#0"},
				"west": {"uv": [6, 1, 7, 15], "texture": "#0"},
				"up": {"uv": [6, 1, 10, 2], "texture": "#0"},
				"down": {"uv": [6, 14, 10, 15], "texture": "#0"}
			}
		},
		{
			"name": "grenade_1",
			"from": [10, 13, 0],
			"to": [11, 15, 1],
			"faces": {
				"north": {"uv": [11, 1, 10, 3], "texture": "#0"},
				"east": {"uv": [10, 1, 11, 3], "texture": "#0"},
				"south": {"uv": [10, 1, 11, 3], "texture": "#0"},
				"west": {"uv": [10, 1, 11, 3], "texture": "#0"},
				"up": {"uv": [10, 1, 11, 2], "texture": "#0"},
				"down": {"uv": [10, 2, 11, 3], "texture": "#0"}
			}
		},
		{
			"name": "grenade_2",
			"from": [11, 12, 0],
			"to": [12, 14, 1],
			"faces": {
				"north": {"uv": [12, 2, 11, 4], "texture": "#0"},
				"east": {"uv": [11, 2, 12, 4], "texture": "#0"},
				"south": {"uv": [11, 2, 12, 4], "texture": "#0"},
				"west": {"uv": [11, 2, 12, 4], "texture": "#0"},
				"up": {"uv": [11, 2, 12, 3], "texture": "#0"},
				"down": {"uv": [11, 3, 12, 4], "texture": "#0"}
			}
		},
		{
			"name": "grenade_3",
			"from": [12, 11, 0],
			"to": [13, 13, 1],
			"faces": {
				"north": {"uv": [13, 3, 12, 5], "texture": "#0"},
				"east": {"uv": [12, 3, 13, 5], "texture": "#0"},
				"south": {"uv": [12, 3, 13, 5], "texture": "#0"},
				"west": {"uv": [12, 3, 13, 5], "texture": "#0"},
				"up": {"uv": [12, 3, 13, 4], "texture": "#0"},
				"down": {"uv": [12, 4, 13, 5], "texture": "#0"}
			}
		},
		{
			"name": "grenade_4",
			"from": [5, 2, 0],
			"to": [6, 11, 1],
			"faces": {
				"north": {"uv": [6, 5, 5, 14], "texture": "#0"},
				"east": {"uv": [5, 5, 6, 14], "texture": "#0"},
				"south": {"uv": [5, 5, 6, 14], "texture": "#0"},
				"west": {"uv": [5, 5, 6, 14], "texture": "#0"},
				"up": {"uv": [5, 5, 6, 6], "texture": "#0"},
				"down": {"uv": [5, 13, 6, 14], "texture": "#0"}
			}
		},
		{
			"name": "grenade_5",
			"from": [10, 2, 0],
			"to": [11, 11, 1],
			"faces": {
				"north": {"uv": [11, 5, 10, 14], "texture": "#0"},
				"east": {"uv": [10, 5, 11, 14], "texture": "#0"},
				"south": {"uv": [10, 5, 11, 14], "texture": "#0"},
				"west": {"uv": [10, 5, 11, 14], "texture": "#0"},
				"up": {"uv": [10, 5, 11, 6], "texture": "#0"},
				"down": {"uv": [10, 13, 11, 14], "texture": "#0"}
			}
		},
		{
			"name": "grenade_6",
			"from": [13, 5, 0],
			"to": [14, 11, 1],
			"faces": {
				"north": {"uv": [14, 5, 13, 11], "texture": "#0"},
				"east": {"uv": [13, 5, 14, 11], "texture": "#0"},
				"south": {"uv": [13, 5, 14, 11], "texture": "#0"},
				"west": {"uv": [13, 5, 14, 11], "texture": "#0"},
				"up": {"uv": [13, 5, 14, 6], "texture": "#0"},
				"down": {"uv": [13, 10, 14, 11], "texture": "#0"}
			}
		},
		{
			"name": "grenade_7",
			"from": [4, 4, 0],
			"to": [5, 9, 1],
			"faces": {
				"north": {"uv": [5, 7, 4, 12], "texture": "#0"},
				"east": {"uv": [4, 7, 5, 12], "texture": "#0"},
				"south": {"uv": [4, 7, 5, 12], "texture": "#0"},
				"west": {"uv": [4, 7, 5, 12], "texture": "#0"},
				"up": {"uv": [4, 7, 5, 8], "texture": "#0"},
				"down": {"uv": [4, 11, 5, 12], "texture": "#0"}
			}
		},
		{
			"name": "grenade_8",
			"from": [11, 4, 0],
			"to": [12, 9, 1],
			"faces": {
				"north": {"uv": [12, 7, 11, 12], "texture": "#0"},
				"east": {"uv": [11, 7, 12, 12], "texture": "#0"},
				"south": {"uv": [11, 7, 12, 12], "texture": "#0"},
				"west": {"uv": [11, 7, 12, 12], "texture": "#0"},
				"up": {"uv": [11, 7, 12, 8], "texture": "#0"},
				"down": {"uv": [11, 11, 12, 12], "texture": "#0"}
			}
		}
	],
	"gui_light": "front",
	"display": {
		"thirdperson_righthand": {
			"rotation": [-180, 0, -180],
			"translation": [0.25, 2.68, -2.62],
			"scale": [0.4, 0.4, 0.4]
		},
		"thirdperson_lefthand": {
			"rotation": [-180, 0, -180],
			"translation": [0, 2.68, -2.37],
			"scale": [0.4, 0.4, 0.4]
		},
		"firstperson_righthand": {
			"rotation": [4, 90, 0],
			"translation": [4.49, 4.39, 0.13],
			"scale": [0.4, 0.4, 0.4]
		},
		"firstperson_lefthand": {
			"rotation": [4, -90, 0],
			"translation": [-0.71, 4.64, -0.38],
			"scale": [0.4, 0.4, 0.4]
		},
		"ground": {
			"translation": [0, 5, 0],
			"scale": [0.6, 0.6, 0.6]
		},
		"gui": {
			"rotation": [14, 180, 0],
			"translation": [0.81, 1.75, 0]
		},
		"head": {
			"translation": [-0.25, 9.25, -2.5],
			"scale": [0.4, 0.4, 0.4]
		},
		"fixed": {
			"translation": [0.3, 0.2, 7.9]
		}
	},
	"groups": [
		{
			"name": "grenade",
			"origin": [8, 8, 8],
			"color": 0,
			"children": [0, 1, 2, 3, 4, 5, 6, 7, 8]
		}
	]
}