{
	"format_version": "1.21.6",
	"credit": "Made with Blockbench",
	"texture_size": [32, 32],
	"textures": {
		"0": "item/flans/weapons/throwable/molotov_cocktail",
		"particle": "item/flans/weapons/throwable/molotov_cocktail"
	},
	"elements": [
		{
			"name": "molotov_cocktail_0",
			"from": [7, 1, 0],
			"to": [10, 15, 1],
			"faces": {
				"north": {"uv": [10, 1, 7, 15], "texture": "#0"},
				"east": {"uv": [9, 1, 10, 15], "texture": "#0"},
				"south": {"uv": [7, 1, 10, 15], "texture": "#0"},
				"west": {"uv": [7, 1, 8, 15], "texture": "#0"},
				"up": {"uv": [7, 1, 10, 2], "texture": "#0"},
				"down": {"uv": [7, 14, 10, 15], "texture": "#0"}
			}
		},
		{
			"name": "molotov_cocktail_1",
			"from": [6, 0, 0],
			"to": [7, 14, 1],
			"faces": {
				"north": {"uv": [7, 2, 6, 16], "texture": "#0"},
				"east": {"uv": [6, 2, 7, 16], "texture": "#0"},
				"south": {"uv": [6, 2, 7, 16], "texture": "#0"},
				"west": {"uv": [6, 2, 7, 16], "texture": "#0"},
				"up": {"uv": [6, 2, 7, 3], "texture": "#0"},
				"down": {"uv": [6, 15, 7, 16], "texture": "#0"}
			}
		},
		{
			"name": "molotov_cocktail_2",
			"from": [10, 5, 0],
			"to": [11, 14, 1],
			"faces": {
				"north": {"uv": [11, 2, 10, 11], "texture": "#0"},
				"east": {"uv": [10, 2, 11, 11], "texture": "#0"},
				"south": {"uv": [10, 2, 11, 11], "texture": "#0"},
				"west": {"uv": [10, 2, 11, 11], "texture": "#0"},
				"up": {"uv": [10, 2, 11, 3], "texture": "#0"},
				"down": {"uv": [10, 10, 11, 11], "texture": "#0"}
			}
		},
		{
			"name": "molotov_cocktail_3",
			"from": [11, 6, 0],
			"to": [12, 13, 1],
			"faces": {
				"north": {"uv": [12, 3, 11, 10], "texture": "#0"},
				"east": {"uv": [11, 3, 12, 10], "texture": "#0"},
				"south": {"uv": [11, 3, 12, 10], "texture": "#0"},
				"west": {"uv": [11, 3, 12, 10], "texture": "#0"},
				"up": {"uv": [11, 3, 12, 4], "texture": "#0"},
				"down": {"uv": [11, 9, 12, 10], "texture": "#0"}
			}
		},
		{
			"name": "molotov_cocktail_4",
			"from": [5, 0, 0],
			"to": [6, 12, 1],
			"faces": {
				"north": {"uv": [6, 4, 5, 16], "texture": "#0"},
				"east": {"uv": [5, 4, 6, 16], "texture": "#0"},
				"south": {"uv": [5, 4, 6, 16], "texture": "#0"},
				"west": {"uv": [5, 4, 6, 16], "texture": "#0"},
				"up": {"uv": [5, 4, 6, 5], "texture": "#0"},
				"down": {"uv": [5, 15, 6, 16], "texture": "#0"}
			}
		},
		{
			"name": "molotov_cocktail_5",
			"from": [12, 6, 0],
			"to": [13, 12, 1],
			"faces": {
				"north": {"uv": [13, 4, 12, 10], "texture": "#0"},
				"east": {"uv": [12, 4, 13, 10], "texture": "#0"},
				"south": {"uv": [12, 4, 13, 10], "texture": "#0"},
				"west": {"uv": [12, 4, 13, 10], "texture": "#0"},
				"up": {"uv": [12, 4, 13, 5], "texture": "#0"},
				"down": {"uv": [12, 9, 13, 10], "texture": "#0"}
			}
		},
		{
			"name": "molotov_cocktail_6",
			"from": [4, 1, 0],
			"to": [5, 10, 1],
			"faces": {
				"north": {"uv": [5, 6, 4, 15], "texture": "#0"},
				"east": {"uv": [4, 6, 5, 15], "texture": "#0"},
				"south": {"uv": [4, 6, 5, 15], "texture": "#0"},
				"west": {"uv": [4, 6, 5, 15], "texture": "#0"},
				"up": {"uv": [4, 6, 5, 7], "texture": "#0"},
				"down": {"uv": [4, 14, 5, 15], "texture": "#0"}
			}
		},
		{
			"name": "molotov_cocktail_7",
			"from": [7, 0, 0],
			"to": [9, 1, 1],
			"faces": {
				"north": {"uv": [9, 15, 7, 16], "texture": "#0"},
				"east": {"uv": [8, 15, 9, 16], "texture": "#0"},
				"south": {"uv": [7, 15, 9, 16], "texture": "#0"},
				"west": {"uv": [7, 15, 8, 16], "texture": "#0"},
				"up": {"uv": [7, 15, 9, 16], "texture": "#0"},
				"down": {"uv": [7, 15, 9, 16], "texture": "#0"}
			}
		}
	],
	"gui_light": "front",
	"display": {
		"thirdperson_righthand": {
			"rotation": [-180, 0, -180],
			"translation": [0.25, 2.68, -2.62],
			"scale": [0.4, 0.4, 0.4]
		},
		"thirdperson_lefthand": {
			"rotation": [-180, 0, -180],
			"translation": [0, 2.68, -2.37],
			"scale": [0.4, 0.4, 0.4]
		},
		"firstperson_righthand": {
			"rotation": [4, 90, 0],
			"translation": [4.49, 4.39, 0.13],
			"scale": [0.4, 0.4, 0.4]
		},
		"firstperson_lefthand": {
			"rotation": [4, -90, 0],
			"translation": [-0.71, 4.64, -0.38],
			"scale": [0.4, 0.4, 0.4]
		},
		"ground": {
			"translation": [0, 5, 0],
			"scale": [0.6, 0.6, 0.6]
		},
		"gui": {
			"rotation": [14, -180, 0],
			"translation": [0.81, 1.75, 0]
		},
		"head": {
			"translation": [-0.25, 9.25, -2.5],
			"scale": [0.4, 0.4, 0.4]
		},
		"fixed": {
			"translation": [0.3, 0.2, 7.9]
		}
	},
	"groups": [
		{
			"name": "molotov_cocktail",
			"origin": [8, 8, 8],
			"color": 0,
			"children": [0, 1, 2, 3, 4, 5, 6, 7]
		}
	]
}