{
	"format_version": "1.21.6",
	"credit": "Made with Blockbench",
	"texture_size": [32, 32],
	"textures": {
		"0": "item/flans/weapons/throwable/proximity_mine",
		"particle": "item/flans/weapons/throwable/proximity_mine"
	},
	"elements": [
		{
			"name": "proximity_mine_0",
			"from": [4, 4, 0],
			"to": [12, 12, 1],
			"faces": {
				"north": {"uv": [12, 4, 4, 12], "texture": "#0"},
				"east": {"uv": [11, 4, 12, 12], "texture": "#0"},
				"south": {"uv": [4, 4, 12, 12], "texture": "#0"},
				"west": {"uv": [4, 4, 5, 12], "texture": "#0"},
				"up": {"uv": [4, 4, 12, 5], "texture": "#0"},
				"down": {"uv": [4, 11, 12, 12], "texture": "#0"}
			}
		},
		{
			"name": "proximity_mine_1",
			"from": [3, 4, 0],
			"to": [4, 11, 1],
			"faces": {
				"north": {"uv": [4, 5, 3, 12], "texture": "#0"},
				"east": {"uv": [3, 5, 4, 12], "texture": "#0"},
				"south": {"uv": [3, 5, 4, 12], "texture": "#0"},
				"west": {"uv": [3, 5, 4, 12], "texture": "#0"},
				"up": {"uv": [3, 5, 4, 6], "texture": "#0"},
				"down": {"uv": [3, 11, 4, 12], "texture": "#0"}
			}
		},
		{
			"name": "proximity_mine_2",
			"from": [12, 4, 0],
			"to": [13, 11, 1],
			"faces": {
				"north": {"uv": [13, 5, 12, 12], "texture": "#0"},
				"east": {"uv": [12, 5, 13, 12], "texture": "#0"},
				"south": {"uv": [12, 5, 13, 12], "texture": "#0"},
				"west": {"uv": [12, 5, 13, 12], "texture": "#0"},
				"up": {"uv": [12, 5, 13, 6], "texture": "#0"},
				"down": {"uv": [12, 11, 13, 12], "texture": "#0"}
			}
		},
		{
			"name": "proximity_mine_3",
			"from": [2, 5, 0],
			"to": [3, 10, 1],
			"faces": {
				"north": {"uv": [3, 6, 2, 11], "texture": "#0"},
				"east": {"uv": [2, 6, 3, 11], "texture": "#0"},
				"south": {"uv": [2, 6, 3, 11], "texture": "#0"},
				"west": {"uv": [2, 6, 3, 11], "texture": "#0"},
				"up": {"uv": [2, 6, 3, 7], "texture": "#0"},
				"down": {"uv": [2, 10, 3, 11], "texture": "#0"}
			}
		},
		{
			"name": "proximity_mine_4",
			"from": [13, 5, 0],
			"to": [14, 10, 1],
			"faces": {
				"north": {"uv": [14, 6, 13, 11], "texture": "#0"},
				"east": {"uv": [13, 6, 14, 11], "texture": "#0"},
				"south": {"uv": [13, 6, 14, 11], "texture": "#0"},
				"west": {"uv": [13, 6, 14, 11], "texture": "#0"},
				"up": {"uv": [13, 6, 14, 7], "texture": "#0"},
				"down": {"uv": [13, 10, 14, 11], "texture": "#0"}
			}
		}
	],
	"gui_light": "front",
	"display": {
		"thirdperson_righthand": {
			"rotation": [-180, 0, -180],
			"translation": [0.25, 2.68, -2.62],
			"scale": [0.4, 0.4, 0.4]
		},
		"thirdperson_lefthand": {
			"rotation": [-180, 0, -180],
			"translation": [0, 2.68, -2.37],
			"scale": [0.4, 0.4, 0.4]
		},
		"firstperson_righthand": {
			"rotation": [4, 90, 0],
			"translation": [4.49, 4.39, 0.13],
			"scale": [0.4, 0.4, 0.4]
		},
		"firstperson_lefthand": {
			"rotation": [4, -90, 0],
			"translation": [-0.71, 4.64, -0.38],
			"scale": [0.4, 0.4, 0.4]
		},
		"ground": {
			"translation": [0, 5, 0],
			"scale": [0.6, 0.6, 0.6]
		},
		"gui": {
			"rotation": [14, -180, 0],
			"translation": [0.81, 1.75, 0]
		},
		"head": {
			"translation": [-0.25, 9.25, -2.5],
			"scale": [0.4, 0.4, 0.4]
		},
		"fixed": {
			"translation": [0.3, 0.2, 7.9]
		}
	},
	"groups": [
		{
			"name": "proximity_mine",
			"origin": [8, 8, 8],
			"color": 0,
			"children": [0, 1, 2, 3, 4]
		}
	]
}