{"parent":"item/weapons/crossbow","textures":{"layer0":"item/weapons/crossbow"},"overrides":[{"predicate":{"custom_model_data":50},"model":"item/weapon/assault_rifle_noscope"},{"predicate":{"custom_model_data":51},"model":"item/weapon/assault_rifle_noscope_scoped"},{"predicate":{"custom_model_data":52},"model":"item/weapon/assault_rifle_holographicscope"},{"predicate":{"custom_model_data":53},"model":"item/weapon/assault_rifle_reddotscope_scoped"},{"predicate":{"custom_model_data":54},"model":"item/weapon/assault_rifle_holographicscope"},{"predicate":{"custom_model_data":55},"model":"item/weapon/assault_rifle_holographicscope_scoped"},{"predicate":{"custom_model_data":56},"model":"item/weapon/assault_rifle_telescopicscope"},{"predicate":{"custom_model_data":57},"model":"item/weapon/assault_rifle_telescopicscope_scoped"},{"predicate":{"custom_model_data":4},"model":"rpskins/assaultrifleskin/woodland"},{"predicate":{"custom_model_data":5},"model":"rpskins/assaultrifleskin/desert"},{"predicate":{"custom_model_data":6},"model":"rpskins/assaultrifleskin/inferno"},{"predicate":{"custom_model_data":7},"model":"rpskins/assaultrifleskin/gold"},{"predicate":{"custom_model_data":8},"model":"rpskins/assaultrifleskin/jungle"},{"predicate":{"custom_model_data":9},"model":"rpskins/assaultrifleskin/violet"},{"predicate":{"custom_model_data":10},"model":"rpskins/assaultrifleskin/snow"},{"predicate":{"custom_model_data":11},"model":"rpskins/assaultrifleskin/antique"},{"predicate":{"custom_model_data":1},"model":"item/weapon/carbine_rifle_noscope"},{"predicate":{"custom_model_data":101},"model":"item/weapon/carbine_rifle_reddotscope"},{"predicate":{"custom_model_data":102},"model":"item/weapon/carbine_rifle_holographicscope"},{"predicate":{"custom_model_data":103},"model":"item/weapon/carbine_rifle_telescopicscope"},{"predicate":{"custom_model_data":104},"model":"rpskins/carbinerifleskin/woodland"},{"predicate":{"custom_model_data":105},"model":"rpskins/carbinerifleskin/desert"},{"predicate":{"custom_model_data":106},"model":"rpskins/carbinerifleskin/inferno"},{"predicate":{"custom_model_data":107},"model":"rpskins/carbinerifleskin/gold"},{"predicate":{"custom_model_data":108},"model":"rpskins/carbinerifleskin/jungle"},{"predicate":{"custom_model_data":109},"model":"rpskins/carbinerifleskin/violet"},{"predicate":{"custom_model_data":110},"model":"rpskins/carbinerifleskin/snow"},{"predicate":{"custom_model_data":111},"model":"rpskins/carbinerifleskin/antique"},{"predicate":{"custom_model_data":200},"model":"item/weapon/bullpup_rifle_noscope"},{"predicate":{"custom_model_data":201},"model":"item/weapon/bullpup_rifle_reddotscope"},{"predicate":{"custom_model_data":202},"model":"item/weapon/bullpup_rifle_holographicscope"},{"predicate":{"custom_model_data":203},"model":"item/weapon/bullpup_rifle_telescopicscope"},{"predicate":{"custom_model_data":204},"model":"rpskins/bullpupskin/woodland"},{"predicate":{"custom_model_data":205},"model":"rpskins/bullpupskin/desert"},{"predicate":{"custom_model_data":206},"model":"rpskins/bullpupskin/inferno"},{"predicate":{"custom_model_data":207},"model":"rpskins/bullpupskin/gold"},{"predicate":{"custom_model_data":208},"model":"rpskins/bullpupskin/jungle"},{"predicate":{"custom_model_data":209},"model":"rpskins/bullpupskin/violet"},{"predicate":{"custom_model_data":210},"model":"rpskins/bullpupskin/snow"},{"predicate":{"custom_model_data":211},"model":"rpskins/bullpupskin/antique"},{"predicate":{"custom_model_data":300},"model":"item/weapon/special_carbine_noscope"},{"predicate":{"custom_model_data":301},"model":"item/weapon/special_carbine_reddotscope"},{"predicate":{"custom_model_data":302},"model":"item/weapon/special_carbine_holographicscope"},{"predicate":{"custom_model_data":303},"model":"item/weapon/special_carbine_telescopicscope"},{"predicate":{"custom_model_data":304},"model":"rpskins/specialcarbineskin/woodland"},{"predicate":{"custom_model_data":305},"model":"rpskins/specialcarbineskin/desert"},{"predicate":{"custom_model_data":306},"model":"rpskins/specialcarbineskin/inferno"},{"predicate":{"custom_model_data":307},"model":"rpskins/specialcarbineskin/gold"},{"predicate":{"custom_model_data":308},"model":"rpskins/specialcarbineskin/jungle"},{"predicate":{"custom_model_data":309},"model":"rpskins/specialcarbineskin/violet"},{"predicate":{"custom_model_data":310},"model":"rpskins/specialcarbineskin/snow"},{"predicate":{"custom_model_data":311},"model":"rpskins/specialcarbineskin/antique"},{"predicate":{"custom_model_data":400},"model":"item/weapon/advanced_noscope"},{"predicate":{"custom_model_data":401},"model":"item/weapon/advanced_reddotscope"},{"predicate":{"custom_model_data":402},"model":"item/weapon/advanced_holographicscope"},{"predicate":{"custom_model_data":403},"model":"item/weapon/advanced_telescopicscope"},{"predicate":{"custom_model_data":404},"model":"rpskins/advancedrifleskins/woodland"},{"predicate":{"custom_model_data":405},"model":"rpskins/advancedrifleskins/desert"},{"predicate":{"custom_model_data":406},"model":"rpskins/advancedrifleskins/inferno"},{"predicate":{"custom_model_data":407},"model":"rpskins/advancedrifleskins/gold"},{"predicate":{"custom_model_data":408},"model":"rpskins/advancedrifleskins/jungle"},{"predicate":{"custom_model_data":409},"model":"rpskins/advancedrifleskins/violet"},{"predicate":{"custom_model_data":410},"model":"rpskins/advancedrifleskins/snow"},{"predicate":{"custom_model_data":411},"model":"rpskins/advancedrifleskins/antique"},{"predicate":{"custom_model_data":500},"model":"item/weapon/m4_noscope"},{"predicate":{"custom_model_data":501},"model":"item/weapon/m4_reddotscope"},{"predicate":{"custom_model_data":502},"model":"item/weapon/m4_holographicscope"},{"predicate":{"custom_model_data":503},"model":"item/weapon/m4_telescopicscope"},{"predicate":{"custom_model_data":600},"model":"item/weapon/micro_smg_noscope"},{"predicate":{"custom_model_data":601},"model":"item/weapon/micro_smg_reddotscope"},{"predicate":{"custom_model_data":602},"model":"item/weapon/micro_smg_holographicscope"},{"predicate":{"custom_model_data":603},"model":"item/weapon/micro_smg_telescopicscope"},{"predicate":{"custom_model_data":604},"model":"rpskins/smgskin/micro_smg_woodland"},{"predicate":{"custom_model_data":605},"model":"rpskins/smgskin/micro_smg_desert"},{"predicate":{"custom_model_data":606},"model":"rpskins/smgskin/micro_smg_inferno"},{"predicate":{"custom_model_data":607},"model":"rpskins/smgskin/micro_smg_gold"},{"predicate":{"custom_model_data":608},"model":"rpskins/smgskin/micro_smg_jungle"},{"predicate":{"custom_model_data":609},"model":"rpskins/smgskin/micro_smg_violet"},{"predicate":{"custom_model_data":610},"model":"rpskins/smgskin/micro_smg_snow"},{"predicate":{"custom_model_data":611},"model":"rpskins/smgskin/micro_smg_antique"},{"predicate":{"custom_model_data":700},"model":"item/weapon/smg_noscope"},{"predicate":{"custom_model_data":701},"model":"item/weapon/smg_reddotscope"},{"predicate":{"custom_model_data":702},"model":"item/weapon/smg_holographicscope"},{"predicate":{"custom_model_data":703},"model":"item/weapon/smg_telescopicscope"},{"predicate":{"custom_model_data":704},"model":"rpskins/smgskin/woodland"},{"predicate":{"custom_model_data":705},"model":"rpskins/smgskin/desert"},{"predicate":{"custom_model_data":706},"model":"rpskins/smgskin/inferno"},{"predicate":{"custom_model_data":707},"model":"rpskins/smgskin/gold"},{"predicate":{"custom_model_data":708},"model":"rpskins/smgskin/jungle"},{"predicate":{"custom_model_data":709},"model":"rpskins/smgskin/violet"},{"predicate":{"custom_model_data":710},"model":"rpskins/smgskin/snow"},{"predicate":{"custom_model_data":711},"model":"rpskins/smgskin/antique"},{"predicate":{"custom_model_data":800},"model":"item/weapon/assault_smg_noscope"},{"predicate":{"custom_model_data":801},"model":"item/weapon/assault_smg_reddotscope"},{"predicate":{"custom_model_data":802},"model":"item/weapon/assault_smg_holographicscope"},{"predicate":{"custom_model_data":803},"model":"item/weapon/assault_smg_telescopicscope"},{"predicate":{"custom_model_data":804},"model":"rpskins/assaultsmgskin/woodland"},{"predicate":{"custom_model_data":805},"model":"rpskins/assaultsmgskin/desert"},{"predicate":{"custom_model_data":806},"model":"rpskins/assaultsmgskin/inferno"},{"predicate":{"custom_model_data":807},"model":"rpskins/assaultsmgskin/gold"},{"predicate":{"custom_model_data":808},"model":"rpskins/assaultsmgskin/jungle"},{"predicate":{"custom_model_data":809},"model":"rpskins/assaultsmgskin/violet"},{"predicate":{"custom_model_data":810},"model":"rpskins/assaultsmgskin/snow"},{"predicate":{"custom_model_data":811},"model":"rpskins/assaultsmgskin/antique"},{"predicate":{"custom_model_data":900},"model":"item/weapon/combat_pdw_noscope"},{"predicate":{"custom_model_data":901},"model":"item/weapon/combat_pdw_reddotscope"},{"predicate":{"custom_model_data":902},"model":"item/weapon/combat_pdw_holographicscope"},{"predicate":{"custom_model_data":903},"model":"item/weapon/combat_pdw_telescopicscope"},{"predicate":{"custom_model_data":904},"model":"rpskins/combatpdwskin/woodland"},{"predicate":{"custom_model_data":905},"model":"rpskins/combatpdwskin/desert"},{"predicate":{"custom_model_data":906},"model":"rpskins/combatpdwskin/inferno"},{"predicate":{"custom_model_data":907},"model":"rpskins/combatpdwskin/gold"},{"predicate":{"custom_model_data":908},"model":"rpskins/combatpdwskin/jungle"},{"predicate":{"custom_model_data":909},"model":"rpskins/combatpdwskin/violet"},{"predicate":{"custom_model_data":910},"model":"rpskins/combatpdwskin/snow"},{"predicate":{"custom_model_data":911},"model":"rpskins/combatpdwskin/antique"},{"predicate":{"custom_model_data":1000},"model":"item/weapon/gusenberg_sweeper_noscope"},{"predicate":{"custom_model_data":1001},"model":"item/weapon/gusenberg_sweeper_reddotscope"},{"predicate":{"custom_model_data":1002},"model":"item/weapon/gusenberg_sweeper_holographicscope"},{"predicate":{"custom_model_data":1003},"model":"item/weapon/gusenberg_sweeper_telescopicscope"},{"predicate":{"custom_model_data":1004},"model":"rpskins/gusenburgsweeperskin/woodland"},{"predicate":{"custom_model_data":1005},"model":"rpskins/gusenburgsweeperskin/desert"},{"predicate":{"custom_model_data":1006},"model":"rpskins/gusenburgsweeperskin/inferno"},{"predicate":{"custom_model_data":1007},"model":"rpskins/gusenburgsweeperskin/gold"},{"predicate":{"custom_model_data":1008},"model":"rpskins/gusenburgsweeperskin/jungle"},{"predicate":{"custom_model_data":1009},"model":"rpskins/gusenburgsweeperskin/violet"},{"predicate":{"custom_model_data":1010},"model":"rpskins/gusenburgsweeperskin/snow"},{"predicate":{"custom_model_data":1011},"model":"rpskins/gusenburgsweeperskin/antique"},{"predicate":{"custom_model_data":1100},"model":"item/weapon/lego_smg_noscope"},{"predicate":{"custom_model_data":1101},"model":"item/weapon/lego_smg_reddotscope"},{"predicate":{"custom_model_data":1102},"model":"item/weapon/lego_smg_holographicscope"},{"predicate":{"custom_model_data":1103},"model":"item/weapon/lego_smg_telescopicscope"},{"predicate":{"custom_model_data":1200},"model":"item/weapon/mg_noscope"},{"predicate":{"custom_model_data":1201},"model":"item/weapon/mg_reddotscope"},{"predicate":{"custom_model_data":1202},"model":"item/weapon/mg_holographicscope"},{"predicate":{"custom_model_data":1203},"model":"item/weapon/mg_telescopicscope"},{"predicate":{"custom_model_data":1204},"model":"rpskins/mgskin/woodland"},{"predicate":{"custom_model_data":1205},"model":"rpskins/mgskin/desert"},{"predicate":{"custom_model_data":1206},"model":"rpskins/mgskin/inferno"},{"predicate":{"custom_model_data":1207},"model":"rpskins/mgskin/gold"},{"predicate":{"custom_model_data":1208},"model":"rpskins/mgskin/jungle"},{"predicate":{"custom_model_data":1209},"model":"rpskins/mgskin/violet"},{"predicate":{"custom_model_data":1210},"model":"rpskins/mgskin/snow"},{"predicate":{"custom_model_data":1211},"model":"rpskins/mgskin/antique"},{"predicate":{"custom_model_data":1300},"model":"item/weapon/combat_mg_noscope"},{"predicate":{"custom_model_data":1301},"model":"item/weapon/combat_mg_reddotscope"},{"predicate":{"custom_model_data":1302},"model":"item/weapon/combat_mg_holographicscope"},{"predicate":{"custom_model_data":1303},"model":"item/weapon/combat_mg_telescopicscope"},{"predicate":{"custom_model_data":1304},"model":"rpskins/combatmgskin/woodland"},{"predicate":{"custom_model_data":1305},"model":"rpskins/combatmgskin/desert"},{"predicate":{"custom_model_data":1306},"model":"rpskins/combatmgskin/inferno"},{"predicate":{"custom_model_data":1307},"model":"rpskins/combatmgskin/gold"},{"predicate":{"custom_model_data":1308},"model":"rpskins/combatmgskin/jungle"},{"predicate":{"custom_model_data":1309},"model":"rpskins/combatmgskin/violet"},{"predicate":{"custom_model_data":1310},"model":"rpskins/combatmgskin/snow"},{"predicate":{"custom_model_data":1311},"model":"rpskins/combatmgskin/antique"},{"predicate":{"custom_model_data":1400},"model":"item/weapon/pistol_noscope"},{"predicate":{"custom_model_data":1401},"model":"item/weapon/pistol_reddotscope"},{"predicate":{"custom_model_data":1402},"model":"rpskins/pistolskin/woodland"},{"predicate":{"custom_model_data":1403},"model":"rpskins/pistolskin/desert"},{"predicate":{"custom_model_data":1404},"model":"rpskins/pistolskin/inferno"},{"predicate":{"custom_model_data":1405},"model":"rpskins/pistolskin/gold"},{"predicate":{"custom_model_data":1406},"model":"rpskins/pistolskin/jungle"},{"predicate":{"custom_model_data":1407},"model":"rpskins/pistolskin/violet"},{"predicate":{"custom_model_data":1408},"model":"rpskins/pistolskin/snow"},{"predicate":{"custom_model_data":1409},"model":"rpskins/pistolskin/antique"},{"predicate":{"custom_model_data":1500},"model":"item/weapon/combat_pistol_noscope"},{"predicate":{"custom_model_data":1501},"model":"item/weapon/combat_pistol_reddotscope"},{"predicate":{"custom_model_data":1502},"model":"rpskins/combatpistolskin/woodland"},{"predicate":{"custom_model_data":1503},"model":"rpskins/combatpistolskin/desert"},{"predicate":{"custom_model_data":1504},"model":"rpskins/combatpistolskin/inferno"},{"predicate":{"custom_model_data":1505},"model":"rpskins/combatpistolskin/gold"},{"predicate":{"custom_model_data":1506},"model":"rpskins/combatpistolskin/jungle"},{"predicate":{"custom_model_data":1507},"model":"rpskins/combatpistolskin/violet"},{"predicate":{"custom_model_data":1508},"model":"rpskins/combatpistolskin/snow"},{"predicate":{"custom_model_data":1509},"model":"rpskins/combatpistolskin/antique"},{"predicate":{"custom_model_data":1600},"model":"item/weapon/heavy_pistol_noscope"},{"predicate":{"custom_model_data":1601},"model":"item/weapon/heavy_pistol_reddotscope"},{"predicate":{"custom_model_data":1602},"model":"rpskins/heavypistolskin/woodland"},{"predicate":{"custom_model_data":1603},"model":"rpskins/heavypistolskin/desert"},{"predicate":{"custom_model_data":1604},"model":"rpskins/heavypistolskin/inferno"},{"predicate":{"custom_model_data":1605},"model":"rpskins/heavypistolskin/gold"},{"predicate":{"custom_model_data":1606},"model":"rpskins/heavypistolskin/jungle"},{"predicate":{"custom_model_data":1607},"model":"rpskins/heavypistolskin/violet"},{"predicate":{"custom_model_data":1608},"model":"rpskins/heavypistolskin/snow"},{"predicate":{"custom_model_data":1609},"model":"rpskins/heavypistolskin/antique"},{"predicate":{"custom_model_data":1700},"model":"item/weapon/heavy_revolver_noscope"},{"predicate":{"custom_model_data":1701},"model":"item/weapon/heavy_revolver_reddotscope"},{"predicate":{"custom_model_data":1702},"model":"rpskins/heavyrevolverskin/woodland"},{"predicate":{"custom_model_data":1703},"model":"rpskins/heavyrevolverskin/desert"},{"predicate":{"custom_model_data":1704},"model":"rpskins/heavyrevolverskin/inferno"},{"predicate":{"custom_model_data":1705},"model":"rpskins/heavyrevolverskin/gold"},{"predicate":{"custom_model_data":1706},"model":"rpskins/heavyrevolverskin/jungle"},{"predicate":{"custom_model_data":1707},"model":"rpskins/heavyrevolverskin/violet"},{"predicate":{"custom_model_data":1708},"model":"rpskins/heavyrevolverskin/snow"},{"predicate":{"custom_model_data":1709},"model":"rpskins/heavyrevolverskin/antique"},{"predicate":{"custom_model_data":1800},"model":"item/weapon/marksman_pistol_noscope"},{"predicate":{"custom_model_data":1801},"model":"item/weapon/marksman_pistol_reddotscope"},{"predicate":{"custom_model_data":1802},"model":"rpskins/marksmanpistolskin/woodland"},{"predicate":{"custom_model_data":1803},"model":"rpskins/marksmanpistolskin/desert"},{"predicate":{"custom_model_data":1804},"model":"rpskins/marksmanpistolskin/inferno"},{"predicate":{"custom_model_data":1805},"model":"rpskins/marksmanpistolskin/gold"},{"predicate":{"custom_model_data":1806},"model":"rpskins/marksmanpistolskin/jungle"},{"predicate":{"custom_model_data":1807},"model":"rpskins/marksmanpistolskin/violet"},{"predicate":{"custom_model_data":1808},"model":"rpskins/marksmanpistolskin/snow"},{"predicate":{"custom_model_data":1809},"model":"rpskins/marksmanpistolskin/antique"},{"predicate":{"custom_model_data":1900},"model":"item/weapon/machine_pistol_noscope"},{"predicate":{"custom_model_data":1901},"model":"item/weapon/machine_pistol_reddotscope"},{"predicate":{"custom_model_data":1902},"model":"rpskins/machinepistolskin/woodland"},{"predicate":{"custom_model_data":1903},"model":"rpskins/machinepistolskin/desert"},{"predicate":{"custom_model_data":1904},"model":"rpskins/machinepistolskin/inferno"},{"predicate":{"custom_model_data":1905},"model":"rpskins/machinepistolskin/gold"},{"predicate":{"custom_model_data":1906},"model":"rpskins/machinepistolskin/jungle"},{"predicate":{"custom_model_data":1907},"model":"rpskins/machinepistolskin/violet"},{"predicate":{"custom_model_data":1908},"model":"rpskins/machinepistolskin/snow"},{"predicate":{"custom_model_data":1909},"model":"rpskins/machinepistolskin/antique"},{"predicate":{"custom_model_data":2000},"model":"item/weapon/sniper_rifle_noscope"},{"predicate":{"custom_model_data":2001},"model":"item/weapon/sniper_rifle_reddotscope"},{"predicate":{"custom_model_data":2002},"model":"item/weapon/sniper_rifle_holographicscope"},{"predicate":{"custom_model_data":2003},"model":"item/weapon/sniper_rifle_telescopicscope"},{"predicate":{"custom_model_data":2004},"model":"rpskins/sniperrifleskin/woodland"},{"predicate":{"custom_model_data":2005},"model":"rpskins/sniperrifleskin/desert"},{"predicate":{"custom_model_data":2006},"model":"rpskins/sniperrifleskin/inferno"},{"predicate":{"custom_model_data":2007},"model":"rpskins/sniperrifleskin/gold"},{"predicate":{"custom_model_data":2008},"model":"rpskins/sniperrifleskin/jungle"},{"predicate":{"custom_model_data":2009},"model":"rpskins/sniperrifleskin/violet"},{"predicate":{"custom_model_data":2010},"model":"rpskins/sniperrifleskin/snow"},{"predicate":{"custom_model_data":2011},"model":"rpskins/sniperrifleskin/antique"},{"predicate":{"custom_model_data":2100},"model":"item/weapon/heavy_sniper_noscope"},{"predicate":{"custom_model_data":2101},"model":"item/weapon/heavy_sniper_reddotscope"},{"predicate":{"custom_model_data":2102},"model":"item/weapon/heavy_sniper_holographicscope"},{"predicate":{"custom_model_data":2103},"model":"item/weapon/heavy_sniper_telescopicscope"},{"predicate":{"custom_model_data":2104},"model":"rpskins/heavysniperskin/woodland"},{"predicate":{"custom_model_data":2105},"model":"rpskins/heavysniperskin/desert"},{"predicate":{"custom_model_data":2106},"model":"rpskins/heavysniperskin/inferno"},{"predicate":{"custom_model_data":2107},"model":"rpskins/heavysniperskin/gold"},{"predicate":{"custom_model_data":2108},"model":"rpskins/heavysniperskin/jungle"},{"predicate":{"custom_model_data":2109},"model":"rpskins/heavysniperskin/violet"},{"predicate":{"custom_model_data":2110},"model":"rpskins/heavysniperskin/snow"},{"predicate":{"custom_model_data":2111},"model":"rpskins/heavysniperskin/antique"},{"predicate":{"custom_model_data":2200},"model":"item/weapon/assault_sniper_noscope"},{"predicate":{"custom_model_data":2201},"model":"item/weapon/assault_sniper_reddotscope"},{"predicate":{"custom_model_data":2202},"model":"item/weapon/assault_sniper_holographicscope"},{"predicate":{"custom_model_data":2203},"model":"item/weapon/assault_sniper_telescopicscope"},{"predicate":{"custom_model_data":2300},"model":"item/weapon/railgun_noscope"},{"predicate":{"custom_model_data":2301},"model":"item/weapon/railgun_reddotscope"},{"predicate":{"custom_model_data":2302},"model":"item/weapon/railgun_holographicscope"},{"predicate":{"custom_model_data":2303},"model":"item/weapon/railgun_telescopicscope"},{"predicate":{"custom_model_data":2304},"model":"rpskins/railgunskin/woodland"},{"predicate":{"custom_model_data":2305},"model":"rpskins/railgunskin/desert"},{"predicate":{"custom_model_data":2306},"model":"rpskins/railgunskin/inferno"},{"predicate":{"custom_model_data":2307},"model":"rpskins/railgunskin/gold"},{"predicate":{"custom_model_data":2308},"model":"rpskins/railgunskin/jungle"},{"predicate":{"custom_model_data":2309},"model":"rpskins/railgunskin/violet"},{"predicate":{"custom_model_data":2310},"model":"rpskins/railgunskin/snow"},{"predicate":{"custom_model_data":2311},"model":"rpskins/railgunskin/antique"},{"_info_":"Browning M2","predicate":{"custom_model_data":2300},"model":"item/weapon/browning_m2"},{"_info_":"Browning M2 (Woodland)","predicate":{"custom_model_data":2301},"model":"rpskins/browningm2skin/woodland"},{"_info_":"Browning M2 (Desert)","predicate":{"custom_model_data":2302},"model":"rpskins/browningm2skin/desert"},{"_info_":"Browning M2 (Inferno)","predicate":{"custom_model_data":2303},"model":"rpskins/browningm2skin/inferno"},{"_info_":"Browning M2 (Gold)","predicate":{"custom_model_data":2304},"model":"rpskins/browningm2skin/gold"},{"_info_":"Browning M2 (Jungle)","predicate":{"custom_model_data":2305},"model":"rpskins/browningm2skin/jungle"},{"_info_":"Browning M2 (Violet)","predicate":{"custom_model_data":2306},"model":"rpskins/browningm2skin/violet"},{"_info_":"Browning M2 (Snow)","predicate":{"custom_model_data":2307},"model":"rpskins/browningm2skin/snow"},{"_info_":"Browning M2 (Antique)","predicate":{"custom_model_data":2308},"model":"rpskins/browningm2skin/antique"},{"_info_":"Stun gun ","predicate":{"custom_model_data":2400},"model":"item/weapon/stun_gun"},{"_info_":"Stun gun (Woodland)","predicate":{"custom_model_data":2401},"model":"rpskins/stungunskin/woodland"},{"_info_":"Stun gun (Desert)","predicate":{"custom_model_data":2402},"model":"rpskins/stungunskin/desert"},{"_info_":"Stun gun (Inferno)","predicate":{"custom_model_data":2403},"model":"rpskins/stungunskin/inferno"},{"_info_":"Stun gun (Gold)","predicate":{"custom_model_data":2404},"model":"rpskins/stungunskin/gold"},{"_info_":"Stun gun (Jungle)","predicate":{"custom_model_data":2405},"model":"rpskins/stungunskin/jungle"},{"_info_":"Stun gun (Violet)","predicate":{"custom_model_data":2406},"model":"rpskins/stungunskin/violet"},{"_info_":"Stun gun (Snow)","predicate":{"custom_model_data":2407},"model":"rpskins/stungunskin/snow"},{"_info_":"Stun gun (Antique)","predicate":{"custom_model_data":2408},"model":"rpskins/stungunskin/antique"},{"_info_":"Sawed-Off_Shotgun","predicate":{"custom_model_data":2700},"model":"item/weapon/sawed-off_shotgun"},{"_info_":"Sawed-Off_Shotgun (Woodland)","predicate":{"custom_model_data":2701},"model":"rpskins/sawedoffshotgunskin/woodland"},{"_info_":"Sawed-Off_Shotgun (Desert)","predicate":{"custom_model_data":2702},"model":"rpskins/sawedoffshotgunskin/desert"},{"_info_":"Sawed-Off_Shotgun (Inferno)","predicate":{"custom_model_data":2703},"model":"rpskins/sawedoffshotgunskin/inferno"},{"_info_":"Sawed-Off_Shotgun (Gold)","predicate":{"custom_model_data":2704},"model":"rpskins/sawedoffshotgunskin/gold"},{"_info_":"Sawed-Off_Shotgun (Jungle)","predicate":{"custom_model_data":2705},"model":"rpskins/sawedoffshotgunskin/jungle"},{"_info_":"Sawed-Off_Shotgun (Violet)","predicate":{"custom_model_data":2706},"model":"rpskins/sawedoffshotgunskin/violet"},{"_info_":"Sawed-Off_Shotgun (Snow)","predicate":{"custom_model_data":2707},"model":"rpskins/sawedoffshotgunskin/snow"},{"_info_":"Sawed-Off_Shotgun (Antique)","predicate":{"custom_model_data":2708},"model":"rpskins/sawedoffshotgunskin/antique"},{"_info_":"RPG","predicate":{"custom_model_data":2800},"model":"item/weapon/rpg"},{"_info_":"RPG (Woodland)","predicate":{"custom_model_data":2801},"model":"rpskins/rpgskin/woodland"},{"_info_":"RPG (Desert)","predicate":{"custom_model_data":2802},"model":"rpskins/rpgskin/desert"},{"_info_":"RPG (Inferno)","predicate":{"custom_model_data":2803},"model":"rpskins/rpgskin/inferno"},{"_info_":"RPG (Gold)","predicate":{"custom_model_data":2804},"model":"rpskins/rpgskin/gold"},{"_info_":"RPG (Jungle)","predicate":{"custom_model_data":2805},"model":"rpskins/rpgskin/jungle"},{"_info_":"RPG (Violet)","predicate":{"custom_model_data":2806},"model":"rpskins/rpgskin/violet"},{"_info_":"RPG (Snow)","predicate":{"custom_model_data":2807},"model":"rpskins/rpgskin/snow"},{"_info_":"RPG (Antique)","predicate":{"custom_model_data":2808},"model":"rpskins/rpgskin/antique"},{"_info_":"Pump_Shotgun","predicate":{"custom_model_data":3000},"model":"item/weapon/pump_shotgun"},{"_info_":"Pump_Shotgun (Woodland)","predicate":{"custom_model_data":3001},"model":"rpskins/pumpshotgunskin/woodland"},{"_info_":"Pump_Shotgun (Desert)","predicate":{"custom_model_data":3002},"model":"rpskins/pumpshotgunskin/desert"},{"_info_":"Pump_Shotgun (Inferno)","predicate":{"custom_model_data":3003},"model":"rpskins/pumpshotgunskin/inferno"},{"_info_":"Pump_Shotgun (Gold)","predicate":{"custom_model_data":3004},"model":"rpskins/pumpshotgunskin/gold"},{"_info_":"Pump_Shotgun (Jungle)","predicate":{"custom_model_data":3005},"model":"rpskins/pumpshotgunskin/jungle"},{"_info_":"Pump_Shotgun (Violet)","predicate":{"custom_model_data":3006},"model":"rpskins/pumpshotgunskin/violet"},{"_info_":"Pump_Shotgun (Snow)","predicate":{"custom_model_data":3007},"model":"rpskins/pumpshotgunskin/snow"},{"_info_":"Pump_Shotgun (Antique)","predicate":{"custom_model_data":3008},"model":"rpskins/pumpshotgunskin/antique"},{"_info_":"Net_Launcher","predicate":{"custom_model_data":3100},"model":"item/weapon/net_launcher"},{"_info_":"Net_Launcher (Woodland)","predicate":{"custom_model_data":3101},"model":"rpskins/netlauncherskin/woodland"},{"_info_":"Net_Launcher (Desert)","predicate":{"custom_model_data":3102},"model":"rpskins/netlauncherskin/desert"},{"_info_":"Net_Launcher (Inferno)","predicate":{"custom_model_data":3103},"model":"rpskins/netlauncherskin/inferno"},{"_info_":"Net_Launcher (Gold)","predicate":{"custom_model_data":3104},"model":"rpskins/netlauncherskin/gold"},{"_info_":"Net_Launcher (Jungle)","predicate":{"custom_model_data":3105},"model":"rpskins/netlauncherskin/jungle"},{"_info_":"Net_Launcher (Violet)","predicate":{"custom_model_data":3106},"model":"rpskins/netlauncherskin/violet"},{"_info_":"Net_Launcher (Snow)","predicate":{"custom_model_data":3107},"model":"rpskins/netlauncherskin/snow"},{"_info_":"Net_Launcher (Antique)","predicate":{"custom_model_data":3108},"model":"rpskins/netlauncherskin/antique"},{"_info_":"Musket","predicate":{"custom_model_data":3200},"model":"item/weapon/musket"},{"_info_":"Musket (Woodland)","predicate":{"custom_model_data":3201},"model":"rpskins/musketskin/woodland"},{"_info_":"Musket (Desert)","predicate":{"custom_model_data":3202},"model":"rpskins/musketskin/desert"},{"_info_":"Musket (Inferno)","predicate":{"custom_model_data":3203},"model":"rpskins/musketskin/inferno"},{"_info_":"Musket (Gold)","predicate":{"custom_model_data":3204},"model":"rpskins/musketskin/gold"},{"_info_":"Musket (Jungle)","predicate":{"custom_model_data":3205},"model":"rpskins/musketskin/jungle"},{"_info_":"Musket (Violet)","predicate":{"custom_model_data":3206},"model":"rpskins/musketskin/violet"},{"_info_":"Musket (Snow)","predicate":{"custom_model_data":3207},"model":"rpskins/musketskin/snow"},{"_info_":"Musket (Antique)","predicate":{"custom_model_data":3208},"model":"rpskins/musketskin/antique"},{"_info_":"Minigun","predicate":{"custom_model_data":3300},"model":"item/weapon/minigun"},{"_info_":"Minigun (Woodland)","predicate":{"custom_model_data":3301},"model":"rpskins/minigunskin/woodland"},{"_info_":"Minigun (Desert)","predicate":{"custom_model_data":3302},"model":"rpskins/minigunskin/desert"},{"_info_":"Minigun (Inferno)","predicate":{"custom_model_data":3303},"model":"rpskins/minigunskin/inferno"},{"_info_":"Minigun (Gold)","predicate":{"custom_model_data":3304},"model":"rpskins/minigunskin/gold"},{"_info_":"Minigun (Jungle)","predicate":{"custom_model_data":3305},"model":"rpskins/minigunskin/jungle"},{"_info_":"Minigun (Violet)","predicate":{"custom_model_data":3306},"model":"rpskins/minigunskin/violet"},{"_info_":"Minigun (Snow)","predicate":{"custom_model_data":3307},"model":"rpskins/minigunskin/snow"},{"_info_":"Minigun (Antique)","predicate":{"custom_model_data":3308},"model":"rpskins/minigunskin/antique"},{"_info_":"Homing_Launcher","predicate":{"custom_model_data":3400},"model":"item/weapon/homing_launcher"},{"_info_":"Homing_Launcher (Woodland)","predicate":{"custom_model_data":3401},"model":"rpskins/hominglauncherskin/woodland"},{"_info_":"Homing_Launcher (Desert)","predicate":{"custom_model_data":3402},"model":"rpskins/hominglauncherskin/desert"},{"_info_":"Homing_Launcher (Inferno)","predicate":{"custom_model_data":3403},"model":"rpskins/hominglauncherskin/inferno"},{"_info_":"Homing_Launcher (Gold)","predicate":{"custom_model_data":3404},"model":"rpskins/hominglauncherskin/gold"},{"_info_":"Homing_Launcher (Jungle)","predicate":{"custom_model_data":3405},"model":"rpskins/hominglauncherskin/jungle"},{"_info_":"Homing_Launcher (Violet)","predicate":{"custom_model_data":3406},"model":"rpskins/hominglauncherskin/violet"},{"_info_":"Homing_Launcher (Snow)","predicate":{"custom_model_data":3407},"model":"rpskins/hominglauncherskin/snow"},{"_info_":"Homing_Launcher (Antique)","predicate":{"custom_model_data":3408},"model":"rpskins/hominglauncherskin/antique"},{"_info_":"Heavy_ShotGun","predicate":{"custom_model_data":3500},"model":"item/weapon/heavy_shotgun"},{"_info_":"Heavy_ShotGun (Woodland)","predicate":{"custom_model_data":3501},"model":"rpskins/heavyshotgunskin/woodland"},{"_info_":"Heavy_ShotGun (Desert)","predicate":{"custom_model_data":3502},"model":"rpskins/heavyshotgunskin/desert"},{"_info_":"Heavy_ShotGun (Inferno)","predicate":{"custom_model_data":3503},"model":"rpskins/heavyshotgunskin/inferno"},{"_info_":"Heavy_ShotGun (Gold)","predicate":{"custom_model_data":3504},"model":"rpskins/heavyshotgunskin/gold"},{"_info_":"Heavy_ShotGun (Jungle)","predicate":{"custom_model_data":3505},"model":"rpskins/heavyshotgunskin/jungle"},{"_info_":"Heavy_ShotGun (Violet)","predicate":{"custom_model_data":3506},"model":"rpskins/heavyshotgunskin/violet"},{"_info_":"Heavy_ShotGun (Snow)","predicate":{"custom_model_data":3507},"model":"rpskins/heavyshotgunskin/snow"},{"_info_":"Heavy_ShotGun (Antique)","predicate":{"custom_model_data":3508},"model":"rpskins/heavyshotgunskin/antique"},{"_info_":"Grenade_Launcher","predicate":{"custom_model_data":3700},"model":"item/weapon/grenade_launcher"},{"_info_":"Grenade_Launcher (Woodland)","predicate":{"custom_model_data":3701},"model":"rpskins/grenadelauncherskin/woodland"},{"_info_":"Grenade_Launcher (Desert)","predicate":{"custom_model_data":3702},"model":"rpskins/grenadelauncherskin/desert"},{"_info_":"Grenade_Launcher (Inferno)","predicate":{"custom_model_data":3703},"model":"rpskins/grenadelauncherskin/inferno"},{"_info_":"Grenade_Launcher (Gold)","predicate":{"custom_model_data":3704},"model":"rpskins/grenadelauncherskin/gold"},{"_info_":"Grenade_Launcher (Jungle)","predicate":{"custom_model_data":3705},"model":"rpskins/grenadelauncherskin/jungle"},{"_info_":"Grenade_Launcher (Violet)","predicate":{"custom_model_data":3706},"model":"rpskins/grenadelauncherskin/violet"},{"_info_":"Grenade_Launcher (Snow)","predicate":{"custom_model_data":3707},"model":"rpskins/grenadelauncherskin/snow"},{"_info_":"Grenade_Launcher (Antique)","predicate":{"custom_model_data":3708},"model":"rpskins/grenadelauncherskin/antique"},{"_info_":"Golden_Minigun","predicate":{"custom_model_data":3800},"model":"item/weapon/golden_minigun"},{"_info_":"Golden_Minigun (Woodland)","predicate":{"custom_model_data":3801},"model":"rpskins/goldenminigunskin/woodland"},{"_info_":"Golden_Minigun (Desert)","predicate":{"custom_model_data":3802},"model":"rpskins/goldenminigunskin/desert"},{"_info_":"Golden_Minigun (Inferno)","predicate":{"custom_model_data":3803},"model":"rpskins/goldenminigunskin/inferno"},{"_info_":"Golden_Minigun (Gold)","predicate":{"custom_model_data":3804},"model":"rpskins/goldenminigunskin/gold"},{"_info_":"Golden_Minigun (Jungle)","predicate":{"custom_model_data":3805},"model":"rpskins/goldenminigunskin/jungle"},{"_info_":"Golden_Minigun (Violet)","predicate":{"custom_model_data":3806},"model":"rpskins/goldenminigunskin/violet"},{"_info_":"Golden_Minigun (Snow)","predicate":{"custom_model_data":3807},"model":"rpskins/goldenminigunskin/snow"},{"_info_":"Golden_Minigun (Antique)","predicate":{"custom_model_data":3808},"model":"rpskins/goldenminigunskin/antique"},{"_info_":"Flamethrower","predicate":{"custom_model_data":3900},"model":"item/weapon/flamethrower"},{"_info_":"Flamethrower (Woodland)","predicate":{"custom_model_data":3901},"model":"rpskins/flamethrowerskin/woodland"},{"_info_":"Flamethrower (Desert)","predicate":{"custom_model_data":3902},"model":"rpskins/flamethrowerskin/desert"},{"_info_":"Flamethrower (Inferno)","predicate":{"custom_model_data":3903},"model":"rpskins/flamethrowerskin/inferno"},{"_info_":"Flamethrower (Gold)","predicate":{"custom_model_data":3904},"model":"rpskins/flamethrowerskin/gold"},{"_info_":"Flamethrower (Jungle)","predicate":{"custom_model_data":3905},"model":"rpskins/flamethrowerskin/jungle"},{"_info_":"Flamethrower (Violet)","predicate":{"custom_model_data":3906},"model":"rpskins/flamethrowerskin/violet"},{"_info_":"Flamethrower (Snow)","predicate":{"custom_model_data":3907},"model":"rpskins/flamethrowerskin/snow"},{"_info_":"Flamethrower (Antique)","predicate":{"custom_model_data":3908},"model":"rpskins/flamethrowerskin/antique"},{"_info_":"Assault_Shotgun","predicate":{"custom_model_data":4000},"model":"item/weapon/assault_shotgun"},{"_info_":"Assault_Shotgun (Woodland)","predicate":{"custom_model_data":4001},"model":"rpskins/assaultshotgunskin/woodland"},{"_info_":"Assault_Shotgun (Desert)","predicate":{"custom_model_data":4002},"model":"rpskins/assaultshotgunskin/desert"},{"_info_":"Assault_Shotgun (Inferno)","predicate":{"custom_model_data":4003},"model":"rpskins/assaultshotgunskin/inferno"},{"_info_":"Assault_Shotgun (Gold)","predicate":{"custom_model_data":4004},"model":"rpskins/assaultshotgunskin/gold"},{"_info_":"Assault_Shotgun (Jungle)","predicate":{"custom_model_data":4005},"model":"rpskins/assaultshotgunskin/jungle"},{"_info_":"Assault_Shotgun (Violet)","predicate":{"custom_model_data":4006},"model":"rpskins/assaultshotgunskin/violet"},{"_info_":"Assault_Shotgun (Snow)","predicate":{"custom_model_data":4007},"model":"rpskins/assaultshotgunskin/snow"},{"_info_":"Assault_Shotgun (Antique)","predicate":{"custom_model_data":4008},"model":"rpskins/assaultshotgunskin/antique"}]}