{"parent":"item/handheld","textures":{"layer0":"items/diamond_sword"},"overrides":[{"predicate":{"custom_model_data":0},"model":"item/melee/rake"},{"predicate":{"custom_model_data":100},"model":"item/melee/night_stick"},{"predicate":{"custom_model_data":200},"model":"item/melee/knife"},{"predicate":{"custom_model_data":300},"model":"item/melee/baseball_bat"},{"predicate":{"custom_model_data":400},"model":"item/melee/chainsaw"},{"predicate":{"custom_model_data":600},"model":"item/melee/katana"},{"predicate":{"custom_model_data":700},"model":"item/melee/machete"},{"predicate":{"custom_model_data":750},"model":"item/melee/machete/bloody"},{"predicate":{"custom_model_data":800},"model":"item/melee/dumbbell"},{"predicate":{"custom_model_data":900},"model":"item/melee/chanclas"},{"predicate":{"custom_model_data":1100},"model":"item/melee/golf_club"},{"predicate":{"custom_model_data":4900},"model":"item/melee/katana/gold"},{"predicate":{"custom_model_data":5030},"model":"item/melee/chainsaw/gold"},{"predicate":{"custom_model_data":5035},"model":"item/melee/purple_lightsaber"}]}