{
	"format_version": "1.21.6",
	"credit": "Made with Blockbench",
	"textures": {
		"0": "item/flans/items/cheatcodes/banker_cc",
		"particle": "item/flans/items/cheatcodes/banker_cc"
	},
	"elements": [
		{
			"name": "banker_cc_0",
			"from": [10, 4, 0],
			"to": [12, 14, 1],
			"faces": {
				"north": {"uv": [12, 2, 10, 12], "texture": "#0"},
				"east": {"uv": [11, 2, 12, 12], "texture": "#0"},
				"south": {"uv": [10, 2, 12, 12], "texture": "#0"},
				"west": {"uv": [10, 2, 11, 12], "texture": "#0"},
				"up": {"uv": [10, 2, 12, 3], "texture": "#0"},
				"down": {"uv": [10, 11, 12, 12], "texture": "#0"}
			}
		},
		{
			"name": "banker_cc_1",
			"from": [7, 4, 0],
			"to": [10, 13, 1],
			"faces": {
				"north": {"uv": [10, 3, 7, 12], "texture": "#0"},
				"east": {"uv": [9, 3, 10, 12], "texture": "#0"},
				"south": {"uv": [7, 3, 10, 12], "texture": "#0"},
				"west": {"uv": [7, 3, 8, 12], "texture": "#0"},
				"up": {"uv": [7, 3, 10, 4], "texture": "#0"},
				"down": {"uv": [7, 11, 10, 12], "texture": "#0"}
			}
		},
		{
			"name": "banker_cc_2",
			"from": [12, 5, 0],
			"to": [13, 13, 1],
			"faces": {
				"north": {"uv": [13, 3, 12, 11], "texture": "#0"},
				"east": {"uv": [12, 3, 13, 11], "texture": "#0"},
				"south": {"uv": [12, 3, 13, 11], "texture": "#0"},
				"west": {"uv": [12, 3, 13, 11], "texture": "#0"},
				"up": {"uv": [12, 3, 13, 4], "texture": "#0"},
				"down": {"uv": [12, 10, 13, 11], "texture": "#0"}
			}
		},
		{
			"name": "banker_cc_3",
			"from": [4, 3, 0],
			"to": [7, 12, 1],
			"faces": {
				"north": {"uv": [7, 4, 4, 13], "texture": "#0"},
				"east": {"uv": [6, 4, 7, 13], "texture": "#0"},
				"south": {"uv": [4, 4, 7, 13], "texture": "#0"},
				"west": {"uv": [4, 4, 5, 13], "texture": "#0"},
				"up": {"uv": [4, 4, 7, 5], "texture": "#0"},
				"down": {"uv": [4, 12, 7, 13], "texture": "#0"}
			}
		},
		{
			"name": "banker_cc_4",
			"from": [13, 5, 0],
			"to": [14, 12, 1],
			"faces": {
				"north": {"uv": [14, 4, 13, 11], "texture": "#0"},
				"east": {"uv": [13, 4, 14, 11], "texture": "#0"},
				"south": {"uv": [13, 4, 14, 11], "texture": "#0"},
				"west": {"uv": [13, 4, 14, 11], "texture": "#0"},
				"up": {"uv": [13, 4, 14, 5], "texture": "#0"},
				"down": {"uv": [13, 10, 14, 11], "texture": "#0"}
			}
		},
		{
			"name": "banker_cc_5",
			"from": [1, 4, 0],
			"to": [4, 11, 1],
			"faces": {
				"north": {"uv": [4, 5, 1, 12], "texture": "#0"},
				"east": {"uv": [3, 5, 4, 12], "texture": "#0"},
				"south": {"uv": [1, 5, 4, 12], "texture": "#0"},
				"west": {"uv": [1, 5, 2, 12], "texture": "#0"},
				"up": {"uv": [1, 5, 4, 6], "texture": "#0"},
				"down": {"uv": [1, 11, 4, 12], "texture": "#0"}
			}
		},
		{
			"name": "banker_cc_6",
			"from": [14, 5, 0],
			"to": [15, 11, 1],
			"faces": {
				"north": {"uv": [15, 5, 14, 11], "texture": "#0"},
				"east": {"uv": [14, 5, 15, 11], "texture": "#0"},
				"south": {"uv": [14, 5, 15, 11], "texture": "#0"},
				"west": {"uv": [14, 5, 15, 11], "texture": "#0"},
				"up": {"uv": [14, 5, 15, 6], "texture": "#0"},
				"down": {"uv": [14, 10, 15, 11], "texture": "#0"}
			}
		},
		{
			"name": "banker_cc_7",
			"from": [0, 5, 0],
			"to": [1, 10, 1],
			"faces": {
				"north": {"uv": [1, 6, 0, 11], "texture": "#0"},
				"east": {"uv": [0, 6, 1, 11], "texture": "#0"},
				"south": {"uv": [0, 6, 1, 11], "texture": "#0"},
				"west": {"uv": [0, 6, 1, 11], "texture": "#0"},
				"up": {"uv": [0, 6, 1, 7], "texture": "#0"},
				"down": {"uv": [0, 10, 1, 11], "texture": "#0"}
			}
		},
		{
			"name": "banker_cc_8",
			"from": [15, 6, 0],
			"to": [16, 10, 1],
			"faces": {
				"north": {"uv": [16, 6, 15, 10], "texture": "#0"},
				"east": {"uv": [15, 6, 16, 10], "texture": "#0"},
				"south": {"uv": [15, 6, 16, 10], "texture": "#0"},
				"west": {"uv": [15, 6, 16, 10], "texture": "#0"},
				"up": {"uv": [15, 6, 16, 7], "texture": "#0"},
				"down": {"uv": [15, 9, 16, 10], "texture": "#0"}
			}
		},
		{
			"name": "banker_cc_9",
			"from": [2, 3, 0],
			"to": [4, 4, 1],
			"faces": {
				"north": {"uv": [4, 12, 2, 13], "texture": "#0"},
				"east": {"uv": [3, 12, 4, 13], "texture": "#0"},
				"south": {"uv": [2, 12, 4, 13], "texture": "#0"},
				"west": {"uv": [2, 12, 3, 13], "texture": "#0"},
				"up": {"uv": [2, 12, 4, 13], "texture": "#0"},
				"down": {"uv": [2, 12, 4, 13], "texture": "#0"}
			}
		},
		{
			"name": "banker_cc_10",
			"from": [7, 3, 0],
			"to": [9, 4, 1],
			"faces": {
				"north": {"uv": [9, 12, 7, 13], "texture": "#0"},
				"east": {"uv": [8, 12, 9, 13], "texture": "#0"},
				"south": {"uv": [7, 12, 9, 13], "texture": "#0"},
				"west": {"uv": [7, 12, 8, 13], "texture": "#0"},
				"up": {"uv": [7, 12, 9, 13], "texture": "#0"},
				"down": {"uv": [7, 12, 9, 13], "texture": "#0"}
			}
		},
		{
			"name": "banker_cc_11",
			"from": [3, 2, 0],
			"to": [6, 3, 1],
			"faces": {
				"north": {"uv": [6, 13, 3, 14], "texture": "#0"},
				"east": {"uv": [5, 13, 6, 14], "texture": "#0"},
				"south": {"uv": [3, 13, 6, 14], "texture": "#0"},
				"west": {"uv": [3, 13, 4, 14], "texture": "#0"},
				"up": {"uv": [3, 13, 6, 14], "texture": "#0"},
				"down": {"uv": [3, 13, 6, 14], "texture": "#0"}
			}
		}
	],
	"gui_light": "front",
	"display": {
		"thirdperson_righthand": {
			"rotation": [-180, 0, -180],
			"translation": [0.25, 2.68, -2.62],
			"scale": [0.4, 0.4, 0.4]
		},
		"thirdperson_lefthand": {
			"rotation": [-180, 0, -180],
			"translation": [0, 2.68, -2.37],
			"scale": [0.4, 0.4, 0.4]
		},
		"firstperson_righthand": {
			"rotation": [4, 90, 0],
			"translation": [4.49, 4.39, 0.13],
			"scale": [0.6, 0.6, 0.6]
		},
		"firstperson_lefthand": {
			"rotation": [4, -90, 0],
			"translation": [-3.71, 4.64, -0.38],
			"scale": [0.6, 0.6, 0.6]
		},
		"ground": {
			"translation": [0, 5, 0]
		},
		"gui": {
			"rotation": [0, -180, 0],
			"translation": [0.06, -0.25, 0]
		},
		"head": {
			"translation": [-0.25, 9.25, -2.5],
			"scale": [0.4, 0.4, 0.4]
		},
		"fixed": {
			"translation": [0.3, 0.2, 7.9]
		}
	},
	"groups": [
		{
			"name": "banker_cc",
			"origin": [8, 8, 8],
			"color": 0,
			"children": [0, 1, 2, 3, 4, 5, 6, 7, 8, 9, 10, 11]
		}
	]
}