{
	"format_version": "1.21.6",
	"credit": "Made with Blockbench",
	"textures": {
		"0": "item/flans/items/cheatcodes/custom_kit_cc",
		"particle": "item/flans/items/cheatcodes/custom_kit_cc"
	},
	"elements": [
		{
			"name": "custom_kit_cc_0",
			"from": [13, 13, 0],
			"to": [16, 16, 1],
			"faces": {
				"north": {"uv": [16, 0, 13, 3], "texture": "#0"},
				"east": {"uv": [15, 0, 16, 3], "texture": "#0"},
				"south": {"uv": [13, 0, 16, 3], "texture": "#0"},
				"west": {"uv": [13, 0, 14, 3], "texture": "#0"},
				"up": {"uv": [13, 0, 16, 1], "texture": "#0"},
				"down": {"uv": [13, 2, 16, 3], "texture": "#0"}
			}
		},
		{
			"name": "custom_kit_cc_1",
			"from": [12, 10, 0],
			"to": [13, 15, 1],
			"faces": {
				"north": {"uv": [13, 1, 12, 6], "texture": "#0"},
				"east": {"uv": [12, 1, 13, 6], "texture": "#0"},
				"south": {"uv": [12, 1, 13, 6], "texture": "#0"},
				"west": {"uv": [12, 1, 13, 6], "texture": "#0"},
				"up": {"uv": [12, 1, 13, 2], "texture": "#0"},
				"down": {"uv": [12, 5, 13, 6], "texture": "#0"}
			}
		},
		{
			"name": "custom_kit_cc_2",
			"from": [11, 9, 0],
			"to": [12, 14, 1],
			"faces": {
				"north": {"uv": [12, 2, 11, 7], "texture": "#0"},
				"east": {"uv": [11, 2, 12, 7], "texture": "#0"},
				"south": {"uv": [11, 2, 12, 7], "texture": "#0"},
				"west": {"uv": [11, 2, 12, 7], "texture": "#0"},
				"up": {"uv": [11, 2, 12, 3], "texture": "#0"},
				"down": {"uv": [11, 6, 12, 7], "texture": "#0"}
			}
		},
		{
			"name": "custom_kit_cc_3",
			"from": [10, 8, 0],
			"to": [11, 13, 1],
			"faces": {
				"north": {"uv": [11, 3, 10, 8], "texture": "#0"},
				"east": {"uv": [10, 3, 11, 8], "texture": "#0"},
				"south": {"uv": [10, 3, 11, 8], "texture": "#0"},
				"west": {"uv": [10, 3, 11, 8], "texture": "#0"},
				"up": {"uv": [10, 3, 11, 4], "texture": "#0"},
				"down": {"uv": [10, 7, 11, 8], "texture": "#0"}
			}
		},
		{
			"name": "custom_kit_cc_4",
			"from": [13, 12, 0],
			"to": [15, 13, 1],
			"faces": {
				"north": {"uv": [15, 3, 13, 4], "texture": "#0"},
				"east": {"uv": [14, 3, 15, 4], "texture": "#0"},
				"south": {"uv": [13, 3, 15, 4], "texture": "#0"},
				"west": {"uv": [13, 3, 14, 4], "texture": "#0"},
				"up": {"uv": [13, 3, 15, 4], "texture": "#0"},
				"down": {"uv": [13, 3, 15, 4], "texture": "#0"}
			}
		},
		{
			"name": "custom_kit_cc_5",
			"from": [9, 7, 0],
			"to": [10, 12, 1],
			"faces": {
				"north": {"uv": [10, 4, 9, 9], "texture": "#0"},
				"east": {"uv": [9, 4, 10, 9], "texture": "#0"},
				"south": {"uv": [9, 4, 10, 9], "texture": "#0"},
				"west": {"uv": [9, 4, 10, 9], "texture": "#0"},
				"up": {"uv": [9, 4, 10, 5], "texture": "#0"},
				"down": {"uv": [9, 8, 10, 9], "texture": "#0"}
			}
		},
		{
			"name": "custom_kit_cc_6",
			"from": [13, 11, 0],
			"to": [14, 12, 1],
			"faces": {
				"north": {"uv": [14, 4, 13, 5], "texture": "#0"},
				"east": {"uv": [13, 4, 14, 5], "texture": "#0"},
				"south": {"uv": [13, 4, 14, 5], "texture": "#0"},
				"west": {"uv": [13, 4, 14, 5], "texture": "#0"},
				"up": {"uv": [13, 4, 14, 5], "texture": "#0"},
				"down": {"uv": [13, 4, 14, 5], "texture": "#0"}
			}
		},
		{
			"name": "custom_kit_cc_7",
			"from": [8, 6, 0],
			"to": [9, 11, 1],
			"faces": {
				"north": {"uv": [9, 5, 8, 10], "texture": "#0"},
				"east": {"uv": [8, 5, 9, 10], "texture": "#0"},
				"south": {"uv": [8, 5, 9, 10], "texture": "#0"},
				"west": {"uv": [8, 5, 9, 10], "texture": "#0"},
				"up": {"uv": [8, 5, 9, 6], "texture": "#0"},
				"down": {"uv": [8, 9, 9, 10], "texture": "#0"}
			}
		},
		{
			"name": "custom_kit_cc_8",
			"from": [2, 8, 0],
			"to": [4, 10, 1],
			"faces": {
				"north": {"uv": [4, 6, 2, 8], "texture": "#0"},
				"east": {"uv": [3, 6, 4, 8], "texture": "#0"},
				"south": {"uv": [2, 6, 4, 8], "texture": "#0"},
				"west": {"uv": [2, 6, 3, 8], "texture": "#0"},
				"up": {"uv": [2, 6, 4, 7], "texture": "#0"},
				"down": {"uv": [2, 7, 4, 8], "texture": "#0"}
			}
		},
		{
			"name": "custom_kit_cc_9",
			"from": [7, 2, 0],
			"to": [8, 10, 1],
			"faces": {
				"north": {"uv": [8, 6, 7, 14], "texture": "#0"},
				"east": {"uv": [7, 6, 8, 14], "texture": "#0"},
				"south": {"uv": [7, 6, 8, 14], "texture": "#0"},
				"west": {"uv": [7, 6, 8, 14], "texture": "#0"},
				"up": {"uv": [7, 6, 8, 7], "texture": "#0"},
				"down": {"uv": [7, 13, 8, 14], "texture": "#0"}
			}
		},
		{
			"name": "custom_kit_cc_10",
			"from": [4, 3, 0],
			"to": [5, 9, 1],
			"faces": {
				"north": {"uv": [5, 7, 4, 13], "texture": "#0"},
				"east": {"uv": [4, 7, 5, 13], "texture": "#0"},
				"south": {"uv": [4, 7, 5, 13], "texture": "#0"},
				"west": {"uv": [4, 7, 5, 13], "texture": "#0"},
				"up": {"uv": [4, 7, 5, 8], "texture": "#0"},
				"down": {"uv": [4, 12, 5, 13], "texture": "#0"}
			}
		},
		{
			"name": "custom_kit_cc_11",
			"from": [6, 3, 0],
			"to": [7, 9, 1],
			"faces": {
				"north": {"uv": [7, 7, 6, 13], "texture": "#0"},
				"east": {"uv": [6, 7, 7, 13], "texture": "#0"},
				"south": {"uv": [6, 7, 7, 13], "texture": "#0"},
				"west": {"uv": [6, 7, 7, 13], "texture": "#0"},
				"up": {"uv": [6, 7, 7, 8], "texture": "#0"},
				"down": {"uv": [6, 12, 7, 13], "texture": "#0"}
			}
		},
		{
			"name": "custom_kit_cc_12",
			"from": [3, 6, 0],
			"to": [4, 8, 1],
			"faces": {
				"north": {"uv": [4, 8, 3, 10], "texture": "#0"},
				"east": {"uv": [3, 8, 4, 10], "texture": "#0"},
				"south": {"uv": [3, 8, 4, 10], "texture": "#0"},
				"west": {"uv": [3, 8, 4, 10], "texture": "#0"},
				"up": {"uv": [3, 8, 4, 9], "texture": "#0"},
				"down": {"uv": [3, 9, 4, 10], "texture": "#0"}
			}
		},
		{
			"name": "custom_kit_cc_13",
			"from": [5, 4, 0],
			"to": [6, 8, 1],
			"faces": {
				"north": {"uv": [6, 8, 5, 12], "texture": "#0"},
				"east": {"uv": [5, 8, 6, 12], "texture": "#0"},
				"south": {"uv": [5, 8, 6, 12], "texture": "#0"},
				"west": {"uv": [5, 8, 6, 12], "texture": "#0"},
				"up": {"uv": [5, 8, 6, 9], "texture": "#0"},
				"down": {"uv": [5, 11, 6, 12], "texture": "#0"}
			}
		},
		{
			"name": "custom_kit_cc_14",
			"from": [3, 2, 0],
			"to": [4, 5, 1],
			"faces": {
				"north": {"uv": [4, 11, 3, 14], "texture": "#0"},
				"east": {"uv": [3, 11, 4, 14], "texture": "#0"},
				"south": {"uv": [3, 11, 4, 14], "texture": "#0"},
				"west": {"uv": [3, 11, 4, 14], "texture": "#0"},
				"up": {"uv": [3, 11, 4, 12], "texture": "#0"},
				"down": {"uv": [3, 13, 4, 14], "texture": "#0"}
			}
		},
		{
			"name": "custom_kit_cc_15",
			"from": [8, 2, 0],
			"to": [9, 5, 1],
			"faces": {
				"north": {"uv": [9, 11, 8, 14], "texture": "#0"},
				"east": {"uv": [8, 11, 9, 14], "texture": "#0"},
				"south": {"uv": [8, 11, 9, 14], "texture": "#0"},
				"west": {"uv": [8, 11, 9, 14], "texture": "#0"},
				"up": {"uv": [8, 11, 9, 12], "texture": "#0"},
				"down": {"uv": [8, 13, 9, 14], "texture": "#0"}
			}
		},
		{
			"name": "custom_kit_cc_16",
			"from": [2, 0, 0],
			"to": [3, 4, 1],
			"faces": {
				"north": {"uv": [3, 12, 2, 16], "texture": "#0"},
				"east": {"uv": [2, 12, 3, 16], "texture": "#0"},
				"south": {"uv": [2, 12, 3, 16], "texture": "#0"},
				"west": {"uv": [2, 12, 3, 16], "texture": "#0"},
				"up": {"uv": [2, 12, 3, 13], "texture": "#0"},
				"down": {"uv": [2, 15, 3, 16], "texture": "#0"}
			}
		},
		{
			"name": "custom_kit_cc_17",
			"from": [9, 2, 0],
			"to": [10, 4, 1],
			"faces": {
				"north": {"uv": [10, 12, 9, 14], "texture": "#0"},
				"east": {"uv": [9, 12, 10, 14], "texture": "#0"},
				"south": {"uv": [9, 12, 10, 14], "texture": "#0"},
				"west": {"uv": [9, 12, 10, 14], "texture": "#0"},
				"up": {"uv": [9, 12, 10, 13], "texture": "#0"},
				"down": {"uv": [9, 13, 10, 14], "texture": "#0"}
			}
		},
		{
			"name": "custom_kit_cc_18",
			"from": [0, 0, 0],
			"to": [2, 3, 1],
			"faces": {
				"north": {"uv": [2, 13, 0, 16], "texture": "#0"},
				"east": {"uv": [1, 13, 2, 16], "texture": "#0"},
				"south": {"uv": [0, 13, 2, 16], "texture": "#0"},
				"west": {"uv": [0, 13, 1, 16], "texture": "#0"},
				"up": {"uv": [0, 13, 2, 14], "texture": "#0"},
				"down": {"uv": [0, 15, 2, 16], "texture": "#0"}
			}
		}
	],
	"gui_light": "front",
	"display": {
		"thirdperson_righthand": {
			"rotation": [-180, 0, -180],
			"translation": [0.25, 2.68, -2.62],
			"scale": [0.4, 0.4, 0.4]
		},
		"thirdperson_lefthand": {
			"rotation": [-180, 0, -180],
			"translation": [0, 2.68, -2.37],
			"scale": [0.4, 0.4, 0.4]
		},
		"firstperson_righthand": {
			"rotation": [4, 90, 0],
			"translation": [4.49, 4.39, 0.13],
			"scale": [0.6, 0.6, 0.6]
		},
		"firstperson_lefthand": {
			"rotation": [4, -90, 0],
			"translation": [-3.71, 4.64, -0.38],
			"scale": [0.6, 0.6, 0.6]
		},
		"ground": {
			"translation": [0, 5, 0]
		},
		"gui": {
			"rotation": [0, -180, 0],
			"translation": [0.06, -0.25, 0]
		},
		"head": {
			"translation": [-0.25, 9.25, -2.5],
			"scale": [0.4, 0.4, 0.4]
		},
		"fixed": {
			"translation": [0.3, 0.2, 7.9]
		}
	},
	"groups": [
		{
			"name": "custom_kit_cc",
			"origin": [8, 8, 8],
			"color": 0,
			"children": [0, 1, 2, 3, 4, 5, 6, 7, 8, 9, 10, 11, 12, 13, 14, 15, 16, 17, 18]
		}
	]
}