{
	"format_version": "1.21.6",
	"credit": "Made with Blockbench",
	"textures": {
		"0": "item/flans/items/cheatcodes/fix_cc",
		"particle": "item/flans/items/cheatcodes/fix_cc"
	},
	"elements": [
		{
			"name": "fix_cc_0",
			"from": [4, 2, 0],
			"to": [6, 15, 1],
			"faces": {
				"north": {"uv": [6, 1, 4, 14], "texture": "#0"},
				"east": {"uv": [5, 1, 6, 14], "texture": "#0"},
				"south": {"uv": [4, 1, 6, 14], "texture": "#0"},
				"west": {"uv": [4, 1, 5, 14], "texture": "#0"},
				"up": {"uv": [4, 1, 6, 2], "texture": "#0"},
				"down": {"uv": [4, 13, 6, 14], "texture": "#0"}
			}
		},
		{
			"name": "fix_cc_1",
			"from": [8, 3, 0],
			"to": [12, 15, 1],
			"faces": {
				"north": {"uv": [12, 1, 8, 13], "texture": "#0"},
				"east": {"uv": [11, 1, 12, 13], "texture": "#0"},
				"south": {"uv": [8, 1, 12, 13], "texture": "#0"},
				"west": {"uv": [8, 1, 9, 13], "texture": "#0"},
				"up": {"uv": [8, 1, 12, 2], "texture": "#0"},
				"down": {"uv": [8, 12, 12, 13], "texture": "#0"}
			}
		},
		{
			"name": "fix_cc_2",
			"from": [2, 5, 0],
			"to": [4, 14, 1],
			"faces": {
				"north": {"uv": [4, 2, 2, 11], "texture": "#0"},
				"east": {"uv": [3, 2, 4, 11], "texture": "#0"},
				"south": {"uv": [2, 2, 4, 11], "texture": "#0"},
				"west": {"uv": [2, 2, 3, 11], "texture": "#0"},
				"up": {"uv": [2, 2, 4, 3], "texture": "#0"},
				"down": {"uv": [2, 10, 4, 11], "texture": "#0"}
			}
		},
		{
			"name": "fix_cc_3",
			"from": [6, 3, 0],
			"to": [8, 14, 1],
			"faces": {
				"north": {"uv": [8, 2, 6, 13], "texture": "#0"},
				"east": {"uv": [7, 2, 8, 13], "texture": "#0"},
				"south": {"uv": [6, 2, 8, 13], "texture": "#0"},
				"west": {"uv": [6, 2, 7, 13], "texture": "#0"},
				"up": {"uv": [6, 2, 8, 3], "texture": "#0"},
				"down": {"uv": [6, 12, 8, 13], "texture": "#0"}
			}
		},
		{
			"name": "fix_cc_4",
			"from": [12, 3, 0],
			"to": [14, 14, 1],
			"faces": {
				"north": {"uv": [14, 2, 12, 13], "texture": "#0"},
				"east": {"uv": [13, 2, 14, 13], "texture": "#0"},
				"south": {"uv": [12, 2, 14, 13], "texture": "#0"},
				"west": {"uv": [12, 2, 13, 13], "texture": "#0"},
				"up": {"uv": [12, 2, 14, 3], "texture": "#0"},
				"down": {"uv": [12, 12, 14, 13], "texture": "#0"}
			}
		},
		{
			"name": "fix_cc_5",
			"from": [1, 6, 0],
			"to": [2, 13, 1],
			"faces": {
				"north": {"uv": [2, 3, 1, 10], "texture": "#0"},
				"east": {"uv": [1, 3, 2, 10], "texture": "#0"},
				"south": {"uv": [1, 3, 2, 10], "texture": "#0"},
				"west": {"uv": [1, 3, 2, 10], "texture": "#0"},
				"up": {"uv": [1, 3, 2, 4], "texture": "#0"},
				"down": {"uv": [1, 9, 2, 10], "texture": "#0"}
			}
		},
		{
			"name": "fix_cc_6",
			"from": [14, 8, 0],
			"to": [15, 13, 1],
			"faces": {
				"north": {"uv": [15, 3, 14, 8], "texture": "#0"},
				"east": {"uv": [14, 3, 15, 8], "texture": "#0"},
				"south": {"uv": [14, 3, 15, 8], "texture": "#0"},
				"west": {"uv": [14, 3, 15, 8], "texture": "#0"},
				"up": {"uv": [14, 3, 15, 4], "texture": "#0"},
				"down": {"uv": [14, 7, 15, 8], "texture": "#0"}
			}
		},
		{
			"name": "fix_cc_7",
			"from": [0, 9, 0],
			"to": [1, 12, 1],
			"faces": {
				"north": {"uv": [1, 4, 0, 7], "texture": "#0"},
				"east": {"uv": [0, 4, 1, 7], "texture": "#0"},
				"south": {"uv": [0, 4, 1, 7], "texture": "#0"},
				"west": {"uv": [0, 4, 1, 7], "texture": "#0"},
				"up": {"uv": [0, 4, 1, 5], "texture": "#0"},
				"down": {"uv": [0, 6, 1, 7], "texture": "#0"}
			}
		},
		{
			"name": "fix_cc_8",
			"from": [15, 9, 0],
			"to": [16, 12, 1],
			"faces": {
				"north": {"uv": [16, 4, 15, 7], "texture": "#0"},
				"east": {"uv": [15, 4, 16, 7], "texture": "#0"},
				"south": {"uv": [15, 4, 16, 7], "texture": "#0"},
				"west": {"uv": [15, 4, 16, 7], "texture": "#0"},
				"up": {"uv": [15, 4, 16, 5], "texture": "#0"},
				"down": {"uv": [15, 6, 16, 7], "texture": "#0"}
			}
		},
		{
			"name": "fix_cc_9",
			"from": [14, 4, 0],
			"to": [15, 7, 1],
			"faces": {
				"north": {"uv": [15, 9, 14, 12], "texture": "#0"},
				"east": {"uv": [14, 9, 15, 12], "texture": "#0"},
				"south": {"uv": [14, 9, 15, 12], "texture": "#0"},
				"west": {"uv": [14, 9, 15, 12], "texture": "#0"},
				"up": {"uv": [14, 9, 15, 10], "texture": "#0"},
				"down": {"uv": [14, 11, 15, 12], "texture": "#0"}
			}
		},
		{
			"name": "fix_cc_10",
			"from": [3, 1, 0],
			"to": [4, 5, 1],
			"faces": {
				"north": {"uv": [4, 11, 3, 15], "texture": "#0"},
				"east": {"uv": [3, 11, 4, 15], "texture": "#0"},
				"south": {"uv": [3, 11, 4, 15], "texture": "#0"},
				"west": {"uv": [3, 11, 4, 15], "texture": "#0"},
				"up": {"uv": [3, 11, 4, 12], "texture": "#0"},
				"down": {"uv": [3, 14, 4, 15], "texture": "#0"}
			}
		},
		{
			"name": "fix_cc_11",
			"from": [2, 2, 0],
			"to": [3, 4, 1],
			"faces": {
				"north": {"uv": [3, 12, 2, 14], "texture": "#0"},
				"east": {"uv": [2, 12, 3, 14], "texture": "#0"},
				"south": {"uv": [2, 12, 3, 14], "texture": "#0"},
				"west": {"uv": [2, 12, 3, 14], "texture": "#0"},
				"up": {"uv": [2, 12, 3, 13], "texture": "#0"},
				"down": {"uv": [2, 13, 3, 14], "texture": "#0"}
			}
		},
		{
			"name": "fix_cc_12",
			"from": [10, 2, 0],
			"to": [13, 3, 1],
			"faces": {
				"north": {"uv": [13, 13, 10, 14], "texture": "#0"},
				"east": {"uv": [12, 13, 13, 14], "texture": "#0"},
				"south": {"uv": [10, 13, 13, 14], "texture": "#0"},
				"west": {"uv": [10, 13, 11, 14], "texture": "#0"},
				"up": {"uv": [10, 13, 13, 14], "texture": "#0"},
				"down": {"uv": [10, 13, 13, 14], "texture": "#0"}
			}
		},
		{
			"name": "fix_cc_13",
			"from": [4, 1, 0],
			"to": [5, 2, 1],
			"faces": {
				"north": {"uv": [5, 14, 4, 15], "texture": "#0"},
				"east": {"uv": [4, 14, 5, 15], "texture": "#0"},
				"south": {"uv": [4, 14, 5, 15], "texture": "#0"},
				"west": {"uv": [4, 14, 5, 15], "texture": "#0"},
				"up": {"uv": [4, 14, 5, 15], "texture": "#0"},
				"down": {"uv": [4, 14, 5, 15], "texture": "#0"}
			}
		}
	],
	"gui_light": "front",
	"display": {
		"thirdperson_righthand": {
			"rotation": [-180, 0, -180],
			"translation": [0.25, 2.68, -2.62],
			"scale": [0.4, 0.4, 0.4]
		},
		"thirdperson_lefthand": {
			"rotation": [-180, 0, -180],
			"translation": [0, 2.68, -2.37],
			"scale": [0.4, 0.4, 0.4]
		},
		"firstperson_righthand": {
			"rotation": [4, 90, 0],
			"translation": [4.49, 4.39, 0.13],
			"scale": [0.6, 0.6, 0.6]
		},
		"firstperson_lefthand": {
			"rotation": [4, -90, 0],
			"translation": [-3.71, 4.64, -0.38],
			"scale": [0.6, 0.6, 0.6]
		},
		"ground": {
			"translation": [0, 5, 0]
		},
		"gui": {
			"rotation": [0, -180, 0],
			"translation": [0.06, -0.25, 0]
		},
		"head": {
			"translation": [-0.25, 9.25, -2.5],
			"scale": [0.4, 0.4, 0.4]
		},
		"fixed": {
			"translation": [0.3, 0.2, 7.9]
		}
	},
	"groups": [
		{
			"name": "fix_cc",
			"origin": [8, 8, 8],
			"color": 0,
			"children": [0, 1, 2, 3, 4, 5, 6, 7, 8, 9, 10, 11, 12, 13]
		}
	]
}