{
	"format_version": "1.21.6",
	"credit": "Made with Blockbench",
	"textures": {
		"0": "item/flans/items/cheatcodes/health_insurance_cc",
		"particle": "item/flans/items/cheatcodes/health_insurance_cc"
	},
	"elements": [
		{
			"name": "health_insurance_cc_0",
			"from": [5, 1, 0],
			"to": [11, 15, 1],
			"faces": {
				"north": {"uv": [11, 1, 5, 15], "texture": "#0"},
				"east": {"uv": [10, 1, 11, 15], "texture": "#0"},
				"south": {"uv": [5, 1, 11, 15], "texture": "#0"},
				"west": {"uv": [5, 1, 6, 15], "texture": "#0"},
				"up": {"uv": [5, 1, 11, 2], "texture": "#0"},
				"down": {"uv": [5, 14, 11, 15], "texture": "#0"}
			}
		},
		{
			"name": "health_insurance_cc_1",
			"from": [3, 2, 0],
			"to": [5, 14, 1],
			"faces": {
				"north": {"uv": [5, 2, 3, 14], "texture": "#0"},
				"east": {"uv": [4, 2, 5, 14], "texture": "#0"},
				"south": {"uv": [3, 2, 5, 14], "texture": "#0"},
				"west": {"uv": [3, 2, 4, 14], "texture": "#0"},
				"up": {"uv": [3, 2, 5, 3], "texture": "#0"},
				"down": {"uv": [3, 13, 5, 14], "texture": "#0"}
			}
		},
		{
			"name": "health_insurance_cc_2",
			"from": [11, 2, 0],
			"to": [13, 14, 1],
			"faces": {
				"north": {"uv": [13, 2, 11, 14], "texture": "#0"},
				"east": {"uv": [12, 2, 13, 14], "texture": "#0"},
				"south": {"uv": [11, 2, 13, 14], "texture": "#0"},
				"west": {"uv": [11, 2, 12, 14], "texture": "#0"},
				"up": {"uv": [11, 2, 13, 3], "texture": "#0"},
				"down": {"uv": [11, 13, 13, 14], "texture": "#0"}
			}
		},
		{
			"name": "health_insurance_cc_3",
			"from": [1, 3, 0],
			"to": [3, 13, 1],
			"faces": {
				"north": {"uv": [3, 3, 1, 13], "texture": "#0"},
				"east": {"uv": [2, 3, 3, 13], "texture": "#0"},
				"south": {"uv": [1, 3, 3, 13], "texture": "#0"},
				"west": {"uv": [1, 3, 2, 13], "texture": "#0"},
				"up": {"uv": [1, 3, 3, 4], "texture": "#0"},
				"down": {"uv": [1, 12, 3, 13], "texture": "#0"}
			}
		},
		{
			"name": "health_insurance_cc_4",
			"from": [13, 3, 0],
			"to": [15, 13, 1],
			"faces": {
				"north": {"uv": [15, 3, 13, 13], "texture": "#0"},
				"east": {"uv": [14, 3, 15, 13], "texture": "#0"},
				"south": {"uv": [13, 3, 15, 13], "texture": "#0"},
				"west": {"uv": [13, 3, 14, 13], "texture": "#0"},
				"up": {"uv": [13, 3, 15, 4], "texture": "#0"},
				"down": {"uv": [13, 12, 15, 13], "texture": "#0"}
			}
		},
		{
			"name": "health_insurance_cc_5",
			"from": [0, 4, 0],
			"to": [1, 12, 1],
			"faces": {
				"north": {"uv": [1, 4, 0, 12], "texture": "#0"},
				"east": {"uv": [0, 4, 1, 12], "texture": "#0"},
				"south": {"uv": [0, 4, 1, 12], "texture": "#0"},
				"west": {"uv": [0, 4, 1, 12], "texture": "#0"},
				"up": {"uv": [0, 4, 1, 5], "texture": "#0"},
				"down": {"uv": [0, 11, 1, 12], "texture": "#0"}
			}
		},
		{
			"name": "health_insurance_cc_6",
			"from": [15, 4, 0],
			"to": [16, 12, 1],
			"faces": {
				"north": {"uv": [16, 4, 15, 12], "texture": "#0"},
				"east": {"uv": [15, 4, 16, 12], "texture": "#0"},
				"south": {"uv": [15, 4, 16, 12], "texture": "#0"},
				"west": {"uv": [15, 4, 16, 12], "texture": "#0"},
				"up": {"uv": [15, 4, 16, 5], "texture": "#0"},
				"down": {"uv": [15, 11, 16, 12], "texture": "#0"}
			}
		},
		{
			"name": "health_insurance_cc_7",
			"from": [13, 2, 0],
			"to": [14, 3, 1],
			"faces": {
				"north": {"uv": [14, 13, 13, 14], "texture": "#0"},
				"east": {"uv": [13, 13, 14, 14], "texture": "#0"},
				"south": {"uv": [13, 13, 14, 14], "texture": "#0"},
				"west": {"uv": [13, 13, 14, 14], "texture": "#0"},
				"up": {"uv": [13, 13, 14, 14], "texture": "#0"},
				"down": {"uv": [13, 13, 14, 14], "texture": "#0"}
			}
		}
	],
	"gui_light": "front",
	"display": {
		"thirdperson_righthand": {
			"rotation": [-180, 0, -180],
			"translation": [0.25, 2.68, -2.62],
			"scale": [0.4, 0.4, 0.4]
		},
		"thirdperson_lefthand": {
			"rotation": [-180, 0, -180],
			"translation": [0, 2.68, -2.37],
			"scale": [0.4, 0.4, 0.4]
		},
		"firstperson_righthand": {
			"rotation": [4, 90, 0],
			"translation": [4.49, 4.39, 0.13],
			"scale": [0.6, 0.6, 0.6]
		},
		"firstperson_lefthand": {
			"rotation": [4, -90, 0],
			"translation": [-3.71, 4.64, -0.38],
			"scale": [0.6, 0.6, 0.6]
		},
		"ground": {
			"translation": [0, 5, 0]
		},
		"gui": {
			"rotation": [0, -180, 0],
			"translation": [0.06, -0.25, 0]
		},
		"head": {
			"translation": [-0.25, 9.25, -2.5],
			"scale": [0.4, 0.4, 0.4]
		},
		"fixed": {
			"translation": [0.3, 0.2, 7.9]
		}
	},
	"groups": [
		{
			"name": "health_insurance_cc",
			"origin": [8, 8, 8],
			"color": 0,
			"children": [0, 1, 2, 3, 4, 5, 6, 7]
		}
	]
}