{
	"format_version": "1.21.6",
	"credit": "Made with Blockbench",
	"textures": {
		"0": "item/flans/items/cheatcodes/house_slot_cc",
		"particle": "item/flans/items/cheatcodes/house_slot_cc"
	},
	"elements": [
		{
			"name": "house_slot_cc_0",
			"from": [3, 0, 0],
			"to": [5, 14, 1],
			"faces": {
				"north": {"uv": [5, 2, 3, 16], "texture": "#0"},
				"east": {"uv": [4, 2, 5, 16], "texture": "#0"},
				"south": {"uv": [3, 2, 5, 16], "texture": "#0"},
				"west": {"uv": [3, 2, 4, 16], "texture": "#0"},
				"up": {"uv": [3, 2, 5, 3], "texture": "#0"},
				"down": {"uv": [3, 15, 5, 16], "texture": "#0"}
			}
		},
		{
			"name": "house_slot_cc_1",
			"from": [5, 13, 0],
			"to": [13, 14, 1],
			"faces": {
				"north": {"uv": [13, 2, 5, 3], "texture": "#0"},
				"east": {"uv": [12, 2, 13, 3], "texture": "#0"},
				"south": {"uv": [5, 2, 13, 3], "texture": "#0"},
				"west": {"uv": [5, 2, 6, 3], "texture": "#0"},
				"up": {"uv": [5, 2, 13, 3], "texture": "#0"},
				"down": {"uv": [5, 2, 13, 3], "texture": "#0"}
			}
		},
		{
			"name": "house_slot_cc_2",
			"from": [8, 0, 0],
			"to": [9, 13, 1],
			"faces": {
				"north": {"uv": [9, 3, 8, 16], "texture": "#0"},
				"east": {"uv": [8, 3, 9, 16], "texture": "#0"},
				"south": {"uv": [8, 3, 9, 16], "texture": "#0"},
				"west": {"uv": [8, 3, 9, 16], "texture": "#0"},
				"up": {"uv": [8, 3, 9, 4], "texture": "#0"},
				"down": {"uv": [8, 15, 9, 16], "texture": "#0"}
			}
		},
		{
			"name": "house_slot_cc_3",
			"from": [12, 0, 0],
			"to": [13, 13, 1],
			"faces": {
				"north": {"uv": [13, 3, 12, 16], "texture": "#0"},
				"east": {"uv": [12, 3, 13, 16], "texture": "#0"},
				"south": {"uv": [12, 3, 13, 16], "texture": "#0"},
				"west": {"uv": [12, 3, 13, 16], "texture": "#0"},
				"up": {"uv": [12, 3, 13, 4], "texture": "#0"},
				"down": {"uv": [12, 15, 13, 16], "texture": "#0"}
			}
		},
		{
			"name": "house_slot_cc_4",
			"from": [5, 10, 0],
			"to": [8, 11, 1],
			"faces": {
				"north": {"uv": [8, 5, 5, 6], "texture": "#0"},
				"east": {"uv": [7, 5, 8, 6], "texture": "#0"},
				"south": {"uv": [5, 5, 8, 6], "texture": "#0"},
				"west": {"uv": [5, 5, 6, 6], "texture": "#0"},
				"up": {"uv": [5, 5, 8, 6], "texture": "#0"},
				"down": {"uv": [5, 5, 8, 6], "texture": "#0"}
			}
		},
		{
			"name": "house_slot_cc_5",
			"from": [9, 10, 0],
			"to": [12, 11, 1],
			"faces": {
				"north": {"uv": [12, 5, 9, 6], "texture": "#0"},
				"east": {"uv": [11, 5, 12, 6], "texture": "#0"},
				"south": {"uv": [9, 5, 12, 6], "texture": "#0"},
				"west": {"uv": [9, 5, 10, 6], "texture": "#0"},
				"up": {"uv": [9, 5, 12, 6], "texture": "#0"},
				"down": {"uv": [9, 5, 12, 6], "texture": "#0"}
			}
		},
		{
			"name": "house_slot_cc_6",
			"from": [5, 0, 0],
			"to": [8, 8, 1],
			"faces": {
				"north": {"uv": [8, 8, 5, 16], "texture": "#0"},
				"east": {"uv": [7, 8, 8, 16], "texture": "#0"},
				"south": {"uv": [5, 8, 8, 16], "texture": "#0"},
				"west": {"uv": [5, 8, 6, 16], "texture": "#0"},
				"up": {"uv": [5, 8, 8, 9], "texture": "#0"},
				"down": {"uv": [5, 15, 8, 16], "texture": "#0"}
			}
		},
		{
			"name": "house_slot_cc_7",
			"from": [9, 0, 0],
			"to": [12, 8, 1],
			"faces": {
				"north": {"uv": [12, 8, 9, 16], "texture": "#0"},
				"east": {"uv": [11, 8, 12, 16], "texture": "#0"},
				"south": {"uv": [9, 8, 12, 16], "texture": "#0"},
				"west": {"uv": [9, 8, 10, 16], "texture": "#0"},
				"up": {"uv": [9, 8, 12, 9], "texture": "#0"},
				"down": {"uv": [9, 15, 12, 16], "texture": "#0"}
			}
		}
	],
	"gui_light": "front",
	"display": {
		"thirdperson_righthand": {
			"rotation": [-180, 0, -180],
			"translation": [0.25, 2.68, -2.62],
			"scale": [0.4, 0.4, 0.4]
		},
		"thirdperson_lefthand": {
			"rotation": [-180, 0, -180],
			"translation": [0, 2.68, -2.37],
			"scale": [0.4, 0.4, 0.4]
		},
		"firstperson_righthand": {
			"rotation": [4, 90, 0],
			"translation": [4.49, 4.39, 0.13],
			"scale": [0.6, 0.6, 0.6]
		},
		"firstperson_lefthand": {
			"rotation": [4, -90, 0],
			"translation": [-3.71, 4.64, -0.38],
			"scale": [0.6, 0.6, 0.6]
		},
		"ground": {
			"translation": [0, 5, 0]
		},
		"gui": {
			"rotation": [0, -180, 0],
			"translation": [0.06, -0.25, 0]
		},
		"head": {
			"translation": [-0.25, 9.25, -2.5],
			"scale": [0.4, 0.4, 0.4]
		},
		"fixed": {
			"translation": [0.3, 0.2, 7.9]
		}
	},
	"groups": [
		{
			"name": "house_slot_cc",
			"origin": [8, 8, 8],
			"color": 0,
			"children": [0, 1, 2, 3, 4, 5, 6, 7]
		}
	]
}