{
	"format_version": "1.21.6",
	"credit": "Made with Blockbench",
	"textures": {
		"0": "item/flans/items/cheatcodes/near_cc",
		"particle": "item/flans/items/cheatcodes/near_cc"
	},
	"elements": [
		{
			"name": "near_cc_0",
			"from": [5, 2, 0],
			"to": [11, 14, 1],
			"faces": {
				"north": {"uv": [11, 2, 5, 14], "texture": "#0"},
				"east": {"uv": [10, 2, 11, 14], "texture": "#0"},
				"south": {"uv": [5, 2, 11, 14], "texture": "#0"},
				"west": {"uv": [5, 2, 6, 14], "texture": "#0"},
				"up": {"uv": [5, 2, 11, 3], "texture": "#0"},
				"down": {"uv": [5, 13, 11, 14], "texture": "#0"}
			}
		},
		{
			"name": "near_cc_1",
			"from": [3, 3, 0],
			"to": [5, 13, 1],
			"faces": {
				"north": {"uv": [5, 3, 3, 13], "texture": "#0"},
				"east": {"uv": [4, 3, 5, 13], "texture": "#0"},
				"south": {"uv": [3, 3, 5, 13], "texture": "#0"},
				"west": {"uv": [3, 3, 4, 13], "texture": "#0"},
				"up": {"uv": [3, 3, 5, 4], "texture": "#0"},
				"down": {"uv": [3, 12, 5, 13], "texture": "#0"}
			}
		},
		{
			"name": "near_cc_2",
			"from": [11, 3, 0],
			"to": [13, 13, 1],
			"faces": {
				"north": {"uv": [13, 3, 11, 13], "texture": "#0"},
				"east": {"uv": [12, 3, 13, 13], "texture": "#0"},
				"south": {"uv": [11, 3, 13, 13], "texture": "#0"},
				"west": {"uv": [11, 3, 12, 13], "texture": "#0"},
				"up": {"uv": [11, 3, 13, 4], "texture": "#0"},
				"down": {"uv": [11, 12, 13, 13], "texture": "#0"}
			}
		},
		{
			"name": "near_cc_3",
			"from": [2, 4, 0],
			"to": [3, 12, 1],
			"faces": {
				"north": {"uv": [3, 4, 2, 12], "texture": "#0"},
				"east": {"uv": [2, 4, 3, 12], "texture": "#0"},
				"south": {"uv": [2, 4, 3, 12], "texture": "#0"},
				"west": {"uv": [2, 4, 3, 12], "texture": "#0"},
				"up": {"uv": [2, 4, 3, 5], "texture": "#0"},
				"down": {"uv": [2, 11, 3, 12], "texture": "#0"}
			}
		},
		{
			"name": "near_cc_4",
			"from": [13, 4, 0],
			"to": [14, 12, 1],
			"faces": {
				"north": {"uv": [14, 4, 13, 12], "texture": "#0"},
				"east": {"uv": [13, 4, 14, 12], "texture": "#0"},
				"south": {"uv": [13, 4, 14, 12], "texture": "#0"},
				"west": {"uv": [13, 4, 14, 12], "texture": "#0"},
				"up": {"uv": [13, 4, 14, 5], "texture": "#0"},
				"down": {"uv": [13, 11, 14, 12], "texture": "#0"}
			}
		},
		{
			"name": "near_cc_5",
			"from": [1, 5, 0],
			"to": [2, 11, 1],
			"faces": {
				"north": {"uv": [2, 5, 1, 11], "texture": "#0"},
				"east": {"uv": [1, 5, 2, 11], "texture": "#0"},
				"south": {"uv": [1, 5, 2, 11], "texture": "#0"},
				"west": {"uv": [1, 5, 2, 11], "texture": "#0"},
				"up": {"uv": [1, 5, 2, 6], "texture": "#0"},
				"down": {"uv": [1, 10, 2, 11], "texture": "#0"}
			}
		},
		{
			"name": "near_cc_6",
			"from": [14, 5, 0],
			"to": [15, 11, 1],
			"faces": {
				"north": {"uv": [15, 5, 14, 11], "texture": "#0"},
				"east": {"uv": [14, 5, 15, 11], "texture": "#0"},
				"south": {"uv": [14, 5, 15, 11], "texture": "#0"},
				"west": {"uv": [14, 5, 15, 11], "texture": "#0"},
				"up": {"uv": [14, 5, 15, 6], "texture": "#0"},
				"down": {"uv": [14, 10, 15, 11], "texture": "#0"}
			}
		}
	],
	"gui_light": "front",
	"display": {
		"thirdperson_righthand": {
			"rotation": [-180, 0, -180],
			"translation": [0.25, 2.68, -2.62],
			"scale": [0.4, 0.4, 0.4]
		},
		"thirdperson_lefthand": {
			"rotation": [-180, 0, -180],
			"translation": [0, 2.68, -2.37],
			"scale": [0.4, 0.4, 0.4]
		},
		"firstperson_righthand": {
			"rotation": [4, 90, 0],
			"translation": [4.49, 4.39, 0.13],
			"scale": [0.6, 0.6, 0.6]
		},
		"firstperson_lefthand": {
			"rotation": [4, -90, 0],
			"translation": [-3.71, 4.64, -0.38],
			"scale": [0.6, 0.6, 0.6]
		},
		"ground": {
			"translation": [0, 5, 0]
		},
		"gui": {
			"rotation": [0, -180, 0],
			"translation": [0.06, -0.25, 0]
		},
		"head": {
			"translation": [-0.25, 9.25, -2.5],
			"scale": [0.4, 0.4, 0.4]
		},
		"fixed": {
			"translation": [0.3, 0.2, 7.9]
		}
	},
	"groups": [
		{
			"name": "near_cc",
			"origin": [8, 8, 8],
			"color": 0,
			"children": [0, 1, 2, 3, 4, 5, 6]
		}
	]
}