{
	"format_version": "1.21.6",
	"credit": "Made with Blockbench",
	"textures": {
		"0": "item/flans/items/cheatcodes/sell_cc",
		"particle": "item/flans/items/cheatcodes/sell_cc"
	},
	"elements": [
		{
			"name": "sell_cc_0",
			"from": [7, 1, 0],
			"to": [10, 14, 1],
			"faces": {
				"north": {"uv": [10, 2, 7, 15], "texture": "#0"},
				"east": {"uv": [9, 2, 10, 15], "texture": "#0"},
				"south": {"uv": [7, 2, 10, 15], "texture": "#0"},
				"west": {"uv": [7, 2, 8, 15], "texture": "#0"},
				"up": {"uv": [7, 2, 10, 3], "texture": "#0"},
				"down": {"uv": [7, 14, 10, 15], "texture": "#0"}
			}
		},
		{
			"name": "sell_cc_1",
			"from": [5, 4, 0],
			"to": [7, 13, 1],
			"faces": {
				"north": {"uv": [7, 3, 5, 12], "texture": "#0"},
				"east": {"uv": [6, 3, 7, 12], "texture": "#0"},
				"south": {"uv": [5, 3, 7, 12], "texture": "#0"},
				"west": {"uv": [5, 3, 6, 12], "texture": "#0"},
				"up": {"uv": [5, 3, 7, 4], "texture": "#0"},
				"down": {"uv": [5, 11, 7, 12], "texture": "#0"}
			}
		},
		{
			"name": "sell_cc_2",
			"from": [10, 2, 0],
			"to": [11, 13, 1],
			"faces": {
				"north": {"uv": [11, 3, 10, 14], "texture": "#0"},
				"east": {"uv": [10, 3, 11, 14], "texture": "#0"},
				"south": {"uv": [10, 3, 11, 14], "texture": "#0"},
				"west": {"uv": [10, 3, 11, 14], "texture": "#0"},
				"up": {"uv": [10, 3, 11, 4], "texture": "#0"},
				"down": {"uv": [10, 13, 11, 14], "texture": "#0"}
			}
		},
		{
			"name": "sell_cc_3",
			"from": [4, 3, 0],
			"to": [5, 12, 1],
			"faces": {
				"north": {"uv": [5, 4, 4, 13], "texture": "#0"},
				"east": {"uv": [4, 4, 5, 13], "texture": "#0"},
				"south": {"uv": [4, 4, 5, 13], "texture": "#0"},
				"west": {"uv": [4, 4, 5, 13], "texture": "#0"},
				"up": {"uv": [4, 4, 5, 5], "texture": "#0"},
				"down": {"uv": [4, 12, 5, 13], "texture": "#0"}
			}
		},
		{
			"name": "sell_cc_4",
			"from": [11, 3, 0],
			"to": [12, 12, 1],
			"faces": {
				"north": {"uv": [12, 4, 11, 13], "texture": "#0"},
				"east": {"uv": [11, 4, 12, 13], "texture": "#0"},
				"south": {"uv": [11, 4, 12, 13], "texture": "#0"},
				"west": {"uv": [11, 4, 12, 13], "texture": "#0"},
				"up": {"uv": [11, 4, 12, 5], "texture": "#0"},
				"down": {"uv": [11, 12, 12, 13], "texture": "#0"}
			}
		},
		{
			"name": "sell_cc_5",
			"from": [3, 4, 0],
			"to": [4, 11, 1],
			"faces": {
				"north": {"uv": [4, 5, 3, 12], "texture": "#0"},
				"east": {"uv": [3, 5, 4, 12], "texture": "#0"},
				"south": {"uv": [3, 5, 4, 12], "texture": "#0"},
				"west": {"uv": [3, 5, 4, 12], "texture": "#0"},
				"up": {"uv": [3, 5, 4, 6], "texture": "#0"},
				"down": {"uv": [3, 11, 4, 12], "texture": "#0"}
			}
		},
		{
			"name": "sell_cc_6",
			"from": [12, 2, 0],
			"to": [13, 11, 1],
			"faces": {
				"north": {"uv": [13, 5, 12, 14], "texture": "#0"},
				"east": {"uv": [12, 5, 13, 14], "texture": "#0"},
				"south": {"uv": [12, 5, 13, 14], "texture": "#0"},
				"west": {"uv": [12, 5, 13, 14], "texture": "#0"},
				"up": {"uv": [12, 5, 13, 6], "texture": "#0"},
				"down": {"uv": [12, 13, 13, 14], "texture": "#0"}
			}
		},
		{
			"name": "sell_cc_7",
			"from": [13, 3, 0],
			"to": [14, 10, 1],
			"faces": {
				"north": {"uv": [14, 6, 13, 13], "texture": "#0"},
				"east": {"uv": [13, 6, 14, 13], "texture": "#0"},
				"south": {"uv": [13, 6, 14, 13], "texture": "#0"},
				"west": {"uv": [13, 6, 14, 13], "texture": "#0"},
				"up": {"uv": [13, 6, 14, 7], "texture": "#0"},
				"down": {"uv": [13, 12, 14, 13], "texture": "#0"}
			}
		},
		{
			"name": "sell_cc_8",
			"from": [6, 3, 0],
			"to": [7, 4, 1],
			"faces": {
				"north": {"uv": [7, 12, 6, 13], "texture": "#0"},
				"east": {"uv": [6, 12, 7, 13], "texture": "#0"},
				"south": {"uv": [6, 12, 7, 13], "texture": "#0"},
				"west": {"uv": [6, 12, 7, 13], "texture": "#0"},
				"up": {"uv": [6, 12, 7, 13], "texture": "#0"},
				"down": {"uv": [6, 12, 7, 13], "texture": "#0"}
			}
		},
		{
			"name": "sell_cc_9",
			"from": [8, 0, 0],
			"to": [9, 1, 1],
			"faces": {
				"north": {"uv": [9, 15, 8, 16], "texture": "#0"},
				"east": {"uv": [8, 15, 9, 16], "texture": "#0"},
				"south": {"uv": [8, 15, 9, 16], "texture": "#0"},
				"west": {"uv": [8, 15, 9, 16], "texture": "#0"},
				"up": {"uv": [8, 15, 9, 16], "texture": "#0"},
				"down": {"uv": [8, 15, 9, 16], "texture": "#0"}
			}
		}
	],
	"gui_light": "front",
	"display": {
		"thirdperson_righthand": {
			"rotation": [-180, 0, -180],
			"translation": [0.25, 2.68, -2.62],
			"scale": [0.4, 0.4, 0.4]
		},
		"thirdperson_lefthand": {
			"rotation": [-180, 0, -180],
			"translation": [0, 2.68, -2.37],
			"scale": [0.4, 0.4, 0.4]
		},
		"firstperson_righthand": {
			"rotation": [4, 90, 0],
			"translation": [4.49, 4.39, 0.13],
			"scale": [0.6, 0.6, 0.6]
		},
		"firstperson_lefthand": {
			"rotation": [4, -90, 0],
			"translation": [-3.71, 4.64, -0.38],
			"scale": [0.6, 0.6, 0.6]
		},
		"ground": {
			"translation": [0, 5, 0]
		},
		"gui": {
			"rotation": [0, -180, 0],
			"translation": [0.81, 0.5, 0]
		},
		"head": {
			"translation": [-0.25, 9.25, -2.5],
			"scale": [0.4, 0.4, 0.4]
		},
		"fixed": {
			"translation": [0.3, 0.2, 7.9]
		}
	},
	"groups": [
		{
			"name": "sell_cc",
			"origin": [8, 8, 8],
			"color": 0,
			"children": [0, 1, 2, 3, 4, 5, 6, 7, 8, 9]
		}
	]
}