{
	"format_version": "1.21.6",
	"credit": "Made with Blockbench",
	"texture_size": [32, 32],
	"textures": {
		"0": "item/flans/items/cheatcodes/token_cc",
		"particle": "item/flans/items/cheatcodes/token_cc"
	},
	"elements": [
		{
			"name": "token_cc_0",
			"from": [6, 2, 0],
			"to": [10, 14, 1],
			"faces": {
				"north": {"uv": [10, 2, 6, 14], "texture": "#0"},
				"east": {"uv": [9, 2, 10, 14], "texture": "#0"},
				"south": {"uv": [6, 2, 10, 14], "texture": "#0"},
				"west": {"uv": [6, 2, 7, 14], "texture": "#0"},
				"up": {"uv": [6, 2, 10, 3], "texture": "#0"},
				"down": {"uv": [6, 13, 10, 14], "texture": "#0"}
			}
		},
		{
			"name": "token_cc_1",
			"from": [4, 3, 0],
			"to": [6, 13, 1],
			"faces": {
				"north": {"uv": [6, 3, 4, 13], "texture": "#0"},
				"east": {"uv": [5, 3, 6, 13], "texture": "#0"},
				"south": {"uv": [4, 3, 6, 13], "texture": "#0"},
				"west": {"uv": [4, 3, 5, 13], "texture": "#0"},
				"up": {"uv": [4, 3, 6, 4], "texture": "#0"},
				"down": {"uv": [4, 12, 6, 13], "texture": "#0"}
			}
		},
		{
			"name": "token_cc_2",
			"from": [10, 3, 0],
			"to": [12, 13, 1],
			"faces": {
				"north": {"uv": [12, 3, 10, 13], "texture": "#0"},
				"east": {"uv": [11, 3, 12, 13], "texture": "#0"},
				"south": {"uv": [10, 3, 12, 13], "texture": "#0"},
				"west": {"uv": [10, 3, 11, 13], "texture": "#0"},
				"up": {"uv": [10, 3, 12, 4], "texture": "#0"},
				"down": {"uv": [10, 12, 12, 13], "texture": "#0"}
			}
		},
		{
			"name": "token_cc_3",
			"from": [3, 4, 0],
			"to": [4, 12, 1],
			"faces": {
				"north": {"uv": [4, 4, 3, 12], "texture": "#0"},
				"east": {"uv": [3, 4, 4, 12], "texture": "#0"},
				"south": {"uv": [3, 4, 4, 12], "texture": "#0"},
				"west": {"uv": [3, 4, 4, 12], "texture": "#0"},
				"up": {"uv": [3, 4, 4, 5], "texture": "#0"},
				"down": {"uv": [3, 11, 4, 12], "texture": "#0"}
			}
		},
		{
			"name": "token_cc_4",
			"from": [12, 4, 0],
			"to": [13, 12, 1],
			"faces": {
				"north": {"uv": [13, 4, 12, 12], "texture": "#0"},
				"east": {"uv": [12, 4, 13, 12], "texture": "#0"},
				"south": {"uv": [12, 4, 13, 12], "texture": "#0"},
				"west": {"uv": [12, 4, 13, 12], "texture": "#0"},
				"up": {"uv": [12, 4, 13, 5], "texture": "#0"},
				"down": {"uv": [12, 11, 13, 12], "texture": "#0"}
			}
		},
		{
			"name": "token_cc_5",
			"from": [2, 6, 0],
			"to": [3, 10, 1],
			"faces": {
				"north": {"uv": [3, 6, 2, 10], "texture": "#0"},
				"east": {"uv": [2, 6, 3, 10], "texture": "#0"},
				"south": {"uv": [2, 6, 3, 10], "texture": "#0"},
				"west": {"uv": [2, 6, 3, 10], "texture": "#0"},
				"up": {"uv": [2, 6, 3, 7], "texture": "#0"},
				"down": {"uv": [2, 9, 3, 10], "texture": "#0"}
			}
		},
		{
			"name": "token_cc_6",
			"from": [13, 6, 0],
			"to": [14, 10, 1],
			"faces": {
				"north": {"uv": [14, 6, 13, 10], "texture": "#0"},
				"east": {"uv": [13, 6, 14, 10], "texture": "#0"},
				"south": {"uv": [13, 6, 14, 10], "texture": "#0"},
				"west": {"uv": [13, 6, 14, 10], "texture": "#0"},
				"up": {"uv": [13, 6, 14, 7], "texture": "#0"},
				"down": {"uv": [13, 9, 14, 10], "texture": "#0"}
			}
		}
	],
	"gui_light": "front",
	"display": {
		"thirdperson_righthand": {
			"rotation": [-180, 0, -180],
			"translation": [0.25, 2.68, -2.62],
			"scale": [0.4, 0.4, 0.4]
		},
		"thirdperson_lefthand": {
			"rotation": [-180, 0, -180],
			"translation": [0, 2.68, -2.37],
			"scale": [0.4, 0.4, 0.4]
		},
		"firstperson_righthand": {
			"rotation": [4, 90, 0],
			"translation": [4.49, 4.39, 0.13],
			"scale": [0.6, 0.6, 0.6]
		},
		"firstperson_lefthand": {
			"rotation": [4, -90, 0],
			"translation": [-3.71, 4.64, -0.38],
			"scale": [0.6, 0.6, 0.6]
		},
		"ground": {
			"translation": [0, 5, 0]
		},
		"gui": {
			"translation": [0.06, -0.25, 0]
		},
		"head": {
			"translation": [-0.25, 9.25, -2.5],
			"scale": [0.4, 0.4, 0.4]
		},
		"fixed": {
			"translation": [0.3, 0.2, 7.9]
		}
	},
	"groups": [
		{
			"name": "token_cc",
			"origin": [8, 8, 8],
			"color": 0,
			"children": [0, 1, 2, 3, 4, 5, 6]
		}
	]
}