{
	"format_version": "1.21.6",
	"credit": "Made with Blockbench",
	"texture_size": [32, 32],
	"textures": {
		"0": "item/flans/weapons/ar/m4",
		"particle": "item/flans/weapons/ar/m4"
	},
	"elements": [
		{
			"name": "m4_0",
			"from": [0, 15, 0],
			"to": [1, 16, 1],
			"faces": {
				"north": {"uv": [1, 0, 0, 1], "texture": "#0"},
				"east": {"uv": [0, 0, 1, 1], "texture": "#0"},
				"south": {"uv": [0, 0, 1, 1], "texture": "#0"},
				"west": {"uv": [0, 0, 1, 1], "texture": "#0"},
				"up": {"uv": [0, 0, 1, 1], "texture": "#0"},
				"down": {"uv": [0, 0, 1, 1], "texture": "#0"}
			}
		},
		{
			"name": "m4_1",
			"from": [1, 14, 0],
			"to": [2, 15, 1],
			"faces": {
				"north": {"uv": [2, 1, 1, 2], "texture": "#0"},
				"east": {"uv": [1, 1, 2, 2], "texture": "#0"},
				"south": {"uv": [1, 1, 2, 2], "texture": "#0"},
				"west": {"uv": [1, 1, 2, 2], "texture": "#0"},
				"up": {"uv": [1, 1, 2, 2], "texture": "#0"},
				"down": {"uv": [1, 1, 2, 2], "texture": "#0"}
			}
		},
		{
			"name": "m4_2",
			"from": [2, 13, 0],
			"to": [3, 14, 1],
			"faces": {
				"north": {"uv": [3, 2, 2, 3], "texture": "#0"},
				"east": {"uv": [2, 2, 3, 3], "texture": "#0"},
				"south": {"uv": [2, 2, 3, 3], "texture": "#0"},
				"west": {"uv": [2, 2, 3, 3], "texture": "#0"},
				"up": {"uv": [2, 2, 3, 3], "texture": "#0"},
				"down": {"uv": [2, 2, 3, 3], "texture": "#0"}
			}
		},
		{
			"name": "m4_3",
			"from": [4, 10, 0],
			"to": [5, 14, 1],
			"faces": {
				"north": {"uv": [5, 2, 4, 6], "texture": "#0"},
				"east": {"uv": [4, 2, 5, 6], "texture": "#0"},
				"south": {"uv": [4, 2, 5, 6], "texture": "#0"},
				"west": {"uv": [4, 2, 5, 6], "texture": "#0"},
				"up": {"uv": [4, 2, 5, 3], "texture": "#0"},
				"down": {"uv": [4, 5, 5, 6], "texture": "#0"}
			}
		},
		{
			"name": "m4_4",
			"from": [3, 11, 0],
			"to": [4, 13, 1],
			"faces": {
				"north": {"uv": [4, 3, 3, 5], "texture": "#0"},
				"east": {"uv": [3, 3, 4, 5], "texture": "#0"},
				"south": {"uv": [3, 3, 4, 5], "texture": "#0"},
				"west": {"uv": [3, 3, 4, 5], "texture": "#0"},
				"up": {"uv": [3, 3, 4, 4], "texture": "#0"},
				"down": {"uv": [3, 4, 4, 5], "texture": "#0"}
			}
		},
		{
			"name": "m4_5",
			"from": [5, 9, 0],
			"to": [6, 12, 1],
			"faces": {
				"north": {"uv": [6, 4, 5, 7], "texture": "#0"},
				"east": {"uv": [5, 4, 6, 7], "texture": "#0"},
				"south": {"uv": [5, 4, 6, 7], "texture": "#0"},
				"west": {"uv": [5, 4, 6, 7], "texture": "#0"},
				"up": {"uv": [5, 4, 6, 5], "texture": "#0"},
				"down": {"uv": [5, 6, 6, 7], "texture": "#0"}
			}
		},
		{
			"name": "m4_6",
			"from": [6, 6, 0],
			"to": [8, 11, 1],
			"faces": {
				"north": {"uv": [8, 5, 6, 10], "texture": "#0"},
				"east": {"uv": [7, 5, 8, 10], "texture": "#0"},
				"south": {"uv": [6, 5, 8, 10], "texture": "#0"},
				"west": {"uv": [6, 5, 7, 10], "texture": "#0"},
				"up": {"uv": [6, 5, 8, 6], "texture": "#0"},
				"down": {"uv": [6, 9, 8, 10], "texture": "#0"}
			}
		},
		{
			"name": "m4_7",
			"from": [8, 10, 0],
			"to": [9, 11, 1],
			"faces": {
				"north": {"uv": [9, 5, 8, 6], "texture": "#0"},
				"east": {"uv": [8, 5, 9, 6], "texture": "#0"},
				"south": {"uv": [8, 5, 9, 6], "texture": "#0"},
				"west": {"uv": [8, 5, 9, 6], "texture": "#0"},
				"up": {"uv": [8, 5, 9, 6], "texture": "#0"},
				"down": {"uv": [8, 5, 9, 6], "texture": "#0"}
			}
		},
		{
			"name": "m4_8",
			"from": [9, 9, 0],
			"to": [10, 10, 1],
			"faces": {
				"north": {"uv": [10, 6, 9, 7], "texture": "#0"},
				"east": {"uv": [9, 6, 10, 7], "texture": "#0"},
				"south": {"uv": [9, 6, 10, 7], "texture": "#0"},
				"west": {"uv": [9, 6, 10, 7], "texture": "#0"},
				"up": {"uv": [9, 6, 10, 7], "texture": "#0"},
				"down": {"uv": [9, 6, 10, 7], "texture": "#0"}
			}
		},
		{
			"name": "m4_9",
			"from": [8, 3, 0],
			"to": [9, 9, 1],
			"faces": {
				"north": {"uv": [9, 7, 8, 13], "texture": "#0"},
				"east": {"uv": [8, 7, 9, 13], "texture": "#0"},
				"south": {"uv": [8, 7, 9, 13], "texture": "#0"},
				"west": {"uv": [8, 7, 9, 13], "texture": "#0"},
				"up": {"uv": [8, 7, 9, 8], "texture": "#0"},
				"down": {"uv": [8, 12, 9, 13], "texture": "#0"}
			}
		},
		{
			"name": "m4_10",
			"from": [10, 8, 0],
			"to": [11, 9, 1],
			"faces": {
				"north": {"uv": [11, 7, 10, 8], "texture": "#0"},
				"east": {"uv": [10, 7, 11, 8], "texture": "#0"},
				"south": {"uv": [10, 7, 11, 8], "texture": "#0"},
				"west": {"uv": [10, 7, 11, 8], "texture": "#0"},
				"up": {"uv": [10, 7, 11, 8], "texture": "#0"},
				"down": {"uv": [10, 7, 11, 8], "texture": "#0"}
			}
		},
		{
			"name": "m4_11",
			"from": [4, 5, 0],
			"to": [6, 8, 1],
			"faces": {
				"north": {"uv": [6, 8, 4, 11], "texture": "#0"},
				"east": {"uv": [5, 8, 6, 11], "texture": "#0"},
				"south": {"uv": [4, 8, 6, 11], "texture": "#0"},
				"west": {"uv": [4, 8, 5, 11], "texture": "#0"},
				"up": {"uv": [4, 8, 6, 9], "texture": "#0"},
				"down": {"uv": [4, 10, 6, 11], "texture": "#0"}
			}
		},
		{
			"name": "m4_12",
			"from": [9, 4, 0],
			"to": [10, 8, 1],
			"faces": {
				"north": {"uv": [10, 8, 9, 12], "texture": "#0"},
				"east": {"uv": [9, 8, 10, 12], "texture": "#0"},
				"south": {"uv": [9, 8, 10, 12], "texture": "#0"},
				"west": {"uv": [9, 8, 10, 12], "texture": "#0"},
				"up": {"uv": [9, 8, 10, 9], "texture": "#0"},
				"down": {"uv": [9, 11, 10, 12], "texture": "#0"}
			}
		},
		{
			"name": "m4_13",
			"from": [11, 2, 0],
			"to": [12, 8, 1],
			"faces": {
				"north": {"uv": [12, 8, 11, 14], "texture": "#0"},
				"east": {"uv": [11, 8, 12, 14], "texture": "#0"},
				"south": {"uv": [11, 8, 12, 14], "texture": "#0"},
				"west": {"uv": [11, 8, 12, 14], "texture": "#0"},
				"up": {"uv": [11, 8, 12, 9], "texture": "#0"},
				"down": {"uv": [11, 13, 12, 14], "texture": "#0"}
			}
		},
		{
			"name": "m4_14",
			"from": [3, 5, 0],
			"to": [4, 7, 1],
			"faces": {
				"north": {"uv": [4, 9, 3, 11], "texture": "#0"},
				"east": {"uv": [3, 9, 4, 11], "texture": "#0"},
				"south": {"uv": [3, 9, 4, 11], "texture": "#0"},
				"west": {"uv": [3, 9, 4, 11], "texture": "#0"},
				"up": {"uv": [3, 9, 4, 10], "texture": "#0"},
				"down": {"uv": [3, 10, 4, 11], "texture": "#0"}
			}
		},
		{
			"name": "m4_15",
			"from": [10, 4, 0],
			"to": [11, 7, 1],
			"faces": {
				"north": {"uv": [11, 9, 10, 12], "texture": "#0"},
				"east": {"uv": [10, 9, 11, 12], "texture": "#0"},
				"south": {"uv": [10, 9, 11, 12], "texture": "#0"},
				"west": {"uv": [10, 9, 11, 12], "texture": "#0"},
				"up": {"uv": [10, 9, 11, 10], "texture": "#0"},
				"down": {"uv": [10, 11, 11, 12], "texture": "#0"}
			}
		},
		{
			"name": "m4_16",
			"from": [6, 5, 0],
			"to": [7, 6, 1],
			"faces": {
				"north": {"uv": [7, 10, 6, 11], "texture": "#0"},
				"east": {"uv": [6, 10, 7, 11], "texture": "#0"},
				"south": {"uv": [6, 10, 7, 11], "texture": "#0"},
				"west": {"uv": [6, 10, 7, 11], "texture": "#0"},
				"up": {"uv": [6, 10, 7, 11], "texture": "#0"},
				"down": {"uv": [6, 10, 7, 11], "texture": "#0"}
			}
		},
		{
			"name": "m4_17",
			"from": [7, 2, 0],
			"to": [8, 5, 1],
			"faces": {
				"north": {"uv": [8, 11, 7, 14], "texture": "#0"},
				"east": {"uv": [7, 11, 8, 14], "texture": "#0"},
				"south": {"uv": [7, 11, 8, 14], "texture": "#0"},
				"west": {"uv": [7, 11, 8, 14], "texture": "#0"},
				"up": {"uv": [7, 11, 8, 12], "texture": "#0"},
				"down": {"uv": [7, 13, 8, 14], "texture": "#0"}
			}
		},
		{
			"name": "m4_18",
			"from": [12, 0, 0],
			"to": [13, 5, 1],
			"faces": {
				"north": {"uv": [13, 11, 12, 16], "texture": "#0"},
				"east": {"uv": [12, 11, 13, 16], "texture": "#0"},
				"south": {"uv": [12, 11, 13, 16], "texture": "#0"},
				"west": {"uv": [12, 11, 13, 16], "texture": "#0"},
				"up": {"uv": [12, 11, 13, 12], "texture": "#0"},
				"down": {"uv": [12, 15, 13, 16], "texture": "#0"}
			}
		},
		{
			"name": "m4_19",
			"from": [6, 3, 0],
			"to": [7, 4, 1],
			"faces": {
				"north": {"uv": [7, 12, 6, 13], "texture": "#0"},
				"east": {"uv": [6, 12, 7, 13], "texture": "#0"},
				"south": {"uv": [6, 12, 7, 13], "texture": "#0"},
				"west": {"uv": [6, 12, 7, 13], "texture": "#0"},
				"up": {"uv": [6, 12, 7, 13], "texture": "#0"},
				"down": {"uv": [6, 12, 7, 13], "texture": "#0"}
			}
		},
		{
			"name": "m4_20",
			"from": [13, 0, 0],
			"to": [14, 4, 1],
			"faces": {
				"north": {"uv": [14, 12, 13, 16], "texture": "#0"},
				"east": {"uv": [13, 12, 14, 16], "texture": "#0"},
				"south": {"uv": [13, 12, 14, 16], "texture": "#0"},
				"west": {"uv": [13, 12, 14, 16], "texture": "#0"},
				"up": {"uv": [13, 12, 14, 13], "texture": "#0"},
				"down": {"uv": [13, 15, 14, 16], "texture": "#0"}
			}
		},
		{
			"name": "m4_21",
			"from": [14, 0, 0],
			"to": [15, 3, 1],
			"faces": {
				"north": {"uv": [15, 13, 14, 16], "texture": "#0"},
				"east": {"uv": [14, 13, 15, 16], "texture": "#0"},
				"south": {"uv": [14, 13, 15, 16], "texture": "#0"},
				"west": {"uv": [14, 13, 15, 16], "texture": "#0"},
				"up": {"uv": [14, 13, 15, 14], "texture": "#0"},
				"down": {"uv": [14, 15, 15, 16], "texture": "#0"}
			}
		}
	],
	"gui_light": "front",
	"display": {
		"thirdperson_righthand": {
			"rotation": [-40, -90, 0],
			"translation": [-5.75, 1.25, -2.25],
			"scale": [0.8, 0.8, 0.8]
		},
		"thirdperson_lefthand": {
			"rotation": [-40, 90, 0],
			"translation": [5.75, 1.25, -2.5],
			"scale": [0.8, 0.8, 0.8]
		},
		"firstperson_righthand": {
			"rotation": [1, -90, 35],
			"translation": [-5, 3.75, -2.5],
			"scale": [0.8, 0.8, 0.8]
		},
		"firstperson_lefthand": {
			"rotation": [0, 90, -35],
			"translation": [6, 4, -1.5],
			"scale": [0.8, 0.8, 0.8]
		},
		"ground": {
			"translation": [0, 3.5, 1.5],
			"scale": [0.8, 0.8, 0.8]
		},
		"gui": {
			"rotation": [14, -180, 0],
			"translation": [-0.44, 1.75, 0]
		},
		"head": {
			"translation": [0, 13, 2]
		},
		"fixed": {
			"rotation": [1, -3, 90],
			"translation": [-0.25, -0.25, 7.5]
		}
	},
	"groups": [
		{
			"name": "m4",
			"origin": [8, 8, 8],
			"color": 0,
			"children": [0, 1, 2, 3, 4, 5, 6, 7, 8, 9, 10, 11, 12, 13, 14, 15, 16, 17, 18, 19, 20, 21]
		}
	]
}