{
	"format_version": "1.21.6",
	"credit": "Made with Blockbench",
	"texture_size": [64, 64],
	"textures": {
		"0": "item/flans/weapons/ar/special_carbine",
		"particle": "item/flans/weapons/ar/special_carbine"
	},
	"elements": [
		{
			"name": "special_carbine_0",
			"from": [1, 14, 0],
			"to": [2, 15, 1],
			"faces": {
				"north": {"uv": [2, 1, 1, 2], "texture": "#0"},
				"east": {"uv": [1, 1, 2, 2], "texture": "#0"},
				"south": {"uv": [1, 1, 2, 2], "texture": "#0"},
				"west": {"uv": [1, 1, 2, 2], "texture": "#0"},
				"up": {"uv": [1, 1, 2, 2], "texture": "#0"},
				"down": {"uv": [1, 1, 2, 2], "texture": "#0"}
			}
		},
		{
			"name": "special_carbine_1",
			"from": [2, 11, 0],
			"to": [4, 14, 1],
			"faces": {
				"north": {"uv": [4, 2, 2, 5], "texture": "#0"},
				"east": {"uv": [3, 2, 4, 5], "texture": "#0"},
				"south": {"uv": [2, 2, 4, 5], "texture": "#0"},
				"west": {"uv": [2, 2, 3, 5], "texture": "#0"},
				"up": {"uv": [2, 2, 4, 3], "texture": "#0"},
				"down": {"uv": [2, 4, 4, 5], "texture": "#0"}
			}
		},
		{
			"name": "special_carbine_2",
			"from": [1, 12, 0],
			"to": [2, 13, 1],
			"faces": {
				"north": {"uv": [2, 3, 1, 4], "texture": "#0"},
				"east": {"uv": [1, 3, 2, 4], "texture": "#0"},
				"south": {"uv": [1, 3, 2, 4], "texture": "#0"},
				"west": {"uv": [1, 3, 2, 4], "texture": "#0"},
				"up": {"uv": [1, 3, 2, 4], "texture": "#0"},
				"down": {"uv": [1, 3, 2, 4], "texture": "#0"}
			}
		},
		{
			"name": "special_carbine_3",
			"from": [4, 9, 0],
			"to": [7, 13, 1],
			"faces": {
				"north": {"uv": [7, 3, 4, 7], "texture": "#0"},
				"east": {"uv": [6, 3, 7, 7], "texture": "#0"},
				"south": {"uv": [4, 3, 7, 7], "texture": "#0"},
				"west": {"uv": [4, 3, 5, 7], "texture": "#0"},
				"up": {"uv": [4, 3, 7, 4], "texture": "#0"},
				"down": {"uv": [4, 6, 7, 7], "texture": "#0"}
			}
		},
		{
			"name": "special_carbine_4",
			"from": [7, 12, 0],
			"to": [8, 13, 1],
			"faces": {
				"north": {"uv": [8, 3, 7, 4], "texture": "#0"},
				"east": {"uv": [7, 3, 8, 4], "texture": "#0"},
				"south": {"uv": [7, 3, 8, 4], "texture": "#0"},
				"west": {"uv": [7, 3, 8, 4], "texture": "#0"},
				"up": {"uv": [7, 3, 8, 4], "texture": "#0"},
				"down": {"uv": [7, 3, 8, 4], "texture": "#0"}
			}
		},
		{
			"name": "special_carbine_5",
			"from": [8, 11, 0],
			"to": [9, 12, 1],
			"faces": {
				"north": {"uv": [9, 4, 8, 5], "texture": "#0"},
				"east": {"uv": [8, 4, 9, 5], "texture": "#0"},
				"south": {"uv": [8, 4, 9, 5], "texture": "#0"},
				"west": {"uv": [8, 4, 9, 5], "texture": "#0"},
				"up": {"uv": [8, 4, 9, 5], "texture": "#0"},
				"down": {"uv": [8, 4, 9, 5], "texture": "#0"}
			}
		},
		{
			"name": "special_carbine_6",
			"from": [3, 10, 0],
			"to": [4, 11, 1],
			"faces": {
				"north": {"uv": [4, 5, 3, 6], "texture": "#0"},
				"east": {"uv": [3, 5, 4, 6], "texture": "#0"},
				"south": {"uv": [3, 5, 4, 6], "texture": "#0"},
				"west": {"uv": [3, 5, 4, 6], "texture": "#0"},
				"up": {"uv": [3, 5, 4, 6], "texture": "#0"},
				"down": {"uv": [3, 5, 4, 6], "texture": "#0"}
			}
		},
		{
			"name": "special_carbine_7",
			"from": [7, 6, 0],
			"to": [8, 11, 1],
			"faces": {
				"north": {"uv": [8, 5, 7, 10], "texture": "#0"},
				"east": {"uv": [7, 5, 8, 10], "texture": "#0"},
				"south": {"uv": [7, 5, 8, 10], "texture": "#0"},
				"west": {"uv": [7, 5, 8, 10], "texture": "#0"},
				"up": {"uv": [7, 5, 8, 6], "texture": "#0"},
				"down": {"uv": [7, 9, 8, 10], "texture": "#0"}
			}
		},
		{
			"name": "special_carbine_8",
			"from": [9, 3, 0],
			"to": [10, 11, 1],
			"faces": {
				"north": {"uv": [10, 5, 9, 13], "texture": "#0"},
				"east": {"uv": [9, 5, 10, 13], "texture": "#0"},
				"south": {"uv": [9, 5, 10, 13], "texture": "#0"},
				"west": {"uv": [9, 5, 10, 13], "texture": "#0"},
				"up": {"uv": [9, 5, 10, 6], "texture": "#0"},
				"down": {"uv": [9, 12, 10, 13], "texture": "#0"}
			}
		},
		{
			"name": "special_carbine_9",
			"from": [8, 2, 0],
			"to": [9, 10, 1],
			"faces": {
				"north": {"uv": [9, 6, 8, 14], "texture": "#0"},
				"east": {"uv": [8, 6, 9, 14], "texture": "#0"},
				"south": {"uv": [8, 6, 9, 14], "texture": "#0"},
				"west": {"uv": [8, 6, 9, 14], "texture": "#0"},
				"up": {"uv": [8, 6, 9, 7], "texture": "#0"},
				"down": {"uv": [8, 13, 9, 14], "texture": "#0"}
			}
		},
		{
			"name": "special_carbine_10",
			"from": [10, 4, 0],
			"to": [11, 10, 1],
			"faces": {
				"north": {"uv": [11, 6, 10, 12], "texture": "#0"},
				"east": {"uv": [10, 6, 11, 12], "texture": "#0"},
				"south": {"uv": [10, 6, 11, 12], "texture": "#0"},
				"west": {"uv": [10, 6, 11, 12], "texture": "#0"},
				"up": {"uv": [10, 6, 11, 7], "texture": "#0"},
				"down": {"uv": [10, 11, 11, 12], "texture": "#0"}
			}
		},
		{
			"name": "special_carbine_11",
			"from": [5, 5, 0],
			"to": [7, 9, 1],
			"faces": {
				"north": {"uv": [7, 7, 5, 11], "texture": "#0"},
				"east": {"uv": [6, 7, 7, 11], "texture": "#0"},
				"south": {"uv": [5, 7, 7, 11], "texture": "#0"},
				"west": {"uv": [5, 7, 6, 11], "texture": "#0"},
				"up": {"uv": [5, 7, 7, 8], "texture": "#0"},
				"down": {"uv": [5, 10, 7, 11], "texture": "#0"}
			}
		},
		{
			"name": "special_carbine_12",
			"from": [11, 8, 0],
			"to": [12, 9, 1],
			"faces": {
				"north": {"uv": [12, 7, 11, 8], "texture": "#0"},
				"east": {"uv": [11, 7, 12, 8], "texture": "#0"},
				"south": {"uv": [11, 7, 12, 8], "texture": "#0"},
				"west": {"uv": [11, 7, 12, 8], "texture": "#0"},
				"up": {"uv": [11, 7, 12, 8], "texture": "#0"},
				"down": {"uv": [11, 7, 12, 8], "texture": "#0"}
			}
		},
		{
			"name": "special_carbine_13",
			"from": [4, 3, 0],
			"to": [5, 8, 1],
			"faces": {
				"north": {"uv": [5, 8, 4, 13], "texture": "#0"},
				"east": {"uv": [4, 8, 5, 13], "texture": "#0"},
				"south": {"uv": [4, 8, 5, 13], "texture": "#0"},
				"west": {"uv": [4, 8, 5, 13], "texture": "#0"},
				"up": {"uv": [4, 8, 5, 9], "texture": "#0"},
				"down": {"uv": [4, 12, 5, 13], "texture": "#0"}
			}
		},
		{
			"name": "special_carbine_14",
			"from": [3, 3, 0],
			"to": [4, 7, 1],
			"faces": {
				"north": {"uv": [4, 9, 3, 13], "texture": "#0"},
				"east": {"uv": [3, 9, 4, 13], "texture": "#0"},
				"south": {"uv": [3, 9, 4, 13], "texture": "#0"},
				"west": {"uv": [3, 9, 4, 13], "texture": "#0"},
				"up": {"uv": [3, 9, 4, 10], "texture": "#0"},
				"down": {"uv": [3, 12, 4, 13], "texture": "#0"}
			}
		},
		{
			"name": "special_carbine_15",
			"from": [11, 4, 0],
			"to": [12, 7, 1],
			"faces": {
				"north": {"uv": [12, 9, 11, 12], "texture": "#0"},
				"east": {"uv": [11, 9, 12, 12], "texture": "#0"},
				"south": {"uv": [11, 9, 12, 12], "texture": "#0"},
				"west": {"uv": [11, 9, 12, 12], "texture": "#0"},
				"up": {"uv": [11, 9, 12, 10], "texture": "#0"},
				"down": {"uv": [11, 11, 12, 12], "texture": "#0"}
			}
		},
		{
			"name": "special_carbine_16",
			"from": [2, 3, 0],
			"to": [3, 6, 1],
			"faces": {
				"north": {"uv": [3, 10, 2, 13], "texture": "#0"},
				"east": {"uv": [2, 10, 3, 13], "texture": "#0"},
				"south": {"uv": [2, 10, 3, 13], "texture": "#0"},
				"west": {"uv": [2, 10, 3, 13], "texture": "#0"},
				"up": {"uv": [2, 10, 3, 11], "texture": "#0"},
				"down": {"uv": [2, 12, 3, 13], "texture": "#0"}
			}
		},
		{
			"name": "special_carbine_17",
			"from": [12, 5, 0],
			"to": [14, 6, 1],
			"faces": {
				"north": {"uv": [14, 10, 12, 11], "texture": "#0"},
				"east": {"uv": [13, 10, 14, 11], "texture": "#0"},
				"south": {"uv": [12, 10, 14, 11], "texture": "#0"},
				"west": {"uv": [12, 10, 13, 11], "texture": "#0"},
				"up": {"uv": [12, 10, 14, 11], "texture": "#0"},
				"down": {"uv": [12, 10, 14, 11], "texture": "#0"}
			}
		},
		{
			"name": "special_carbine_18",
			"from": [5, 4, 0],
			"to": [6, 5, 1],
			"faces": {
				"north": {"uv": [6, 11, 5, 12], "texture": "#0"},
				"east": {"uv": [5, 11, 6, 12], "texture": "#0"},
				"south": {"uv": [5, 11, 6, 12], "texture": "#0"},
				"west": {"uv": [5, 11, 6, 12], "texture": "#0"},
				"up": {"uv": [5, 11, 6, 12], "texture": "#0"},
				"down": {"uv": [5, 11, 6, 12], "texture": "#0"}
			}
		},
		{
			"name": "special_carbine_19",
			"from": [14, 4, 0],
			"to": [15, 5, 1],
			"faces": {
				"north": {"uv": [15, 11, 14, 12], "texture": "#0"},
				"east": {"uv": [14, 11, 15, 12], "texture": "#0"},
				"south": {"uv": [14, 11, 15, 12], "texture": "#0"},
				"west": {"uv": [14, 11, 15, 12], "texture": "#0"},
				"up": {"uv": [14, 11, 15, 12], "texture": "#0"},
				"down": {"uv": [14, 11, 15, 12], "texture": "#0"}
			}
		},
		{
			"name": "special_carbine_20",
			"from": [7, 2, 0],
			"to": [8, 4, 1],
			"faces": {
				"north": {"uv": [8, 12, 7, 14], "texture": "#0"},
				"east": {"uv": [7, 12, 8, 14], "texture": "#0"},
				"south": {"uv": [7, 12, 8, 14], "texture": "#0"},
				"west": {"uv": [7, 12, 8, 14], "texture": "#0"},
				"up": {"uv": [7, 12, 8, 13], "texture": "#0"},
				"down": {"uv": [7, 13, 8, 14], "texture": "#0"}
			}
		},
		{
			"name": "special_carbine_21",
			"from": [12, 2, 0],
			"to": [13, 4, 1],
			"faces": {
				"north": {"uv": [13, 12, 12, 14], "texture": "#0"},
				"east": {"uv": [12, 12, 13, 14], "texture": "#0"},
				"south": {"uv": [12, 12, 13, 14], "texture": "#0"},
				"west": {"uv": [12, 12, 13, 14], "texture": "#0"},
				"up": {"uv": [12, 12, 13, 13], "texture": "#0"},
				"down": {"uv": [12, 13, 13, 14], "texture": "#0"}
			}
		},
		{
			"name": "special_carbine_22",
			"from": [15, 2, 0],
			"to": [16, 4, 1],
			"faces": {
				"north": {"uv": [16, 12, 15, 14], "texture": "#0"},
				"east": {"uv": [15, 12, 16, 14], "texture": "#0"},
				"south": {"uv": [15, 12, 16, 14], "texture": "#0"},
				"west": {"uv": [15, 12, 16, 14], "texture": "#0"},
				"up": {"uv": [15, 12, 16, 13], "texture": "#0"},
				"down": {"uv": [15, 13, 16, 14], "texture": "#0"}
			}
		},
		{
			"name": "special_carbine_23",
			"from": [13, 1, 0],
			"to": [15, 2, 1],
			"faces": {
				"north": {"uv": [15, 14, 13, 15], "texture": "#0"},
				"east": {"uv": [14, 14, 15, 15], "texture": "#0"},
				"south": {"uv": [13, 14, 15, 15], "texture": "#0"},
				"west": {"uv": [13, 14, 14, 15], "texture": "#0"},
				"up": {"uv": [13, 14, 15, 15], "texture": "#0"},
				"down": {"uv": [13, 14, 15, 15], "texture": "#0"}
			}
		}
	],
	"gui_light": "front",
	"display": {
		"thirdperson_righthand": {
			"rotation": [-40, -90, 0],
			"translation": [-5.75, 1.25, -2.25],
			"scale": [0.8, 0.8, 0.8]
		},
		"thirdperson_lefthand": {
			"rotation": [-40, 90, 0],
			"translation": [5.75, 1.25, -2.5],
			"scale": [0.8, 0.8, 0.8]
		},
		"firstperson_righthand": {
			"rotation": [1, -90, 35],
			"translation": [-5, 3.75, -2.5],
			"scale": [0.8, 0.8, 0.8]
		},
		"firstperson_lefthand": {
			"rotation": [0, 90, -35],
			"translation": [6, 4, -1.5],
			"scale": [0.8, 0.8, 0.8]
		},
		"ground": {
			"translation": [0, 3.5, 1.5],
			"scale": [0.8, 0.8, 0.8]
		},
		"gui": {
			"rotation": [14, -180, 0],
			"translation": [0.31, 1.75, 0]
		},
		"head": {
			"translation": [0, 13, 2]
		},
		"fixed": {
			"rotation": [1, -3, 90],
			"translation": [-0.25, -0.25, 7.5]
		}
	},
	"groups": [
		{
			"name": "special_carbine",
			"origin": [8, 8, 8],
			"color": 0,
			"children": [0, 1, 2, 3, 4, 5, 6, 7, 8, 9, 10, 11, 12, 13, 14, 15, 16, 17, 18, 19, 20, 21, 22, 23]
		}
	]
}