{"display":{"thirdperson_righthand":{"rotation":[15,0,0],"translation":[0,0.6956,0],"scale":[0.9,0.9,0.9]},"thirdperson_lefthand":{"rotation":[15,0,0],"translation":[0,0.6956,0],"scale":[0.9,0.9,0.9]},"firstperson_righthand":{"rotation":[3,-13,-8],"translation":[0,3.4782,0]},"firstperson_lefthand":{"rotation":[3,-13,-8],"translation":[0,3.4782,0]},"gui":{"scale":[1.5,1.5,1.5]}},"textures":{"particle":"other/easter_egg","mesh_palette":"other/easter_egg"},"elements":[{"faces":{"down":{"uv":[2.48,0.4799995,3.52,1.52],"texture":"#mesh_palette"},"up":{"uv":[2.48,0.4799995,3.52,1.52],"texture":"#mesh_palette"},"north":{"uv":[2.48,0.4799995,3.52,1.52],"texture":"#mesh_palette"},"south":{"uv":[2.48,0.4799995,3.52,1.52],"texture":"#mesh_palette"},"west":{"uv":[2.48,0.4799995,3.52,1.52],"texture":"#mesh_palette"},"east":{"uv":[2.48,0.4799995,3.52,1.52],"texture":"#mesh_palette"}},"from":[5.5,6.5,7.5],"to":[11,7,8]},{"faces":{"down":{"uv":[10.48,0.4799995,11.52,1.52],"texture":"#mesh_palette"},"up":{"uv":[10.48,0.4799995,11.52,1.52],"texture":"#mesh_palette"},"north":{"uv":[10.48,0.4799995,11.52,1.52],"texture":"#mesh_palette"},"south":{"uv":[10.48,0.4799995,11.52,1.52],"texture":"#mesh_palette"},"west":{"uv":[10.48,0.4799995,11.52,1.52],"texture":"#mesh_palette"},"east":{"uv":[10.48,0.4799995,11.52,1.52],"texture":"#mesh_palette"}},"from":[5.5,6.5,8],"to":[6.5,7,9]},{"faces":{"down":{"uv":[4.48,0.4799995,5.52,1.52],"texture":"#mesh_palette"},"up":{"uv":[4.48,0.4799995,5.52,1.52],"texture":"#mesh_palette"},"north":{"uv":[4.48,0.4799995,5.52,1.52],"texture":"#mesh_palette"},"south":{"uv":[4.48,0.4799995,5.52,1.52],"texture":"#mesh_palette"},"west":{"uv":[4.48,0.4799995,5.52,1.52],"texture":"#mesh_palette"},"east":{"uv":[4.48,0.4799995,5.52,1.52],"texture":"#mesh_palette"}},"from":[5.5,7,7.5],"to":[6.5,7.5,8.5]},{"faces":{"down":{"uv":[6.48,0.4799995,7.52,1.52],"texture":"#mesh_palette"},"up":{"uv":[6.48,0.4799995,7.52,1.52],"texture":"#mesh_palette"},"north":{"uv":[6.48,0.4799995,7.52,1.52],"texture":"#mesh_palette"},"south":{"uv":[6.48,0.4799995,7.52,1.52],"texture":"#mesh_palette"},"west":{"uv":[6.48,0.4799995,7.52,1.52],"texture":"#mesh_palette"},"east":{"uv":[6.48,0.4799995,7.52,1.52],"texture":"#mesh_palette"}},"from":[5.5,7,8.5],"to":[11,7.5,9]},{"faces":{"down":{"uv":[6.48,0.4799995,7.52,1.52],"texture":"#mesh_palette"},"up":{"uv":[6.48,0.4799995,7.52,1.52],"texture":"#mesh_palette"},"north":{"uv":[6.48,0.4799995,7.52,1.52],"texture":"#mesh_palette"},"south":{"uv":[6.48,0.4799995,7.52,1.52],"texture":"#mesh_palette"},"west":{"uv":[6.48,0.4799995,7.52,1.52],"texture":"#mesh_palette"},"east":{"uv":[6.48,0.4799995,7.52,1.52],"texture":"#mesh_palette"}},"from":[5.5,7.5,7.5],"to":[11,8,8]},{"faces":{"down":{"uv":[4.48,0.4799995,5.52,1.52],"texture":"#mesh_palette"},"up":{"uv":[4.48,0.4799995,5.52,1.52],"texture":"#mesh_palette"},"north":{"uv":[4.48,0.4799995,5.52,1.52],"texture":"#mesh_palette"},"south":{"uv":[4.48,0.4799995,5.52,1.52],"texture":"#mesh_palette"},"west":{"uv":[4.48,0.4799995,5.52,1.52],"texture":"#mesh_palette"},"east":{"uv":[4.48,0.4799995,5.52,1.52],"texture":"#mesh_palette"}},"from":[5.5,7.5,8],"to":[8,8,8.5]},{"faces":{"down":{"uv":[12.48,0.4799995,13.52,1.52],"texture":"#mesh_palette"},"up":{"uv":[12.48,0.4799995,13.52,1.52],"texture":"#mesh_palette"},"north":{"uv":[12.48,0.4799995,13.52,1.52],"texture":"#mesh_palette"},"south":{"uv":[12.48,0.4799995,13.52,1.52],"texture":"#mesh_palette"},"west":{"uv":[12.48,0.4799995,13.52,1.52],"texture":"#mesh_palette"},"east":{"uv":[12.48,0.4799995,13.52,1.52],"texture":"#mesh_palette"}},"from":[5.5,7.5,8.5],"to":[11,8,9]},{"faces":{"down":{"uv":[8.48,0.4799995,9.52,1.52],"texture":"#mesh_palette"},"up":{"uv":[8.48,0.4799995,9.52,1.52],"texture":"#mesh_palette"},"north":{"uv":[8.48,0.4799995,9.52,1.52],"texture":"#mesh_palette"},"south":{"uv":[8.48,0.4799995,9.52,1.52],"texture":"#mesh_palette"},"west":{"uv":[8.48,0.4799995,9.52,1.52],"texture":"#mesh_palette"},"east":{"uv":[8.48,0.4799995,9.52,1.52],"texture":"#mesh_palette"}},"from":[6,5.5,7.5],"to":[10.5,6,8]},{"faces":{"down":{"uv":[14.48,0.4799995,15.52,1.52],"texture":"#mesh_palette"},"up":{"uv":[14.48,0.4799995,15.52,1.52],"texture":"#mesh_palette"},"north":{"uv":[14.48,0.4799995,15.52,1.52],"texture":"#mesh_palette"},"south":{"uv":[14.48,0.4799995,15.52,1.52],"texture":"#mesh_palette"},"west":{"uv":[14.48,0.4799995,15.52,1.52],"texture":"#mesh_palette"},"east":{"uv":[14.48,0.4799995,15.52,1.52],"texture":"#mesh_palette"}},"from":[6,5.5,8],"to":[9,6,9]},{"faces":{"down":{"uv":[10.48,0.4799995,11.52,1.52],"texture":"#mesh_palette"},"up":{"uv":[10.48,0.4799995,11.52,1.52],"texture":"#mesh_palette"},"north":{"uv":[10.48,0.4799995,11.52,1.52],"texture":"#mesh_palette"},"south":{"uv":[10.48,0.4799995,11.52,1.52],"texture":"#mesh_palette"},"west":{"uv":[10.48,0.4799995,11.52,1.52],"texture":"#mesh_palette"},"east":{"uv":[10.48,0.4799995,11.52,1.52],"texture":"#mesh_palette"}},"from":[6,6,7.5],"to":[8,6.5,8]},{"faces":{"down":{"uv":[2.48,0.4799995,3.52,1.52],"texture":"#mesh_palette"},"up":{"uv":[2.48,0.4799995,3.52,1.52],"texture":"#mesh_palette"},"north":{"uv":[2.48,0.4799995,3.52,1.52],"texture":"#mesh_palette"},"south":{"uv":[2.48,0.4799995,3.52,1.52],"texture":"#mesh_palette"},"west":{"uv":[2.48,0.4799995,3.52,1.52],"texture":"#mesh_palette"},"east":{"uv":[2.48,0.4799995,3.52,1.52],"texture":"#mesh_palette"}},"from":[6,6,8],"to":[10.5,6.5,8.5]},{"faces":{"down":{"uv":[10.48,0.4799995,11.52,1.52],"texture":"#mesh_palette"},"up":{"uv":[10.48,0.4799995,11.52,1.52],"texture":"#mesh_palette"},"north":{"uv":[10.48,0.4799995,11.52,1.52],"texture":"#mesh_palette"},"south":{"uv":[10.48,0.4799995,11.52,1.52],"texture":"#mesh_palette"},"west":{"uv":[10.48,0.4799995,11.52,1.52],"texture":"#mesh_palette"},"east":{"uv":[10.48,0.4799995,11.52,1.52],"texture":"#mesh_palette"}},"from":[6,6,8.5],"to":[8,6.5,9]},{"faces":{"down":{"uv":[2.48,0.4799995,3.52,1.52],"texture":"#mesh_palette"},"up":{"uv":[2.48,0.4799995,3.52,1.52],"texture":"#mesh_palette"},"north":{"uv":[2.48,0.4799995,3.52,1.52],"texture":"#mesh_palette"},"south":{"uv":[2.48,0.4799995,3.52,1.52],"texture":"#mesh_palette"},"west":{"uv":[2.48,0.4799995,3.52,1.52],"texture":"#mesh_palette"},"east":{"uv":[2.48,0.4799995,3.52,1.52],"texture":"#mesh_palette"}},"from":[6,6.5,6.5],"to":[10.5,7,7]},{"faces":{"down":{"uv":[10.48,0.4799995,11.52,1.52],"texture":"#mesh_palette"},"up":{"uv":[10.48,0.4799995,11.52,1.52],"texture":"#mesh_palette"},"north":{"uv":[10.48,0.4799995,11.52,1.52],"texture":"#mesh_palette"},"south":{"uv":[10.48,0.4799995,11.52,1.52],"texture":"#mesh_palette"},"west":{"uv":[10.48,0.4799995,11.52,1.52],"texture":"#mesh_palette"},"east":{"uv":[10.48,0.4799995,11.52,1.52],"texture":"#mesh_palette"}},"from":[6,6.5,7],"to":[6.5,7,7.5]},{"faces":{"down":{"uv":[0.48,2.48,1.52,3.52],"texture":"#mesh_palette"},"up":{"uv":[0.48,2.48,1.52,3.52],"texture":"#mesh_palette"},"north":{"uv":[0.48,2.48,1.52,3.52],"texture":"#mesh_palette"},"south":{"uv":[0.48,2.48,1.52,3.52],"texture":"#mesh_palette"},"west":{"uv":[0.48,2.48,1.52,3.52],"texture":"#mesh_palette"},"east":{"uv":[0.48,2.48,1.52,3.52],"texture":"#mesh_palette"}},"from":[6,6.5,9],"to":[10.5,7,9.5]},{"faces":{"down":{"uv":[10.48,0.4799995,11.52,1.52],"texture":"#mesh_palette"},"up":{"uv":[10.48,0.4799995,11.52,1.52],"texture":"#mesh_palette"},"north":{"uv":[10.48,0.4799995,11.52,1.52],"texture":"#mesh_palette"},"south":{"uv":[10.48,0.4799995,11.52,1.52],"texture":"#mesh_palette"},"west":{"uv":[10.48,0.4799995,11.52,1.52],"texture":"#mesh_palette"},"east":{"uv":[10.48,0.4799995,11.52,1.52],"texture":"#mesh_palette"}},"from":[6,6.5,9.5],"to":[6.5,7,10]},{"faces":{"down":{"uv":[12.48,0.4799995,13.52,1.52],"texture":"#mesh_palette"},"up":{"uv":[12.48,0.4799995,13.52,1.52],"texture":"#mesh_palette"},"north":{"uv":[12.48,0.4799995,13.52,1.52],"texture":"#mesh_palette"},"south":{"uv":[12.48,0.4799995,13.52,1.52],"texture":"#mesh_palette"},"west":{"uv":[12.48,0.4799995,13.52,1.52],"texture":"#mesh_palette"},"east":{"uv":[12.48,0.4799995,13.52,1.52],"texture":"#mesh_palette"}},"from":[6,7,6.5],"to":[10.5,7.5,7]},{"faces":{"down":{"uv":[4.48,0.4799995,5.52,1.52],"texture":"#mesh_palette"},"up":{"uv":[4.48,0.4799995,5.52,1.52],"texture":"#mesh_palette"},"north":{"uv":[4.48,0.4799995,5.52,1.52],"texture":"#mesh_palette"},"south":{"uv":[4.48,0.4799995,5.52,1.52],"texture":"#mesh_palette"},"west":{"uv":[4.48,0.4799995,5.52,1.52],"texture":"#mesh_palette"},"east":{"uv":[4.48,0.4799995,5.52,1.52],"texture":"#mesh_palette"}},"from":[6,7,7],"to":[6.5,8,7.5]},{"faces":{"down":{"uv":[4.48,0.4799995,5.52,1.52],"texture":"#mesh_palette"},"up":{"uv":[4.48,0.4799995,5.52,1.52],"texture":"#mesh_palette"},"north":{"uv":[4.48,0.4799995,5.52,1.52],"texture":"#mesh_palette"},"south":{"uv":[4.48,0.4799995,5.52,1.52],"texture":"#mesh_palette"},"west":{"uv":[4.48,0.4799995,5.52,1.52],"texture":"#mesh_palette"},"east":{"uv":[4.48,0.4799995,5.52,1.52],"texture":"#mesh_palette"}},"from":[6,7,9],"to":[6.5,8,10]},{"faces":{"down":{"uv":[6.48,0.4799995,7.52,1.52],"texture":"#mesh_palette"},"up":{"uv":[6.48,0.4799995,7.52,1.52],"texture":"#mesh_palette"},"north":{"uv":[6.48,0.4799995,7.52,1.52],"texture":"#mesh_palette"},"south":{"uv":[6.48,0.4799995,7.52,1.52],"texture":"#mesh_palette"},"west":{"uv":[6.48,0.4799995,7.52,1.52],"texture":"#mesh_palette"},"east":{"uv":[6.48,0.4799995,7.52,1.52],"texture":"#mesh_palette"}},"from":[6,7.5,6.5],"to":[8,8,7]},{"faces":{"down":{"uv":[10.48,2.48,11.52,3.52],"texture":"#mesh_palette"},"up":{"uv":[10.48,2.48,11.52,3.52],"texture":"#mesh_palette"},"north":{"uv":[10.48,2.48,11.52,3.52],"texture":"#mesh_palette"},"south":{"uv":[10.48,2.48,11.52,3.52],"texture":"#mesh_palette"},"west":{"uv":[10.48,2.48,11.52,3.52],"texture":"#mesh_palette"},"east":{"uv":[10.48,2.48,11.52,3.52],"texture":"#mesh_palette"}},"from":[6,8,7.5],"to":[6.5,8.5,8]},{"faces":{"down":{"uv":[2.48,4.48,3.52,5.52],"texture":"#mesh_palette"},"up":{"uv":[2.48,4.48,3.52,5.52],"texture":"#mesh_palette"},"north":{"uv":[2.48,4.48,3.52,5.52],"texture":"#mesh_palette"},"south":{"uv":[2.48,4.48,3.52,5.52],"texture":"#mesh_palette"},"west":{"uv":[2.48,4.48,3.52,5.52],"texture":"#mesh_palette"},"east":{"uv":[2.48,4.48,3.52,5.52],"texture":"#mesh_palette"}},"from":[6,8,8],"to":[10.5,8.5,8.5]},{"faces":{"down":{"uv":[10.48,2.48,11.52,3.52],"texture":"#mesh_palette"},"up":{"uv":[10.48,2.48,11.52,3.52],"texture":"#mesh_palette"},"north":{"uv":[10.48,2.48,11.52,3.52],"texture":"#mesh_palette"},"south":{"uv":[10.48,2.48,11.52,3.52],"texture":"#mesh_palette"},"west":{"uv":[10.48,2.48,11.52,3.52],"texture":"#mesh_palette"},"east":{"uv":[10.48,2.48,11.52,3.52],"texture":"#mesh_palette"}},"from":[6,8,8.5],"to":[6.5,9,9]},{"faces":{"down":{"uv":[12.48,2.48,13.52,3.52],"texture":"#mesh_palette"},"up":{"uv":[12.48,2.48,13.52,3.52],"texture":"#mesh_palette"},"north":{"uv":[12.48,2.48,13.52,3.52],"texture":"#mesh_palette"},"south":{"uv":[12.48,2.48,13.52,3.52],"texture":"#mesh_palette"},"west":{"uv":[12.48,2.48,13.52,3.52],"texture":"#mesh_palette"},"east":{"uv":[12.48,2.48,13.52,3.52],"texture":"#mesh_palette"}},"from":[6,8.5,7.5],"to":[10.5,9,8]},{"faces":{"down":{"uv":[10.48,2.48,11.52,3.52],"texture":"#mesh_palette"},"up":{"uv":[10.48,2.48,11.52,3.52],"texture":"#mesh_palette"},"north":{"uv":[10.48,2.48,11.52,3.52],"texture":"#mesh_palette"},"south":{"uv":[10.48,2.48,11.52,3.52],"texture":"#mesh_palette"},"west":{"uv":[10.48,2.48,11.52,3.52],"texture":"#mesh_palette"},"east":{"uv":[10.48,2.48,11.52,3.52],"texture":"#mesh_palette"}},"from":[6,8.5,8],"to":[8.5,9,8.5]},{"faces":{"down":{"uv":[14.48,0.4799995,15.52,1.52],"texture":"#mesh_palette"},"up":{"uv":[14.48,0.4799995,15.52,1.52],"texture":"#mesh_palette"},"north":{"uv":[14.48,0.4799995,15.52,1.52],"texture":"#mesh_palette"},"south":{"uv":[14.48,0.4799995,15.52,1.52],"texture":"#mesh_palette"},"west":{"uv":[14.48,0.4799995,15.52,1.52],"texture":"#mesh_palette"},"east":{"uv":[14.48,0.4799995,15.52,1.52],"texture":"#mesh_palette"}},"from":[6.5,5,7.5],"to":[8,5.5,8]},{"faces":{"down":{"uv":[6.48,2.48,7.52,3.52],"texture":"#mesh_palette"},"up":{"uv":[6.48,2.48,7.52,3.52],"texture":"#mesh_palette"},"north":{"uv":[6.48,2.48,7.52,3.52],"texture":"#mesh_palette"},"south":{"uv":[6.48,2.48,7.52,3.52],"texture":"#mesh_palette"},"west":{"uv":[6.48,2.48,7.52,3.52],"texture":"#mesh_palette"},"east":{"uv":[6.48,2.48,7.52,3.52],"texture":"#mesh_palette"}},"from":[6.5,5,8],"to":[8,5.5,8.5]},{"faces":{"down":{"uv":[14.48,0.4799995,15.52,1.52],"texture":"#mesh_palette"},"up":{"uv":[14.48,0.4799995,15.52,1.52],"texture":"#mesh_palette"},"north":{"uv":[14.48,0.4799995,15.52,1.52],"texture":"#mesh_palette"},"south":{"uv":[14.48,0.4799995,15.52,1.52],"texture":"#mesh_palette"},"west":{"uv":[14.48,0.4799995,15.52,1.52],"texture":"#mesh_palette"},"east":{"uv":[14.48,0.4799995,15.52,1.52],"texture":"#mesh_palette"}},"from":[6.5,5,8.5],"to":[8,5.5,9]},{"faces":{"down":{"uv":[14.48,0.4799995,15.52,1.52],"texture":"#mesh_palette"},"up":{"uv":[14.48,0.4799995,15.52,1.52],"texture":"#mesh_palette"},"north":{"uv":[14.48,0.4799995,15.52,1.52],"texture":"#mesh_palette"},"south":{"uv":[14.48,0.4799995,15.52,1.52],"texture":"#mesh_palette"},"west":{"uv":[14.48,0.4799995,15.52,1.52],"texture":"#mesh_palette"},"east":{"uv":[14.48,0.4799995,15.52,1.52],"texture":"#mesh_palette"}},"from":[6.5,5.5,6.5],"to":[9,6,7.5]},{"faces":{"down":{"uv":[14.48,0.4799995,15.52,1.52],"texture":"#mesh_palette"},"up":{"uv":[14.48,0.4799995,15.52,1.52],"texture":"#mesh_palette"},"north":{"uv":[14.48,0.4799995,15.52,1.52],"texture":"#mesh_palette"},"south":{"uv":[14.48,0.4799995,15.52,1.52],"texture":"#mesh_palette"},"west":{"uv":[14.48,0.4799995,15.52,1.52],"texture":"#mesh_palette"},"east":{"uv":[14.48,0.4799995,15.52,1.52],"texture":"#mesh_palette"}},"from":[6.5,5.5,9],"to":[10,6,9.5]},{"faces":{"down":{"uv":[6.48,2.48,7.52,3.52],"texture":"#mesh_palette"},"up":{"uv":[6.48,2.48,7.52,3.52],"texture":"#mesh_palette"},"north":{"uv":[6.48,2.48,7.52,3.52],"texture":"#mesh_palette"},"south":{"uv":[6.48,2.48,7.52,3.52],"texture":"#mesh_palette"},"west":{"uv":[6.48,2.48,7.52,3.52],"texture":"#mesh_palette"},"east":{"uv":[6.48,2.48,7.52,3.52],"texture":"#mesh_palette"}},"from":[6.5,5.5,9.5],"to":[7,6,10]},{"faces":{"down":{"uv":[10.48,0.4799995,11.52,1.52],"texture":"#mesh_palette"},"up":{"uv":[10.48,0.4799995,11.52,1.52],"texture":"#mesh_palette"},"north":{"uv":[10.48,0.4799995,11.52,1.52],"texture":"#mesh_palette"},"south":{"uv":[10.48,0.4799995,11.52,1.52],"texture":"#mesh_palette"},"west":{"uv":[10.48,0.4799995,11.52,1.52],"texture":"#mesh_palette"},"east":{"uv":[10.48,0.4799995,11.52,1.52],"texture":"#mesh_palette"}},"from":[6.5,6,6.5],"to":[8,6.5,7]},{"faces":{"down":{"uv":[0.48,2.48,1.52,3.52],"texture":"#mesh_palette"},"up":{"uv":[0.48,2.48,1.52,3.52],"texture":"#mesh_palette"},"north":{"uv":[0.48,2.48,1.52,3.52],"texture":"#mesh_palette"},"south":{"uv":[0.48,2.48,1.52,3.52],"texture":"#mesh_palette"},"west":{"uv":[0.48,2.48,1.52,3.52],"texture":"#mesh_palette"},"east":{"uv":[0.48,2.48,1.52,3.52],"texture":"#mesh_palette"}},"from":[6.5,6,7],"to":[10,6.5,7.5]},{"faces":{"down":{"uv":[10.48,0.4799995,11.52,1.52],"texture":"#mesh_palette"},"up":{"uv":[10.48,0.4799995,11.52,1.52],"texture":"#mesh_palette"},"north":{"uv":[10.48,0.4799995,11.52,1.52],"texture":"#mesh_palette"},"south":{"uv":[10.48,0.4799995,11.52,1.52],"texture":"#mesh_palette"},"west":{"uv":[10.48,0.4799995,11.52,1.52],"texture":"#mesh_palette"},"east":{"uv":[10.48,0.4799995,11.52,1.52],"texture":"#mesh_palette"}},"from":[6.5,6,9],"to":[8,6.5,9.5]},{"faces":{"down":{"uv":[2.48,0.4799995,3.52,1.52],"texture":"#mesh_palette"},"up":{"uv":[2.48,0.4799995,3.52,1.52],"texture":"#mesh_palette"},"north":{"uv":[2.48,0.4799995,3.52,1.52],"texture":"#mesh_palette"},"south":{"uv":[2.48,0.4799995,3.52,1.52],"texture":"#mesh_palette"},"west":{"uv":[2.48,0.4799995,3.52,1.52],"texture":"#mesh_palette"},"east":{"uv":[2.48,0.4799995,3.52,1.52],"texture":"#mesh_palette"}},"from":[6.5,6,9.5],"to":[10,6.5,10]},{"faces":{"down":{"uv":[0.48,2.48,1.52,3.52],"texture":"#mesh_palette"},"up":{"uv":[0.48,2.48,1.52,3.52],"texture":"#mesh_palette"},"north":{"uv":[0.48,2.48,1.52,3.52],"texture":"#mesh_palette"},"south":{"uv":[0.48,2.48,1.52,3.52],"texture":"#mesh_palette"},"west":{"uv":[0.48,2.48,1.52,3.52],"texture":"#mesh_palette"},"east":{"uv":[0.48,2.48,1.52,3.52],"texture":"#mesh_palette"}},"from":[6.5,6.5,6],"to":[7,7,6.5]},{"faces":{"down":{"uv":[0.48,2.48,1.52,3.52],"texture":"#mesh_palette"},"up":{"uv":[0.48,2.48,1.52,3.52],"texture":"#mesh_palette"},"north":{"uv":[0.48,2.48,1.52,3.52],"texture":"#mesh_palette"},"south":{"uv":[0.48,2.48,1.52,3.52],"texture":"#mesh_palette"},"west":{"uv":[0.48,2.48,1.52,3.52],"texture":"#mesh_palette"},"east":{"uv":[0.48,2.48,1.52,3.52],"texture":"#mesh_palette"}},"from":[6.5,6.5,7],"to":[7,7,7.5]},{"faces":{"down":{"uv":[0.48,2.48,1.52,3.52],"texture":"#mesh_palette"},"up":{"uv":[0.48,2.48,1.52,3.52],"texture":"#mesh_palette"},"north":{"uv":[0.48,2.48,1.52,3.52],"texture":"#mesh_palette"},"south":{"uv":[0.48,2.48,1.52,3.52],"texture":"#mesh_palette"},"west":{"uv":[0.48,2.48,1.52,3.52],"texture":"#mesh_palette"},"east":{"uv":[0.48,2.48,1.52,3.52],"texture":"#mesh_palette"}},"from":[6.5,6.5,8],"to":[7,7,9]},{"faces":{"down":{"uv":[0.48,2.48,1.52,3.52],"texture":"#mesh_palette"},"up":{"uv":[0.48,2.48,1.52,3.52],"texture":"#mesh_palette"},"north":{"uv":[0.48,2.48,1.52,3.52],"texture":"#mesh_palette"},"south":{"uv":[0.48,2.48,1.52,3.52],"texture":"#mesh_palette"},"west":{"uv":[0.48,2.48,1.52,3.52],"texture":"#mesh_palette"},"east":{"uv":[0.48,2.48,1.52,3.52],"texture":"#mesh_palette"}},"from":[6.5,6.5,9.5],"to":[7,7,10.5]},{"faces":{"down":{"uv":[12.48,0.4799995,13.52,1.52],"texture":"#mesh_palette"},"up":{"uv":[12.48,0.4799995,13.52,1.52],"texture":"#mesh_palette"},"north":{"uv":[12.48,0.4799995,13.52,1.52],"texture":"#mesh_palette"},"south":{"uv":[12.48,0.4799995,13.52,1.52],"texture":"#mesh_palette"},"west":{"uv":[12.48,0.4799995,13.52,1.52],"texture":"#mesh_palette"},"east":{"uv":[12.48,0.4799995,13.52,1.52],"texture":"#mesh_palette"}},"from":[6.5,7,6],"to":[7,7.5,6.5]},{"faces":{"down":{"uv":[12.48,0.4799995,13.52,1.52],"texture":"#mesh_palette"},"up":{"uv":[12.48,0.4799995,13.52,1.52],"texture":"#mesh_palette"},"north":{"uv":[12.48,0.4799995,13.52,1.52],"texture":"#mesh_palette"},"south":{"uv":[12.48,0.4799995,13.52,1.52],"texture":"#mesh_palette"},"west":{"uv":[12.48,0.4799995,13.52,1.52],"texture":"#mesh_palette"},"east":{"uv":[12.48,0.4799995,13.52,1.52],"texture":"#mesh_palette"}},"from":[6.5,7,7],"to":[7,7.5,8.5]},{"faces":{"down":{"uv":[12.48,0.4799995,13.52,1.52],"texture":"#mesh_palette"},"up":{"uv":[12.48,0.4799995,13.52,1.52],"texture":"#mesh_palette"},"north":{"uv":[12.48,0.4799995,13.52,1.52],"texture":"#mesh_palette"},"south":{"uv":[12.48,0.4799995,13.52,1.52],"texture":"#mesh_palette"},"west":{"uv":[12.48,0.4799995,13.52,1.52],"texture":"#mesh_palette"},"east":{"uv":[12.48,0.4799995,13.52,1.52],"texture":"#mesh_palette"}},"from":[6.5,7,9],"to":[7,7.5,10.5]},{"faces":{"down":{"uv":[4.48,0.4799995,5.52,1.52],"texture":"#mesh_palette"},"up":{"uv":[4.48,0.4799995,5.52,1.52],"texture":"#mesh_palette"},"north":{"uv":[4.48,0.4799995,5.52,1.52],"texture":"#mesh_palette"},"south":{"uv":[4.48,0.4799995,5.52,1.52],"texture":"#mesh_palette"},"west":{"uv":[4.48,0.4799995,5.52,1.52],"texture":"#mesh_palette"},"east":{"uv":[4.48,0.4799995,5.52,1.52],"texture":"#mesh_palette"}},"from":[6.5,7.5,6],"to":[9.5,8,6.5]},{"faces":{"down":{"uv":[4.48,0.4799995,5.52,1.52],"texture":"#mesh_palette"},"up":{"uv":[4.48,0.4799995,5.52,1.52],"texture":"#mesh_palette"},"north":{"uv":[4.48,0.4799995,5.52,1.52],"texture":"#mesh_palette"},"south":{"uv":[4.48,0.4799995,5.52,1.52],"texture":"#mesh_palette"},"west":{"uv":[4.48,0.4799995,5.52,1.52],"texture":"#mesh_palette"},"east":{"uv":[4.48,0.4799995,5.52,1.52],"texture":"#mesh_palette"}},"from":[6.5,7.5,7],"to":[8,8,7.5]},{"faces":{"down":{"uv":[4.48,0.4799995,5.52,1.52],"texture":"#mesh_palette"},"up":{"uv":[4.48,0.4799995,5.52,1.52],"texture":"#mesh_palette"},"north":{"uv":[4.48,0.4799995,5.52,1.52],"texture":"#mesh_palette"},"south":{"uv":[4.48,0.4799995,5.52,1.52],"texture":"#mesh_palette"},"west":{"uv":[4.48,0.4799995,5.52,1.52],"texture":"#mesh_palette"},"east":{"uv":[4.48,0.4799995,5.52,1.52],"texture":"#mesh_palette"}},"from":[6.5,7.5,9],"to":[8,8,10.5]},{"faces":{"down":{"uv":[12.48,2.48,13.52,3.52],"texture":"#mesh_palette"},"up":{"uv":[12.48,2.48,13.52,3.52],"texture":"#mesh_palette"},"north":{"uv":[12.48,2.48,13.52,3.52],"texture":"#mesh_palette"},"south":{"uv":[12.48,2.48,13.52,3.52],"texture":"#mesh_palette"},"west":{"uv":[12.48,2.48,13.52,3.52],"texture":"#mesh_palette"},"east":{"uv":[12.48,2.48,13.52,3.52],"texture":"#mesh_palette"}},"from":[6.5,8,6.5],"to":[7,8.5,8]},{"faces":{"down":{"uv":[12.48,2.48,13.52,3.52],"texture":"#mesh_palette"},"up":{"uv":[12.48,2.48,13.52,3.52],"texture":"#mesh_palette"},"north":{"uv":[12.48,2.48,13.52,3.52],"texture":"#mesh_palette"},"south":{"uv":[12.48,2.48,13.52,3.52],"texture":"#mesh_palette"},"west":{"uv":[12.48,2.48,13.52,3.52],"texture":"#mesh_palette"},"east":{"uv":[12.48,2.48,13.52,3.52],"texture":"#mesh_palette"}},"from":[6.5,8,8.5],"to":[7,8.5,10]},{"faces":{"down":{"uv":[10.48,2.48,11.52,3.52],"texture":"#mesh_palette"},"up":{"uv":[10.48,2.48,11.52,3.52],"texture":"#mesh_palette"},"north":{"uv":[10.48,2.48,11.52,3.52],"texture":"#mesh_palette"},"south":{"uv":[10.48,2.48,11.52,3.52],"texture":"#mesh_palette"},"west":{"uv":[10.48,2.48,11.52,3.52],"texture":"#mesh_palette"},"east":{"uv":[10.48,2.48,11.52,3.52],"texture":"#mesh_palette"}},"from":[6.5,8.5,6.5],"to":[10,9,7]},{"faces":{"down":{"uv":[2.48,4.48,3.52,5.52],"texture":"#mesh_palette"},"up":{"uv":[2.48,4.48,3.52,5.52],"texture":"#mesh_palette"},"north":{"uv":[2.48,4.48,3.52,5.52],"texture":"#mesh_palette"},"south":{"uv":[2.48,4.48,3.52,5.52],"texture":"#mesh_palette"},"west":{"uv":[2.48,4.48,3.52,5.52],"texture":"#mesh_palette"},"east":{"uv":[2.48,4.48,3.52,5.52],"texture":"#mesh_palette"}},"from":[6.5,8.5,7],"to":[10,9,7.5]},{"faces":{"down":{"uv":[10.48,2.48,11.52,3.52],"texture":"#mesh_palette"},"up":{"uv":[10.48,2.48,11.52,3.52],"texture":"#mesh_palette"},"north":{"uv":[10.48,2.48,11.52,3.52],"texture":"#mesh_palette"},"south":{"uv":[10.48,2.48,11.52,3.52],"texture":"#mesh_palette"},"west":{"uv":[10.48,2.48,11.52,3.52],"texture":"#mesh_palette"},"east":{"uv":[10.48,2.48,11.52,3.52],"texture":"#mesh_palette"}},"from":[6.5,8.5,8.5],"to":[10.5,9,9]},{"faces":{"down":{"uv":[10.48,2.48,11.52,3.52],"texture":"#mesh_palette"},"up":{"uv":[10.48,2.48,11.52,3.52],"texture":"#mesh_palette"},"north":{"uv":[10.48,2.48,11.52,3.52],"texture":"#mesh_palette"},"south":{"uv":[10.48,2.48,11.52,3.52],"texture":"#mesh_palette"},"west":{"uv":[10.48,2.48,11.52,3.52],"texture":"#mesh_palette"},"east":{"uv":[10.48,2.48,11.52,3.52],"texture":"#mesh_palette"}},"from":[6.5,8.5,9],"to":[8.5,9,9.5]},{"faces":{"down":{"uv":[2.48,4.48,3.52,5.52],"texture":"#mesh_palette"},"up":{"uv":[2.48,4.48,3.52,5.52],"texture":"#mesh_palette"},"north":{"uv":[2.48,4.48,3.52,5.52],"texture":"#mesh_palette"},"south":{"uv":[2.48,4.48,3.52,5.52],"texture":"#mesh_palette"},"west":{"uv":[2.48,4.48,3.52,5.52],"texture":"#mesh_palette"},"east":{"uv":[2.48,4.48,3.52,5.52],"texture":"#mesh_palette"}},"from":[6.5,8.5,9.5],"to":[7,9,10]},{"faces":{"down":{"uv":[6.48,4.48,7.52,5.52],"texture":"#mesh_palette"},"up":{"uv":[6.48,4.48,7.52,5.52],"texture":"#mesh_palette"},"north":{"uv":[6.48,4.48,7.52,5.52],"texture":"#mesh_palette"},"south":{"uv":[6.48,4.48,7.52,5.52],"texture":"#mesh_palette"},"west":{"uv":[6.48,4.48,7.52,5.52],"texture":"#mesh_palette"},"east":{"uv":[6.48,4.48,7.52,5.52],"texture":"#mesh_palette"}},"from":[6.5,9,7.5],"to":[10,9.5,8]},{"faces":{"down":{"uv":[14.48,2.48,15.52,3.52],"texture":"#mesh_palette"},"up":{"uv":[14.48,2.48,15.52,3.52],"texture":"#mesh_palette"},"north":{"uv":[14.48,2.48,15.52,3.52],"texture":"#mesh_palette"},"south":{"uv":[14.48,2.48,15.52,3.52],"texture":"#mesh_palette"},"west":{"uv":[14.48,2.48,15.52,3.52],"texture":"#mesh_palette"},"east":{"uv":[14.48,2.48,15.52,3.52],"texture":"#mesh_palette"}},"from":[6.5,9,8],"to":[10,9.5,8.5]},{"faces":{"down":{"uv":[4.48,4.48,5.52,5.52],"texture":"#mesh_palette"},"up":{"uv":[4.48,4.48,5.52,5.52],"texture":"#mesh_palette"},"north":{"uv":[4.48,4.48,5.52,5.52],"texture":"#mesh_palette"},"south":{"uv":[4.48,4.48,5.52,5.52],"texture":"#mesh_palette"},"west":{"uv":[4.48,4.48,5.52,5.52],"texture":"#mesh_palette"},"east":{"uv":[4.48,4.48,5.52,5.52],"texture":"#mesh_palette"}},"from":[6.5,9,8.5],"to":[10,9.5,9]},{"faces":{"down":{"uv":[14.48,2.48,15.52,3.52],"texture":"#mesh_palette"},"up":{"uv":[14.48,2.48,15.52,3.52],"texture":"#mesh_palette"},"north":{"uv":[14.48,2.48,15.52,3.52],"texture":"#mesh_palette"},"south":{"uv":[14.48,2.48,15.52,3.52],"texture":"#mesh_palette"},"west":{"uv":[14.48,2.48,15.52,3.52],"texture":"#mesh_palette"},"east":{"uv":[14.48,2.48,15.52,3.52],"texture":"#mesh_palette"}},"from":[6.5,9.5,7.5],"to":[7.5,10,8]},{"faces":{"down":{"uv":[4.48,4.48,5.52,5.52],"texture":"#mesh_palette"},"up":{"uv":[4.48,4.48,5.52,5.52],"texture":"#mesh_palette"},"north":{"uv":[4.48,4.48,5.52,5.52],"texture":"#mesh_palette"},"south":{"uv":[4.48,4.48,5.52,5.52],"texture":"#mesh_palette"},"west":{"uv":[4.48,4.48,5.52,5.52],"texture":"#mesh_palette"},"east":{"uv":[4.48,4.48,5.52,5.52],"texture":"#mesh_palette"}},"from":[6.5,9.5,8],"to":[7.5,10,8.5]},{"faces":{"down":{"uv":[14.48,2.48,15.52,3.52],"texture":"#mesh_palette"},"up":{"uv":[14.48,2.48,15.52,3.52],"texture":"#mesh_palette"},"north":{"uv":[14.48,2.48,15.52,3.52],"texture":"#mesh_palette"},"south":{"uv":[14.48,2.48,15.52,3.52],"texture":"#mesh_palette"},"west":{"uv":[14.48,2.48,15.52,3.52],"texture":"#mesh_palette"},"east":{"uv":[14.48,2.48,15.52,3.52],"texture":"#mesh_palette"}},"from":[6.5,9.5,8.5],"to":[7.5,10,9]},{"faces":{"down":{"uv":[2.48,2.48,3.52,3.52],"texture":"#mesh_palette"},"up":{"uv":[2.48,2.48,3.52,3.52],"texture":"#mesh_palette"},"north":{"uv":[2.48,2.48,3.52,3.52],"texture":"#mesh_palette"},"south":{"uv":[2.48,2.48,3.52,3.52],"texture":"#mesh_palette"},"west":{"uv":[2.48,2.48,3.52,3.52],"texture":"#mesh_palette"},"east":{"uv":[2.48,2.48,3.52,3.52],"texture":"#mesh_palette"}},"from":[7,4.5,7.5],"to":[7.5,5,8]},{"faces":{"down":{"uv":[4.48,2.48,5.52,3.52],"texture":"#mesh_palette"},"up":{"uv":[4.48,2.48,5.52,3.52],"texture":"#mesh_palette"},"north":{"uv":[4.48,2.48,5.52,3.52],"texture":"#mesh_palette"},"south":{"uv":[4.48,2.48,5.52,3.52],"texture":"#mesh_palette"},"west":{"uv":[4.48,2.48,5.52,3.52],"texture":"#mesh_palette"},"east":{"uv":[4.48,2.48,5.52,3.52],"texture":"#mesh_palette"}},"from":[7,4.5,8],"to":[8.5,5,8.5]},{"faces":{"down":{"uv":[8.48,2.48,9.52,3.52],"texture":"#mesh_palette"},"up":{"uv":[8.48,2.48,9.52,3.52],"texture":"#mesh_palette"},"north":{"uv":[8.48,2.48,9.52,3.52],"texture":"#mesh_palette"},"south":{"uv":[8.48,2.48,9.52,3.52],"texture":"#mesh_palette"},"west":{"uv":[8.48,2.48,9.52,3.52],"texture":"#mesh_palette"},"east":{"uv":[8.48,2.48,9.52,3.52],"texture":"#mesh_palette"}},"from":[7,4.5,8.5],"to":[7.5,5,9]},{"faces":{"down":{"uv":[14.48,0.4799995,15.52,1.52],"texture":"#mesh_palette"},"up":{"uv":[14.48,0.4799995,15.52,1.52],"texture":"#mesh_palette"},"north":{"uv":[14.48,0.4799995,15.52,1.52],"texture":"#mesh_palette"},"south":{"uv":[14.48,0.4799995,15.52,1.52],"texture":"#mesh_palette"},"west":{"uv":[14.48,0.4799995,15.52,1.52],"texture":"#mesh_palette"},"east":{"uv":[14.48,0.4799995,15.52,1.52],"texture":"#mesh_palette"}},"from":[7,5,7],"to":[8,5.5,7.5]},{"faces":{"down":{"uv":[8.48,0.4799995,9.52,1.52],"texture":"#mesh_palette"},"up":{"uv":[8.48,0.4799995,9.52,1.52],"texture":"#mesh_palette"},"north":{"uv":[8.48,0.4799995,9.52,1.52],"texture":"#mesh_palette"},"south":{"uv":[8.48,0.4799995,9.52,1.52],"texture":"#mesh_palette"},"west":{"uv":[8.48,0.4799995,9.52,1.52],"texture":"#mesh_palette"},"east":{"uv":[8.48,0.4799995,9.52,1.52],"texture":"#mesh_palette"}},"from":[7,5,9],"to":[9.5,5.5,9.5]},{"faces":{"down":{"uv":[14.48,0.4799995,15.52,1.52],"texture":"#mesh_palette"},"up":{"uv":[14.48,0.4799995,15.52,1.52],"texture":"#mesh_palette"},"north":{"uv":[14.48,0.4799995,15.52,1.52],"texture":"#mesh_palette"},"south":{"uv":[14.48,0.4799995,15.52,1.52],"texture":"#mesh_palette"},"west":{"uv":[14.48,0.4799995,15.52,1.52],"texture":"#mesh_palette"},"east":{"uv":[14.48,0.4799995,15.52,1.52],"texture":"#mesh_palette"}},"from":[7,5.5,9.5],"to":[7.5,6,10]},{"faces":{"down":{"uv":[10.48,0.4799995,11.52,1.52],"texture":"#mesh_palette"},"up":{"uv":[10.48,0.4799995,11.52,1.52],"texture":"#mesh_palette"},"north":{"uv":[10.48,0.4799995,11.52,1.52],"texture":"#mesh_palette"},"south":{"uv":[10.48,0.4799995,11.52,1.52],"texture":"#mesh_palette"},"west":{"uv":[10.48,0.4799995,11.52,1.52],"texture":"#mesh_palette"},"east":{"uv":[10.48,0.4799995,11.52,1.52],"texture":"#mesh_palette"}},"from":[7,6.5,6],"to":[8.5,7,6.5]},{"faces":{"down":{"uv":[10.48,0.4799995,11.52,1.52],"texture":"#mesh_palette"},"up":{"uv":[10.48,0.4799995,11.52,1.52],"texture":"#mesh_palette"},"north":{"uv":[10.48,0.4799995,11.52,1.52],"texture":"#mesh_palette"},"south":{"uv":[10.48,0.4799995,11.52,1.52],"texture":"#mesh_palette"},"west":{"uv":[10.48,0.4799995,11.52,1.52],"texture":"#mesh_palette"},"east":{"uv":[10.48,0.4799995,11.52,1.52],"texture":"#mesh_palette"}},"from":[7,6.5,7],"to":[8.5,7,7.5]},{"faces":{"down":{"uv":[10.48,0.4799995,11.52,1.52],"texture":"#mesh_palette"},"up":{"uv":[10.48,0.4799995,11.52,1.52],"texture":"#mesh_palette"},"north":{"uv":[10.48,0.4799995,11.52,1.52],"texture":"#mesh_palette"},"south":{"uv":[10.48,0.4799995,11.52,1.52],"texture":"#mesh_palette"},"west":{"uv":[10.48,0.4799995,11.52,1.52],"texture":"#mesh_palette"},"east":{"uv":[10.48,0.4799995,11.52,1.52],"texture":"#mesh_palette"}},"from":[7,6.5,8],"to":[8.5,7,9]},{"faces":{"down":{"uv":[10.48,0.4799995,11.52,1.52],"texture":"#mesh_palette"},"up":{"uv":[10.48,0.4799995,11.52,1.52],"texture":"#mesh_palette"},"north":{"uv":[10.48,0.4799995,11.52,1.52],"texture":"#mesh_palette"},"south":{"uv":[10.48,0.4799995,11.52,1.52],"texture":"#mesh_palette"},"west":{"uv":[10.48,0.4799995,11.52,1.52],"texture":"#mesh_palette"},"east":{"uv":[10.48,0.4799995,11.52,1.52],"texture":"#mesh_palette"}},"from":[7,6.5,9.5],"to":[8.5,7,10.5]},{"faces":{"down":{"uv":[6.48,0.4799995,7.52,1.52],"texture":"#mesh_palette"},"up":{"uv":[6.48,0.4799995,7.52,1.52],"texture":"#mesh_palette"},"north":{"uv":[6.48,0.4799995,7.52,1.52],"texture":"#mesh_palette"},"south":{"uv":[6.48,0.4799995,7.52,1.52],"texture":"#mesh_palette"},"west":{"uv":[6.48,0.4799995,7.52,1.52],"texture":"#mesh_palette"},"east":{"uv":[6.48,0.4799995,7.52,1.52],"texture":"#mesh_palette"}},"from":[7,7,6],"to":[7.5,7.5,6.5]},{"faces":{"down":{"uv":[6.48,0.4799995,7.52,1.52],"texture":"#mesh_palette"},"up":{"uv":[6.48,0.4799995,7.52,1.52],"texture":"#mesh_palette"},"north":{"uv":[6.48,0.4799995,7.52,1.52],"texture":"#mesh_palette"},"south":{"uv":[6.48,0.4799995,7.52,1.52],"texture":"#mesh_palette"},"west":{"uv":[6.48,0.4799995,7.52,1.52],"texture":"#mesh_palette"},"east":{"uv":[6.48,0.4799995,7.52,1.52],"texture":"#mesh_palette"}},"from":[7,7,7],"to":[7.5,7.5,8.5]},{"faces":{"down":{"uv":[6.48,0.4799995,7.52,1.52],"texture":"#mesh_palette"},"up":{"uv":[6.48,0.4799995,7.52,1.52],"texture":"#mesh_palette"},"north":{"uv":[6.48,0.4799995,7.52,1.52],"texture":"#mesh_palette"},"south":{"uv":[6.48,0.4799995,7.52,1.52],"texture":"#mesh_palette"},"west":{"uv":[6.48,0.4799995,7.52,1.52],"texture":"#mesh_palette"},"east":{"uv":[6.48,0.4799995,7.52,1.52],"texture":"#mesh_palette"}},"from":[7,7,9],"to":[7.5,7.5,10.5]},{"faces":{"down":{"uv":[10.48,2.48,11.52,3.52],"texture":"#mesh_palette"},"up":{"uv":[10.48,2.48,11.52,3.52],"texture":"#mesh_palette"},"north":{"uv":[10.48,2.48,11.52,3.52],"texture":"#mesh_palette"},"south":{"uv":[10.48,2.48,11.52,3.52],"texture":"#mesh_palette"},"west":{"uv":[10.48,2.48,11.52,3.52],"texture":"#mesh_palette"},"east":{"uv":[10.48,2.48,11.52,3.52],"texture":"#mesh_palette"}},"from":[7,8,6.5],"to":[10,8.5,8]},{"faces":{"down":{"uv":[10.48,2.48,11.52,3.52],"texture":"#mesh_palette"},"up":{"uv":[10.48,2.48,11.52,3.52],"texture":"#mesh_palette"},"north":{"uv":[10.48,2.48,11.52,3.52],"texture":"#mesh_palette"},"south":{"uv":[10.48,2.48,11.52,3.52],"texture":"#mesh_palette"},"west":{"uv":[10.48,2.48,11.52,3.52],"texture":"#mesh_palette"},"east":{"uv":[10.48,2.48,11.52,3.52],"texture":"#mesh_palette"}},"from":[7,8,8.5],"to":[10.5,8.5,9]},{"faces":{"down":{"uv":[12.48,2.48,13.52,3.52],"texture":"#mesh_palette"},"up":{"uv":[12.48,2.48,13.52,3.52],"texture":"#mesh_palette"},"north":{"uv":[12.48,2.48,13.52,3.52],"texture":"#mesh_palette"},"south":{"uv":[12.48,2.48,13.52,3.52],"texture":"#mesh_palette"},"west":{"uv":[12.48,2.48,13.52,3.52],"texture":"#mesh_palette"},"east":{"uv":[12.48,2.48,13.52,3.52],"texture":"#mesh_palette"}},"from":[7,8,9],"to":[10,8.5,9.5]},{"faces":{"down":{"uv":[10.48,2.48,11.52,3.52],"texture":"#mesh_palette"},"up":{"uv":[10.48,2.48,11.52,3.52],"texture":"#mesh_palette"},"north":{"uv":[10.48,2.48,11.52,3.52],"texture":"#mesh_palette"},"south":{"uv":[10.48,2.48,11.52,3.52],"texture":"#mesh_palette"},"west":{"uv":[10.48,2.48,11.52,3.52],"texture":"#mesh_palette"},"east":{"uv":[10.48,2.48,11.52,3.52],"texture":"#mesh_palette"}},"from":[7,8,9.5],"to":[10,8.5,10]},{"faces":{"down":{"uv":[10.48,2.48,11.52,3.52],"texture":"#mesh_palette"},"up":{"uv":[10.48,2.48,11.52,3.52],"texture":"#mesh_palette"},"north":{"uv":[10.48,2.48,11.52,3.52],"texture":"#mesh_palette"},"south":{"uv":[10.48,2.48,11.52,3.52],"texture":"#mesh_palette"},"west":{"uv":[10.48,2.48,11.52,3.52],"texture":"#mesh_palette"},"east":{"uv":[10.48,2.48,11.52,3.52],"texture":"#mesh_palette"}},"from":[7,8.5,9.5],"to":[7.5,9,10]},{"faces":{"down":{"uv":[14.48,2.48,15.52,3.52],"texture":"#mesh_palette"},"up":{"uv":[14.48,2.48,15.52,3.52],"texture":"#mesh_palette"},"north":{"uv":[14.48,2.48,15.52,3.52],"texture":"#mesh_palette"},"south":{"uv":[14.48,2.48,15.52,3.52],"texture":"#mesh_palette"},"west":{"uv":[14.48,2.48,15.52,3.52],"texture":"#mesh_palette"},"east":{"uv":[14.48,2.48,15.52,3.52],"texture":"#mesh_palette"}},"from":[7,9,7],"to":[9.5,9.5,7.5]},{"faces":{"down":{"uv":[4.48,4.48,5.52,5.52],"texture":"#mesh_palette"},"up":{"uv":[4.48,4.48,5.52,5.52],"texture":"#mesh_palette"},"north":{"uv":[4.48,4.48,5.52,5.52],"texture":"#mesh_palette"},"south":{"uv":[4.48,4.48,5.52,5.52],"texture":"#mesh_palette"},"west":{"uv":[4.48,4.48,5.52,5.52],"texture":"#mesh_palette"},"east":{"uv":[4.48,4.48,5.52,5.52],"texture":"#mesh_palette"}},"from":[7,9,9],"to":[9.5,9.5,9.5]},{"faces":{"down":{"uv":[14.48,2.48,15.52,3.52],"texture":"#mesh_palette"},"up":{"uv":[14.48,2.48,15.52,3.52],"texture":"#mesh_palette"},"north":{"uv":[14.48,2.48,15.52,3.52],"texture":"#mesh_palette"},"south":{"uv":[14.48,2.48,15.52,3.52],"texture":"#mesh_palette"},"west":{"uv":[14.48,2.48,15.52,3.52],"texture":"#mesh_palette"},"east":{"uv":[14.48,2.48,15.52,3.52],"texture":"#mesh_palette"}},"from":[7,9.5,7],"to":[7.5,10,7.5]},{"faces":{"down":{"uv":[14.48,2.48,15.52,3.52],"texture":"#mesh_palette"},"up":{"uv":[14.48,2.48,15.52,3.52],"texture":"#mesh_palette"},"north":{"uv":[14.48,2.48,15.52,3.52],"texture":"#mesh_palette"},"south":{"uv":[14.48,2.48,15.52,3.52],"texture":"#mesh_palette"},"west":{"uv":[14.48,2.48,15.52,3.52],"texture":"#mesh_palette"},"east":{"uv":[14.48,2.48,15.52,3.52],"texture":"#mesh_palette"}},"from":[7,9.5,9],"to":[7.5,10,9.5]},{"faces":{"down":{"uv":[0.48,4.48,1.52,5.52],"texture":"#mesh_palette"},"up":{"uv":[0.48,4.48,1.52,5.52],"texture":"#mesh_palette"},"north":{"uv":[0.48,4.48,1.52,5.52],"texture":"#mesh_palette"},"south":{"uv":[0.48,4.48,1.52,5.52],"texture":"#mesh_palette"},"west":{"uv":[0.48,4.48,1.52,5.52],"texture":"#mesh_palette"},"east":{"uv":[0.48,4.48,1.52,5.52],"texture":"#mesh_palette"}},"from":[7,10,7.5],"to":[7.5,10.5,8.5]},{"faces":{"down":{"uv":[8.48,4.48,9.52,5.52],"texture":"#mesh_palette"},"up":{"uv":[8.48,4.48,9.52,5.52],"texture":"#mesh_palette"},"north":{"uv":[8.48,4.48,9.52,5.52],"texture":"#mesh_palette"},"south":{"uv":[8.48,4.48,9.52,5.52],"texture":"#mesh_palette"},"west":{"uv":[8.48,4.48,9.52,5.52],"texture":"#mesh_palette"},"east":{"uv":[8.48,4.48,9.52,5.52],"texture":"#mesh_palette"}},"from":[7,10,8.5],"to":[7.5,10.5,9]},{"faces":{"down":{"uv":[4.48,2.48,5.52,3.52],"texture":"#mesh_palette"},"up":{"uv":[4.48,2.48,5.52,3.52],"texture":"#mesh_palette"},"north":{"uv":[4.48,2.48,5.52,3.52],"texture":"#mesh_palette"},"south":{"uv":[4.48,2.48,5.52,3.52],"texture":"#mesh_palette"},"west":{"uv":[4.48,2.48,5.52,3.52],"texture":"#mesh_palette"},"east":{"uv":[4.48,2.48,5.52,3.52],"texture":"#mesh_palette"}},"from":[7.5,4.5,7],"to":[8,5,8]},{"faces":{"down":{"uv":[4.48,2.48,5.52,3.52],"texture":"#mesh_palette"},"up":{"uv":[4.48,2.48,5.52,3.52],"texture":"#mesh_palette"},"north":{"uv":[4.48,2.48,5.52,3.52],"texture":"#mesh_palette"},"south":{"uv":[4.48,2.48,5.52,3.52],"texture":"#mesh_palette"},"west":{"uv":[4.48,2.48,5.52,3.52],"texture":"#mesh_palette"},"east":{"uv":[4.48,2.48,5.52,3.52],"texture":"#mesh_palette"}},"from":[7.5,4.5,8.5],"to":[9,5,9]},{"faces":{"down":{"uv":[4.48,2.48,5.52,3.52],"texture":"#mesh_palette"},"up":{"uv":[4.48,2.48,5.52,3.52],"texture":"#mesh_palette"},"north":{"uv":[4.48,2.48,5.52,3.52],"texture":"#mesh_palette"},"south":{"uv":[4.48,2.48,5.52,3.52],"texture":"#mesh_palette"},"west":{"uv":[4.48,2.48,5.52,3.52],"texture":"#mesh_palette"},"east":{"uv":[4.48,2.48,5.52,3.52],"texture":"#mesh_palette"}},"from":[7.5,4.5,9],"to":[8,5,9.5]},{"faces":{"down":{"uv":[14.48,0.4799995,15.52,1.52],"texture":"#mesh_palette"},"up":{"uv":[14.48,0.4799995,15.52,1.52],"texture":"#mesh_palette"},"north":{"uv":[14.48,0.4799995,15.52,1.52],"texture":"#mesh_palette"},"south":{"uv":[14.48,0.4799995,15.52,1.52],"texture":"#mesh_palette"},"west":{"uv":[14.48,0.4799995,15.52,1.52],"texture":"#mesh_palette"},"east":{"uv":[14.48,0.4799995,15.52,1.52],"texture":"#mesh_palette"}},"from":[7.5,5,6.5],"to":[8,5.5,7]},{"faces":{"down":{"uv":[6.48,2.48,7.52,3.52],"texture":"#mesh_palette"},"up":{"uv":[6.48,2.48,7.52,3.52],"texture":"#mesh_palette"},"north":{"uv":[6.48,2.48,7.52,3.52],"texture":"#mesh_palette"},"south":{"uv":[6.48,2.48,7.52,3.52],"texture":"#mesh_palette"},"west":{"uv":[6.48,2.48,7.52,3.52],"texture":"#mesh_palette"},"east":{"uv":[6.48,2.48,7.52,3.52],"texture":"#mesh_palette"}},"from":[7.5,5,9.5],"to":[8,6,10]},{"faces":{"down":{"uv":[14.48,0.4799995,15.52,1.52],"texture":"#mesh_palette"},"up":{"uv":[14.48,0.4799995,15.52,1.52],"texture":"#mesh_palette"},"north":{"uv":[14.48,0.4799995,15.52,1.52],"texture":"#mesh_palette"},"south":{"uv":[14.48,0.4799995,15.52,1.52],"texture":"#mesh_palette"},"west":{"uv":[14.48,0.4799995,15.52,1.52],"texture":"#mesh_palette"},"east":{"uv":[14.48,0.4799995,15.52,1.52],"texture":"#mesh_palette"}},"from":[7.5,5.5,6],"to":[9,6,6.5]},{"faces":{"down":{"uv":[14.48,0.4799995,15.52,1.52],"texture":"#mesh_palette"},"up":{"uv":[14.48,0.4799995,15.52,1.52],"texture":"#mesh_palette"},"north":{"uv":[14.48,0.4799995,15.52,1.52],"texture":"#mesh_palette"},"south":{"uv":[14.48,0.4799995,15.52,1.52],"texture":"#mesh_palette"},"west":{"uv":[14.48,0.4799995,15.52,1.52],"texture":"#mesh_palette"},"east":{"uv":[14.48,0.4799995,15.52,1.52],"texture":"#mesh_palette"}},"from":[7.5,5.5,10],"to":[9,6,10.5]},{"faces":{"down":{"uv":[10.48,0.4799995,11.52,1.52],"texture":"#mesh_palette"},"up":{"uv":[10.48,0.4799995,11.52,1.52],"texture":"#mesh_palette"},"north":{"uv":[10.48,0.4799995,11.52,1.52],"texture":"#mesh_palette"},"south":{"uv":[10.48,0.4799995,11.52,1.52],"texture":"#mesh_palette"},"west":{"uv":[10.48,0.4799995,11.52,1.52],"texture":"#mesh_palette"},"east":{"uv":[10.48,0.4799995,11.52,1.52],"texture":"#mesh_palette"}},"from":[7.5,6,6],"to":[8,6.5,6.5]},{"faces":{"down":{"uv":[10.48,0.4799995,11.52,1.52],"texture":"#mesh_palette"},"up":{"uv":[10.48,0.4799995,11.52,1.52],"texture":"#mesh_palette"},"north":{"uv":[10.48,0.4799995,11.52,1.52],"texture":"#mesh_palette"},"south":{"uv":[10.48,0.4799995,11.52,1.52],"texture":"#mesh_palette"},"west":{"uv":[10.48,0.4799995,11.52,1.52],"texture":"#mesh_palette"},"east":{"uv":[10.48,0.4799995,11.52,1.52],"texture":"#mesh_palette"}},"from":[7.5,6,10],"to":[8,6.5,10.5]},{"faces":{"down":{"uv":[10.48,0.4799995,11.52,1.52],"texture":"#mesh_palette"},"up":{"uv":[10.48,0.4799995,11.52,1.52],"texture":"#mesh_palette"},"north":{"uv":[10.48,0.4799995,11.52,1.52],"texture":"#mesh_palette"},"south":{"uv":[10.48,0.4799995,11.52,1.52],"texture":"#mesh_palette"},"west":{"uv":[10.48,0.4799995,11.52,1.52],"texture":"#mesh_palette"},"east":{"uv":[10.48,0.4799995,11.52,1.52],"texture":"#mesh_palette"}},"from":[7.5,6.5,5.5],"to":[8.5,7,6]},{"faces":{"down":{"uv":[10.48,0.4799995,11.52,1.52],"texture":"#mesh_palette"},"up":{"uv":[10.48,0.4799995,11.52,1.52],"texture":"#mesh_palette"},"north":{"uv":[10.48,0.4799995,11.52,1.52],"texture":"#mesh_palette"},"south":{"uv":[10.48,0.4799995,11.52,1.52],"texture":"#mesh_palette"},"west":{"uv":[10.48,0.4799995,11.52,1.52],"texture":"#mesh_palette"},"east":{"uv":[10.48,0.4799995,11.52,1.52],"texture":"#mesh_palette"}},"from":[7.5,6.5,10.5],"to":[8.5,7,11]},{"faces":{"down":{"uv":[4.48,0.4799995,5.52,1.52],"texture":"#mesh_palette"},"up":{"uv":[4.48,0.4799995,5.52,1.52],"texture":"#mesh_palette"},"north":{"uv":[4.48,0.4799995,5.52,1.52],"texture":"#mesh_palette"},"south":{"uv":[4.48,0.4799995,5.52,1.52],"texture":"#mesh_palette"},"west":{"uv":[4.48,0.4799995,5.52,1.52],"texture":"#mesh_palette"},"east":{"uv":[4.48,0.4799995,5.52,1.52],"texture":"#mesh_palette"}},"from":[7.5,7,5.5],"to":[9,7.5,6.5]},{"faces":{"down":{"uv":[4.48,0.4799995,5.52,1.52],"texture":"#mesh_palette"},"up":{"uv":[4.48,0.4799995,5.52,1.52],"texture":"#mesh_palette"},"north":{"uv":[4.48,0.4799995,5.52,1.52],"texture":"#mesh_palette"},"south":{"uv":[4.48,0.4799995,5.52,1.52],"texture":"#mesh_palette"},"west":{"uv":[4.48,0.4799995,5.52,1.52],"texture":"#mesh_palette"},"east":{"uv":[4.48,0.4799995,5.52,1.52],"texture":"#mesh_palette"}},"from":[7.5,7,7],"to":[10.5,7.5,8.5]},{"faces":{"down":{"uv":[4.48,0.4799995,5.52,1.52],"texture":"#mesh_palette"},"up":{"uv":[4.48,0.4799995,5.52,1.52],"texture":"#mesh_palette"},"north":{"uv":[4.48,0.4799995,5.52,1.52],"texture":"#mesh_palette"},"south":{"uv":[4.48,0.4799995,5.52,1.52],"texture":"#mesh_palette"},"west":{"uv":[4.48,0.4799995,5.52,1.52],"texture":"#mesh_palette"},"east":{"uv":[4.48,0.4799995,5.52,1.52],"texture":"#mesh_palette"}},"from":[7.5,7,9],"to":[10.5,7.5,10]},{"faces":{"down":{"uv":[4.48,0.4799995,5.52,1.52],"texture":"#mesh_palette"},"up":{"uv":[4.48,0.4799995,5.52,1.52],"texture":"#mesh_palette"},"north":{"uv":[4.48,0.4799995,5.52,1.52],"texture":"#mesh_palette"},"south":{"uv":[4.48,0.4799995,5.52,1.52],"texture":"#mesh_palette"},"west":{"uv":[4.48,0.4799995,5.52,1.52],"texture":"#mesh_palette"},"east":{"uv":[4.48,0.4799995,5.52,1.52],"texture":"#mesh_palette"}},"from":[7.5,7,10],"to":[10,7.5,10.5]},{"faces":{"down":{"uv":[4.48,0.4799995,5.52,1.52],"texture":"#mesh_palette"},"up":{"uv":[4.48,0.4799995,5.52,1.52],"texture":"#mesh_palette"},"north":{"uv":[4.48,0.4799995,5.52,1.52],"texture":"#mesh_palette"},"south":{"uv":[4.48,0.4799995,5.52,1.52],"texture":"#mesh_palette"},"west":{"uv":[4.48,0.4799995,5.52,1.52],"texture":"#mesh_palette"},"east":{"uv":[4.48,0.4799995,5.52,1.52],"texture":"#mesh_palette"}},"from":[7.5,7,10.5],"to":[9,7.5,11]},{"faces":{"down":{"uv":[4.48,0.4799995,5.52,1.52],"texture":"#mesh_palette"},"up":{"uv":[4.48,0.4799995,5.52,1.52],"texture":"#mesh_palette"},"north":{"uv":[4.48,0.4799995,5.52,1.52],"texture":"#mesh_palette"},"south":{"uv":[4.48,0.4799995,5.52,1.52],"texture":"#mesh_palette"},"west":{"uv":[4.48,0.4799995,5.52,1.52],"texture":"#mesh_palette"},"east":{"uv":[4.48,0.4799995,5.52,1.52],"texture":"#mesh_palette"}},"from":[7.5,7.5,5.5],"to":[8,8,6]},{"faces":{"down":{"uv":[4.48,0.4799995,5.52,1.52],"texture":"#mesh_palette"},"up":{"uv":[4.48,0.4799995,5.52,1.52],"texture":"#mesh_palette"},"north":{"uv":[4.48,0.4799995,5.52,1.52],"texture":"#mesh_palette"},"south":{"uv":[4.48,0.4799995,5.52,1.52],"texture":"#mesh_palette"},"west":{"uv":[4.48,0.4799995,5.52,1.52],"texture":"#mesh_palette"},"east":{"uv":[4.48,0.4799995,5.52,1.52],"texture":"#mesh_palette"}},"from":[7.5,7.5,10.5],"to":[8,8,11]},{"faces":{"down":{"uv":[10.48,2.48,11.52,3.52],"texture":"#mesh_palette"},"up":{"uv":[10.48,2.48,11.52,3.52],"texture":"#mesh_palette"},"north":{"uv":[10.48,2.48,11.52,3.52],"texture":"#mesh_palette"},"south":{"uv":[10.48,2.48,11.52,3.52],"texture":"#mesh_palette"},"west":{"uv":[10.48,2.48,11.52,3.52],"texture":"#mesh_palette"},"east":{"uv":[10.48,2.48,11.52,3.52],"texture":"#mesh_palette"}},"from":[7.5,8,6],"to":[9,8.5,6.5]},{"faces":{"down":{"uv":[10.48,2.48,11.52,3.52],"texture":"#mesh_palette"},"up":{"uv":[10.48,2.48,11.52,3.52],"texture":"#mesh_palette"},"north":{"uv":[10.48,2.48,11.52,3.52],"texture":"#mesh_palette"},"south":{"uv":[10.48,2.48,11.52,3.52],"texture":"#mesh_palette"},"west":{"uv":[10.48,2.48,11.52,3.52],"texture":"#mesh_palette"},"east":{"uv":[10.48,2.48,11.52,3.52],"texture":"#mesh_palette"}},"from":[7.5,8,10],"to":[9,8.5,10.5]},{"faces":{"down":{"uv":[10.48,2.48,11.52,3.52],"texture":"#mesh_palette"},"up":{"uv":[10.48,2.48,11.52,3.52],"texture":"#mesh_palette"},"north":{"uv":[10.48,2.48,11.52,3.52],"texture":"#mesh_palette"},"south":{"uv":[10.48,2.48,11.52,3.52],"texture":"#mesh_palette"},"west":{"uv":[10.48,2.48,11.52,3.52],"texture":"#mesh_palette"},"east":{"uv":[10.48,2.48,11.52,3.52],"texture":"#mesh_palette"}},"from":[7.5,8.5,6],"to":[8.5,9,6.5]},{"faces":{"down":{"uv":[2.48,4.48,3.52,5.52],"texture":"#mesh_palette"},"up":{"uv":[2.48,4.48,3.52,5.52],"texture":"#mesh_palette"},"north":{"uv":[2.48,4.48,3.52,5.52],"texture":"#mesh_palette"},"south":{"uv":[2.48,4.48,3.52,5.52],"texture":"#mesh_palette"},"west":{"uv":[2.48,4.48,3.52,5.52],"texture":"#mesh_palette"},"east":{"uv":[2.48,4.48,3.52,5.52],"texture":"#mesh_palette"}},"from":[7.5,8.5,9.5],"to":[9.5,9,10]},{"faces":{"down":{"uv":[10.48,2.48,11.52,3.52],"texture":"#mesh_palette"},"up":{"uv":[10.48,2.48,11.52,3.52],"texture":"#mesh_palette"},"north":{"uv":[10.48,2.48,11.52,3.52],"texture":"#mesh_palette"},"south":{"uv":[10.48,2.48,11.52,3.52],"texture":"#mesh_palette"},"west":{"uv":[10.48,2.48,11.52,3.52],"texture":"#mesh_palette"},"east":{"uv":[10.48,2.48,11.52,3.52],"texture":"#mesh_palette"}},"from":[7.5,8.5,10],"to":[8.5,9,10.5]},{"faces":{"down":{"uv":[14.48,2.48,15.52,3.52],"texture":"#mesh_palette"},"up":{"uv":[14.48,2.48,15.52,3.52],"texture":"#mesh_palette"},"north":{"uv":[14.48,2.48,15.52,3.52],"texture":"#mesh_palette"},"south":{"uv":[14.48,2.48,15.52,3.52],"texture":"#mesh_palette"},"west":{"uv":[14.48,2.48,15.52,3.52],"texture":"#mesh_palette"},"east":{"uv":[14.48,2.48,15.52,3.52],"texture":"#mesh_palette"}},"from":[7.5,9,6.5],"to":[9,9.5,7]},{"faces":{"down":{"uv":[14.48,2.48,15.52,3.52],"texture":"#mesh_palette"},"up":{"uv":[14.48,2.48,15.52,3.52],"texture":"#mesh_palette"},"north":{"uv":[14.48,2.48,15.52,3.52],"texture":"#mesh_palette"},"south":{"uv":[14.48,2.48,15.52,3.52],"texture":"#mesh_palette"},"west":{"uv":[14.48,2.48,15.52,3.52],"texture":"#mesh_palette"},"east":{"uv":[14.48,2.48,15.52,3.52],"texture":"#mesh_palette"}},"from":[7.5,9,9.5],"to":[9,9.5,10]},{"faces":{"down":{"uv":[6.48,4.48,7.52,5.52],"texture":"#mesh_palette"},"up":{"uv":[6.48,4.48,7.52,5.52],"texture":"#mesh_palette"},"north":{"uv":[6.48,4.48,7.52,5.52],"texture":"#mesh_palette"},"south":{"uv":[6.48,4.48,7.52,5.52],"texture":"#mesh_palette"},"west":{"uv":[6.48,4.48,7.52,5.52],"texture":"#mesh_palette"},"east":{"uv":[6.48,4.48,7.52,5.52],"texture":"#mesh_palette"}},"from":[7.5,9.5,6.5],"to":[8,10,10]},{"faces":{"down":{"uv":[8.48,4.48,9.52,5.52],"texture":"#mesh_palette"},"up":{"uv":[8.48,4.48,9.52,5.52],"texture":"#mesh_palette"},"north":{"uv":[8.48,4.48,9.52,5.52],"texture":"#mesh_palette"},"south":{"uv":[8.48,4.48,9.52,5.52],"texture":"#mesh_palette"},"west":{"uv":[8.48,4.48,9.52,5.52],"texture":"#mesh_palette"},"east":{"uv":[8.48,4.48,9.52,5.52],"texture":"#mesh_palette"}},"from":[7.5,10,7],"to":[8,10.5,8.5]},{"faces":{"down":{"uv":[10.48,4.48,11.52,5.52],"texture":"#mesh_palette"},"up":{"uv":[10.48,4.48,11.52,5.52],"texture":"#mesh_palette"},"north":{"uv":[10.48,4.48,11.52,5.52],"texture":"#mesh_palette"},"south":{"uv":[10.48,4.48,11.52,5.52],"texture":"#mesh_palette"},"west":{"uv":[10.48,4.48,11.52,5.52],"texture":"#mesh_palette"},"east":{"uv":[10.48,4.48,11.52,5.52],"texture":"#mesh_palette"}},"from":[7.5,10,8.5],"to":[8.5,10.5,9]},{"faces":{"down":{"uv":[8.48,4.48,9.52,5.52],"texture":"#mesh_palette"},"up":{"uv":[8.48,4.48,9.52,5.52],"texture":"#mesh_palette"},"north":{"uv":[8.48,4.48,9.52,5.52],"texture":"#mesh_palette"},"south":{"uv":[8.48,4.48,9.52,5.52],"texture":"#mesh_palette"},"west":{"uv":[8.48,4.48,9.52,5.52],"texture":"#mesh_palette"},"east":{"uv":[8.48,4.48,9.52,5.52],"texture":"#mesh_palette"}},"from":[7.5,10,9],"to":[8,10.5,9.5]},{"faces":{"down":{"uv":[0.48,4.48,1.52,5.52],"texture":"#mesh_palette"},"up":{"uv":[0.48,4.48,1.52,5.52],"texture":"#mesh_palette"},"north":{"uv":[0.48,4.48,1.52,5.52],"texture":"#mesh_palette"},"south":{"uv":[0.48,4.48,1.52,5.52],"texture":"#mesh_palette"},"west":{"uv":[0.48,4.48,1.52,5.52],"texture":"#mesh_palette"},"east":{"uv":[0.48,4.48,1.52,5.52],"texture":"#mesh_palette"}},"from":[7.5,10.5,8],"to":[8,11,8.5]},{"faces":{"down":{"uv":[8.48,2.48,9.52,3.52],"texture":"#mesh_palette"},"up":{"uv":[8.48,2.48,9.52,3.52],"texture":"#mesh_palette"},"north":{"uv":[8.48,2.48,9.52,3.52],"texture":"#mesh_palette"},"south":{"uv":[8.48,2.48,9.52,3.52],"texture":"#mesh_palette"},"west":{"uv":[8.48,2.48,9.52,3.52],"texture":"#mesh_palette"},"east":{"uv":[8.48,2.48,9.52,3.52],"texture":"#mesh_palette"}},"from":[8,4.5,7],"to":[8.5,5,7.5]},{"faces":{"down":{"uv":[4.48,2.48,5.52,3.52],"texture":"#mesh_palette"},"up":{"uv":[4.48,2.48,5.52,3.52],"texture":"#mesh_palette"},"north":{"uv":[4.48,2.48,5.52,3.52],"texture":"#mesh_palette"},"south":{"uv":[4.48,2.48,5.52,3.52],"texture":"#mesh_palette"},"west":{"uv":[4.48,2.48,5.52,3.52],"texture":"#mesh_palette"},"east":{"uv":[4.48,2.48,5.52,3.52],"texture":"#mesh_palette"}},"from":[8,4.5,7.5],"to":[8.5,5,8]},{"faces":{"down":{"uv":[2.48,2.48,3.52,3.52],"texture":"#mesh_palette"},"up":{"uv":[2.48,2.48,3.52,3.52],"texture":"#mesh_palette"},"north":{"uv":[2.48,2.48,3.52,3.52],"texture":"#mesh_palette"},"south":{"uv":[2.48,2.48,3.52,3.52],"texture":"#mesh_palette"},"west":{"uv":[2.48,2.48,3.52,3.52],"texture":"#mesh_palette"},"east":{"uv":[2.48,2.48,3.52,3.52],"texture":"#mesh_palette"}},"from":[8,4.5,9],"to":[8.5,5,9.5]},{"faces":{"down":{"uv":[8.48,0.4799995,9.52,1.52],"texture":"#mesh_palette"},"up":{"uv":[8.48,0.4799995,9.52,1.52],"texture":"#mesh_palette"},"north":{"uv":[8.48,0.4799995,9.52,1.52],"texture":"#mesh_palette"},"south":{"uv":[8.48,0.4799995,9.52,1.52],"texture":"#mesh_palette"},"west":{"uv":[8.48,0.4799995,9.52,1.52],"texture":"#mesh_palette"},"east":{"uv":[8.48,0.4799995,9.52,1.52],"texture":"#mesh_palette"}},"from":[8,5,6.5],"to":[8.5,5.5,9]},{"faces":{"down":{"uv":[8.48,0.4799995,9.52,1.52],"texture":"#mesh_palette"},"up":{"uv":[8.48,0.4799995,9.52,1.52],"texture":"#mesh_palette"},"north":{"uv":[8.48,0.4799995,9.52,1.52],"texture":"#mesh_palette"},"south":{"uv":[8.48,0.4799995,9.52,1.52],"texture":"#mesh_palette"},"west":{"uv":[8.48,0.4799995,9.52,1.52],"texture":"#mesh_palette"},"east":{"uv":[8.48,0.4799995,9.52,1.52],"texture":"#mesh_palette"}},"from":[8,5,9.5],"to":[8.5,5.5,10]},{"faces":{"down":{"uv":[6.48,2.48,7.52,3.52],"texture":"#mesh_palette"},"up":{"uv":[6.48,2.48,7.52,3.52],"texture":"#mesh_palette"},"north":{"uv":[6.48,2.48,7.52,3.52],"texture":"#mesh_palette"},"south":{"uv":[6.48,2.48,7.52,3.52],"texture":"#mesh_palette"},"west":{"uv":[6.48,2.48,7.52,3.52],"texture":"#mesh_palette"},"east":{"uv":[6.48,2.48,7.52,3.52],"texture":"#mesh_palette"}},"from":[8,5.5,9.5],"to":[9,6,10]},{"faces":{"down":{"uv":[0.48,2.48,1.52,3.52],"texture":"#mesh_palette"},"up":{"uv":[0.48,2.48,1.52,3.52],"texture":"#mesh_palette"},"north":{"uv":[0.48,2.48,1.52,3.52],"texture":"#mesh_palette"},"south":{"uv":[0.48,2.48,1.52,3.52],"texture":"#mesh_palette"},"west":{"uv":[0.48,2.48,1.52,3.52],"texture":"#mesh_palette"},"east":{"uv":[0.48,2.48,1.52,3.52],"texture":"#mesh_palette"}},"from":[8,6,6],"to":[8.5,6.5,7]},{"faces":{"down":{"uv":[0.48,2.48,1.52,3.52],"texture":"#mesh_palette"},"up":{"uv":[0.48,2.48,1.52,3.52],"texture":"#mesh_palette"},"north":{"uv":[0.48,2.48,1.52,3.52],"texture":"#mesh_palette"},"south":{"uv":[0.48,2.48,1.52,3.52],"texture":"#mesh_palette"},"west":{"uv":[0.48,2.48,1.52,3.52],"texture":"#mesh_palette"},"east":{"uv":[0.48,2.48,1.52,3.52],"texture":"#mesh_palette"}},"from":[8,6,7.5],"to":[8.5,6.5,8]},{"faces":{"down":{"uv":[0.48,2.48,1.52,3.52],"texture":"#mesh_palette"},"up":{"uv":[0.48,2.48,1.52,3.52],"texture":"#mesh_palette"},"north":{"uv":[0.48,2.48,1.52,3.52],"texture":"#mesh_palette"},"south":{"uv":[0.48,2.48,1.52,3.52],"texture":"#mesh_palette"},"west":{"uv":[0.48,2.48,1.52,3.52],"texture":"#mesh_palette"},"east":{"uv":[0.48,2.48,1.52,3.52],"texture":"#mesh_palette"}},"from":[8,6,8.5],"to":[8.5,6.5,9.5]},{"faces":{"down":{"uv":[0.48,2.48,1.52,3.52],"texture":"#mesh_palette"},"up":{"uv":[0.48,2.48,1.52,3.52],"texture":"#mesh_palette"},"north":{"uv":[0.48,2.48,1.52,3.52],"texture":"#mesh_palette"},"south":{"uv":[0.48,2.48,1.52,3.52],"texture":"#mesh_palette"},"west":{"uv":[0.48,2.48,1.52,3.52],"texture":"#mesh_palette"},"east":{"uv":[0.48,2.48,1.52,3.52],"texture":"#mesh_palette"}},"from":[8,6,10],"to":[8.5,6.5,10.5]},{"faces":{"down":{"uv":[12.48,0.4799995,13.52,1.52],"texture":"#mesh_palette"},"up":{"uv":[12.48,0.4799995,13.52,1.52],"texture":"#mesh_palette"},"north":{"uv":[12.48,0.4799995,13.52,1.52],"texture":"#mesh_palette"},"south":{"uv":[12.48,0.4799995,13.52,1.52],"texture":"#mesh_palette"},"west":{"uv":[12.48,0.4799995,13.52,1.52],"texture":"#mesh_palette"},"east":{"uv":[12.48,0.4799995,13.52,1.52],"texture":"#mesh_palette"}},"from":[8,7.5,5.5],"to":[8.5,8,6]},{"faces":{"down":{"uv":[12.48,0.4799995,13.52,1.52],"texture":"#mesh_palette"},"up":{"uv":[12.48,0.4799995,13.52,1.52],"texture":"#mesh_palette"},"north":{"uv":[12.48,0.4799995,13.52,1.52],"texture":"#mesh_palette"},"south":{"uv":[12.48,0.4799995,13.52,1.52],"texture":"#mesh_palette"},"west":{"uv":[12.48,0.4799995,13.52,1.52],"texture":"#mesh_palette"},"east":{"uv":[12.48,0.4799995,13.52,1.52],"texture":"#mesh_palette"}},"from":[8,7.5,6.5],"to":[8.5,8,7.5]},{"faces":{"down":{"uv":[12.48,0.4799995,13.52,1.52],"texture":"#mesh_palette"},"up":{"uv":[12.48,0.4799995,13.52,1.52],"texture":"#mesh_palette"},"north":{"uv":[12.48,0.4799995,13.52,1.52],"texture":"#mesh_palette"},"south":{"uv":[12.48,0.4799995,13.52,1.52],"texture":"#mesh_palette"},"west":{"uv":[12.48,0.4799995,13.52,1.52],"texture":"#mesh_palette"},"east":{"uv":[12.48,0.4799995,13.52,1.52],"texture":"#mesh_palette"}},"from":[8,7.5,8],"to":[8.5,8,8.5]},{"faces":{"down":{"uv":[12.48,0.4799995,13.52,1.52],"texture":"#mesh_palette"},"up":{"uv":[12.48,0.4799995,13.52,1.52],"texture":"#mesh_palette"},"north":{"uv":[12.48,0.4799995,13.52,1.52],"texture":"#mesh_palette"},"south":{"uv":[12.48,0.4799995,13.52,1.52],"texture":"#mesh_palette"},"west":{"uv":[12.48,0.4799995,13.52,1.52],"texture":"#mesh_palette"},"east":{"uv":[12.48,0.4799995,13.52,1.52],"texture":"#mesh_palette"}},"from":[8,7.5,9],"to":[8.5,8,11]},{"faces":{"down":{"uv":[4.48,4.48,5.52,5.52],"texture":"#mesh_palette"},"up":{"uv":[4.48,4.48,5.52,5.52],"texture":"#mesh_palette"},"north":{"uv":[4.48,4.48,5.52,5.52],"texture":"#mesh_palette"},"south":{"uv":[4.48,4.48,5.52,5.52],"texture":"#mesh_palette"},"west":{"uv":[4.48,4.48,5.52,5.52],"texture":"#mesh_palette"},"east":{"uv":[4.48,4.48,5.52,5.52],"texture":"#mesh_palette"}},"from":[8,9.5,6.5],"to":[8.5,10,10]},{"faces":{"down":{"uv":[0.48,4.48,1.52,5.52],"texture":"#mesh_palette"},"up":{"uv":[0.48,4.48,1.52,5.52],"texture":"#mesh_palette"},"north":{"uv":[0.48,4.48,1.52,5.52],"texture":"#mesh_palette"},"south":{"uv":[0.48,4.48,1.52,5.52],"texture":"#mesh_palette"},"west":{"uv":[0.48,4.48,1.52,5.52],"texture":"#mesh_palette"},"east":{"uv":[0.48,4.48,1.52,5.52],"texture":"#mesh_palette"}},"from":[8,10,7],"to":[8.5,10.5,8.5]},{"faces":{"down":{"uv":[0.48,4.48,1.52,5.52],"texture":"#mesh_palette"},"up":{"uv":[0.48,4.48,1.52,5.52],"texture":"#mesh_palette"},"north":{"uv":[0.48,4.48,1.52,5.52],"texture":"#mesh_palette"},"south":{"uv":[0.48,4.48,1.52,5.52],"texture":"#mesh_palette"},"west":{"uv":[0.48,4.48,1.52,5.52],"texture":"#mesh_palette"},"east":{"uv":[0.48,4.48,1.52,5.52],"texture":"#mesh_palette"}},"from":[8,10,9],"to":[8.5,10.5,9.5]},{"faces":{"down":{"uv":[0.48,4.48,1.52,5.52],"texture":"#mesh_palette"},"up":{"uv":[0.48,4.48,1.52,5.52],"texture":"#mesh_palette"},"north":{"uv":[0.48,4.48,1.52,5.52],"texture":"#mesh_palette"},"south":{"uv":[0.48,4.48,1.52,5.52],"texture":"#mesh_palette"},"west":{"uv":[0.48,4.48,1.52,5.52],"texture":"#mesh_palette"},"east":{"uv":[0.48,4.48,1.52,5.52],"texture":"#mesh_palette"}},"from":[8,10.5,7.5],"to":[8.5,11,8]},{"faces":{"down":{"uv":[10.48,4.48,11.52,5.52],"texture":"#mesh_palette"},"up":{"uv":[10.48,4.48,11.52,5.52],"texture":"#mesh_palette"},"north":{"uv":[10.48,4.48,11.52,5.52],"texture":"#mesh_palette"},"south":{"uv":[10.48,4.48,11.52,5.52],"texture":"#mesh_palette"},"west":{"uv":[10.48,4.48,11.52,5.52],"texture":"#mesh_palette"},"east":{"uv":[10.48,4.48,11.52,5.52],"texture":"#mesh_palette"}},"from":[8,10.5,8],"to":[8.5,11,8.5]},{"faces":{"down":{"uv":[0.48,4.48,1.52,5.52],"texture":"#mesh_palette"},"up":{"uv":[0.48,4.48,1.52,5.52],"texture":"#mesh_palette"},"north":{"uv":[0.48,4.48,1.52,5.52],"texture":"#mesh_palette"},"south":{"uv":[0.48,4.48,1.52,5.52],"texture":"#mesh_palette"},"west":{"uv":[0.48,4.48,1.52,5.52],"texture":"#mesh_palette"},"east":{"uv":[0.48,4.48,1.52,5.52],"texture":"#mesh_palette"}},"from":[8,10.5,8.5],"to":[8.5,11,9]},{"faces":{"down":{"uv":[4.48,2.48,5.52,3.52],"texture":"#mesh_palette"},"up":{"uv":[4.48,2.48,5.52,3.52],"texture":"#mesh_palette"},"north":{"uv":[4.48,2.48,5.52,3.52],"texture":"#mesh_palette"},"south":{"uv":[4.48,2.48,5.52,3.52],"texture":"#mesh_palette"},"west":{"uv":[4.48,2.48,5.52,3.52],"texture":"#mesh_palette"},"east":{"uv":[4.48,2.48,5.52,3.52],"texture":"#mesh_palette"}},"from":[8.5,4.5,7],"to":[9,5,7.5]},{"faces":{"down":{"uv":[2.48,2.48,3.52,3.52],"texture":"#mesh_palette"},"up":{"uv":[2.48,2.48,3.52,3.52],"texture":"#mesh_palette"},"north":{"uv":[2.48,2.48,3.52,3.52],"texture":"#mesh_palette"},"south":{"uv":[2.48,2.48,3.52,3.52],"texture":"#mesh_palette"},"west":{"uv":[2.48,2.48,3.52,3.52],"texture":"#mesh_palette"},"east":{"uv":[2.48,2.48,3.52,3.52],"texture":"#mesh_palette"}},"from":[8.5,4.5,7.5],"to":[9,5,8]},{"faces":{"down":{"uv":[8.48,2.48,9.52,3.52],"texture":"#mesh_palette"},"up":{"uv":[8.48,2.48,9.52,3.52],"texture":"#mesh_palette"},"north":{"uv":[8.48,2.48,9.52,3.52],"texture":"#mesh_palette"},"south":{"uv":[8.48,2.48,9.52,3.52],"texture":"#mesh_palette"},"west":{"uv":[8.48,2.48,9.52,3.52],"texture":"#mesh_palette"},"east":{"uv":[8.48,2.48,9.52,3.52],"texture":"#mesh_palette"}},"from":[8.5,4.5,8],"to":[9,5,8.5]},{"faces":{"down":{"uv":[4.48,2.48,5.52,3.52],"texture":"#mesh_palette"},"up":{"uv":[4.48,2.48,5.52,3.52],"texture":"#mesh_palette"},"north":{"uv":[4.48,2.48,5.52,3.52],"texture":"#mesh_palette"},"south":{"uv":[4.48,2.48,5.52,3.52],"texture":"#mesh_palette"},"west":{"uv":[4.48,2.48,5.52,3.52],"texture":"#mesh_palette"},"east":{"uv":[4.48,2.48,5.52,3.52],"texture":"#mesh_palette"}},"from":[8.5,4.5,9],"to":[9,5,9.5]},{"faces":{"down":{"uv":[6.48,2.48,7.52,3.52],"texture":"#mesh_palette"},"up":{"uv":[6.48,2.48,7.52,3.52],"texture":"#mesh_palette"},"north":{"uv":[6.48,2.48,7.52,3.52],"texture":"#mesh_palette"},"south":{"uv":[6.48,2.48,7.52,3.52],"texture":"#mesh_palette"},"west":{"uv":[6.48,2.48,7.52,3.52],"texture":"#mesh_palette"},"east":{"uv":[6.48,2.48,7.52,3.52],"texture":"#mesh_palette"}},"from":[8.5,5,6.5],"to":[9,5.5,7]},{"faces":{"down":{"uv":[14.48,0.4799995,15.52,1.52],"texture":"#mesh_palette"},"up":{"uv":[14.48,0.4799995,15.52,1.52],"texture":"#mesh_palette"},"north":{"uv":[14.48,0.4799995,15.52,1.52],"texture":"#mesh_palette"},"south":{"uv":[14.48,0.4799995,15.52,1.52],"texture":"#mesh_palette"},"west":{"uv":[14.48,0.4799995,15.52,1.52],"texture":"#mesh_palette"},"east":{"uv":[14.48,0.4799995,15.52,1.52],"texture":"#mesh_palette"}},"from":[8.5,5,7],"to":[9.5,5.5,8]},{"faces":{"down":{"uv":[6.48,2.48,7.52,3.52],"texture":"#mesh_palette"},"up":{"uv":[6.48,2.48,7.52,3.52],"texture":"#mesh_palette"},"north":{"uv":[6.48,2.48,7.52,3.52],"texture":"#mesh_palette"},"south":{"uv":[6.48,2.48,7.52,3.52],"texture":"#mesh_palette"},"west":{"uv":[6.48,2.48,7.52,3.52],"texture":"#mesh_palette"},"east":{"uv":[6.48,2.48,7.52,3.52],"texture":"#mesh_palette"}},"from":[8.5,5,8],"to":[10,5.5,8.5]},{"faces":{"down":{"uv":[14.48,0.4799995,15.52,1.52],"texture":"#mesh_palette"},"up":{"uv":[14.48,0.4799995,15.52,1.52],"texture":"#mesh_palette"},"north":{"uv":[14.48,0.4799995,15.52,1.52],"texture":"#mesh_palette"},"south":{"uv":[14.48,0.4799995,15.52,1.52],"texture":"#mesh_palette"},"west":{"uv":[14.48,0.4799995,15.52,1.52],"texture":"#mesh_palette"},"east":{"uv":[14.48,0.4799995,15.52,1.52],"texture":"#mesh_palette"}},"from":[8.5,5,8.5],"to":[10,5.5,9]},{"faces":{"down":{"uv":[14.48,0.4799995,15.52,1.52],"texture":"#mesh_palette"},"up":{"uv":[14.48,0.4799995,15.52,1.52],"texture":"#mesh_palette"},"north":{"uv":[14.48,0.4799995,15.52,1.52],"texture":"#mesh_palette"},"south":{"uv":[14.48,0.4799995,15.52,1.52],"texture":"#mesh_palette"},"west":{"uv":[14.48,0.4799995,15.52,1.52],"texture":"#mesh_palette"},"east":{"uv":[14.48,0.4799995,15.52,1.52],"texture":"#mesh_palette"}},"from":[8.5,5,9.5],"to":[9,5.5,10]},{"faces":{"down":{"uv":[10.48,0.4799995,11.52,1.52],"texture":"#mesh_palette"},"up":{"uv":[10.48,0.4799995,11.52,1.52],"texture":"#mesh_palette"},"north":{"uv":[10.48,0.4799995,11.52,1.52],"texture":"#mesh_palette"},"south":{"uv":[10.48,0.4799995,11.52,1.52],"texture":"#mesh_palette"},"west":{"uv":[10.48,0.4799995,11.52,1.52],"texture":"#mesh_palette"},"east":{"uv":[10.48,0.4799995,11.52,1.52],"texture":"#mesh_palette"}},"from":[8.5,6,6],"to":[9,6.5,7]},{"faces":{"down":{"uv":[10.48,0.4799995,11.52,1.52],"texture":"#mesh_palette"},"up":{"uv":[10.48,0.4799995,11.52,1.52],"texture":"#mesh_palette"},"north":{"uv":[10.48,0.4799995,11.52,1.52],"texture":"#mesh_palette"},"south":{"uv":[10.48,0.4799995,11.52,1.52],"texture":"#mesh_palette"},"west":{"uv":[10.48,0.4799995,11.52,1.52],"texture":"#mesh_palette"},"east":{"uv":[10.48,0.4799995,11.52,1.52],"texture":"#mesh_palette"}},"from":[8.5,6,7.5],"to":[9,6.5,8]},{"faces":{"down":{"uv":[10.48,0.4799995,11.52,1.52],"texture":"#mesh_palette"},"up":{"uv":[10.48,0.4799995,11.52,1.52],"texture":"#mesh_palette"},"north":{"uv":[10.48,0.4799995,11.52,1.52],"texture":"#mesh_palette"},"south":{"uv":[10.48,0.4799995,11.52,1.52],"texture":"#mesh_palette"},"west":{"uv":[10.48,0.4799995,11.52,1.52],"texture":"#mesh_palette"},"east":{"uv":[10.48,0.4799995,11.52,1.52],"texture":"#mesh_palette"}},"from":[8.5,6,8.5],"to":[9,6.5,9.5]},{"faces":{"down":{"uv":[10.48,0.4799995,11.52,1.52],"texture":"#mesh_palette"},"up":{"uv":[10.48,0.4799995,11.52,1.52],"texture":"#mesh_palette"},"north":{"uv":[10.48,0.4799995,11.52,1.52],"texture":"#mesh_palette"},"south":{"uv":[10.48,0.4799995,11.52,1.52],"texture":"#mesh_palette"},"west":{"uv":[10.48,0.4799995,11.52,1.52],"texture":"#mesh_palette"},"east":{"uv":[10.48,0.4799995,11.52,1.52],"texture":"#mesh_palette"}},"from":[8.5,6,10],"to":[9,6.5,10.5]},{"faces":{"down":{"uv":[2.48,0.4799995,3.52,1.52],"texture":"#mesh_palette"},"up":{"uv":[2.48,0.4799995,3.52,1.52],"texture":"#mesh_palette"},"north":{"uv":[2.48,0.4799995,3.52,1.52],"texture":"#mesh_palette"},"south":{"uv":[2.48,0.4799995,3.52,1.52],"texture":"#mesh_palette"},"west":{"uv":[2.48,0.4799995,3.52,1.52],"texture":"#mesh_palette"},"east":{"uv":[2.48,0.4799995,3.52,1.52],"texture":"#mesh_palette"}},"from":[8.5,6.5,5.5],"to":[9,7,6.5]},{"faces":{"down":{"uv":[2.48,0.4799995,3.52,1.52],"texture":"#mesh_palette"},"up":{"uv":[2.48,0.4799995,3.52,1.52],"texture":"#mesh_palette"},"north":{"uv":[2.48,0.4799995,3.52,1.52],"texture":"#mesh_palette"},"south":{"uv":[2.48,0.4799995,3.52,1.52],"texture":"#mesh_palette"},"west":{"uv":[2.48,0.4799995,3.52,1.52],"texture":"#mesh_palette"},"east":{"uv":[2.48,0.4799995,3.52,1.52],"texture":"#mesh_palette"}},"from":[8.5,6.5,7],"to":[9,7,7.5]},{"faces":{"down":{"uv":[2.48,0.4799995,3.52,1.52],"texture":"#mesh_palette"},"up":{"uv":[2.48,0.4799995,3.52,1.52],"texture":"#mesh_palette"},"north":{"uv":[2.48,0.4799995,3.52,1.52],"texture":"#mesh_palette"},"south":{"uv":[2.48,0.4799995,3.52,1.52],"texture":"#mesh_palette"},"west":{"uv":[2.48,0.4799995,3.52,1.52],"texture":"#mesh_palette"},"east":{"uv":[2.48,0.4799995,3.52,1.52],"texture":"#mesh_palette"}},"from":[8.5,6.5,8],"to":[9,7,9]},{"faces":{"down":{"uv":[2.48,0.4799995,3.52,1.52],"texture":"#mesh_palette"},"up":{"uv":[2.48,0.4799995,3.52,1.52],"texture":"#mesh_palette"},"north":{"uv":[2.48,0.4799995,3.52,1.52],"texture":"#mesh_palette"},"south":{"uv":[2.48,0.4799995,3.52,1.52],"texture":"#mesh_palette"},"west":{"uv":[2.48,0.4799995,3.52,1.52],"texture":"#mesh_palette"},"east":{"uv":[2.48,0.4799995,3.52,1.52],"texture":"#mesh_palette"}},"from":[8.5,6.5,9.5],"to":[9,7,11]},{"faces":{"down":{"uv":[4.48,0.4799995,5.52,1.52],"texture":"#mesh_palette"},"up":{"uv":[4.48,0.4799995,5.52,1.52],"texture":"#mesh_palette"},"north":{"uv":[4.48,0.4799995,5.52,1.52],"texture":"#mesh_palette"},"south":{"uv":[4.48,0.4799995,5.52,1.52],"texture":"#mesh_palette"},"west":{"uv":[4.48,0.4799995,5.52,1.52],"texture":"#mesh_palette"},"east":{"uv":[4.48,0.4799995,5.52,1.52],"texture":"#mesh_palette"}},"from":[8.5,7.5,5.5],"to":[9,8,6]},{"faces":{"down":{"uv":[6.48,0.4799995,7.52,1.52],"texture":"#mesh_palette"},"up":{"uv":[6.48,0.4799995,7.52,1.52],"texture":"#mesh_palette"},"north":{"uv":[6.48,0.4799995,7.52,1.52],"texture":"#mesh_palette"},"south":{"uv":[6.48,0.4799995,7.52,1.52],"texture":"#mesh_palette"},"west":{"uv":[6.48,0.4799995,7.52,1.52],"texture":"#mesh_palette"},"east":{"uv":[6.48,0.4799995,7.52,1.52],"texture":"#mesh_palette"}},"from":[8.5,7.5,6.5],"to":[9.5,8,7]},{"faces":{"down":{"uv":[4.48,0.4799995,5.52,1.52],"texture":"#mesh_palette"},"up":{"uv":[4.48,0.4799995,5.52,1.52],"texture":"#mesh_palette"},"north":{"uv":[4.48,0.4799995,5.52,1.52],"texture":"#mesh_palette"},"south":{"uv":[4.48,0.4799995,5.52,1.52],"texture":"#mesh_palette"},"west":{"uv":[4.48,0.4799995,5.52,1.52],"texture":"#mesh_palette"},"east":{"uv":[4.48,0.4799995,5.52,1.52],"texture":"#mesh_palette"}},"from":[8.5,7.5,7],"to":[9.5,8,7.5]},{"faces":{"down":{"uv":[4.48,0.4799995,5.52,1.52],"texture":"#mesh_palette"},"up":{"uv":[4.48,0.4799995,5.52,1.52],"texture":"#mesh_palette"},"north":{"uv":[4.48,0.4799995,5.52,1.52],"texture":"#mesh_palette"},"south":{"uv":[4.48,0.4799995,5.52,1.52],"texture":"#mesh_palette"},"west":{"uv":[4.48,0.4799995,5.52,1.52],"texture":"#mesh_palette"},"east":{"uv":[4.48,0.4799995,5.52,1.52],"texture":"#mesh_palette"}},"from":[8.5,7.5,8],"to":[9.5,8,8.5]},{"faces":{"down":{"uv":[4.48,0.4799995,5.52,1.52],"texture":"#mesh_palette"},"up":{"uv":[4.48,0.4799995,5.52,1.52],"texture":"#mesh_palette"},"north":{"uv":[4.48,0.4799995,5.52,1.52],"texture":"#mesh_palette"},"south":{"uv":[4.48,0.4799995,5.52,1.52],"texture":"#mesh_palette"},"west":{"uv":[4.48,0.4799995,5.52,1.52],"texture":"#mesh_palette"},"east":{"uv":[4.48,0.4799995,5.52,1.52],"texture":"#mesh_palette"}},"from":[8.5,7.5,9],"to":[9.5,8,10.5]},{"faces":{"down":{"uv":[4.48,0.4799995,5.52,1.52],"texture":"#mesh_palette"},"up":{"uv":[4.48,0.4799995,5.52,1.52],"texture":"#mesh_palette"},"north":{"uv":[4.48,0.4799995,5.52,1.52],"texture":"#mesh_palette"},"south":{"uv":[4.48,0.4799995,5.52,1.52],"texture":"#mesh_palette"},"west":{"uv":[4.48,0.4799995,5.52,1.52],"texture":"#mesh_palette"},"east":{"uv":[4.48,0.4799995,5.52,1.52],"texture":"#mesh_palette"}},"from":[8.5,7.5,10.5],"to":[9,8,11]},{"faces":{"down":{"uv":[12.48,2.48,13.52,3.52],"texture":"#mesh_palette"},"up":{"uv":[12.48,2.48,13.52,3.52],"texture":"#mesh_palette"},"north":{"uv":[12.48,2.48,13.52,3.52],"texture":"#mesh_palette"},"south":{"uv":[12.48,2.48,13.52,3.52],"texture":"#mesh_palette"},"west":{"uv":[12.48,2.48,13.52,3.52],"texture":"#mesh_palette"},"east":{"uv":[12.48,2.48,13.52,3.52],"texture":"#mesh_palette"}},"from":[8.5,8.5,6],"to":[9,9,6.5]},{"faces":{"down":{"uv":[12.48,2.48,13.52,3.52],"texture":"#mesh_palette"},"up":{"uv":[12.48,2.48,13.52,3.52],"texture":"#mesh_palette"},"north":{"uv":[12.48,2.48,13.52,3.52],"texture":"#mesh_palette"},"south":{"uv":[12.48,2.48,13.52,3.52],"texture":"#mesh_palette"},"west":{"uv":[12.48,2.48,13.52,3.52],"texture":"#mesh_palette"},"east":{"uv":[12.48,2.48,13.52,3.52],"texture":"#mesh_palette"}},"from":[8.5,8.5,8],"to":[9,9,8.5]},{"faces":{"down":{"uv":[12.48,2.48,13.52,3.52],"texture":"#mesh_palette"},"up":{"uv":[12.48,2.48,13.52,3.52],"texture":"#mesh_palette"},"north":{"uv":[12.48,2.48,13.52,3.52],"texture":"#mesh_palette"},"south":{"uv":[12.48,2.48,13.52,3.52],"texture":"#mesh_palette"},"west":{"uv":[12.48,2.48,13.52,3.52],"texture":"#mesh_palette"},"east":{"uv":[12.48,2.48,13.52,3.52],"texture":"#mesh_palette"}},"from":[8.5,8.5,9],"to":[9,9,9.5]},{"faces":{"down":{"uv":[12.48,2.48,13.52,3.52],"texture":"#mesh_palette"},"up":{"uv":[12.48,2.48,13.52,3.52],"texture":"#mesh_palette"},"north":{"uv":[12.48,2.48,13.52,3.52],"texture":"#mesh_palette"},"south":{"uv":[12.48,2.48,13.52,3.52],"texture":"#mesh_palette"},"west":{"uv":[12.48,2.48,13.52,3.52],"texture":"#mesh_palette"},"east":{"uv":[12.48,2.48,13.52,3.52],"texture":"#mesh_palette"}},"from":[8.5,8.5,10],"to":[9,9,10.5]},{"faces":{"down":{"uv":[14.48,2.48,15.52,3.52],"texture":"#mesh_palette"},"up":{"uv":[14.48,2.48,15.52,3.52],"texture":"#mesh_palette"},"north":{"uv":[14.48,2.48,15.52,3.52],"texture":"#mesh_palette"},"south":{"uv":[14.48,2.48,15.52,3.52],"texture":"#mesh_palette"},"west":{"uv":[14.48,2.48,15.52,3.52],"texture":"#mesh_palette"},"east":{"uv":[14.48,2.48,15.52,3.52],"texture":"#mesh_palette"}},"from":[8.5,9.5,6.5],"to":[9,10,8]},{"faces":{"down":{"uv":[4.48,4.48,5.52,5.52],"texture":"#mesh_palette"},"up":{"uv":[4.48,4.48,5.52,5.52],"texture":"#mesh_palette"},"north":{"uv":[4.48,4.48,5.52,5.52],"texture":"#mesh_palette"},"south":{"uv":[4.48,4.48,5.52,5.52],"texture":"#mesh_palette"},"west":{"uv":[4.48,4.48,5.52,5.52],"texture":"#mesh_palette"},"east":{"uv":[4.48,4.48,5.52,5.52],"texture":"#mesh_palette"}},"from":[8.5,9.5,8],"to":[9,10,8.5]},{"faces":{"down":{"uv":[14.48,2.48,15.52,3.52],"texture":"#mesh_palette"},"up":{"uv":[14.48,2.48,15.52,3.52],"texture":"#mesh_palette"},"north":{"uv":[14.48,2.48,15.52,3.52],"texture":"#mesh_palette"},"south":{"uv":[14.48,2.48,15.52,3.52],"texture":"#mesh_palette"},"west":{"uv":[14.48,2.48,15.52,3.52],"texture":"#mesh_palette"},"east":{"uv":[14.48,2.48,15.52,3.52],"texture":"#mesh_palette"}},"from":[8.5,9.5,8.5],"to":[9,10,10]},{"faces":{"down":{"uv":[10.48,4.48,11.52,5.52],"texture":"#mesh_palette"},"up":{"uv":[10.48,4.48,11.52,5.52],"texture":"#mesh_palette"},"north":{"uv":[10.48,4.48,11.52,5.52],"texture":"#mesh_palette"},"south":{"uv":[10.48,4.48,11.52,5.52],"texture":"#mesh_palette"},"west":{"uv":[10.48,4.48,11.52,5.52],"texture":"#mesh_palette"},"east":{"uv":[10.48,4.48,11.52,5.52],"texture":"#mesh_palette"}},"from":[8.5,10,7],"to":[9,10.5,7.5]},{"faces":{"down":{"uv":[0.48,4.48,1.52,5.52],"texture":"#mesh_palette"},"up":{"uv":[0.48,4.48,1.52,5.52],"texture":"#mesh_palette"},"north":{"uv":[0.48,4.48,1.52,5.52],"texture":"#mesh_palette"},"south":{"uv":[0.48,4.48,1.52,5.52],"texture":"#mesh_palette"},"west":{"uv":[0.48,4.48,1.52,5.52],"texture":"#mesh_palette"},"east":{"uv":[0.48,4.48,1.52,5.52],"texture":"#mesh_palette"}},"from":[8.5,10,7.5],"to":[9.5,10.5,8]},{"faces":{"down":{"uv":[0.48,4.48,1.52,5.52],"texture":"#mesh_palette"},"up":{"uv":[0.48,4.48,1.52,5.52],"texture":"#mesh_palette"},"north":{"uv":[0.48,4.48,1.52,5.52],"texture":"#mesh_palette"},"south":{"uv":[0.48,4.48,1.52,5.52],"texture":"#mesh_palette"},"west":{"uv":[0.48,4.48,1.52,5.52],"texture":"#mesh_palette"},"east":{"uv":[0.48,4.48,1.52,5.52],"texture":"#mesh_palette"}},"from":[8.5,10,8],"to":[9,10.5,8.5]},{"faces":{"down":{"uv":[8.48,4.48,9.52,5.52],"texture":"#mesh_palette"},"up":{"uv":[8.48,4.48,9.52,5.52],"texture":"#mesh_palette"},"north":{"uv":[8.48,4.48,9.52,5.52],"texture":"#mesh_palette"},"south":{"uv":[8.48,4.48,9.52,5.52],"texture":"#mesh_palette"},"west":{"uv":[8.48,4.48,9.52,5.52],"texture":"#mesh_palette"},"east":{"uv":[8.48,4.48,9.52,5.52],"texture":"#mesh_palette"}},"from":[8.5,10,8.5],"to":[9.5,10.5,9]},{"faces":{"down":{"uv":[10.48,4.48,11.52,5.52],"texture":"#mesh_palette"},"up":{"uv":[10.48,4.48,11.52,5.52],"texture":"#mesh_palette"},"north":{"uv":[10.48,4.48,11.52,5.52],"texture":"#mesh_palette"},"south":{"uv":[10.48,4.48,11.52,5.52],"texture":"#mesh_palette"},"west":{"uv":[10.48,4.48,11.52,5.52],"texture":"#mesh_palette"},"east":{"uv":[10.48,4.48,11.52,5.52],"texture":"#mesh_palette"}},"from":[8.5,10,9],"to":[9,10.5,9.5]},{"faces":{"down":{"uv":[8.48,4.48,9.52,5.52],"texture":"#mesh_palette"},"up":{"uv":[8.48,4.48,9.52,5.52],"texture":"#mesh_palette"},"north":{"uv":[8.48,4.48,9.52,5.52],"texture":"#mesh_palette"},"south":{"uv":[8.48,4.48,9.52,5.52],"texture":"#mesh_palette"},"west":{"uv":[8.48,4.48,9.52,5.52],"texture":"#mesh_palette"},"east":{"uv":[8.48,4.48,9.52,5.52],"texture":"#mesh_palette"}},"from":[8.5,10.5,8],"to":[9,11,8.5]},{"faces":{"down":{"uv":[4.48,2.48,5.52,3.52],"texture":"#mesh_palette"},"up":{"uv":[4.48,2.48,5.52,3.52],"texture":"#mesh_palette"},"north":{"uv":[4.48,2.48,5.52,3.52],"texture":"#mesh_palette"},"south":{"uv":[4.48,2.48,5.52,3.52],"texture":"#mesh_palette"},"west":{"uv":[4.48,2.48,5.52,3.52],"texture":"#mesh_palette"},"east":{"uv":[4.48,2.48,5.52,3.52],"texture":"#mesh_palette"}},"from":[9,4.5,7.5],"to":[9.5,5,8.5]},{"faces":{"down":{"uv":[8.48,2.48,9.52,3.52],"texture":"#mesh_palette"},"up":{"uv":[8.48,2.48,9.52,3.52],"texture":"#mesh_palette"},"north":{"uv":[8.48,2.48,9.52,3.52],"texture":"#mesh_palette"},"south":{"uv":[8.48,2.48,9.52,3.52],"texture":"#mesh_palette"},"west":{"uv":[8.48,2.48,9.52,3.52],"texture":"#mesh_palette"},"east":{"uv":[8.48,2.48,9.52,3.52],"texture":"#mesh_palette"}},"from":[9,4.5,8.5],"to":[9.5,5,9]},{"faces":{"down":{"uv":[8.48,0.4799995,9.52,1.52],"texture":"#mesh_palette"},"up":{"uv":[8.48,0.4799995,9.52,1.52],"texture":"#mesh_palette"},"north":{"uv":[8.48,0.4799995,9.52,1.52],"texture":"#mesh_palette"},"south":{"uv":[8.48,0.4799995,9.52,1.52],"texture":"#mesh_palette"},"west":{"uv":[8.48,0.4799995,9.52,1.52],"texture":"#mesh_palette"},"east":{"uv":[8.48,0.4799995,9.52,1.52],"texture":"#mesh_palette"}},"from":[9,5.5,6.5],"to":[9.5,6,7.5]},{"faces":{"down":{"uv":[8.48,0.4799995,9.52,1.52],"texture":"#mesh_palette"},"up":{"uv":[8.48,0.4799995,9.52,1.52],"texture":"#mesh_palette"},"north":{"uv":[8.48,0.4799995,9.52,1.52],"texture":"#mesh_palette"},"south":{"uv":[8.48,0.4799995,9.52,1.52],"texture":"#mesh_palette"},"west":{"uv":[8.48,0.4799995,9.52,1.52],"texture":"#mesh_palette"},"east":{"uv":[8.48,0.4799995,9.52,1.52],"texture":"#mesh_palette"}},"from":[9,5.5,8],"to":[9.5,6,9]},{"faces":{"down":{"uv":[8.48,0.4799995,9.52,1.52],"texture":"#mesh_palette"},"up":{"uv":[8.48,0.4799995,9.52,1.52],"texture":"#mesh_palette"},"north":{"uv":[8.48,0.4799995,9.52,1.52],"texture":"#mesh_palette"},"south":{"uv":[8.48,0.4799995,9.52,1.52],"texture":"#mesh_palette"},"west":{"uv":[8.48,0.4799995,9.52,1.52],"texture":"#mesh_palette"},"east":{"uv":[8.48,0.4799995,9.52,1.52],"texture":"#mesh_palette"}},"from":[9,5.5,9.5],"to":[9.5,6,10]},{"faces":{"down":{"uv":[2.48,0.4799995,3.52,1.52],"texture":"#mesh_palette"},"up":{"uv":[2.48,0.4799995,3.52,1.52],"texture":"#mesh_palette"},"north":{"uv":[2.48,0.4799995,3.52,1.52],"texture":"#mesh_palette"},"south":{"uv":[2.48,0.4799995,3.52,1.52],"texture":"#mesh_palette"},"west":{"uv":[2.48,0.4799995,3.52,1.52],"texture":"#mesh_palette"},"east":{"uv":[2.48,0.4799995,3.52,1.52],"texture":"#mesh_palette"}},"from":[9,6,6.5],"to":[9.5,6.5,7]},{"faces":{"down":{"uv":[2.48,0.4799995,3.52,1.52],"texture":"#mesh_palette"},"up":{"uv":[2.48,0.4799995,3.52,1.52],"texture":"#mesh_palette"},"north":{"uv":[2.48,0.4799995,3.52,1.52],"texture":"#mesh_palette"},"south":{"uv":[2.48,0.4799995,3.52,1.52],"texture":"#mesh_palette"},"west":{"uv":[2.48,0.4799995,3.52,1.52],"texture":"#mesh_palette"},"east":{"uv":[2.48,0.4799995,3.52,1.52],"texture":"#mesh_palette"}},"from":[9,6,7.5],"to":[9.5,6.5,8]},{"faces":{"down":{"uv":[2.48,0.4799995,3.52,1.52],"texture":"#mesh_palette"},"up":{"uv":[2.48,0.4799995,3.52,1.52],"texture":"#mesh_palette"},"north":{"uv":[2.48,0.4799995,3.52,1.52],"texture":"#mesh_palette"},"south":{"uv":[2.48,0.4799995,3.52,1.52],"texture":"#mesh_palette"},"west":{"uv":[2.48,0.4799995,3.52,1.52],"texture":"#mesh_palette"},"east":{"uv":[2.48,0.4799995,3.52,1.52],"texture":"#mesh_palette"}},"from":[9,6,8.5],"to":[9.5,6.5,9.5]},{"faces":{"down":{"uv":[10.48,0.4799995,11.52,1.52],"texture":"#mesh_palette"},"up":{"uv":[10.48,0.4799995,11.52,1.52],"texture":"#mesh_palette"},"north":{"uv":[10.48,0.4799995,11.52,1.52],"texture":"#mesh_palette"},"south":{"uv":[10.48,0.4799995,11.52,1.52],"texture":"#mesh_palette"},"west":{"uv":[10.48,0.4799995,11.52,1.52],"texture":"#mesh_palette"},"east":{"uv":[10.48,0.4799995,11.52,1.52],"texture":"#mesh_palette"}},"from":[9,6.5,6],"to":[10,7,6.5]},{"faces":{"down":{"uv":[10.48,0.4799995,11.52,1.52],"texture":"#mesh_palette"},"up":{"uv":[10.48,0.4799995,11.52,1.52],"texture":"#mesh_palette"},"north":{"uv":[10.48,0.4799995,11.52,1.52],"texture":"#mesh_palette"},"south":{"uv":[10.48,0.4799995,11.52,1.52],"texture":"#mesh_palette"},"west":{"uv":[10.48,0.4799995,11.52,1.52],"texture":"#mesh_palette"},"east":{"uv":[10.48,0.4799995,11.52,1.52],"texture":"#mesh_palette"}},"from":[9,6.5,7],"to":[10.5,7,7.5]},{"faces":{"down":{"uv":[10.48,0.4799995,11.52,1.52],"texture":"#mesh_palette"},"up":{"uv":[10.48,0.4799995,11.52,1.52],"texture":"#mesh_palette"},"north":{"uv":[10.48,0.4799995,11.52,1.52],"texture":"#mesh_palette"},"south":{"uv":[10.48,0.4799995,11.52,1.52],"texture":"#mesh_palette"},"west":{"uv":[10.48,0.4799995,11.52,1.52],"texture":"#mesh_palette"},"east":{"uv":[10.48,0.4799995,11.52,1.52],"texture":"#mesh_palette"}},"from":[9,6.5,8],"to":[11,7,9]},{"faces":{"down":{"uv":[10.48,0.4799995,11.52,1.52],"texture":"#mesh_palette"},"up":{"uv":[10.48,0.4799995,11.52,1.52],"texture":"#mesh_palette"},"north":{"uv":[10.48,0.4799995,11.52,1.52],"texture":"#mesh_palette"},"south":{"uv":[10.48,0.4799995,11.52,1.52],"texture":"#mesh_palette"},"west":{"uv":[10.48,0.4799995,11.52,1.52],"texture":"#mesh_palette"},"east":{"uv":[10.48,0.4799995,11.52,1.52],"texture":"#mesh_palette"}},"from":[9,6.5,9.5],"to":[10.5,7,10]},{"faces":{"down":{"uv":[10.48,0.4799995,11.52,1.52],"texture":"#mesh_palette"},"up":{"uv":[10.48,0.4799995,11.52,1.52],"texture":"#mesh_palette"},"north":{"uv":[10.48,0.4799995,11.52,1.52],"texture":"#mesh_palette"},"south":{"uv":[10.48,0.4799995,11.52,1.52],"texture":"#mesh_palette"},"west":{"uv":[10.48,0.4799995,11.52,1.52],"texture":"#mesh_palette"},"east":{"uv":[10.48,0.4799995,11.52,1.52],"texture":"#mesh_palette"}},"from":[9,6.5,10],"to":[10,7,10.5]},{"faces":{"down":{"uv":[4.48,0.4799995,5.52,1.52],"texture":"#mesh_palette"},"up":{"uv":[4.48,0.4799995,5.52,1.52],"texture":"#mesh_palette"},"north":{"uv":[4.48,0.4799995,5.52,1.52],"texture":"#mesh_palette"},"south":{"uv":[4.48,0.4799995,5.52,1.52],"texture":"#mesh_palette"},"west":{"uv":[4.48,0.4799995,5.52,1.52],"texture":"#mesh_palette"},"east":{"uv":[4.48,0.4799995,5.52,1.52],"texture":"#mesh_palette"}},"from":[9,7,6],"to":[10,7.5,6.5]},{"faces":{"down":{"uv":[10.48,2.48,11.52,3.52],"texture":"#mesh_palette"},"up":{"uv":[10.48,2.48,11.52,3.52],"texture":"#mesh_palette"},"north":{"uv":[10.48,2.48,11.52,3.52],"texture":"#mesh_palette"},"south":{"uv":[10.48,2.48,11.52,3.52],"texture":"#mesh_palette"},"west":{"uv":[10.48,2.48,11.52,3.52],"texture":"#mesh_palette"},"east":{"uv":[10.48,2.48,11.52,3.52],"texture":"#mesh_palette"}},"from":[9,8.5,8],"to":[10.5,9,8.5]},{"faces":{"down":{"uv":[10.48,2.48,11.52,3.52],"texture":"#mesh_palette"},"up":{"uv":[10.48,2.48,11.52,3.52],"texture":"#mesh_palette"},"north":{"uv":[10.48,2.48,11.52,3.52],"texture":"#mesh_palette"},"south":{"uv":[10.48,2.48,11.52,3.52],"texture":"#mesh_palette"},"west":{"uv":[10.48,2.48,11.52,3.52],"texture":"#mesh_palette"},"east":{"uv":[10.48,2.48,11.52,3.52],"texture":"#mesh_palette"}},"from":[9,8.5,9],"to":[10,9,9.5]},{"faces":{"down":{"uv":[6.48,4.48,7.52,5.52],"texture":"#mesh_palette"},"up":{"uv":[6.48,4.48,7.52,5.52],"texture":"#mesh_palette"},"north":{"uv":[6.48,4.48,7.52,5.52],"texture":"#mesh_palette"},"south":{"uv":[6.48,4.48,7.52,5.52],"texture":"#mesh_palette"},"west":{"uv":[6.48,4.48,7.52,5.52],"texture":"#mesh_palette"},"east":{"uv":[6.48,4.48,7.52,5.52],"texture":"#mesh_palette"}},"from":[9,9.5,7],"to":[9.5,10,9.5]},{"faces":{"down":{"uv":[10.48,4.48,11.52,5.52],"texture":"#mesh_palette"},"up":{"uv":[10.48,4.48,11.52,5.52],"texture":"#mesh_palette"},"north":{"uv":[10.48,4.48,11.52,5.52],"texture":"#mesh_palette"},"south":{"uv":[10.48,4.48,11.52,5.52],"texture":"#mesh_palette"},"west":{"uv":[10.48,4.48,11.52,5.52],"texture":"#mesh_palette"},"east":{"uv":[10.48,4.48,11.52,5.52],"texture":"#mesh_palette"}},"from":[9,10,8],"to":[9.5,10.5,8.5]},{"faces":{"down":{"uv":[14.48,0.4799995,15.52,1.52],"texture":"#mesh_palette"},"up":{"uv":[14.48,0.4799995,15.52,1.52],"texture":"#mesh_palette"},"north":{"uv":[14.48,0.4799995,15.52,1.52],"texture":"#mesh_palette"},"south":{"uv":[14.48,0.4799995,15.52,1.52],"texture":"#mesh_palette"},"west":{"uv":[14.48,0.4799995,15.52,1.52],"texture":"#mesh_palette"},"east":{"uv":[14.48,0.4799995,15.52,1.52],"texture":"#mesh_palette"}},"from":[9.5,5,7.5],"to":[10,5.5,8]},{"faces":{"down":{"uv":[14.48,0.4799995,15.52,1.52],"texture":"#mesh_palette"},"up":{"uv":[14.48,0.4799995,15.52,1.52],"texture":"#mesh_palette"},"north":{"uv":[14.48,0.4799995,15.52,1.52],"texture":"#mesh_palette"},"south":{"uv":[14.48,0.4799995,15.52,1.52],"texture":"#mesh_palette"},"west":{"uv":[14.48,0.4799995,15.52,1.52],"texture":"#mesh_palette"},"east":{"uv":[14.48,0.4799995,15.52,1.52],"texture":"#mesh_palette"}},"from":[9.5,5.5,6.5],"to":[10,6,7.5]},{"faces":{"down":{"uv":[14.48,0.4799995,15.52,1.52],"texture":"#mesh_palette"},"up":{"uv":[14.48,0.4799995,15.52,1.52],"texture":"#mesh_palette"},"north":{"uv":[14.48,0.4799995,15.52,1.52],"texture":"#mesh_palette"},"south":{"uv":[14.48,0.4799995,15.52,1.52],"texture":"#mesh_palette"},"west":{"uv":[14.48,0.4799995,15.52,1.52],"texture":"#mesh_palette"},"east":{"uv":[14.48,0.4799995,15.52,1.52],"texture":"#mesh_palette"}},"from":[9.5,5.5,8],"to":[10.5,6,9]},{"faces":{"down":{"uv":[6.48,2.48,7.52,3.52],"texture":"#mesh_palette"},"up":{"uv":[6.48,2.48,7.52,3.52],"texture":"#mesh_palette"},"north":{"uv":[6.48,2.48,7.52,3.52],"texture":"#mesh_palette"},"south":{"uv":[6.48,2.48,7.52,3.52],"texture":"#mesh_palette"},"west":{"uv":[6.48,2.48,7.52,3.52],"texture":"#mesh_palette"},"east":{"uv":[6.48,2.48,7.52,3.52],"texture":"#mesh_palette"}},"from":[9.5,5.5,9.5],"to":[10,6,10]},{"faces":{"down":{"uv":[10.48,0.4799995,11.52,1.52],"texture":"#mesh_palette"},"up":{"uv":[10.48,0.4799995,11.52,1.52],"texture":"#mesh_palette"},"north":{"uv":[10.48,0.4799995,11.52,1.52],"texture":"#mesh_palette"},"south":{"uv":[10.48,0.4799995,11.52,1.52],"texture":"#mesh_palette"},"west":{"uv":[10.48,0.4799995,11.52,1.52],"texture":"#mesh_palette"},"east":{"uv":[10.48,0.4799995,11.52,1.52],"texture":"#mesh_palette"}},"from":[9.5,6,6.5],"to":[10,6.5,7]},{"faces":{"down":{"uv":[10.48,0.4799995,11.52,1.52],"texture":"#mesh_palette"},"up":{"uv":[10.48,0.4799995,11.52,1.52],"texture":"#mesh_palette"},"north":{"uv":[10.48,0.4799995,11.52,1.52],"texture":"#mesh_palette"},"south":{"uv":[10.48,0.4799995,11.52,1.52],"texture":"#mesh_palette"},"west":{"uv":[10.48,0.4799995,11.52,1.52],"texture":"#mesh_palette"},"east":{"uv":[10.48,0.4799995,11.52,1.52],"texture":"#mesh_palette"}},"from":[9.5,6,7.5],"to":[10.5,6.5,8]},{"faces":{"down":{"uv":[10.48,0.4799995,11.52,1.52],"texture":"#mesh_palette"},"up":{"uv":[10.48,0.4799995,11.52,1.52],"texture":"#mesh_palette"},"north":{"uv":[10.48,0.4799995,11.52,1.52],"texture":"#mesh_palette"},"south":{"uv":[10.48,0.4799995,11.52,1.52],"texture":"#mesh_palette"},"west":{"uv":[10.48,0.4799995,11.52,1.52],"texture":"#mesh_palette"},"east":{"uv":[10.48,0.4799995,11.52,1.52],"texture":"#mesh_palette"}},"from":[9.5,6,8.5],"to":[10.5,6.5,9]},{"faces":{"down":{"uv":[10.48,0.4799995,11.52,1.52],"texture":"#mesh_palette"},"up":{"uv":[10.48,0.4799995,11.52,1.52],"texture":"#mesh_palette"},"north":{"uv":[10.48,0.4799995,11.52,1.52],"texture":"#mesh_palette"},"south":{"uv":[10.48,0.4799995,11.52,1.52],"texture":"#mesh_palette"},"west":{"uv":[10.48,0.4799995,11.52,1.52],"texture":"#mesh_palette"},"east":{"uv":[10.48,0.4799995,11.52,1.52],"texture":"#mesh_palette"}},"from":[9.5,6,9],"to":[10,6.5,9.5]},{"faces":{"down":{"uv":[12.48,0.4799995,13.52,1.52],"texture":"#mesh_palette"},"up":{"uv":[12.48,0.4799995,13.52,1.52],"texture":"#mesh_palette"},"north":{"uv":[12.48,0.4799995,13.52,1.52],"texture":"#mesh_palette"},"south":{"uv":[12.48,0.4799995,13.52,1.52],"texture":"#mesh_palette"},"west":{"uv":[12.48,0.4799995,13.52,1.52],"texture":"#mesh_palette"},"east":{"uv":[12.48,0.4799995,13.52,1.52],"texture":"#mesh_palette"}},"from":[9.5,7.5,6],"to":[10,8,7.5]},{"faces":{"down":{"uv":[12.48,0.4799995,13.52,1.52],"texture":"#mesh_palette"},"up":{"uv":[12.48,0.4799995,13.52,1.52],"texture":"#mesh_palette"},"north":{"uv":[12.48,0.4799995,13.52,1.52],"texture":"#mesh_palette"},"south":{"uv":[12.48,0.4799995,13.52,1.52],"texture":"#mesh_palette"},"west":{"uv":[12.48,0.4799995,13.52,1.52],"texture":"#mesh_palette"},"east":{"uv":[12.48,0.4799995,13.52,1.52],"texture":"#mesh_palette"}},"from":[9.5,7.5,8],"to":[10,8,8.5]},{"faces":{"down":{"uv":[12.48,0.4799995,13.52,1.52],"texture":"#mesh_palette"},"up":{"uv":[12.48,0.4799995,13.52,1.52],"texture":"#mesh_palette"},"north":{"uv":[12.48,0.4799995,13.52,1.52],"texture":"#mesh_palette"},"south":{"uv":[12.48,0.4799995,13.52,1.52],"texture":"#mesh_palette"},"west":{"uv":[12.48,0.4799995,13.52,1.52],"texture":"#mesh_palette"},"east":{"uv":[12.48,0.4799995,13.52,1.52],"texture":"#mesh_palette"}},"from":[9.5,7.5,9],"to":[10,8,10.5]},{"faces":{"down":{"uv":[10.48,2.48,11.52,3.52],"texture":"#mesh_palette"},"up":{"uv":[10.48,2.48,11.52,3.52],"texture":"#mesh_palette"},"north":{"uv":[10.48,2.48,11.52,3.52],"texture":"#mesh_palette"},"south":{"uv":[10.48,2.48,11.52,3.52],"texture":"#mesh_palette"},"west":{"uv":[10.48,2.48,11.52,3.52],"texture":"#mesh_palette"},"east":{"uv":[10.48,2.48,11.52,3.52],"texture":"#mesh_palette"}},"from":[9.5,8.5,9.5],"to":[10,9,10]},{"faces":{"down":{"uv":[14.48,2.48,15.52,3.52],"texture":"#mesh_palette"},"up":{"uv":[14.48,2.48,15.52,3.52],"texture":"#mesh_palette"},"north":{"uv":[14.48,2.48,15.52,3.52],"texture":"#mesh_palette"},"south":{"uv":[14.48,2.48,15.52,3.52],"texture":"#mesh_palette"},"west":{"uv":[14.48,2.48,15.52,3.52],"texture":"#mesh_palette"},"east":{"uv":[14.48,2.48,15.52,3.52],"texture":"#mesh_palette"}},"from":[9.5,9.5,7.5],"to":[10,10,8]},{"faces":{"down":{"uv":[4.48,4.48,5.52,5.52],"texture":"#mesh_palette"},"up":{"uv":[4.48,4.48,5.52,5.52],"texture":"#mesh_palette"},"north":{"uv":[4.48,4.48,5.52,5.52],"texture":"#mesh_palette"},"south":{"uv":[4.48,4.48,5.52,5.52],"texture":"#mesh_palette"},"west":{"uv":[4.48,4.48,5.52,5.52],"texture":"#mesh_palette"},"east":{"uv":[4.48,4.48,5.52,5.52],"texture":"#mesh_palette"}},"from":[9.5,9.5,8],"to":[10,10,8.5]},{"faces":{"down":{"uv":[14.48,2.48,15.52,3.52],"texture":"#mesh_palette"},"up":{"uv":[14.48,2.48,15.52,3.52],"texture":"#mesh_palette"},"north":{"uv":[14.48,2.48,15.52,3.52],"texture":"#mesh_palette"},"south":{"uv":[14.48,2.48,15.52,3.52],"texture":"#mesh_palette"},"west":{"uv":[14.48,2.48,15.52,3.52],"texture":"#mesh_palette"},"east":{"uv":[14.48,2.48,15.52,3.52],"texture":"#mesh_palette"}},"from":[9.5,9.5,8.5],"to":[10,10,9]},{"faces":{"down":{"uv":[6.48,0.4799995,7.52,1.52],"texture":"#mesh_palette"},"up":{"uv":[6.48,0.4799995,7.52,1.52],"texture":"#mesh_palette"},"north":{"uv":[6.48,0.4799995,7.52,1.52],"texture":"#mesh_palette"},"south":{"uv":[6.48,0.4799995,7.52,1.52],"texture":"#mesh_palette"},"west":{"uv":[6.48,0.4799995,7.52,1.52],"texture":"#mesh_palette"},"east":{"uv":[6.48,0.4799995,7.52,1.52],"texture":"#mesh_palette"}},"from":[10,7.5,6.5],"to":[10.5,8,7]},{"faces":{"down":{"uv":[4.48,0.4799995,5.52,1.52],"texture":"#mesh_palette"},"up":{"uv":[4.48,0.4799995,5.52,1.52],"texture":"#mesh_palette"},"north":{"uv":[4.48,0.4799995,5.52,1.52],"texture":"#mesh_palette"},"south":{"uv":[4.48,0.4799995,5.52,1.52],"texture":"#mesh_palette"},"west":{"uv":[4.48,0.4799995,5.52,1.52],"texture":"#mesh_palette"},"east":{"uv":[4.48,0.4799995,5.52,1.52],"texture":"#mesh_palette"}},"from":[10,7.5,7],"to":[10.5,8,7.5]},{"faces":{"down":{"uv":[4.48,0.4799995,5.52,1.52],"texture":"#mesh_palette"},"up":{"uv":[4.48,0.4799995,5.52,1.52],"texture":"#mesh_palette"},"north":{"uv":[4.48,0.4799995,5.52,1.52],"texture":"#mesh_palette"},"south":{"uv":[4.48,0.4799995,5.52,1.52],"texture":"#mesh_palette"},"west":{"uv":[4.48,0.4799995,5.52,1.52],"texture":"#mesh_palette"},"east":{"uv":[4.48,0.4799995,5.52,1.52],"texture":"#mesh_palette"}},"from":[10,7.5,8],"to":[11,8,8.5]},{"faces":{"down":{"uv":[4.48,0.4799995,5.52,1.52],"texture":"#mesh_palette"},"up":{"uv":[4.48,0.4799995,5.52,1.52],"texture":"#mesh_palette"},"north":{"uv":[4.48,0.4799995,5.52,1.52],"texture":"#mesh_palette"},"south":{"uv":[4.48,0.4799995,5.52,1.52],"texture":"#mesh_palette"},"west":{"uv":[4.48,0.4799995,5.52,1.52],"texture":"#mesh_palette"},"east":{"uv":[4.48,0.4799995,5.52,1.52],"texture":"#mesh_palette"}},"from":[10,7.5,9],"to":[10.5,8,10]},{"faces":{"down":{"uv":[10.48,2.48,11.52,3.52],"texture":"#mesh_palette"},"up":{"uv":[10.48,2.48,11.52,3.52],"texture":"#mesh_palette"},"north":{"uv":[10.48,2.48,11.52,3.52],"texture":"#mesh_palette"},"south":{"uv":[10.48,2.48,11.52,3.52],"texture":"#mesh_palette"},"west":{"uv":[10.48,2.48,11.52,3.52],"texture":"#mesh_palette"},"east":{"uv":[10.48,2.48,11.52,3.52],"texture":"#mesh_palette"}},"from":[10,8,7.5],"to":[10.5,8.5,8]},{"faces":{"down":{"uv":[4.48,0.4799995,5.52,1.52],"texture":"#mesh_palette"},"up":{"uv":[4.48,0.4799995,5.52,1.52],"texture":"#mesh_palette"},"north":{"uv":[4.48,0.4799995,5.52,1.52],"texture":"#mesh_palette"},"south":{"uv":[4.48,0.4799995,5.52,1.52],"texture":"#mesh_palette"},"west":{"uv":[4.48,0.4799995,5.52,1.52],"texture":"#mesh_palette"},"east":{"uv":[4.48,0.4799995,5.52,1.52],"texture":"#mesh_palette"}},"from":[10.5,7,7.5],"to":[11,7.5,8.5]}],"gui_light":"front"}