{"parent":"item/handheld","textures":{"layer0":"items/gold_sword"},"overrides":[{"predicate":{"custom_model_data":0},"model":"vehicles/9f_default"},{"predicate":{"custom_model_data":100},"model":"vehicles/akuma_default"},{"predicate":{"custom_model_data":200},"model":"vehicles/attackmaverick_default"},{"predicate":{"custom_model_data":300},"model":"vehicles/bmx_default"},{"predicate":{"custom_model_data":400},"model":"vehicles/dinghy_default"},{"predicate":{"custom_model_data":500},"model":"vehicles/entityxf_default"},{"predicate":{"custom_model_data":600},"model":"vehicles/hydra_default"},{"predicate":{"custom_model_data":700},"model":"vehicles/kuruma_default"},{"predicate":{"custom_model_data":800},"model":"vehicles/maverick_default"},{"predicate":{"custom_model_data":900},"model":"vehicles/primo_default"},{"predicate":{"custom_model_data":1000},"model":"vehicles/rhino_default"},{"predicate":{"custom_model_data":1100},"model":"vehicles/zentorno_default"},{"predicate":{"custom_model_data":1200},"model":"vehicles/policecar_default"},{"predicate":{"custom_model_data":1300},"model":"vehicles/b52_default"},{"predicate":{"custom_model_data":1400},"model":"vehicles/candyvan_default"},{"predicate":{"custom_model_data":1500},"model":"vehicles/golf_cart"}]}