{"parent":"item/handheld","textures":{"layer0":"item/iron_shovel"},"overrides":[{"predicate":{"custom_model_data":0},"model":"ammo/pistol_ammo"},{"predicate":{"custom_model_data":10},"model":"ammo/smg_ammo"},{"predicate":{"custom_model_data":20},"model":"ammo/shotgun_shell"},{"predicate":{"custom_model_data":30},"model":"ammo/assault_rifle_ammo"},{"predicate":{"custom_model_data":40},"model":"ammo/mg_ammo"},{"predicate":{"custom_model_data":50},"model":"ammo/sniper_rifle_ammo"},{"predicate":{"custom_model_data":60},"model":"ammo/rocket"},{"predicate":{"custom_model_data":70},"model":"ammo/minigun_ammo"},{"predicate":{"custom_model_data":80},"model":"throwable/nuke"},{"predicate":{"custom_model_data":90},"model":"drugs/beer"},{"predicate":{"custom_model_data":100},"model":"drugs/vodka"},{"predicate":{"custom_model_data":110},"model":"drugs/bst"},{"predicate":{"custom_model_data":120},"model":"drugs/meth"},{"predicate":{"custom_model_data":130},"model":"drugs/needle"},{"predicate":{"custom_model_data":140},"model":"drugs/empty_syringe"},{"predicate":{"custom_model_data":150},"model":"drugs/meth_rocks"},{"predicate":{"custom_model_data":160},"model":"drugs/brownie"},{"predicate":{"custom_model_data":170},"model":"crates/crate1/crate1"},{"predicate":{"custom_model_data":180},"model":"crates/crate1/crate1_open"},{"predicate":{"custom_model_data":190},"model":"crates/crate2/crate2"},{"predicate":{"custom_model_data":200},"model":"crates/crate2/crate2_open"},{"predicate":{"custom_model_data":210},"model":"crates/crate3/crate3"},{"predicate":{"custom_model_data":220},"model":"crates/crate3/crate3_open"},{"predicate":{"custom_model_data":230},"model":"crates/crate4/crate4"},{"predicate":{"custom_model_data":240},"model":"crates/crate4/crate4_blownopen"},{"predicate":{"custom_model_data":250},"model":"crates/crate4/crate4_explosive"},{"predicate":{"custom_model_data":260},"model":"crates/crate4/crate4_open"},{"predicate":{"custom_model_data":270},"model":"crates/crate5/crate5"},{"predicate":{"custom_model_data":280},"model":"crates/crate5/crate5-animation1"},{"predicate":{"custom_model_data":290},"model":"crates/crate5/crate5-animation2"},{"predicate":{"custom_model_data":300},"model":"crates/crate5/crate5-animation3"},{"predicate":{"custom_model_data":310},"model":"crates/crate5/crate5_open"},{"predicate":{"custom_model_data":320},"model":"misc/slot_machine_wheel_3"},{"predicate":{"custom_model_data":330},"model":"misc/casino_wheel_2"},{"predicate":{"custom_model_data":340},"model":"misc/casino_wheel"},{"predicate":{"custom_model_data":350},"model":"misc/slot_machine_up"},{"predicate":{"custom_model_data":360},"model":"misc/slot_machine"},{"predicate":{"custom_model_data":370},"model":"misc/822"},{"predicate":{"custom_model_data":380},"model":"crates/crate6/crate6"},{"predicate":{"custom_model_data":390},"model":"crates/crate6/crate6_open"},{"predicate":{"custom_model_data":400},"model":"misc/arrow_left"},{"predicate":{"custom_model_data":410},"model":"misc/arrow_right"},{"predicate":{"custom_model_data":420},"model":"misc/candy_cane"},{"predicate":{"custom_model_data":430},"model":"misc/present"},{"predicate":{"custom_model_data":440},"model":"misc/nice_list"},{"predicate":{"custom_model_data":450},"model":"misc/naughty_list"},{"predicate":{"custom_model_data":460},"model":"misc/wishing_well_coin"},{"predicate":{"custom_model_data":470},"model":"misc/casino_chip"},{"predicate":{"custom_model_data":480},"model":"misc/casino_chip_2"},{"predicate":{"custom_model_data":490},"model":"misc/casino_chip_3"},{"predicate":{"custom_model_data":500},"model":"misc/casino_chip_4"},{"predicate":{"custom_model_data":510},"model":"misc/casino_chip_5"},{"predicate":{"custom_model_data":520},"model":"misc/casino_chip_6"},{"predicate":{"custom_model_data":530},"model":"supplydrops/supplydrop1/supplydrop1"},{"predicate":{"custom_model_data":540},"model":"supplydrops/supplydrop1/supplydrop1_ground"},{"predicate":{"custom_model_data":550},"model":"supplydrops/supplydrop2/supplydrop2"},{"predicate":{"custom_model_data":560},"model":"supplydrops/supplydrop2/supplydrop2_ground"},{"predicate":{"custom_model_data":570},"model":"supplydrops/supplydrop3/supplydrop3"},{"predicate":{"custom_model_data":575},"model":"supplydrops/supplydrop3/supplydrop3_ground"},{"predicate":{"custom_model_data":580},"model":"cheatcodes/backpack_cheatcode"},{"predicate":{"custom_model_data":590},"model":"cheatcodes/banker_cheatcode"},{"predicate":{"custom_model_data":600},"model":"cheatcodes/blackmarket_cheatcode"},{"predicate":{"custom_model_data":610},"model":"cheatcodes/customkits_cheatcode"},{"predicate":{"custom_model_data":620},"model":"cheatcodes/fix_cheatcode"},{"predicate":{"custom_model_data":630},"model":"misc/cooked_beef"},{"predicate":{"custom_model_data":640},"model":"cheatcodes/healthinsurance_cheatcode"},{"predicate":{"custom_model_data":650},"model":"cheatcodes/houseslot_cheatcode"},{"predicate":{"custom_model_data":660},"model":"cheatcodes/instantrandomteleport_cheatcode"},{"predicate":{"custom_model_data":670},"model":"cheatcodes/near_cheatcode"},{"predicate":{"custom_model_data":680},"model":"cheatcodes/quicksell_cheatcode"},{"predicate":{"custom_model_data":690},"model":"cheatcodes/warptime_cheatcode"},{"predicate":{"custom_model_data":700},"model":"cheatcodes/token"},{"predicate":{"custom_model_data":710},"model":"attachments/agilitygrip_weapon"},{"predicate":{"custom_model_data":720},"model":"attachments/agilitygrip_weapon_black"},{"predicate":{"custom_model_data":730},"model":"attachments/ballisticvisor_armor"},{"predicate":{"custom_model_data":740},"model":"attachments/ballisticvisor_armor_black"},{"predicate":{"custom_model_data":750},"model":"attachments/blastshield_armor"},{"predicate":{"custom_model_data":760},"model":"attachments/blastshield_armor_black"},{"predicate":{"custom_model_data":770},"model":"attachments/bulletspread_weapon"},{"predicate":{"custom_model_data":780},"model":"attachments/bulletspread_weapon_black"},{"predicate":{"custom_model_data":790},"model":"attachments/burstaccelerator_weapon"},{"predicate":{"custom_model_data":800},"model":"attachments/burstaccelerator_weapon_black"},{"predicate":{"custom_model_data":810},"model":"attachments/extendedmag_weapon"},{"predicate":{"custom_model_data":820},"model":"attachments/extendedmag_weapon_black"},{"predicate":{"custom_model_data":830},"model":"attachments/gravityguard_armor"},{"predicate":{"custom_model_data":840},"model":"attachments/gravityguard_armor_black"},{"predicate":{"custom_model_data":850},"model":"attachments/heatshield_armor"},{"predicate":{"custom_model_data":860},"model":"attachments/heatshield_armor_black"},{"predicate":{"custom_model_data":870},"model":"attachments/holoscope_weapon"},{"predicate":{"custom_model_data":880},"model":"attachments/holoscope_weapon_black"},{"predicate":{"custom_model_data":890},"model":"attachments/longshotbarrel_weapon"},{"predicate":{"custom_model_data":900},"model":"attachments/longshotbarrel_weapon_black"},{"predicate":{"custom_model_data":910},"model":"attachments/percisionmuzzle_weapon"},{"predicate":{"custom_model_data":920},"model":"attachments/percisionmuzzle_weapon_black"},{"predicate":{"custom_model_data":930},"model":"attachments/reddotscope_weapon"},{"predicate":{"custom_model_data":940},"model":"attachments/reddotscope_weapon_black"},{"predicate":{"custom_model_data":950},"model":"attachments/smokescreen_armor"},{"predicate":{"custom_model_data":960},"model":"attachments/smokescreen_armor_black"},{"predicate":{"custom_model_data":970},"model":"attachments/speedmag_weapon"},{"predicate":{"custom_model_data":980},"model":"attachments/speedmag_weapon_black"},{"predicate":{"custom_model_data":990},"model":"attachments/stabilizergrip_weapon"},{"predicate":{"custom_model_data":1000},"model":"attachments/stabilizergrip_weapon_black"},{"predicate":{"custom_model_data":1010},"model":"attachments/stickynet_weapon"},{"predicate":{"custom_model_data":1020},"model":"attachments/stickynet_weapon_black"},{"predicate":{"custom_model_data":1030},"model":"attachments/telescope_weapon"},{"predicate":{"custom_model_data":1040},"model":"attachments/telescope_weapon_black"},{"predicate":{"custom_model_data":1050},"model":"attachments/scrap_metal"},{"predicate":{"custom_model_data":1060},"model":"medkits/redkit_open"},{"predicate":{"custom_model_data":1070},"model":"medkits/redkit_closed"},{"predicate":{"custom_model_data":1080},"model":"medkits/yellowkit_open"},{"predicate":{"custom_model_data":1090},"model":"medkits/yellowkit_closed"},{"predicate":{"custom_model_data":1100},"model":"medkits/greenkit_open"},{"predicate":{"custom_model_data":1110},"model":"medkits/greenkit_closed"},{"predicate":{"custom_model_data":1120},"model":"misc/workbench"},{"predicate":{"custom_model_data":1130},"model":"medkits/bluekit_open"},{"predicate":{"custom_model_data":1140},"model":"medkits/bluekit_closed"},{"predicate":{"custom_model_data":1150},"model":"medkits/pinkkit_open"},{"predicate":{"custom_model_data":1160},"model":"medkits/pinkkit_closed"},{"predicate":{"custom_model_data":1170},"model":"misc/crowbar"},{"predicate":{"custom_model_data":1180},"model":"misc/gang_crate_closed"},{"predicate":{"custom_model_data":1190},"model":"misc/gang_crate_open"},{"predicate":{"custom_model_data":1200},"model":"misc/empty_house_profile"},{"predicate":{"custom_model_data":1210},"model":"misc/locked_house_profile"},{"predicate":{"custom_model_data":1220},"model":"misc/empty_premium_profile"},{"predicate":{"custom_model_data":1230},"model":"medkits/orangekit_open"},{"predicate":{"custom_model_data":1240},"model":"medkits/orangekit_closed"},{"predicate":{"custom_model_data":1250},"model":"medkits/purplekit_open"},{"predicate":{"custom_model_data":1260},"model":"medkits/purplekit_closed"},{"predicate":{"custom_model_data":1270},"model":"misc/atm"},{"predicate":{"custom_model_data":1280},"model":"attachments/silencer"},{"predicate":{"custom_model_data":1290},"model":"attachments/silencer_black"},{"predicate":{"custom_model_data":1310},"model":"misc/sandcastle"},{"predicate":{"custom_model_data":1320},"model":"misc/bucket"},{"predicate":{"custom_model_data":1330},"model":"misc/waterbucket"},{"predicate":{"custom_model_data":1340},"model":"misc/sanddollar"},{"predicate":{"custom_model_data":1350},"model":"misc/waterbucket"},{"predicate":{"custom_model_data":1360},"model":"misc/bucket"},{"predicate":{"custom_model_data":1360},"model":"misc/bucket"},{"predicate":{"custom_model_data":1370},"model":"icons/prestige_point"},{"predicate":{"custom_model_data":1380},"model":"icons/property"},{"predicate":{"custom_model_data":1390},"model":"icons/cheatcode_key"},{"predicate":{"custom_model_data":1400},"model":"icons/loot_bolt"},{"predicate":{"custom_model_data":1410},"model":"icons/sell_bolt"},{"predicate":{"custom_model_data":1420},"model":"icons/vote_bolt"},{"predicate":{"custom_model_data":1430},"model":"icons/xp_bolt"},{"predicate":{"custom_model_data":1440},"model":"icons/fix_bolt"},{"predicate":{"custom_model_data":1450},"model":"icons/red_drop"},{"predicate":{"custom_model_data":1460},"model":"icons/green_drop"},{"predicate":{"custom_model_data":1470},"model":"icons/blue_drop"},{"predicate":{"custom_model_data":1480},"model":"icons/green_mark"},{"predicate":{"custom_model_data":1490},"model":"icons/red_mark"},{"predicate":{"custom_model_data":1500},"model":"icons/missions_icon"},{"predicate":{"custom_model_data":1510},"model":"icons/progression_icon"},{"predicate":{"custom_model_data":1520},"model":"icons/account_icon"},{"predicate":{"custom_model_data":1530},"model":"icons/taxi"},{"predicate":{"custom_model_data":1540},"model":"icons/progression_icon"}]}