{"parent":"item/leather_leggings","textures":{"layer0":"item/leather_leggings"},"overrides":[{"predicate":{"custom_model_data":0},"model":"armor/christmas_leggings"},{"predicate":{"custom_model_data":10},"model":"armor/rudolf_leggings"},{"predicate":{"custom_model_data":20},"model":"armor/santa_pants"},{"predicate":{"custom_model_data":30},"model":"armor/elf_leggings"},{"predicate":{"custom_model_data":40},"model":"armor/halloween_leggings"},{"predicate":{"custom_model_data":50},"model":"armor/pants"}]}