{"parent":"item/leather_chestplate","textures":{"layer0":"item/leather_chestplate"},"overrides":[{"predicate":{"custom_model_data":0},"model":"armor/christmas_chestplate"},{"predicate":{"custom_model_data":10},"model":"armor/rudolf_chestplate"},{"predicate":{"custom_model_data":20},"model":"armor/santa_chestplate"},{"predicate":{"custom_model_data":30},"model":"armor/elf_chestplate"},{"predicate":{"custom_model_data":40},"model":"armor/halloween_chestplate"},{"predicate":{"custom_model_data":50},"model":"armor/shirt"}]}