{"credit":"Made with Blockbench","textures":{"1":"item/rpskins/160160160","particle":"item/rpskins/160160160"},"elements":[{"from":[2.2805,6.60765,8.57195],"to":[11.813,7.37025,11.813],"rotation":{"angle":0,"axis":"y","origin":[8,-4.06875,8]},"faces":{"north":{"uv":[0.6625,0.4,1.25625,0.575],"texture":"#1"},"east":{"uv":[0.6625,0.4,1.25625,0.575],"texture":"#1"},"south":{"uv":[0.6625,0.4,1.25625,0.575],"texture":"#1"},"west":{"uv":[0.6625,0.4,1.25625,0.575],"texture":"#1"},"up":{"uv":[0.6625,0.4,1.25625,0.575],"texture":"#1"},"down":{"uv":[0.6625,0.4,1.25625,0.575],"texture":"#1"}}},{"from":[6.03883,5.6044,8.57195],"to":[6.69045,6.60765,11.813],"rotation":{"angle":0,"axis":"y","origin":[8,-4.83135,8]},"faces":{"north":{"uv":[0.6625,0.4,1.25625,0.575],"texture":"#1"},"east":{"uv":[0.6625,0.4,1.25625,0.575],"texture":"#1"},"south":{"uv":[0.6625,0.4,1.25625,0.575],"texture":"#1"},"west":{"uv":[0.6625,0.4,1.25625,0.575],"texture":"#1"},"up":{"uv":[0.6625,0.4,1.25625,0.575],"texture":"#1"},"down":{"uv":[0.6625,0.4,1.25625,0.575],"texture":"#1"}}},{"from":[6.43578,4.1292,8.57195],"to":[7.33273,6.98895,11.813],"rotation":{"angle":-22.5,"axis":"z","origin":[8.66728,-4.45005,8]},"faces":{"north":{"uv":[0.6625,0.4,1.25625,0.575],"texture":"#1"},"east":{"uv":[0.6625,0.4,1.25625,0.575],"texture":"#1"},"south":{"uv":[0.6625,0.4,1.25625,0.575],"texture":"#1"},"west":{"uv":[0.6625,0.4,1.25625,0.575],"texture":"#1"},"up":{"uv":[0.6625,0.4,1.25625,0.575],"texture":"#1"},"down":{"uv":[0.6625,0.4,1.25625,0.575],"texture":"#1"}}},{"from":[5.90285,0.51783,8.57195],"to":[10.7263,1.36478,11.813],"rotation":{"angle":-22.5,"axis":"z","origin":[17.34185,2.69933,8]},"faces":{"north":{"uv":[0.6625,0.4,1.25625,0.575],"texture":"#1"},"east":{"uv":[0.6625,0.4,1.25625,0.575],"texture":"#1"},"south":{"uv":[0.6625,0.4,1.25625,0.575],"texture":"#1"},"west":{"uv":[0.6625,0.4,1.25625,0.575],"texture":"#1"},"up":{"uv":[0.6625,0.4,1.25625,0.575],"texture":"#1"},"down":{"uv":[0.6625,0.4,1.25625,0.575],"texture":"#1"}}},{"from":[13.89613,3.59538,8.57195],"to":[14.76808,5.48875,11.813],"rotation":{"angle":22.5,"axis":"z","origin":[16.10263,-6.45187,8]},"faces":{"north":{"uv":[0.6625,0.4,1.25625,0.575],"texture":"#1"},"east":{"uv":[0.6625,0.4,1.25625,0.575],"texture":"#1"},"south":{"uv":[0.6625,0.4,1.25625,0.575],"texture":"#1"},"west":{"uv":[0.6625,0.4,1.25625,0.575],"texture":"#1"},"up":{"uv":[0.6625,0.4,1.25625,0.575],"texture":"#1"},"down":{"uv":[0.6625,0.4,1.25625,0.575],"texture":"#1"}}},{"from":[17.68413,10.51598,8.57195],"to":[18.25608,11.46923,11.813],"rotation":{"angle":45,"axis":"z","origin":[19.68595,-0.16043,8]},"faces":{"north":{"uv":[0.6625,0.4,1.25625,0.575],"texture":"#1"},"east":{"uv":[0.6625,0.4,1.25625,0.575],"texture":"#1"},"south":{"uv":[0.6625,0.4,1.25625,0.575],"texture":"#1"},"west":{"uv":[0.6625,0.4,1.25625,0.575],"texture":"#1"},"up":{"uv":[0.6625,0.4,1.25625,0.575],"texture":"#1"},"down":{"uv":[0.6625,0.4,1.25625,0.575],"texture":"#1"}}},{"from":[9.89463,10.42065,8.57195],"to":[10.37125,11.39423,11.813],"rotation":{"angle":45,"axis":"z","origin":[11.85833,-0.16043,8]},"faces":{"north":{"uv":[0.6625,0.4,1.25625,0.575],"texture":"#1"},"east":{"uv":[0.6625,0.4,1.25625,0.575],"texture":"#1"},"south":{"uv":[0.6625,0.4,1.25625,0.575],"texture":"#1"},"west":{"uv":[0.6625,0.4,1.25625,0.575],"texture":"#1"},"up":{"uv":[0.6625,0.4,1.25625,0.575],"texture":"#1"},"down":{"uv":[0.6625,0.4,1.25625,0.575],"texture":"#1"}}},{"from":[7.1874,5.38407,8.57195],"to":[7.66402,7.75155,11.813],"rotation":{"angle":22.5,"axis":"z","origin":[9.18922,-3.8781,8]},"faces":{"north":{"uv":[0.6625,0.4,1.25625,0.575],"texture":"#1"},"east":{"uv":[0.6625,0.4,1.25625,0.575],"texture":"#1"},"south":{"uv":[0.6625,0.4,1.25625,0.575],"texture":"#1"},"west":{"uv":[0.6625,0.4,1.25625,0.575],"texture":"#1"},"up":{"uv":[0.6625,0.4,1.25625,0.575],"texture":"#1"},"down":{"uv":[0.6625,0.4,1.25625,0.575],"texture":"#1"}}},{"from":[3.76757,3.872,8.57195],"to":[5.20679,4.45331,11.813],"rotation":{"angle":0,"axis":"z","origin":[6.57012,-6.26122,8]},"faces":{"north":{"uv":[0.6625,0.4,1.25625,0.575],"texture":"#1"},"east":{"uv":[0.6625,0.4,1.25625,0.575],"texture":"#1"},"south":{"uv":[0.6625,0.4,1.25625,0.575],"texture":"#1"},"west":{"uv":[0.6625,0.4,1.25625,0.575],"texture":"#1"},"up":{"uv":[0.6625,0.4,1.25625,0.575],"texture":"#1"},"down":{"uv":[0.6625,0.4,1.25625,0.575],"texture":"#1"}}},{"from":[11.62235,8.4298,8.57195],"to":[13.62417,9.0861,11.813],"rotation":{"angle":45,"axis":"z","origin":[13.91015,-1.5903,8]},"faces":{"north":{"uv":[0.6625,0.4,1.25625,0.575],"texture":"#1"},"east":{"uv":[0.6625,0.4,1.25625,0.575],"texture":"#1"},"south":{"uv":[0.6625,0.4,1.25625,0.575],"texture":"#1"},"west":{"uv":[0.6625,0.4,1.25625,0.575],"texture":"#1"},"up":{"uv":[0.6625,0.4,1.25625,0.575],"texture":"#1"},"down":{"uv":[0.6625,0.4,1.25625,0.575],"texture":"#1"}}},{"name":"hexadecagon","from":[4.61648,6.42501,9.47525],"to":[4.80609,7.66423,10.4285],"rotation":{"angle":-45,"axis":"y","origin":[4.71129,5.56708,9.95187]},"faces":{"north":{"uv":[0.6625,0.57188,0.73438,0.5375],"texture":"#1"},"east":{"uv":[0.6625,0.57188,0.73438,0.5375],"texture":"#1"},"south":{"uv":[0.6625,0.57188,0.73438,0.5375],"texture":"#1"},"west":{"uv":[0.6625,0.57188,0.73438,0.5375],"texture":"#1"},"up":{"uv":[0.6625,0.57188,0.73438,0.5375],"texture":"#1"},"down":{"uv":[0.6625,0.57188,0.73438,0.5375],"texture":"#1"}}},{"name":"hexadecagon","from":[4.61648,6.42501,9.47525],"to":[4.80609,7.66423,10.4285],"rotation":{"angle":-22.5,"axis":"y","origin":[4.71129,5.56708,9.95187]},"faces":{"north":{"uv":[0.6625,0.57188,0.73438,0.5375],"texture":"#1"},"east":{"uv":[0.6625,0.57188,0.73438,0.5375],"texture":"#1"},"south":{"uv":[0.6625,0.57188,0.73438,0.5375],"texture":"#1"},"west":{"uv":[0.6625,0.57188,0.73438,0.5375],"texture":"#1"},"up":{"uv":[0.6625,0.57188,0.73438,0.5375],"texture":"#1"},"down":{"uv":[0.6625,0.57188,0.73438,0.5375],"texture":"#1"}}},{"name":"hexadecagon","from":[4.61648,6.42501,9.47525],"to":[4.80609,7.66423,10.4285],"rotation":{"angle":22.5,"axis":"y","origin":[4.71129,5.56708,9.95187]},"faces":{"north":{"uv":[0.6625,0.57188,0.73438,0.5375],"texture":"#1"},"east":{"uv":[0.6625,0.57188,0.73438,0.5375],"texture":"#1"},"south":{"uv":[0.6625,0.57188,0.73438,0.5375],"texture":"#1"},"west":{"uv":[0.6625,0.57188,0.73438,0.5375],"texture":"#1"},"up":{"uv":[0.6625,0.57188,0.73438,0.5375],"texture":"#1"},"down":{"uv":[0.6625,0.57188,0.73438,0.5375],"texture":"#1"}}},{"name":"hexadecagon","from":[4.61648,6.42501,9.47525],"to":[4.80609,7.66423,10.4285],"rotation":{"angle":45,"axis":"y","origin":[4.71129,5.56708,9.95187]},"faces":{"north":{"uv":[0.6625,0.57188,0.73438,0.5375],"texture":"#1"},"east":{"uv":[0.6625,0.57188,0.73438,0.5375],"texture":"#1"},"south":{"uv":[0.6625,0.57188,0.73438,0.5375],"texture":"#1"},"west":{"uv":[0.6625,0.57188,0.73438,0.5375],"texture":"#1"},"up":{"uv":[0.6625,0.57188,0.73438,0.5375],"texture":"#1"},"down":{"uv":[0.6625,0.57188,0.73438,0.5375],"texture":"#1"}}},{"name":"hexadecagon","from":[4.23466,6.42501,9.85707],"to":[5.18791,7.66423,10.04668],"rotation":{"angle":-22.5,"axis":"y","origin":[4.71129,5.56708,9.95187]},"faces":{"north":{"uv":[0.27812,0.28438,0.35,0.25],"texture":"#1"},"east":{"uv":[0.27812,0.28438,0.35,0.25],"texture":"#1"},"south":{"uv":[0.27812,0.28438,0.35,0.25],"texture":"#1"},"west":{"uv":[0.65312,0.5625,0.725,0.52812],"texture":"#1"},"up":{"uv":[0.6625,0.57188,0.73438,0.5375],"texture":"#1"},"down":{"uv":[0.27812,0.28438,0.35,0.25],"texture":"#1"}}},{"name":"hexadecagon","from":[4.23466,6.42501,9.85707],"to":[5.18791,7.66423,10.04668],"rotation":{"angle":0,"axis":"y","origin":[4.71129,5.56708,9.95187]},"faces":{"north":{"uv":[0.6625,0.57188,0.73438,0.5375],"texture":"#1"},"east":{"uv":[0.6625,0.57188,0.73438,0.5375],"texture":"#1"},"south":{"uv":[0.6625,0.57188,0.73438,0.5375],"texture":"#1"},"west":{"uv":[0.6625,0.57188,0.73438,0.5375],"texture":"#1"},"up":{"uv":[0.6625,0.57188,0.73438,0.5375],"texture":"#1"},"down":{"uv":[0.6625,0.57188,0.73438,0.5375],"texture":"#1"}}},{"name":"hexadecagon","from":[4.23466,6.42501,9.85707],"to":[5.18791,7.66423,10.04668],"rotation":{"angle":22.5,"axis":"y","origin":[4.71129,5.56708,9.95187]},"faces":{"north":{"uv":[0.6625,0.57188,0.73438,0.5375],"texture":"#1"},"east":{"uv":[0.6625,0.57188,0.73438,0.5375],"texture":"#1"},"south":{"uv":[0.6625,0.57188,0.73438,0.5375],"texture":"#1"},"west":{"uv":[0.6625,0.57188,0.73438,0.5375],"texture":"#1"},"up":{"uv":[0.6625,0.57188,0.73438,0.5375],"texture":"#1"},"down":{"uv":[0.6625,0.57188,0.73438,0.5375],"texture":"#1"}}},{"name":"hexadecagon","from":[4.61648,6.42501,9.47525],"to":[4.80609,7.66423,10.4285],"rotation":{"angle":0,"axis":"y","origin":[4.71129,5.56708,9.95187]},"faces":{"north":{"uv":[0.6625,0.57188,0.73438,0.5375],"texture":"#1"},"east":{"uv":[0.6625,0.57188,0.73438,0.5375],"texture":"#1"},"south":{"uv":[0.6625,0.57188,0.73438,0.5375],"texture":"#1"},"west":{"uv":[0.6625,0.57188,0.73438,0.5375],"texture":"#1"},"up":{"uv":[0.6625,0.57188,0.73438,0.5375],"texture":"#1"},"down":{"uv":[0.6625,0.57188,0.73438,0.5375],"texture":"#1"}}},{"name":"hexadecagon","from":[7.66688,6.42501,9.47525],"to":[7.85649,7.66423,10.4285],"rotation":{"angle":-45,"axis":"y","origin":[7.76169,5.56708,9.95187]},"faces":{"north":{"uv":[0.6625,0.57188,0.73438,0.5375],"texture":"#1"},"east":{"uv":[0.6625,0.57188,0.73438,0.5375],"texture":"#1"},"south":{"uv":[0.6625,0.57188,0.73438,0.5375],"texture":"#1"},"west":{"uv":[0.6625,0.57188,0.73438,0.5375],"texture":"#1"},"up":{"uv":[0.6625,0.57188,0.73438,0.5375],"texture":"#1"},"down":{"uv":[0.6625,0.57188,0.73438,0.5375],"texture":"#1"}}},{"name":"hexadecagon","from":[7.66688,6.42501,9.47525],"to":[7.85649,7.66423,10.4285],"rotation":{"angle":-22.5,"axis":"y","origin":[7.76169,5.56708,9.95187]},"faces":{"north":{"uv":[0.6625,0.57188,0.73438,0.5375],"texture":"#1"},"east":{"uv":[0.6625,0.57188,0.73438,0.5375],"texture":"#1"},"south":{"uv":[0.6625,0.57188,0.73438,0.5375],"texture":"#1"},"west":{"uv":[0.6625,0.57188,0.73438,0.5375],"texture":"#1"},"up":{"uv":[0.6625,0.57188,0.73438,0.5375],"texture":"#1"},"down":{"uv":[0.6625,0.57188,0.73438,0.5375],"texture":"#1"}}},{"name":"hexadecagon","from":[7.66688,6.42501,9.47525],"to":[7.85649,7.66423,10.4285],"rotation":{"angle":0,"axis":"y","origin":[7.76169,5.56708,9.95187]},"faces":{"north":{"uv":[0.6625,0.57188,0.73438,0.5375],"texture":"#1"},"east":{"uv":[0.6625,0.57188,0.73438,0.5375],"texture":"#1"},"south":{"uv":[0.6625,0.57188,0.73438,0.5375],"texture":"#1"},"west":{"uv":[0.6625,0.57188,0.73438,0.5375],"texture":"#1"},"up":{"uv":[0.6625,0.57188,0.73438,0.5375],"texture":"#1"},"down":{"uv":[0.6625,0.57188,0.73438,0.5375],"texture":"#1"}}},{"name":"hexadecagon","from":[7.66688,6.42501,9.47525],"to":[7.85649,7.66423,10.4285],"rotation":{"angle":22.5,"axis":"y","origin":[7.76169,5.56708,9.95187]},"faces":{"north":{"uv":[0.6625,0.57188,0.73438,0.5375],"texture":"#1"},"east":{"uv":[0.6625,0.57188,0.73438,0.5375],"texture":"#1"},"south":{"uv":[0.6625,0.57188,0.73438,0.5375],"texture":"#1"},"west":{"uv":[0.6625,0.57188,0.73438,0.5375],"texture":"#1"},"up":{"uv":[0.6625,0.57188,0.73438,0.5375],"texture":"#1"},"down":{"uv":[0.6625,0.57188,0.73438,0.5375],"texture":"#1"}}},{"name":"hexadecagon","from":[7.66688,6.42501,9.47525],"to":[7.85649,7.66423,10.4285],"rotation":{"angle":45,"axis":"y","origin":[7.76169,5.56708,9.95187]},"faces":{"north":{"uv":[0.6625,0.57188,0.73438,0.5375],"texture":"#1"},"east":{"uv":[0.6625,0.57188,0.73438,0.5375],"texture":"#1"},"south":{"uv":[0.6625,0.57188,0.73438,0.5375],"texture":"#1"},"west":{"uv":[0.6625,0.57188,0.73438,0.5375],"texture":"#1"},"up":{"uv":[0.6625,0.57188,0.73438,0.5375],"texture":"#1"},"down":{"uv":[0.6625,0.57188,0.73438,0.5375],"texture":"#1"}}},{"name":"hexadecagon","from":[7.28506,6.42501,9.85707],"to":[8.23831,7.66423,10.04668],"rotation":{"angle":-22.5,"axis":"y","origin":[7.76169,5.56708,9.95187]},"faces":{"north":{"uv":[0.6625,0.57188,0.73438,0.5375],"texture":"#1"},"east":{"uv":[0.6625,0.57188,0.73438,0.5375],"texture":"#1"},"south":{"uv":[0.6625,0.57188,0.73438,0.5375],"texture":"#1"},"west":{"uv":[0.6625,0.57188,0.73438,0.5375],"texture":"#1"},"up":{"uv":[0.6625,0.57188,0.73438,0.5375],"texture":"#1"},"down":{"uv":[0.6625,0.57188,0.73438,0.5375],"texture":"#1"}}},{"name":"hexadecagon","from":[7.28506,6.42501,9.85707],"to":[8.23831,7.66423,10.04668],"rotation":{"angle":0,"axis":"y","origin":[7.76169,5.56708,9.95187]},"faces":{"north":{"uv":[0.6625,0.57188,0.73438,0.5375],"texture":"#1"},"east":{"uv":[0.6625,0.57188,0.73438,0.5375],"texture":"#1"},"south":{"uv":[0.6625,0.57188,0.73438,0.5375],"texture":"#1"},"west":{"uv":[0.6625,0.57188,0.73438,0.5375],"texture":"#1"},"up":{"uv":[0.6625,0.57188,0.73438,0.5375],"texture":"#1"},"down":{"uv":[0.6625,0.57188,0.73438,0.5375],"texture":"#1"}}},{"name":"hexadecagon","from":[7.28506,6.42501,9.85707],"to":[8.23831,7.66423,10.04668],"rotation":{"angle":22.5,"axis":"y","origin":[7.76169,5.56708,9.95187]},"faces":{"north":{"uv":[0.6625,0.57188,0.73438,0.5375],"texture":"#1"},"east":{"uv":[0.6625,0.57188,0.73438,0.5375],"texture":"#1"},"south":{"uv":[0.6625,0.57188,0.73438,0.5375],"texture":"#1"},"west":{"uv":[0.6625,0.57188,0.73438,0.5375],"texture":"#1"},"up":{"uv":[0.6625,0.57188,0.73438,0.5375],"texture":"#1"},"down":{"uv":[0.6625,0.57188,0.73438,0.5375],"texture":"#1"}}}],"display":{"thirdperson_righthand":{"rotation":[0,-90,0],"translation":[1.25,2.5,-2],"scale":[0.54,0.54,0.54]},"thirdperson_lefthand":{"rotation":[0,90,0],"translation":[-1.25,2.5,-1.75],"scale":[0.54,0.54,0.54]},"firstperson_righthand":{"rotation":[0,-90,0],"translation":[2.25,5.75,0],"scale":[0.75,0.75,0.75]},"firstperson_lefthand":{"rotation":[0,90,0],"translation":[-0.75,5.75,0],"scale":[0.75,0.75,0.75]},"gui":{"rotation":[0,-180,-20],"translation":[-2,3.75,0],"scale":[1.62,1.62,1.62]}},"groups":[0,1,2,3,4,5,6,7,8,9,{"name":"hexadecagon","origin":[8,8,8],"color":0,"children":[10,11,12,13,14,15,16,17]},{"name":"hexadecagon","origin":[8,8,8],"color":0,"children":[18,19,20,21,22,23,24,25]}]}