{"credit":"Made with Blockbench","textures":{"0":"blocks/visor","1":"guns/1-metal-dark","particle":"blocks/visor"},"elements":[{"from":[7.84244,8.40492,14.35388],"to":[9.1154,8.72316,14.45996],"rotation":{"angle":0,"axis":"y","origin":[-8.9182,6.33636,17.11196]},"faces":{"north":{"uv":[0.25,4.125,5.725,4.875],"texture":"#1"},"east":{"uv":[0.25,4.125,5.725,4.875],"texture":"#1"},"south":{"uv":[0,3.05,5.9,4.875],"texture":"#1"},"west":{"uv":[0.25,4.125,5.725,4.875],"texture":"#1"},"up":{"uv":[0.25,4.125,5.725,4.875],"texture":"#1"},"down":{"uv":[0.25,4.125,5.725,4.875],"texture":"#1"}}},{"from":[11.43007,8.40492,20.66034],"to":[12.27871,8.72316,20.76642],"rotation":{"angle":22.5,"axis":"y","origin":[-5.57668,6.33636,23.42372]},"faces":{"north":{"uv":[0,3.05,5.9,4.875],"texture":"#1"},"east":{"uv":[0,3.05,5.9,4.875],"texture":"#1"},"south":{"uv":[0,3.05,5.9,4.875],"texture":"#1"},"west":{"uv":[0,3.05,5.9,4.875],"texture":"#1"},"up":{"uv":[0,3.05,5.9,4.875],"texture":"#1"},"down":{"uv":[0,3.05,5.9,4.875],"texture":"#1"}}},{"from":[16.77438,8.40492,25.2589],"to":[17.88822,8.72316,25.36498],"rotation":{"angle":45,"axis":"y","origin":[-0.21964,6.33636,28.0382]},"faces":{"north":{"uv":[0,3.05,5.9,4.875],"texture":"#1"},"east":{"uv":[0,3.05,5.9,4.875],"texture":"#1"},"south":{"uv":[0,3.05,5.9,4.875],"texture":"#1"},"west":{"uv":[0,3.05,5.9,4.875],"texture":"#1"},"up":{"uv":[0,3.05,5.9,4.875],"texture":"#1"},"down":{"uv":[0,3.05,5.9,4.875],"texture":"#1"}}},{"from":[3.88566,8.40492,11.53746],"to":[3.99174,8.72316,13.07562],"rotation":{"angle":-22.5,"axis":"y","origin":[6.67556,6.33636,30.05372]},"faces":{"north":{"uv":[0,3.05,5.9,4.875],"texture":"#1"},"east":{"uv":[0,3.05,5.9,4.875],"texture":"#1"},"south":{"uv":[0,3.05,5.9,4.875],"texture":"#1"},"west":{"uv":[0,3.05,5.9,4.875],"texture":"#1"},"up":{"uv":[0,3.05,5.9,4.875],"texture":"#1"},"down":{"uv":[0,3.05,5.9,4.875],"texture":"#1"}}},{"from":[11.17335,8.40492,9.94307],"to":[11.27943,8.72316,11.9204],"rotation":{"angle":0,"axis":"y","origin":[13.94204,6.33636,-7.02124]},"faces":{"north":{"uv":[0,3.05,5.9,4.875],"texture":"#1"},"east":{"uv":[0,3.05,5.9,4.875],"texture":"#1"},"south":{"uv":[0,3.05,5.9,4.875],"texture":"#1"},"west":{"uv":[0,3.05,5.9,4.875],"texture":"#1"},"up":{"uv":[0,3.05,5.9,4.875],"texture":"#1"},"down":{"uv":[0,3.05,5.9,4.875],"texture":"#1"}}},{"from":[3.88566,8.40492,8.78998],"to":[3.99174,8.72316,10.32814],"rotation":{"angle":22.5,"axis":"y","origin":[6.67556,6.33636,-8.18812]},"faces":{"north":{"uv":[0,3.05,5.9,4.875],"texture":"#1"},"east":{"uv":[0,3.05,5.9,4.875],"texture":"#1"},"south":{"uv":[0,3.05,5.9,4.875],"texture":"#1"},"west":{"uv":[0,3.05,5.9,4.875],"texture":"#1"},"up":{"uv":[0,3.05,5.9,4.875],"texture":"#1"},"down":{"uv":[0,3.05,5.9,4.875],"texture":"#1"}}},{"from":[16.77438,8.40492,-3.49938],"to":[17.88822,8.72316,-3.3933],"rotation":{"angle":-45,"axis":"y","origin":[-0.21964,6.33636,-6.1726]},"faces":{"north":{"uv":[0,3.05,5.9,4.875],"texture":"#1"},"east":{"uv":[0,3.05,5.9,4.875],"texture":"#1"},"south":{"uv":[0,3.05,5.9,4.875],"texture":"#1"},"west":{"uv":[0,3.05,5.9,4.875],"texture":"#1"},"up":{"uv":[0,3.05,5.9,4.875],"texture":"#1"},"down":{"uv":[0,3.05,5.9,4.875],"texture":"#1"}}},{"from":[11.43007,8.40492,1.09918],"to":[12.27871,8.72316,1.20526],"rotation":{"angle":-22.5,"axis":"y","origin":[-5.57668,6.33636,-1.55812]},"faces":{"north":{"uv":[0,3.05,5.9,4.875],"texture":"#1"},"east":{"uv":[0,3.05,5.9,4.875],"texture":"#1"},"south":{"uv":[0,3.05,5.9,4.875],"texture":"#1"},"west":{"uv":[0,3.05,5.9,4.875],"texture":"#1"},"up":{"uv":[0,3.05,5.9,4.875],"texture":"#1"},"down":{"uv":[0,3.05,5.9,4.875],"texture":"#1"}}},{"from":[6.5596,8.40492,14.35388],"to":[7.83256,8.72316,14.45996],"rotation":{"angle":0,"axis":"y","origin":[24.5932,6.33636,17.11196]},"faces":{"north":{"uv":[5.725,4.125,0.25,4.875],"texture":"#1"},"east":{"uv":[5.725,4.125,0.25,4.875],"texture":"#1"},"south":{"uv":[5.9,3.05,0,4.875],"texture":"#1"},"west":{"uv":[5.725,4.125,0.25,4.875],"texture":"#1"},"up":{"uv":[5.725,4.125,0.25,4.875],"texture":"#1"},"down":{"uv":[5.725,4.125,0.25,4.875],"texture":"#1"}}},{"from":[3.39629,8.40492,20.66034],"to":[4.24493,8.72316,20.76642],"rotation":{"angle":-22.5,"axis":"y","origin":[21.25168,6.33636,23.42372]},"faces":{"north":{"uv":[5.9,3.05,0,4.875],"texture":"#1"},"east":{"uv":[5.9,3.05,0,4.875],"texture":"#1"},"south":{"uv":[5.9,3.05,0,4.875],"texture":"#1"},"west":{"uv":[5.9,3.05,0,4.875],"texture":"#1"},"up":{"uv":[5.9,3.05,0,4.875],"texture":"#1"},"down":{"uv":[5.9,3.05,0,4.875],"texture":"#1"}}},{"from":[-2.21322,8.40492,25.2589],"to":[-1.09938,8.72316,25.36498],"rotation":{"angle":-45,"axis":"y","origin":[15.89464,6.33636,28.0382]},"faces":{"north":{"uv":[5.9,3.05,0,4.875],"texture":"#1"},"east":{"uv":[5.9,3.05,0,4.875],"texture":"#1"},"south":{"uv":[5.9,3.05,0,4.875],"texture":"#1"},"west":{"uv":[5.9,3.05,0,4.875],"texture":"#1"},"up":{"uv":[5.9,3.05,0,4.875],"texture":"#1"},"down":{"uv":[5.9,3.05,0,4.875],"texture":"#1"}}},{"from":[11.68326,8.40492,11.71246],"to":[11.78934,8.72316,13.07562],"rotation":{"angle":22.5,"axis":"y","origin":[8.99944,6.33636,30.05372]},"faces":{"north":{"uv":[5.9,3.05,0,4.875],"texture":"#1"},"east":{"uv":[5.9,3.05,0,4.875],"texture":"#1"},"south":{"uv":[5.9,3.05,0,4.875],"texture":"#1"},"west":{"uv":[5.9,3.05,0,4.875],"texture":"#1"},"up":{"uv":[5.9,3.05,0,4.875],"texture":"#1"},"down":{"uv":[5.9,3.05,0,4.875],"texture":"#1"}}},{"from":[11.68326,8.40492,8.78998],"to":[11.78934,8.72316,10.15314],"rotation":{"angle":-22.5,"axis":"y","origin":[8.99944,6.33636,-8.18812]},"faces":{"north":{"uv":[5.9,3.05,0,4.875],"texture":"#1"},"east":{"uv":[5.9,3.05,0,4.875],"texture":"#1"},"south":{"uv":[5.9,3.05,0,4.875],"texture":"#1"},"west":{"uv":[5.9,3.05,0,4.875],"texture":"#1"},"up":{"uv":[5.9,3.05,0,4.875],"texture":"#1"},"down":{"uv":[5.9,3.05,0,4.875],"texture":"#1"}}},{"from":[-2.21322,8.40492,-3.49938],"to":[-1.09938,8.72316,-3.3933],"rotation":{"angle":45,"axis":"y","origin":[15.89464,6.33636,-6.1726]},"faces":{"north":{"uv":[5.9,3.05,0,4.875],"texture":"#1"},"east":{"uv":[5.9,3.05,0,4.875],"texture":"#1"},"south":{"uv":[5.9,3.05,0,4.875],"texture":"#1"},"west":{"uv":[5.9,3.05,0,4.875],"texture":"#1"},"up":{"uv":[5.9,3.05,0,4.875],"texture":"#1"},"down":{"uv":[5.9,3.05,0,4.875],"texture":"#1"}}},{"from":[3.39629,8.40492,1.09918],"to":[4.24493,8.72316,1.20526],"rotation":{"angle":22.5,"axis":"y","origin":[21.25168,6.33636,-1.55812]},"faces":{"north":{"uv":[5.9,3.05,0,4.875],"texture":"#1"},"east":{"uv":[5.9,3.05,0,4.875],"texture":"#1"},"south":{"uv":[5.9,3.05,0,4.875],"texture":"#1"},"west":{"uv":[5.9,3.05,0,4.875],"texture":"#1"},"up":{"uv":[5.9,3.05,0,4.875],"texture":"#1"},"down":{"uv":[5.9,3.05,0,4.875],"texture":"#1"}}},{"from":[6.5596,8.40492,7.40564],"to":[7.83256,8.72316,7.51172],"rotation":{"angle":0,"axis":"y","origin":[24.5932,6.33636,4.75364]},"faces":{"north":{"uv":[5.9,3.05,0,4.875],"texture":"#1"},"east":{"uv":[5.9,3.05,0,4.875],"texture":"#1"},"south":{"uv":[5.9,3.05,0,4.875],"texture":"#1"},"west":{"uv":[5.9,3.05,0,4.875],"texture":"#1"},"up":{"uv":[5.9,3.05,0,4.875],"texture":"#1"},"down":{"uv":[5.9,3.05,0,4.875],"texture":"#1"}}},{"from":[7.84244,8.40492,7.40564],"to":[9.1154,8.72316,7.51172],"rotation":{"angle":0,"axis":"y","origin":[-8.9182,6.33636,4.75364]},"faces":{"north":{"uv":[0,3.05,5.9,4.875],"texture":"#1"},"east":{"uv":[0,3.05,5.9,4.875],"texture":"#1"},"south":{"uv":[0,3.05,5.9,4.875],"texture":"#1"},"west":{"uv":[0,3.05,5.9,4.875],"texture":"#1"},"up":{"uv":[0,3.05,5.9,4.875],"texture":"#1"},"down":{"uv":[0,3.05,5.9,4.875],"texture":"#1"}}},{"from":[7.84114,5.85817,7.27835],"to":[9.05401,8.71483,7.38864],"rotation":{"angle":0,"axis":"y","origin":[-9.695,6.23335,4.52114]},"faces":{"north":{"uv":[10.1,0,16,16],"texture":"#0"},"east":{"uv":[10.1,0,16,16],"texture":"#0"},"south":{"uv":[10.1,0,16,16],"texture":"#0"},"west":{"uv":[10.1,0,16,16],"texture":"#0"},"up":{"uv":[10.1,0,16,16],"texture":"#0"},"down":{"uv":[10.1,0,16,16],"texture":"#0"}}},{"from":[11.4605,5.85817,0.72171],"to":[12.34281,8.71483,0.832],"rotation":{"angle":-22.5,"axis":"y","origin":[-6.22092,6.23335,-2.04101]},"faces":{"north":{"uv":[5.075,0,9.875,16],"texture":"#0"},"east":{"uv":[9,0,14.9,16],"texture":"#0"},"south":{"uv":[9,0,14.9,16],"texture":"#0"},"west":{"uv":[9,0,14.9,16],"texture":"#0"},"up":{"uv":[9,0,14.9,16],"texture":"#0"},"down":{"uv":[9,0,14.9,16],"texture":"#0"}}},{"from":[17.01683,5.85817,-4.05929],"to":[18.17485,8.71483,-3.949],"rotation":{"angle":-45,"axis":"y","origin":[-0.65136,6.23335,-6.83855]},"faces":{"north":{"uv":[10.075,0,14.875,16],"texture":"#0"},"east":{"uv":[1,0,6.9,16],"texture":"#0"},"south":{"uv":[1,0,6.9,16],"texture":"#0"},"west":{"uv":[1,0,6.9,16],"texture":"#0"},"up":{"uv":[1,0,6.9,16],"texture":"#0"},"down":{"uv":[1,0,6.9,16],"texture":"#0"}}},{"from":[3.6168,5.85817,8.71761],"to":[3.72709,8.71483,10.31679],"rotation":{"angle":22.5,"axis":"y","origin":[6.51738,6.23335,-8.93403]},"faces":{"north":{"uv":[1,0,6.9,16],"texture":"#0"},"east":{"uv":[10.075,0,14.875,16],"texture":"#0"},"south":{"uv":[1,0,6.9,16],"texture":"#0"},"west":{"uv":[1,0,6.9,16],"texture":"#0"},"up":{"uv":[1,0,6.9,16],"texture":"#0"},"down":{"uv":[1,0,6.9,16],"texture":"#0"}}},{"from":[11.1936,5.85817,9.91645],"to":[11.30389,8.71483,11.97222],"rotation":{"angle":0,"axis":"y","origin":[14.07213,6.23335,-7.72086]},"faces":{"north":{"uv":[1,0,6.9,16],"texture":"#0"},"east":{"uv":[5.15,0,10.05,16],"texture":"#0"},"south":{"uv":[1,0,6.9,16],"texture":"#0"},"west":{"uv":[1,0,6.9,16],"texture":"#0"},"up":{"uv":[1,0,6.9,16],"texture":"#0"},"down":{"uv":[1,0,6.9,16],"texture":"#0"}}},{"from":[3.6168,5.85817,11.57408],"to":[3.72709,8.71483,13.17326],"rotation":{"angle":-22.5,"axis":"y","origin":[6.51738,6.23335,30.8249]},"faces":{"north":{"uv":[1,0,6.9,16],"texture":"#0"},"east":{"uv":[6.325,0,8.9,16],"texture":"#0"},"south":{"uv":[1,0,6.9,16],"texture":"#0"},"west":{"uv":[1,0,6.9,16],"texture":"#0"},"up":{"uv":[1,0,6.9,16],"texture":"#0"},"down":{"uv":[1,0,6.9,16],"texture":"#0"}}},{"from":[11.4605,5.85817,21.05887],"to":[12.34281,8.71483,21.16916],"rotation":{"angle":22.5,"axis":"y","origin":[-6.22092,6.23335,23.93188]},"faces":{"north":{"uv":[1,0,6.9,16],"texture":"#0"},"east":{"uv":[1,0,6.9,16],"texture":"#0"},"south":{"uv":[1,0,4.125,16],"texture":"#0"},"west":{"uv":[1,0,6.9,16],"texture":"#0"},"up":{"uv":[1,0,6.9,16],"texture":"#0"},"down":{"uv":[1,0,6.9,16],"texture":"#0"}}},{"from":[17.01683,5.85817,25.83987],"to":[18.17485,8.71483,25.95016],"rotation":{"angle":45,"axis":"y","origin":[-0.65136,6.23335,28.72943]},"faces":{"north":{"uv":[1,0,6.9,16],"texture":"#0"},"east":{"uv":[1,0,6.9,16],"texture":"#0"},"south":{"uv":[5.15,0,10.05,16],"texture":"#0"},"west":{"uv":[1,0,6.9,16],"texture":"#0"},"up":{"uv":[1,0,6.9,16],"texture":"#0"},"down":{"uv":[1,0,6.9,16],"texture":"#0"}}},{"from":[7.84114,5.85817,14.50223],"to":[9.05401,8.71483,14.61252],"rotation":{"angle":0,"axis":"y","origin":[-9.695,6.23335,17.36973]},"faces":{"north":{"uv":[0,0,5.9,16],"texture":"#0"},"east":{"uv":[0,0,5.9,16],"texture":"#0"},"south":{"uv":[0,0,5.9,16],"texture":"#0"},"west":{"uv":[0,0,5.9,16],"texture":"#0"},"up":{"uv":[0,0,5.9,16],"texture":"#0"},"down":{"uv":[0,0,5.9,16],"texture":"#0"}}}],"display":{"gui":{"rotation":[20,-90,-1],"translation":[5.75,2.25,0],"scale":[1.95,1.95,1.95]}},"groups":[{"name":"Thing that holds","origin":[-2.845,9.831,5.994],"color":0,"children":[0,1,2,3,4,5,6,7,8,9,10,11,12,13,14,15,16]},{"name":"Visor","origin":[-4.0145,9.5891,14.2326],"color":0,"children":[17,18,19,20,21,22,23,24,25]}]}