{"credit":"Made with Blockbench","textures":{"0":"items/diamond_helmet","1":"blocks/fire_layer_0","particle":"items/diamond_helmet"},"elements":[{"name":"diamond_helmet_0","from":[5.5,4.5,7.95],"to":[10.5,13,8.45],"rotation":{"angle":0,"axis":"y","origin":[0,0,7.95]},"faces":{"north":{"uv":[10.5,3,5.5,11.5],"texture":"#0"},"east":{"uv":[10,3,10.5,11.5],"texture":"#0"},"south":{"uv":[5.5,3,10.5,11.5],"texture":"#0"},"west":{"uv":[5.5,3,6,11.5],"texture":"#0"},"up":{"uv":[5.5,3,10.5,3.5],"texture":"#0"},"down":{"uv":[5.5,11,10.5,11.5],"texture":"#0"}}},{"name":"diamond_helmet_1","from":[1.05,1.1,8.025],"to":[14.975,14.35,8.4],"rotation":{"angle":0,"axis":"y","origin":[-0.6,-3.4,7.95]},"faces":{"north":{"uv":[16,2,0,16],"texture":"#1"},"east":{"uv":[2,0,1,16],"texture":"#1"},"south":{"uv":[16,2,0,16],"texture":"#1"},"west":{"uv":[2,0,1,16],"texture":"#1"},"up":{"uv":[0,0,1,1],"texture":"#1"},"down":{"uv":[15,15,1,16],"texture":"#1"}}},{"name":"diamond_helmet_1","from":[4,2,7.95],"to":[5.5,12.5,8.45],"rotation":{"angle":0,"axis":"y","origin":[0,0,7.95]},"faces":{"north":{"uv":[5.5,3.5,4,14],"texture":"#0"},"east":{"uv":[5,3.5,5.5,14],"texture":"#0"},"south":{"uv":[4,3.5,5.5,14],"texture":"#0"},"west":{"uv":[4,3.5,4.5,14],"texture":"#0"},"up":{"uv":[4,3.5,5.5,4],"texture":"#0"},"down":{"uv":[4,13.5,5.5,14],"texture":"#0"}}},{"name":"diamond_helmet_2","from":[10.5,2,7.95],"to":[12,12.5,8.45],"rotation":{"angle":0,"axis":"y","origin":[0,0,7.95]},"faces":{"north":{"uv":[12,3.5,10.5,14],"texture":"#0"},"east":{"uv":[11.5,3.5,12,14],"texture":"#0"},"south":{"uv":[10.5,3.5,12,14],"texture":"#0"},"west":{"uv":[10.5,3.5,11,14],"texture":"#0"},"up":{"uv":[10.5,3.5,12,4],"texture":"#0"},"down":{"uv":[10.5,13.5,12,14],"texture":"#0"}}},{"name":"diamond_helmet_3","from":[3.5,2.5,7.95],"to":[4,12,8.45],"rotation":{"angle":0,"axis":"y","origin":[0,0,7.95]},"faces":{"north":{"uv":[4,4,3.5,13.5],"texture":"#0"},"east":{"uv":[3.5,4,4,13.5],"texture":"#0"},"south":{"uv":[3.5,4,4,13.5],"texture":"#0"},"west":{"uv":[3.5,4,4,13.5],"texture":"#0"},"up":{"uv":[3.5,4,4,4.5],"texture":"#0"},"down":{"uv":[3.5,13,4,13.5],"texture":"#0"}}},{"name":"diamond_helmet_4","from":[12,2.5,7.95],"to":[12.5,12,8.45],"rotation":{"angle":0,"axis":"y","origin":[0,0,7.95]},"faces":{"north":{"uv":[12.5,4,12,13.5],"texture":"#0"},"east":{"uv":[12,4,12.5,13.5],"texture":"#0"},"south":{"uv":[12,4,12.5,13.5],"texture":"#0"},"west":{"uv":[12,4,12.5,13.5],"texture":"#0"},"up":{"uv":[12,4,12.5,4.5],"texture":"#0"},"down":{"uv":[12,13,12.5,13.5],"texture":"#0"}}},{"name":"diamond_helmet_5","from":[3,4,7.95],"to":[3.5,11.5,8.45],"rotation":{"angle":0,"axis":"y","origin":[0,0,7.95]},"faces":{"north":{"uv":[3.5,4.5,3,12],"texture":"#0"},"east":{"uv":[3,4.5,3.5,12],"texture":"#0"},"south":{"uv":[3,4.5,3.5,12],"texture":"#0"},"west":{"uv":[3,4.5,3.5,12],"texture":"#0"},"up":{"uv":[3,4.5,3.5,5],"texture":"#0"},"down":{"uv":[3,11.5,3.5,12],"texture":"#0"}}},{"name":"diamond_helmet_6","from":[12.5,4.5,7.95],"to":[13,11.5,8.45],"rotation":{"angle":0,"axis":"y","origin":[0,0,7.95]},"faces":{"north":{"uv":[13,4.5,12.5,11.5],"texture":"#0"},"east":{"uv":[12.5,4.5,13,11.5],"texture":"#0"},"south":{"uv":[12.5,4.5,13,11.5],"texture":"#0"},"west":{"uv":[12.5,4.5,13,11.5],"texture":"#0"},"up":{"uv":[12.5,4.5,13,5],"texture":"#0"},"down":{"uv":[12.5,11,13,11.5],"texture":"#0"}}},{"name":"diamond_helmet_7","from":[2.5,4.5,7.95],"to":[3,11,8.45],"rotation":{"angle":0,"axis":"y","origin":[0,0,7.95]},"faces":{"north":{"uv":[3,5,2.5,11.5],"texture":"#0"},"east":{"uv":[2.5,5,3,11.5],"texture":"#0"},"south":{"uv":[2.5,5,3,11.5],"texture":"#0"},"west":{"uv":[2.5,5,3,11.5],"texture":"#0"},"up":{"uv":[2.5,5,3,5.5],"texture":"#0"},"down":{"uv":[2.5,11,3,11.5],"texture":"#0"}}},{"name":"diamond_helmet_8","from":[13,5,7.95],"to":[13.5,11,8.45],"rotation":{"angle":0,"axis":"y","origin":[0,0,7.95]},"faces":{"north":{"uv":[13.5,5,13,11],"texture":"#0"},"east":{"uv":[13,5,13.5,11],"texture":"#0"},"south":{"uv":[13,5,13.5,11],"texture":"#0"},"west":{"uv":[13,5,13.5,11],"texture":"#0"},"up":{"uv":[13,5,13.5,5.5],"texture":"#0"},"down":{"uv":[13,10.5,13.5,11],"texture":"#0"}}},{"name":"diamond_helmet_9","from":[5.5,4,7.95],"to":[6.5,4.5,8.45],"rotation":{"angle":0,"axis":"y","origin":[0,0,7.95]},"faces":{"north":{"uv":[6.5,11.5,5.5,12],"texture":"#0"},"east":{"uv":[6,11.5,6.5,12],"texture":"#0"},"south":{"uv":[5.5,11.5,6.5,12],"texture":"#0"},"west":{"uv":[5.5,11.5,6,12],"texture":"#0"},"up":{"uv":[5.5,11.5,6.5,12],"texture":"#0"},"down":{"uv":[5.5,11.5,6.5,12],"texture":"#0"}}},{"name":"diamond_helmet_10","from":[9.5,4,7.95],"to":[10.5,4.5,8.45],"rotation":{"angle":0,"axis":"y","origin":[0,0,7.95]},"faces":{"north":{"uv":[10.5,11.5,9.5,12],"texture":"#0"},"east":{"uv":[10,11.5,10.5,12],"texture":"#0"},"south":{"uv":[9.5,11.5,10.5,12],"texture":"#0"},"west":{"uv":[9.5,11.5,10,12],"texture":"#0"},"up":{"uv":[9.5,11.5,10.5,12],"texture":"#0"},"down":{"uv":[9.5,11.5,10.5,12],"texture":"#0"}}},{"name":"diamond_helmet_11","from":[5.5,1.5,7.95],"to":[6,4,8.45],"rotation":{"angle":0,"axis":"y","origin":[0,0,7.95]},"faces":{"north":{"uv":[6,12,5.5,14.5],"texture":"#0"},"east":{"uv":[5.5,12,6,14.5],"texture":"#0"},"south":{"uv":[5.5,12,6,14.5],"texture":"#0"},"west":{"uv":[5.5,12,6,14.5],"texture":"#0"},"up":{"uv":[5.5,12,6,12.5],"texture":"#0"},"down":{"uv":[5.5,14,6,14.5],"texture":"#0"}}},{"name":"diamond_helmet_12","from":[10,1.5,7.95],"to":[10.5,4,8.45],"rotation":{"angle":0,"axis":"y","origin":[0,0,7.95]},"faces":{"north":{"uv":[10.5,12,10,14.5],"texture":"#0"},"east":{"uv":[10,12,10.5,14.5],"texture":"#0"},"south":{"uv":[10,12,10.5,14.5],"texture":"#0"},"west":{"uv":[10,12,10.5,14.5],"texture":"#0"},"up":{"uv":[10,12,10.5,12.5],"texture":"#0"},"down":{"uv":[10,14,10.5,14.5],"texture":"#0"}}}],"display":{"thirdperson_righthand":{"rotation":[0,-90,0],"translation":[0.25,3.5,-2],"scale":[0.6,0.6,0.6]},"thirdperson_lefthand":{"rotation":[0,90,0],"translation":[-0.25,3.5,-2],"scale":[0.6,0.6,0.6]},"firstperson_righthand":{"rotation":[0,-90,0],"translation":[-0.5,7.25,0.25],"scale":[0.66,0.66,1.1]},"firstperson_lefthand":{"rotation":[0,90,0],"translation":[-0.5,7.25,0.25],"scale":[0.66,0.66,1.1]},"ground":{"translation":[0,2,0],"scale":[0.47,0.47,0.47]},"gui":{"scale":[1.05,1.05,1.05]}},"groups":[{"name":"diamond_helmet","origin":[8,8,8],"color":0,"children":[0,1,2,3,4,5,6,7,8,9,10,11,12,13]}]}