{"display":{"thirdperson_righthand":{"rotation":[0,0,-75],"translation":[5.5652,-1.391,0]},"thirdperson_lefthand":{"rotation":[0,0,110],"translation":[-4.869,-5.565,0]},"firstperson_righthand":{"rotation":[33,39,-17],"translation":[-0.693,9.7391,2.7839],"scale":[0.8,0.8,0.8]},"firstperson_lefthand":{"rotation":[33,-141,16],"translation":[-1.387,9.7391,2.7839],"scale":[0.8,0.8,0.8]},"gui":{"rotation":[42,-36,-5],"translation":[0.3,4.8695,0]},"ground":{"translation":[0,6.2608,0]},"fixed":{"rotation":[-33,0,0],"translation":[0,4.8695,-3.477]}},"textures":{"particle":"drugs/meth_pipe","mesh_palette":"drugs/meth_pipe"},"elements":[{"faces":{"down":{"uv":[4.96,0.96,7.04,3.04],"texture":"#mesh_palette"},"up":{"uv":[4.96,0.96,7.04,3.04],"texture":"#mesh_palette"},"north":{"uv":[4.96,0.96,7.04,3.04],"texture":"#mesh_palette"},"south":{"uv":[4.96,0.96,7.04,3.04],"texture":"#mesh_palette"},"west":{"uv":[4.96,0.96,7.04,3.04],"texture":"#mesh_palette"},"east":{"uv":[4.96,0.96,7.04,3.04],"texture":"#mesh_palette"}},"from":[2,1,7],"to":[2.5,2,7.5]},{"faces":{"down":{"uv":[4.96,0.96,7.04,3.04],"texture":"#mesh_palette"},"up":{"uv":[4.96,0.96,7.04,3.04],"texture":"#mesh_palette"},"north":{"uv":[4.96,0.96,7.04,3.04],"texture":"#mesh_palette"},"south":{"uv":[4.96,0.96,7.04,3.04],"texture":"#mesh_palette"},"west":{"uv":[4.96,0.96,7.04,3.04],"texture":"#mesh_palette"},"east":{"uv":[4.96,0.96,7.04,3.04],"texture":"#mesh_palette"}},"from":[2,1,7.5],"to":[3,1.5,8.5]},{"faces":{"down":{"uv":[4.96,0.96,7.04,3.04],"texture":"#mesh_palette"},"up":{"uv":[4.96,0.96,7.04,3.04],"texture":"#mesh_palette"},"north":{"uv":[4.96,0.96,7.04,3.04],"texture":"#mesh_palette"},"south":{"uv":[4.96,0.96,7.04,3.04],"texture":"#mesh_palette"},"west":{"uv":[4.96,0.96,7.04,3.04],"texture":"#mesh_palette"},"east":{"uv":[4.96,0.96,7.04,3.04],"texture":"#mesh_palette"}},"from":[2,1,8.5],"to":[2.5,2,9]},{"faces":{"down":{"uv":[8.96,0.96,11.04,3.04],"texture":"#mesh_palette"},"up":{"uv":[8.96,0.96,11.04,3.04],"texture":"#mesh_palette"},"north":{"uv":[8.96,0.96,11.04,3.04],"texture":"#mesh_palette"},"south":{"uv":[8.96,0.96,11.04,3.04],"texture":"#mesh_palette"},"west":{"uv":[8.96,0.96,11.04,3.04],"texture":"#mesh_palette"},"east":{"uv":[8.96,0.96,11.04,3.04],"texture":"#mesh_palette"}},"from":[2,2,7],"to":[3,2.5,7.5]},{"faces":{"down":{"uv":[8.96,0.96,11.04,3.04],"texture":"#mesh_palette"},"up":{"uv":[8.96,0.96,11.04,3.04],"texture":"#mesh_palette"},"north":{"uv":[8.96,0.96,11.04,3.04],"texture":"#mesh_palette"},"south":{"uv":[8.96,0.96,11.04,3.04],"texture":"#mesh_palette"},"west":{"uv":[8.96,0.96,11.04,3.04],"texture":"#mesh_palette"},"east":{"uv":[8.96,0.96,11.04,3.04],"texture":"#mesh_palette"}},"from":[2,2,8.5],"to":[3,2.5,9]},{"faces":{"down":{"uv":[8.96,0.96,11.04,3.04],"texture":"#mesh_palette"},"up":{"uv":[8.96,0.96,11.04,3.04],"texture":"#mesh_palette"},"north":{"uv":[8.96,0.96,11.04,3.04],"texture":"#mesh_palette"},"south":{"uv":[8.96,0.96,11.04,3.04],"texture":"#mesh_palette"},"west":{"uv":[8.96,0.96,11.04,3.04],"texture":"#mesh_palette"},"east":{"uv":[8.96,0.96,11.04,3.04],"texture":"#mesh_palette"}},"from":[2,2.5,7],"to":[2.5,3,9]},{"faces":{"down":{"uv":[8.96,0.96,11.04,3.04],"texture":"#mesh_palette"},"up":{"uv":[8.96,0.96,11.04,3.04],"texture":"#mesh_palette"},"north":{"uv":[8.96,0.96,11.04,3.04],"texture":"#mesh_palette"},"south":{"uv":[8.96,0.96,11.04,3.04],"texture":"#mesh_palette"},"west":{"uv":[8.96,0.96,11.04,3.04],"texture":"#mesh_palette"},"east":{"uv":[8.96,0.96,11.04,3.04],"texture":"#mesh_palette"}},"from":[2.5,1.5,7],"to":[3,2,7.5]},{"faces":{"down":{"uv":[8.96,0.96,11.04,3.04],"texture":"#mesh_palette"},"up":{"uv":[8.96,0.96,11.04,3.04],"texture":"#mesh_palette"},"north":{"uv":[8.96,0.96,11.04,3.04],"texture":"#mesh_palette"},"south":{"uv":[8.96,0.96,11.04,3.04],"texture":"#mesh_palette"},"west":{"uv":[8.96,0.96,11.04,3.04],"texture":"#mesh_palette"},"east":{"uv":[8.96,0.96,11.04,3.04],"texture":"#mesh_palette"}},"from":[2.5,1.5,8.5],"to":[3,2,9]},{"faces":{"down":{"uv":[12.96,0.96,15.04,3.04],"texture":"#mesh_palette"},"up":{"uv":[12.96,0.96,15.04,3.04],"texture":"#mesh_palette"},"north":{"uv":[12.96,0.96,15.04,3.04],"texture":"#mesh_palette"},"south":{"uv":[12.96,0.96,15.04,3.04],"texture":"#mesh_palette"},"west":{"uv":[12.96,0.96,15.04,3.04],"texture":"#mesh_palette"},"east":{"uv":[12.96,0.96,15.04,3.04],"texture":"#mesh_palette"}},"from":[2.5,2.5,7.5],"to":[3,3,8.5]},{"faces":{"down":{"uv":[8.96,0.96,11.04,3.04],"texture":"#mesh_palette"},"up":{"uv":[8.96,0.96,11.04,3.04],"texture":"#mesh_palette"},"north":{"uv":[8.96,0.96,11.04,3.04],"texture":"#mesh_palette"},"south":{"uv":[8.96,0.96,11.04,3.04],"texture":"#mesh_palette"},"west":{"uv":[8.96,0.96,11.04,3.04],"texture":"#mesh_palette"},"east":{"uv":[8.96,0.96,11.04,3.04],"texture":"#mesh_palette"}},"from":[3,1,7.5],"to":[3.5,1.5,8.5]},{"faces":{"down":{"uv":[12.96,0.96,15.04,3.04],"texture":"#mesh_palette"},"up":{"uv":[12.96,0.96,15.04,3.04],"texture":"#mesh_palette"},"north":{"uv":[12.96,0.96,15.04,3.04],"texture":"#mesh_palette"},"south":{"uv":[12.96,0.96,15.04,3.04],"texture":"#mesh_palette"},"west":{"uv":[12.96,0.96,15.04,3.04],"texture":"#mesh_palette"},"east":{"uv":[12.96,0.96,15.04,3.04],"texture":"#mesh_palette"}},"from":[3,1.5,7],"to":[3.5,2.5,7.5]},{"faces":{"down":{"uv":[12.96,0.96,15.04,3.04],"texture":"#mesh_palette"},"up":{"uv":[12.96,0.96,15.04,3.04],"texture":"#mesh_palette"},"north":{"uv":[12.96,0.96,15.04,3.04],"texture":"#mesh_palette"},"south":{"uv":[12.96,0.96,15.04,3.04],"texture":"#mesh_palette"},"west":{"uv":[12.96,0.96,15.04,3.04],"texture":"#mesh_palette"},"east":{"uv":[12.96,0.96,15.04,3.04],"texture":"#mesh_palette"}},"from":[3,1.5,8.5],"to":[3.5,2.5,9]},{"faces":{"down":{"uv":[0.96,4.96,3.04,7.04],"texture":"#mesh_palette"},"up":{"uv":[0.96,4.96,3.04,7.04],"texture":"#mesh_palette"},"north":{"uv":[0.96,4.96,3.04,7.04],"texture":"#mesh_palette"},"south":{"uv":[0.96,4.96,3.04,7.04],"texture":"#mesh_palette"},"west":{"uv":[0.96,4.96,3.04,7.04],"texture":"#mesh_palette"},"east":{"uv":[0.96,4.96,3.04,7.04],"texture":"#mesh_palette"}},"from":[3,2.5,7.5],"to":[3.5,3,8.5]},{"faces":{"down":{"uv":[12.96,0.96,15.04,3.04],"texture":"#mesh_palette"},"up":{"uv":[12.96,0.96,15.04,3.04],"texture":"#mesh_palette"},"north":{"uv":[12.96,0.96,15.04,3.04],"texture":"#mesh_palette"},"south":{"uv":[12.96,0.96,15.04,3.04],"texture":"#mesh_palette"},"west":{"uv":[12.96,0.96,15.04,3.04],"texture":"#mesh_palette"},"east":{"uv":[12.96,0.96,15.04,3.04],"texture":"#mesh_palette"}},"from":[3.5,1,7.5],"to":[4,1.5,8.5]},{"faces":{"down":{"uv":[0.96,4.96,3.04,7.04],"texture":"#mesh_palette"},"up":{"uv":[0.96,4.96,3.04,7.04],"texture":"#mesh_palette"},"north":{"uv":[0.96,4.96,3.04,7.04],"texture":"#mesh_palette"},"south":{"uv":[0.96,4.96,3.04,7.04],"texture":"#mesh_palette"},"west":{"uv":[0.96,4.96,3.04,7.04],"texture":"#mesh_palette"},"east":{"uv":[0.96,4.96,3.04,7.04],"texture":"#mesh_palette"}},"from":[3.5,1.5,7],"to":[4.5,2,7.5]},{"faces":{"down":{"uv":[0.96,4.96,3.04,7.04],"texture":"#mesh_palette"},"up":{"uv":[0.96,4.96,3.04,7.04],"texture":"#mesh_palette"},"north":{"uv":[0.96,4.96,3.04,7.04],"texture":"#mesh_palette"},"south":{"uv":[0.96,4.96,3.04,7.04],"texture":"#mesh_palette"},"west":{"uv":[0.96,4.96,3.04,7.04],"texture":"#mesh_palette"},"east":{"uv":[0.96,4.96,3.04,7.04],"texture":"#mesh_palette"}},"from":[3.5,1.5,8.5],"to":[4.5,2,9]},{"faces":{"down":{"uv":[0.96,4.96,3.04,7.04],"texture":"#mesh_palette"},"up":{"uv":[0.96,4.96,3.04,7.04],"texture":"#mesh_palette"},"north":{"uv":[0.96,4.96,3.04,7.04],"texture":"#mesh_palette"},"south":{"uv":[0.96,4.96,3.04,7.04],"texture":"#mesh_palette"},"west":{"uv":[0.96,4.96,3.04,7.04],"texture":"#mesh_palette"},"east":{"uv":[0.96,4.96,3.04,7.04],"texture":"#mesh_palette"}},"from":[3.5,2,7],"to":[4,2.5,7.5]},{"faces":{"down":{"uv":[0.96,4.96,3.04,7.04],"texture":"#mesh_palette"},"up":{"uv":[0.96,4.96,3.04,7.04],"texture":"#mesh_palette"},"north":{"uv":[0.96,4.96,3.04,7.04],"texture":"#mesh_palette"},"south":{"uv":[0.96,4.96,3.04,7.04],"texture":"#mesh_palette"},"west":{"uv":[0.96,4.96,3.04,7.04],"texture":"#mesh_palette"},"east":{"uv":[0.96,4.96,3.04,7.04],"texture":"#mesh_palette"}},"from":[3.5,2,8.5],"to":[4,2.5,9]},{"faces":{"down":{"uv":[4.96,4.96,7.04,7.04],"texture":"#mesh_palette"},"up":{"uv":[4.96,4.96,7.04,7.04],"texture":"#mesh_palette"},"north":{"uv":[4.96,4.96,7.04,7.04],"texture":"#mesh_palette"},"south":{"uv":[4.96,4.96,7.04,7.04],"texture":"#mesh_palette"},"west":{"uv":[4.96,4.96,7.04,7.04],"texture":"#mesh_palette"},"east":{"uv":[4.96,4.96,7.04,7.04],"texture":"#mesh_palette"}},"from":[3.5,2.5,7.5],"to":[6,3,8.5]},{"faces":{"down":{"uv":[0.96,4.96,3.04,7.04],"texture":"#mesh_palette"},"up":{"uv":[0.96,4.96,3.04,7.04],"texture":"#mesh_palette"},"north":{"uv":[0.96,4.96,3.04,7.04],"texture":"#mesh_palette"},"south":{"uv":[0.96,4.96,3.04,7.04],"texture":"#mesh_palette"},"west":{"uv":[0.96,4.96,3.04,7.04],"texture":"#mesh_palette"},"east":{"uv":[0.96,4.96,3.04,7.04],"texture":"#mesh_palette"}},"from":[4,1,7.5],"to":[5,1.5,8.5]},{"faces":{"down":{"uv":[4.96,4.96,7.04,7.04],"texture":"#mesh_palette"},"up":{"uv":[4.96,4.96,7.04,7.04],"texture":"#mesh_palette"},"north":{"uv":[4.96,4.96,7.04,7.04],"texture":"#mesh_palette"},"south":{"uv":[4.96,4.96,7.04,7.04],"texture":"#mesh_palette"},"west":{"uv":[4.96,4.96,7.04,7.04],"texture":"#mesh_palette"},"east":{"uv":[4.96,4.96,7.04,7.04],"texture":"#mesh_palette"}},"from":[4,2,7],"to":[6,2.5,7.5]},{"faces":{"down":{"uv":[4.96,4.96,7.04,7.04],"texture":"#mesh_palette"},"up":{"uv":[4.96,4.96,7.04,7.04],"texture":"#mesh_palette"},"north":{"uv":[4.96,4.96,7.04,7.04],"texture":"#mesh_palette"},"south":{"uv":[4.96,4.96,7.04,7.04],"texture":"#mesh_palette"},"west":{"uv":[4.96,4.96,7.04,7.04],"texture":"#mesh_palette"},"east":{"uv":[4.96,4.96,7.04,7.04],"texture":"#mesh_palette"}},"from":[4,2,8.5],"to":[6,2.5,9]},{"faces":{"down":{"uv":[4.96,4.96,7.04,7.04],"texture":"#mesh_palette"},"up":{"uv":[4.96,4.96,7.04,7.04],"texture":"#mesh_palette"},"north":{"uv":[4.96,4.96,7.04,7.04],"texture":"#mesh_palette"},"south":{"uv":[4.96,4.96,7.04,7.04],"texture":"#mesh_palette"},"west":{"uv":[4.96,4.96,7.04,7.04],"texture":"#mesh_palette"},"east":{"uv":[4.96,4.96,7.04,7.04],"texture":"#mesh_palette"}},"from":[4.5,1.5,7],"to":[5.5,2,7.5]},{"faces":{"down":{"uv":[4.96,4.96,7.04,7.04],"texture":"#mesh_palette"},"up":{"uv":[4.96,4.96,7.04,7.04],"texture":"#mesh_palette"},"north":{"uv":[4.96,4.96,7.04,7.04],"texture":"#mesh_palette"},"south":{"uv":[4.96,4.96,7.04,7.04],"texture":"#mesh_palette"},"west":{"uv":[4.96,4.96,7.04,7.04],"texture":"#mesh_palette"},"east":{"uv":[4.96,4.96,7.04,7.04],"texture":"#mesh_palette"}},"from":[4.5,1.5,8.5],"to":[5.5,2,9]},{"faces":{"down":{"uv":[4.96,4.96,7.04,7.04],"texture":"#mesh_palette"},"up":{"uv":[4.96,4.96,7.04,7.04],"texture":"#mesh_palette"},"north":{"uv":[4.96,4.96,7.04,7.04],"texture":"#mesh_palette"},"south":{"uv":[4.96,4.96,7.04,7.04],"texture":"#mesh_palette"},"west":{"uv":[4.96,4.96,7.04,7.04],"texture":"#mesh_palette"},"east":{"uv":[4.96,4.96,7.04,7.04],"texture":"#mesh_palette"}},"from":[5,1,7.5],"to":[5.5,1.5,8.5]},{"faces":{"down":{"uv":[0.96,4.96,3.04,7.04],"texture":"#mesh_palette"},"up":{"uv":[0.96,4.96,3.04,7.04],"texture":"#mesh_palette"},"north":{"uv":[0.96,4.96,3.04,7.04],"texture":"#mesh_palette"},"south":{"uv":[0.96,4.96,3.04,7.04],"texture":"#mesh_palette"},"west":{"uv":[0.96,4.96,3.04,7.04],"texture":"#mesh_palette"},"east":{"uv":[0.96,4.96,3.04,7.04],"texture":"#mesh_palette"}},"from":[5.5,1,7.5],"to":[7.5,1.5,8.5]},{"faces":{"down":{"uv":[0.96,4.96,3.04,7.04],"texture":"#mesh_palette"},"up":{"uv":[0.96,4.96,3.04,7.04],"texture":"#mesh_palette"},"north":{"uv":[0.96,4.96,3.04,7.04],"texture":"#mesh_palette"},"south":{"uv":[0.96,4.96,3.04,7.04],"texture":"#mesh_palette"},"west":{"uv":[0.96,4.96,3.04,7.04],"texture":"#mesh_palette"},"east":{"uv":[0.96,4.96,3.04,7.04],"texture":"#mesh_palette"}},"from":[5.5,1.5,7],"to":[7,2,7.5]},{"faces":{"down":{"uv":[0.96,4.96,3.04,7.04],"texture":"#mesh_palette"},"up":{"uv":[0.96,4.96,3.04,7.04],"texture":"#mesh_palette"},"north":{"uv":[0.96,4.96,3.04,7.04],"texture":"#mesh_palette"},"south":{"uv":[0.96,4.96,3.04,7.04],"texture":"#mesh_palette"},"west":{"uv":[0.96,4.96,3.04,7.04],"texture":"#mesh_palette"},"east":{"uv":[0.96,4.96,3.04,7.04],"texture":"#mesh_palette"}},"from":[5.5,1.5,8.5],"to":[7,2,9]},{"faces":{"down":{"uv":[0.96,4.96,3.04,7.04],"texture":"#mesh_palette"},"up":{"uv":[0.96,4.96,3.04,7.04],"texture":"#mesh_palette"},"north":{"uv":[0.96,4.96,3.04,7.04],"texture":"#mesh_palette"},"south":{"uv":[0.96,4.96,3.04,7.04],"texture":"#mesh_palette"},"west":{"uv":[0.96,4.96,3.04,7.04],"texture":"#mesh_palette"},"east":{"uv":[0.96,4.96,3.04,7.04],"texture":"#mesh_palette"}},"from":[6,2,7],"to":[7,2.5,7.5]},{"faces":{"down":{"uv":[0.96,4.96,3.04,7.04],"texture":"#mesh_palette"},"up":{"uv":[0.96,4.96,3.04,7.04],"texture":"#mesh_palette"},"north":{"uv":[0.96,4.96,3.04,7.04],"texture":"#mesh_palette"},"south":{"uv":[0.96,4.96,3.04,7.04],"texture":"#mesh_palette"},"west":{"uv":[0.96,4.96,3.04,7.04],"texture":"#mesh_palette"},"east":{"uv":[0.96,4.96,3.04,7.04],"texture":"#mesh_palette"}},"from":[6,2,8.5],"to":[7,2.5,9]},{"faces":{"down":{"uv":[0.96,4.96,3.04,7.04],"texture":"#mesh_palette"},"up":{"uv":[0.96,4.96,3.04,7.04],"texture":"#mesh_palette"},"north":{"uv":[0.96,4.96,3.04,7.04],"texture":"#mesh_palette"},"south":{"uv":[0.96,4.96,3.04,7.04],"texture":"#mesh_palette"},"west":{"uv":[0.96,4.96,3.04,7.04],"texture":"#mesh_palette"},"east":{"uv":[0.96,4.96,3.04,7.04],"texture":"#mesh_palette"}},"from":[6,2.5,7.5],"to":[6.5,3,8.5]},{"faces":{"down":{"uv":[4.96,4.96,7.04,7.04],"texture":"#mesh_palette"},"up":{"uv":[4.96,4.96,7.04,7.04],"texture":"#mesh_palette"},"north":{"uv":[4.96,4.96,7.04,7.04],"texture":"#mesh_palette"},"south":{"uv":[4.96,4.96,7.04,7.04],"texture":"#mesh_palette"},"west":{"uv":[4.96,4.96,7.04,7.04],"texture":"#mesh_palette"},"east":{"uv":[4.96,4.96,7.04,7.04],"texture":"#mesh_palette"}},"from":[6.5,2.5,7.5],"to":[8,3,8.5]},{"faces":{"down":{"uv":[4.96,4.96,7.04,7.04],"texture":"#mesh_palette"},"up":{"uv":[4.96,4.96,7.04,7.04],"texture":"#mesh_palette"},"north":{"uv":[4.96,4.96,7.04,7.04],"texture":"#mesh_palette"},"south":{"uv":[4.96,4.96,7.04,7.04],"texture":"#mesh_palette"},"west":{"uv":[4.96,4.96,7.04,7.04],"texture":"#mesh_palette"},"east":{"uv":[4.96,4.96,7.04,7.04],"texture":"#mesh_palette"}},"from":[7,1.5,7],"to":[8.5,2,7.5]},{"faces":{"down":{"uv":[4.96,4.96,7.04,7.04],"texture":"#mesh_palette"},"up":{"uv":[4.96,4.96,7.04,7.04],"texture":"#mesh_palette"},"north":{"uv":[4.96,4.96,7.04,7.04],"texture":"#mesh_palette"},"south":{"uv":[4.96,4.96,7.04,7.04],"texture":"#mesh_palette"},"west":{"uv":[4.96,4.96,7.04,7.04],"texture":"#mesh_palette"},"east":{"uv":[4.96,4.96,7.04,7.04],"texture":"#mesh_palette"}},"from":[7,1.5,8.5],"to":[8.5,2,9]},{"faces":{"down":{"uv":[4.96,4.96,7.04,7.04],"texture":"#mesh_palette"},"up":{"uv":[4.96,4.96,7.04,7.04],"texture":"#mesh_palette"},"north":{"uv":[4.96,4.96,7.04,7.04],"texture":"#mesh_palette"},"south":{"uv":[4.96,4.96,7.04,7.04],"texture":"#mesh_palette"},"west":{"uv":[4.96,4.96,7.04,7.04],"texture":"#mesh_palette"},"east":{"uv":[4.96,4.96,7.04,7.04],"texture":"#mesh_palette"}},"from":[7,2,7],"to":[8,2.5,7.5]},{"faces":{"down":{"uv":[4.96,4.96,7.04,7.04],"texture":"#mesh_palette"},"up":{"uv":[4.96,4.96,7.04,7.04],"texture":"#mesh_palette"},"north":{"uv":[4.96,4.96,7.04,7.04],"texture":"#mesh_palette"},"south":{"uv":[4.96,4.96,7.04,7.04],"texture":"#mesh_palette"},"west":{"uv":[4.96,4.96,7.04,7.04],"texture":"#mesh_palette"},"east":{"uv":[4.96,4.96,7.04,7.04],"texture":"#mesh_palette"}},"from":[7,2,8.5],"to":[8,2.5,9]},{"faces":{"down":{"uv":[4.96,4.96,7.04,7.04],"texture":"#mesh_palette"},"up":{"uv":[4.96,4.96,7.04,7.04],"texture":"#mesh_palette"},"north":{"uv":[4.96,4.96,7.04,7.04],"texture":"#mesh_palette"},"south":{"uv":[4.96,4.96,7.04,7.04],"texture":"#mesh_palette"},"west":{"uv":[4.96,4.96,7.04,7.04],"texture":"#mesh_palette"},"east":{"uv":[4.96,4.96,7.04,7.04],"texture":"#mesh_palette"}},"from":[7.5,1,7.5],"to":[8.5,1.5,8.5]},{"faces":{"down":{"uv":[0.96,4.96,3.04,7.04],"texture":"#mesh_palette"},"up":{"uv":[0.96,4.96,3.04,7.04],"texture":"#mesh_palette"},"north":{"uv":[0.96,4.96,3.04,7.04],"texture":"#mesh_palette"},"south":{"uv":[0.96,4.96,3.04,7.04],"texture":"#mesh_palette"},"west":{"uv":[0.96,4.96,3.04,7.04],"texture":"#mesh_palette"},"east":{"uv":[0.96,4.96,3.04,7.04],"texture":"#mesh_palette"}},"from":[8,2,7],"to":[8.5,2.5,7.5]},{"faces":{"down":{"uv":[0.96,4.96,3.04,7.04],"texture":"#mesh_palette"},"up":{"uv":[0.96,4.96,3.04,7.04],"texture":"#mesh_palette"},"north":{"uv":[0.96,4.96,3.04,7.04],"texture":"#mesh_palette"},"south":{"uv":[0.96,4.96,3.04,7.04],"texture":"#mesh_palette"},"west":{"uv":[0.96,4.96,3.04,7.04],"texture":"#mesh_palette"},"east":{"uv":[0.96,4.96,3.04,7.04],"texture":"#mesh_palette"}},"from":[8,2,8.5],"to":[8.5,2.5,9]},{"faces":{"down":{"uv":[0.96,4.96,3.04,7.04],"texture":"#mesh_palette"},"up":{"uv":[0.96,4.96,3.04,7.04],"texture":"#mesh_palette"},"north":{"uv":[0.96,4.96,3.04,7.04],"texture":"#mesh_palette"},"south":{"uv":[0.96,4.96,3.04,7.04],"texture":"#mesh_palette"},"west":{"uv":[0.96,4.96,3.04,7.04],"texture":"#mesh_palette"},"east":{"uv":[0.96,4.96,3.04,7.04],"texture":"#mesh_palette"}},"from":[8,2.5,7.5],"to":[8.5,3,8.5]},{"faces":{"down":{"uv":[0.96,4.96,3.04,7.04],"texture":"#mesh_palette"},"up":{"uv":[0.96,4.96,3.04,7.04],"texture":"#mesh_palette"},"north":{"uv":[0.96,4.96,3.04,7.04],"texture":"#mesh_palette"},"south":{"uv":[0.96,4.96,3.04,7.04],"texture":"#mesh_palette"},"west":{"uv":[0.96,4.96,3.04,7.04],"texture":"#mesh_palette"},"east":{"uv":[0.96,4.96,3.04,7.04],"texture":"#mesh_palette"}},"from":[8.5,1,7.5],"to":[9,1.5,8.5]},{"faces":{"down":{"uv":[0.96,4.96,3.04,7.04],"texture":"#mesh_palette"},"up":{"uv":[0.96,4.96,3.04,7.04],"texture":"#mesh_palette"},"north":{"uv":[0.96,4.96,3.04,7.04],"texture":"#mesh_palette"},"south":{"uv":[0.96,4.96,3.04,7.04],"texture":"#mesh_palette"},"west":{"uv":[0.96,4.96,3.04,7.04],"texture":"#mesh_palette"},"east":{"uv":[0.96,4.96,3.04,7.04],"texture":"#mesh_palette"}},"from":[8.5,1.5,7],"to":[9,2,7.5]},{"faces":{"down":{"uv":[0.96,4.96,3.04,7.04],"texture":"#mesh_palette"},"up":{"uv":[0.96,4.96,3.04,7.04],"texture":"#mesh_palette"},"north":{"uv":[0.96,4.96,3.04,7.04],"texture":"#mesh_palette"},"south":{"uv":[0.96,4.96,3.04,7.04],"texture":"#mesh_palette"},"west":{"uv":[0.96,4.96,3.04,7.04],"texture":"#mesh_palette"},"east":{"uv":[0.96,4.96,3.04,7.04],"texture":"#mesh_palette"}},"from":[8.5,1.5,8.5],"to":[9,2,9]},{"faces":{"down":{"uv":[12.96,0.96,15.04,3.04],"texture":"#mesh_palette"},"up":{"uv":[12.96,0.96,15.04,3.04],"texture":"#mesh_palette"},"north":{"uv":[12.96,0.96,15.04,3.04],"texture":"#mesh_palette"},"south":{"uv":[12.96,0.96,15.04,3.04],"texture":"#mesh_palette"},"west":{"uv":[12.96,0.96,15.04,3.04],"texture":"#mesh_palette"},"east":{"uv":[12.96,0.96,15.04,3.04],"texture":"#mesh_palette"}},"from":[8.5,2,7],"to":[9,2.5,7.5]},{"faces":{"down":{"uv":[12.96,0.96,15.04,3.04],"texture":"#mesh_palette"},"up":{"uv":[12.96,0.96,15.04,3.04],"texture":"#mesh_palette"},"north":{"uv":[12.96,0.96,15.04,3.04],"texture":"#mesh_palette"},"south":{"uv":[12.96,0.96,15.04,3.04],"texture":"#mesh_palette"},"west":{"uv":[12.96,0.96,15.04,3.04],"texture":"#mesh_palette"},"east":{"uv":[12.96,0.96,15.04,3.04],"texture":"#mesh_palette"}},"from":[8.5,2,8.5],"to":[9,2.5,9]},{"faces":{"down":{"uv":[12.96,0.96,15.04,3.04],"texture":"#mesh_palette"},"up":{"uv":[12.96,0.96,15.04,3.04],"texture":"#mesh_palette"},"north":{"uv":[12.96,0.96,15.04,3.04],"texture":"#mesh_palette"},"south":{"uv":[12.96,0.96,15.04,3.04],"texture":"#mesh_palette"},"west":{"uv":[12.96,0.96,15.04,3.04],"texture":"#mesh_palette"},"east":{"uv":[12.96,0.96,15.04,3.04],"texture":"#mesh_palette"}},"from":[8.5,2.5,7.5],"to":[9,3,8.5]},{"faces":{"down":{"uv":[12.96,0.96,15.04,3.04],"texture":"#mesh_palette"},"up":{"uv":[12.96,0.96,15.04,3.04],"texture":"#mesh_palette"},"north":{"uv":[12.96,0.96,15.04,3.04],"texture":"#mesh_palette"},"south":{"uv":[12.96,0.96,15.04,3.04],"texture":"#mesh_palette"},"west":{"uv":[12.96,0.96,15.04,3.04],"texture":"#mesh_palette"},"east":{"uv":[12.96,0.96,15.04,3.04],"texture":"#mesh_palette"}},"from":[9,1,7.5],"to":[9.5,1.5,8.5]},{"faces":{"down":{"uv":[12.96,0.96,15.04,3.04],"texture":"#mesh_palette"},"up":{"uv":[12.96,0.96,15.04,3.04],"texture":"#mesh_palette"},"north":{"uv":[12.96,0.96,15.04,3.04],"texture":"#mesh_palette"},"south":{"uv":[12.96,0.96,15.04,3.04],"texture":"#mesh_palette"},"west":{"uv":[12.96,0.96,15.04,3.04],"texture":"#mesh_palette"},"east":{"uv":[12.96,0.96,15.04,3.04],"texture":"#mesh_palette"}},"from":[9,1.5,7],"to":[9.5,2,7.5]},{"faces":{"down":{"uv":[12.96,0.96,15.04,3.04],"texture":"#mesh_palette"},"up":{"uv":[12.96,0.96,15.04,3.04],"texture":"#mesh_palette"},"north":{"uv":[12.96,0.96,15.04,3.04],"texture":"#mesh_palette"},"south":{"uv":[12.96,0.96,15.04,3.04],"texture":"#mesh_palette"},"west":{"uv":[12.96,0.96,15.04,3.04],"texture":"#mesh_palette"},"east":{"uv":[12.96,0.96,15.04,3.04],"texture":"#mesh_palette"}},"from":[9,1.5,8.5],"to":[9.5,2,9]},{"faces":{"down":{"uv":[8.96,0.96,11.04,3.04],"texture":"#mesh_palette"},"up":{"uv":[8.96,0.96,11.04,3.04],"texture":"#mesh_palette"},"north":{"uv":[8.96,0.96,11.04,3.04],"texture":"#mesh_palette"},"south":{"uv":[8.96,0.96,11.04,3.04],"texture":"#mesh_palette"},"west":{"uv":[8.96,0.96,11.04,3.04],"texture":"#mesh_palette"},"east":{"uv":[8.96,0.96,11.04,3.04],"texture":"#mesh_palette"}},"from":[9,2,7],"to":[10,2.5,7.5]},{"faces":{"down":{"uv":[8.96,0.96,11.04,3.04],"texture":"#mesh_palette"},"up":{"uv":[8.96,0.96,11.04,3.04],"texture":"#mesh_palette"},"north":{"uv":[8.96,0.96,11.04,3.04],"texture":"#mesh_palette"},"south":{"uv":[8.96,0.96,11.04,3.04],"texture":"#mesh_palette"},"west":{"uv":[8.96,0.96,11.04,3.04],"texture":"#mesh_palette"},"east":{"uv":[8.96,0.96,11.04,3.04],"texture":"#mesh_palette"}},"from":[9,2,8.5],"to":[10,2.5,9]},{"faces":{"down":{"uv":[8.96,0.96,11.04,3.04],"texture":"#mesh_palette"},"up":{"uv":[8.96,0.96,11.04,3.04],"texture":"#mesh_palette"},"north":{"uv":[8.96,0.96,11.04,3.04],"texture":"#mesh_palette"},"south":{"uv":[8.96,0.96,11.04,3.04],"texture":"#mesh_palette"},"west":{"uv":[8.96,0.96,11.04,3.04],"texture":"#mesh_palette"},"east":{"uv":[8.96,0.96,11.04,3.04],"texture":"#mesh_palette"}},"from":[9,2.5,7.5],"to":[10,3,8.5]},{"faces":{"down":{"uv":[8.96,0.96,11.04,3.04],"texture":"#mesh_palette"},"up":{"uv":[8.96,0.96,11.04,3.04],"texture":"#mesh_palette"},"north":{"uv":[8.96,0.96,11.04,3.04],"texture":"#mesh_palette"},"south":{"uv":[8.96,0.96,11.04,3.04],"texture":"#mesh_palette"},"west":{"uv":[8.96,0.96,11.04,3.04],"texture":"#mesh_palette"},"east":{"uv":[8.96,0.96,11.04,3.04],"texture":"#mesh_palette"}},"from":[9.5,1,7.5],"to":[10,1.5,8.5]},{"faces":{"down":{"uv":[8.96,0.96,11.04,3.04],"texture":"#mesh_palette"},"up":{"uv":[8.96,0.96,11.04,3.04],"texture":"#mesh_palette"},"north":{"uv":[8.96,0.96,11.04,3.04],"texture":"#mesh_palette"},"south":{"uv":[8.96,0.96,11.04,3.04],"texture":"#mesh_palette"},"west":{"uv":[8.96,0.96,11.04,3.04],"texture":"#mesh_palette"},"east":{"uv":[8.96,0.96,11.04,3.04],"texture":"#mesh_palette"}},"from":[9.5,1.5,7],"to":[10,2,7.5]},{"faces":{"down":{"uv":[8.96,0.96,11.04,3.04],"texture":"#mesh_palette"},"up":{"uv":[8.96,0.96,11.04,3.04],"texture":"#mesh_palette"},"north":{"uv":[8.96,0.96,11.04,3.04],"texture":"#mesh_palette"},"south":{"uv":[8.96,0.96,11.04,3.04],"texture":"#mesh_palette"},"west":{"uv":[8.96,0.96,11.04,3.04],"texture":"#mesh_palette"},"east":{"uv":[8.96,0.96,11.04,3.04],"texture":"#mesh_palette"}},"from":[9.5,1.5,8.5],"to":[10,2,9]},{"faces":{"down":{"uv":[4.96,0.96,7.04,3.04],"texture":"#mesh_palette"},"up":{"uv":[4.96,0.96,7.04,3.04],"texture":"#mesh_palette"},"north":{"uv":[4.96,0.96,7.04,3.04],"texture":"#mesh_palette"},"south":{"uv":[4.96,0.96,7.04,3.04],"texture":"#mesh_palette"},"west":{"uv":[4.96,0.96,7.04,3.04],"texture":"#mesh_palette"},"east":{"uv":[4.96,0.96,7.04,3.04],"texture":"#mesh_palette"}},"from":[10,1,7],"to":[10.5,3,7.5]},{"faces":{"down":{"uv":[4.96,0.96,7.04,3.04],"texture":"#mesh_palette"},"up":{"uv":[4.96,0.96,7.04,3.04],"texture":"#mesh_palette"},"north":{"uv":[4.96,0.96,7.04,3.04],"texture":"#mesh_palette"},"south":{"uv":[4.96,0.96,7.04,3.04],"texture":"#mesh_palette"},"west":{"uv":[4.96,0.96,7.04,3.04],"texture":"#mesh_palette"},"east":{"uv":[4.96,0.96,7.04,3.04],"texture":"#mesh_palette"}},"from":[10,1,7.5],"to":[10.5,1.5,9]},{"faces":{"down":{"uv":[4.96,0.96,7.04,3.04],"texture":"#mesh_palette"},"up":{"uv":[4.96,0.96,7.04,3.04],"texture":"#mesh_palette"},"north":{"uv":[4.96,0.96,7.04,3.04],"texture":"#mesh_palette"},"south":{"uv":[4.96,0.96,7.04,3.04],"texture":"#mesh_palette"},"west":{"uv":[4.96,0.96,7.04,3.04],"texture":"#mesh_palette"},"east":{"uv":[4.96,0.96,7.04,3.04],"texture":"#mesh_palette"}},"from":[10,1.5,8.5],"to":[10.5,3,9]},{"faces":{"down":{"uv":[4.96,0.96,7.04,3.04],"texture":"#mesh_palette"},"up":{"uv":[4.96,0.96,7.04,3.04],"texture":"#mesh_palette"},"north":{"uv":[4.96,0.96,7.04,3.04],"texture":"#mesh_palette"},"south":{"uv":[4.96,0.96,7.04,3.04],"texture":"#mesh_palette"},"west":{"uv":[4.96,0.96,7.04,3.04],"texture":"#mesh_palette"},"east":{"uv":[4.96,0.96,7.04,3.04],"texture":"#mesh_palette"}},"from":[10,2.5,7.5],"to":[10.5,3,8.5]},{"faces":{"down":{"uv":[12.96,0.96,15.04,3.04],"texture":"#mesh_palette"},"up":{"uv":[12.96,0.96,15.04,3.04],"texture":"#mesh_palette"},"north":{"uv":[12.96,0.96,15.04,3.04],"texture":"#mesh_palette"},"south":{"uv":[12.96,0.96,15.04,3.04],"texture":"#mesh_palette"},"west":{"uv":[12.96,0.96,15.04,3.04],"texture":"#mesh_palette"},"east":{"uv":[12.96,0.96,15.04,3.04],"texture":"#mesh_palette"}},"from":[10.5,0.5,7],"to":[11,1,9]},{"faces":{"down":{"uv":[8.96,0.96,11.04,3.04],"texture":"#mesh_palette"},"up":{"uv":[8.96,0.96,11.04,3.04],"texture":"#mesh_palette"},"north":{"uv":[8.96,0.96,11.04,3.04],"texture":"#mesh_palette"},"south":{"uv":[8.96,0.96,11.04,3.04],"texture":"#mesh_palette"},"west":{"uv":[8.96,0.96,11.04,3.04],"texture":"#mesh_palette"},"east":{"uv":[8.96,0.96,11.04,3.04],"texture":"#mesh_palette"}},"from":[10.5,1,6.5],"to":[11,1.5,7.5]},{"faces":{"down":{"uv":[8.96,0.96,11.04,3.04],"texture":"#mesh_palette"},"up":{"uv":[8.96,0.96,11.04,3.04],"texture":"#mesh_palette"},"north":{"uv":[8.96,0.96,11.04,3.04],"texture":"#mesh_palette"},"south":{"uv":[8.96,0.96,11.04,3.04],"texture":"#mesh_palette"},"west":{"uv":[8.96,0.96,11.04,3.04],"texture":"#mesh_palette"},"east":{"uv":[8.96,0.96,11.04,3.04],"texture":"#mesh_palette"}},"from":[10.5,1,8.5],"to":[11,1.5,9.5]},{"faces":{"down":{"uv":[4.96,0.96,7.04,3.04],"texture":"#mesh_palette"},"up":{"uv":[4.96,0.96,7.04,3.04],"texture":"#mesh_palette"},"north":{"uv":[4.96,0.96,7.04,3.04],"texture":"#mesh_palette"},"south":{"uv":[4.96,0.96,7.04,3.04],"texture":"#mesh_palette"},"west":{"uv":[4.96,0.96,7.04,3.04],"texture":"#mesh_palette"},"east":{"uv":[4.96,0.96,7.04,3.04],"texture":"#mesh_palette"}},"from":[10.5,1.5,6.5],"to":[11,3,7]},{"faces":{"down":{"uv":[4.96,0.96,7.04,3.04],"texture":"#mesh_palette"},"up":{"uv":[4.96,0.96,7.04,3.04],"texture":"#mesh_palette"},"north":{"uv":[4.96,0.96,7.04,3.04],"texture":"#mesh_palette"},"south":{"uv":[4.96,0.96,7.04,3.04],"texture":"#mesh_palette"},"west":{"uv":[4.96,0.96,7.04,3.04],"texture":"#mesh_palette"},"east":{"uv":[4.96,0.96,7.04,3.04],"texture":"#mesh_palette"}},"from":[10.5,1.5,9],"to":[11,3,9.5]},{"faces":{"down":{"uv":[4.96,0.96,7.04,3.04],"texture":"#mesh_palette"},"up":{"uv":[4.96,0.96,7.04,3.04],"texture":"#mesh_palette"},"north":{"uv":[4.96,0.96,7.04,3.04],"texture":"#mesh_palette"},"south":{"uv":[4.96,0.96,7.04,3.04],"texture":"#mesh_palette"},"west":{"uv":[4.96,0.96,7.04,3.04],"texture":"#mesh_palette"},"east":{"uv":[4.96,0.96,7.04,3.04],"texture":"#mesh_palette"}},"from":[10.5,2.5,7],"to":[11,3.5,7.5]},{"faces":{"down":{"uv":[4.96,0.96,7.04,3.04],"texture":"#mesh_palette"},"up":{"uv":[4.96,0.96,7.04,3.04],"texture":"#mesh_palette"},"north":{"uv":[4.96,0.96,7.04,3.04],"texture":"#mesh_palette"},"south":{"uv":[4.96,0.96,7.04,3.04],"texture":"#mesh_palette"},"west":{"uv":[4.96,0.96,7.04,3.04],"texture":"#mesh_palette"},"east":{"uv":[4.96,0.96,7.04,3.04],"texture":"#mesh_palette"}},"from":[10.5,2.5,8.5],"to":[11,3.5,9]},{"faces":{"down":{"uv":[4.96,0.96,7.04,3.04],"texture":"#mesh_palette"},"up":{"uv":[4.96,0.96,7.04,3.04],"texture":"#mesh_palette"},"north":{"uv":[4.96,0.96,7.04,3.04],"texture":"#mesh_palette"},"south":{"uv":[4.96,0.96,7.04,3.04],"texture":"#mesh_palette"},"west":{"uv":[4.96,0.96,7.04,3.04],"texture":"#mesh_palette"},"east":{"uv":[4.96,0.96,7.04,3.04],"texture":"#mesh_palette"}},"from":[10.5,3,7.5],"to":[11,3.5,8.5]},{"faces":{"down":{"uv":[8.96,0.96,11.04,3.04],"texture":"#mesh_palette"},"up":{"uv":[8.96,0.96,11.04,3.04],"texture":"#mesh_palette"},"north":{"uv":[8.96,0.96,11.04,3.04],"texture":"#mesh_palette"},"south":{"uv":[8.96,0.96,11.04,3.04],"texture":"#mesh_palette"},"west":{"uv":[8.96,0.96,11.04,3.04],"texture":"#mesh_palette"},"east":{"uv":[8.96,0.96,11.04,3.04],"texture":"#mesh_palette"}},"from":[11,0,7.5],"to":[11.5,0.5,8.5]},{"faces":{"down":{"uv":[8.96,0.96,11.04,3.04],"texture":"#mesh_palette"},"up":{"uv":[8.96,0.96,11.04,3.04],"texture":"#mesh_palette"},"north":{"uv":[8.96,0.96,11.04,3.04],"texture":"#mesh_palette"},"south":{"uv":[8.96,0.96,11.04,3.04],"texture":"#mesh_palette"},"west":{"uv":[8.96,0.96,11.04,3.04],"texture":"#mesh_palette"},"east":{"uv":[8.96,0.96,11.04,3.04],"texture":"#mesh_palette"}},"from":[11,0.5,6.5],"to":[11.5,1,7.5]},{"faces":{"down":{"uv":[8.96,0.96,11.04,3.04],"texture":"#mesh_palette"},"up":{"uv":[8.96,0.96,11.04,3.04],"texture":"#mesh_palette"},"north":{"uv":[8.96,0.96,11.04,3.04],"texture":"#mesh_palette"},"south":{"uv":[8.96,0.96,11.04,3.04],"texture":"#mesh_palette"},"west":{"uv":[8.96,0.96,11.04,3.04],"texture":"#mesh_palette"},"east":{"uv":[8.96,0.96,11.04,3.04],"texture":"#mesh_palette"}},"from":[11,0.5,8.5],"to":[11.5,1,9.5]},{"faces":{"down":{"uv":[12.96,0.96,15.04,3.04],"texture":"#mesh_palette"},"up":{"uv":[12.96,0.96,15.04,3.04],"texture":"#mesh_palette"},"north":{"uv":[12.96,0.96,15.04,3.04],"texture":"#mesh_palette"},"south":{"uv":[12.96,0.96,15.04,3.04],"texture":"#mesh_palette"},"west":{"uv":[12.96,0.96,15.04,3.04],"texture":"#mesh_palette"},"east":{"uv":[12.96,0.96,15.04,3.04],"texture":"#mesh_palette"}},"from":[11,1,6.5],"to":[11.5,1.5,7]},{"faces":{"down":{"uv":[12.96,0.96,15.04,3.04],"texture":"#mesh_palette"},"up":{"uv":[12.96,0.96,15.04,3.04],"texture":"#mesh_palette"},"north":{"uv":[12.96,0.96,15.04,3.04],"texture":"#mesh_palette"},"south":{"uv":[12.96,0.96,15.04,3.04],"texture":"#mesh_palette"},"west":{"uv":[12.96,0.96,15.04,3.04],"texture":"#mesh_palette"},"east":{"uv":[12.96,0.96,15.04,3.04],"texture":"#mesh_palette"}},"from":[11,1,9],"to":[11.5,1.5,9.5]},{"faces":{"down":{"uv":[8.96,0.96,11.04,3.04],"texture":"#mesh_palette"},"up":{"uv":[8.96,0.96,11.04,3.04],"texture":"#mesh_palette"},"north":{"uv":[8.96,0.96,11.04,3.04],"texture":"#mesh_palette"},"south":{"uv":[8.96,0.96,11.04,3.04],"texture":"#mesh_palette"},"west":{"uv":[8.96,0.96,11.04,3.04],"texture":"#mesh_palette"},"east":{"uv":[8.96,0.96,11.04,3.04],"texture":"#mesh_palette"}},"from":[11,1.5,6],"to":[11.5,2.5,6.5]},{"faces":{"down":{"uv":[8.96,0.96,11.04,3.04],"texture":"#mesh_palette"},"up":{"uv":[8.96,0.96,11.04,3.04],"texture":"#mesh_palette"},"north":{"uv":[8.96,0.96,11.04,3.04],"texture":"#mesh_palette"},"south":{"uv":[8.96,0.96,11.04,3.04],"texture":"#mesh_palette"},"west":{"uv":[8.96,0.96,11.04,3.04],"texture":"#mesh_palette"},"east":{"uv":[8.96,0.96,11.04,3.04],"texture":"#mesh_palette"}},"from":[11,1.5,9.5],"to":[11.5,2.5,10]},{"faces":{"down":{"uv":[8.96,0.96,11.04,3.04],"texture":"#mesh_palette"},"up":{"uv":[8.96,0.96,11.04,3.04],"texture":"#mesh_palette"},"north":{"uv":[8.96,0.96,11.04,3.04],"texture":"#mesh_palette"},"south":{"uv":[8.96,0.96,11.04,3.04],"texture":"#mesh_palette"},"west":{"uv":[8.96,0.96,11.04,3.04],"texture":"#mesh_palette"},"east":{"uv":[8.96,0.96,11.04,3.04],"texture":"#mesh_palette"}},"from":[11,2.5,6.5],"to":[11.5,3.5,7]},{"faces":{"down":{"uv":[8.96,0.96,11.04,3.04],"texture":"#mesh_palette"},"up":{"uv":[8.96,0.96,11.04,3.04],"texture":"#mesh_palette"},"north":{"uv":[8.96,0.96,11.04,3.04],"texture":"#mesh_palette"},"south":{"uv":[8.96,0.96,11.04,3.04],"texture":"#mesh_palette"},"west":{"uv":[8.96,0.96,11.04,3.04],"texture":"#mesh_palette"},"east":{"uv":[8.96,0.96,11.04,3.04],"texture":"#mesh_palette"}},"from":[11,2.5,9],"to":[11.5,3.5,9.5]},{"faces":{"down":{"uv":[8.96,0.96,11.04,3.04],"texture":"#mesh_palette"},"up":{"uv":[8.96,0.96,11.04,3.04],"texture":"#mesh_palette"},"north":{"uv":[8.96,0.96,11.04,3.04],"texture":"#mesh_palette"},"south":{"uv":[8.96,0.96,11.04,3.04],"texture":"#mesh_palette"},"west":{"uv":[8.96,0.96,11.04,3.04],"texture":"#mesh_palette"},"east":{"uv":[8.96,0.96,11.04,3.04],"texture":"#mesh_palette"}},"from":[11,3,7],"to":[11.5,3.5,7.5]},{"faces":{"down":{"uv":[8.96,0.96,11.04,3.04],"texture":"#mesh_palette"},"up":{"uv":[8.96,0.96,11.04,3.04],"texture":"#mesh_palette"},"north":{"uv":[8.96,0.96,11.04,3.04],"texture":"#mesh_palette"},"south":{"uv":[8.96,0.96,11.04,3.04],"texture":"#mesh_palette"},"west":{"uv":[8.96,0.96,11.04,3.04],"texture":"#mesh_palette"},"east":{"uv":[8.96,0.96,11.04,3.04],"texture":"#mesh_palette"}},"from":[11,3,8.5],"to":[11.5,3.5,9]},{"faces":{"down":{"uv":[4.96,0.96,7.04,3.04],"texture":"#mesh_palette"},"up":{"uv":[4.96,0.96,7.04,3.04],"texture":"#mesh_palette"},"north":{"uv":[4.96,0.96,7.04,3.04],"texture":"#mesh_palette"},"south":{"uv":[4.96,0.96,7.04,3.04],"texture":"#mesh_palette"},"west":{"uv":[4.96,0.96,7.04,3.04],"texture":"#mesh_palette"},"east":{"uv":[4.96,0.96,7.04,3.04],"texture":"#mesh_palette"}},"from":[11,3.5,7.5],"to":[11.5,4,8.5]},{"faces":{"down":{"uv":[4.96,0.96,7.04,3.04],"texture":"#mesh_palette"},"up":{"uv":[4.96,0.96,7.04,3.04],"texture":"#mesh_palette"},"north":{"uv":[4.96,0.96,7.04,3.04],"texture":"#mesh_palette"},"south":{"uv":[4.96,0.96,7.04,3.04],"texture":"#mesh_palette"},"west":{"uv":[4.96,0.96,7.04,3.04],"texture":"#mesh_palette"},"east":{"uv":[4.96,0.96,7.04,3.04],"texture":"#mesh_palette"}},"from":[11.5,0,7],"to":[12,0.5,9]},{"faces":{"down":{"uv":[4.96,0.96,7.04,3.04],"texture":"#mesh_palette"},"up":{"uv":[4.96,0.96,7.04,3.04],"texture":"#mesh_palette"},"north":{"uv":[4.96,0.96,7.04,3.04],"texture":"#mesh_palette"},"south":{"uv":[4.96,0.96,7.04,3.04],"texture":"#mesh_palette"},"west":{"uv":[4.96,0.96,7.04,3.04],"texture":"#mesh_palette"},"east":{"uv":[4.96,0.96,7.04,3.04],"texture":"#mesh_palette"}},"from":[11.5,0.5,6.5],"to":[12,1,7]},{"faces":{"down":{"uv":[4.96,0.96,7.04,3.04],"texture":"#mesh_palette"},"up":{"uv":[4.96,0.96,7.04,3.04],"texture":"#mesh_palette"},"north":{"uv":[4.96,0.96,7.04,3.04],"texture":"#mesh_palette"},"south":{"uv":[4.96,0.96,7.04,3.04],"texture":"#mesh_palette"},"west":{"uv":[4.96,0.96,7.04,3.04],"texture":"#mesh_palette"},"east":{"uv":[4.96,0.96,7.04,3.04],"texture":"#mesh_palette"}},"from":[11.5,0.5,9],"to":[12,1,9.5]},{"faces":{"down":{"uv":[8.96,0.96,11.04,3.04],"texture":"#mesh_palette"},"up":{"uv":[8.96,0.96,11.04,3.04],"texture":"#mesh_palette"},"north":{"uv":[8.96,0.96,11.04,3.04],"texture":"#mesh_palette"},"south":{"uv":[8.96,0.96,11.04,3.04],"texture":"#mesh_palette"},"west":{"uv":[8.96,0.96,11.04,3.04],"texture":"#mesh_palette"},"east":{"uv":[8.96,0.96,11.04,3.04],"texture":"#mesh_palette"}},"from":[11.5,1,6],"to":[12,1.5,6.5]},{"faces":{"down":{"uv":[8.96,0.96,11.04,3.04],"texture":"#mesh_palette"},"up":{"uv":[8.96,0.96,11.04,3.04],"texture":"#mesh_palette"},"north":{"uv":[8.96,0.96,11.04,3.04],"texture":"#mesh_palette"},"south":{"uv":[8.96,0.96,11.04,3.04],"texture":"#mesh_palette"},"west":{"uv":[8.96,0.96,11.04,3.04],"texture":"#mesh_palette"},"east":{"uv":[8.96,0.96,11.04,3.04],"texture":"#mesh_palette"}},"from":[11.5,1,9.5],"to":[12,1.5,10]},{"faces":{"down":{"uv":[12.96,0.96,15.04,3.04],"texture":"#mesh_palette"},"up":{"uv":[12.96,0.96,15.04,3.04],"texture":"#mesh_palette"},"north":{"uv":[12.96,0.96,15.04,3.04],"texture":"#mesh_palette"},"south":{"uv":[12.96,0.96,15.04,3.04],"texture":"#mesh_palette"},"west":{"uv":[12.96,0.96,15.04,3.04],"texture":"#mesh_palette"},"east":{"uv":[12.96,0.96,15.04,3.04],"texture":"#mesh_palette"}},"from":[11.5,1.5,6],"to":[12,3,6.5]},{"faces":{"down":{"uv":[12.96,0.96,15.04,3.04],"texture":"#mesh_palette"},"up":{"uv":[12.96,0.96,15.04,3.04],"texture":"#mesh_palette"},"north":{"uv":[12.96,0.96,15.04,3.04],"texture":"#mesh_palette"},"south":{"uv":[12.96,0.96,15.04,3.04],"texture":"#mesh_palette"},"west":{"uv":[12.96,0.96,15.04,3.04],"texture":"#mesh_palette"},"east":{"uv":[12.96,0.96,15.04,3.04],"texture":"#mesh_palette"}},"from":[11.5,1.5,9.5],"to":[12,3,10]},{"faces":{"down":{"uv":[12.96,0.96,15.04,3.04],"texture":"#mesh_palette"},"up":{"uv":[12.96,0.96,15.04,3.04],"texture":"#mesh_palette"},"north":{"uv":[12.96,0.96,15.04,3.04],"texture":"#mesh_palette"},"south":{"uv":[12.96,0.96,15.04,3.04],"texture":"#mesh_palette"},"west":{"uv":[12.96,0.96,15.04,3.04],"texture":"#mesh_palette"},"east":{"uv":[12.96,0.96,15.04,3.04],"texture":"#mesh_palette"}},"from":[11.5,3,6.5],"to":[12,3.5,7]},{"faces":{"down":{"uv":[12.96,0.96,15.04,3.04],"texture":"#mesh_palette"},"up":{"uv":[12.96,0.96,15.04,3.04],"texture":"#mesh_palette"},"north":{"uv":[12.96,0.96,15.04,3.04],"texture":"#mesh_palette"},"south":{"uv":[12.96,0.96,15.04,3.04],"texture":"#mesh_palette"},"west":{"uv":[12.96,0.96,15.04,3.04],"texture":"#mesh_palette"},"east":{"uv":[12.96,0.96,15.04,3.04],"texture":"#mesh_palette"}},"from":[11.5,3,9],"to":[12,3.5,9.5]},{"faces":{"down":{"uv":[8.96,0.96,11.04,3.04],"texture":"#mesh_palette"},"up":{"uv":[8.96,0.96,11.04,3.04],"texture":"#mesh_palette"},"north":{"uv":[8.96,0.96,11.04,3.04],"texture":"#mesh_palette"},"south":{"uv":[8.96,0.96,11.04,3.04],"texture":"#mesh_palette"},"west":{"uv":[8.96,0.96,11.04,3.04],"texture":"#mesh_palette"},"east":{"uv":[8.96,0.96,11.04,3.04],"texture":"#mesh_palette"}},"from":[11.5,3.5,7],"to":[12,4,7.5]},{"faces":{"down":{"uv":[8.96,0.96,11.04,3.04],"texture":"#mesh_palette"},"up":{"uv":[8.96,0.96,11.04,3.04],"texture":"#mesh_palette"},"north":{"uv":[8.96,0.96,11.04,3.04],"texture":"#mesh_palette"},"south":{"uv":[8.96,0.96,11.04,3.04],"texture":"#mesh_palette"},"west":{"uv":[8.96,0.96,11.04,3.04],"texture":"#mesh_palette"},"east":{"uv":[8.96,0.96,11.04,3.04],"texture":"#mesh_palette"}},"from":[11.5,3.5,8.5],"to":[12,4,9]},{"faces":{"down":{"uv":[8.96,4.96,11.04,7.04],"texture":"#mesh_palette"},"up":{"uv":[8.96,4.96,11.04,7.04],"texture":"#mesh_palette"},"north":{"uv":[8.96,4.96,11.04,7.04],"texture":"#mesh_palette"},"south":{"uv":[8.96,4.96,11.04,7.04],"texture":"#mesh_palette"},"west":{"uv":[8.96,4.96,11.04,7.04],"texture":"#mesh_palette"},"east":{"uv":[8.96,4.96,11.04,7.04],"texture":"#mesh_palette"}},"from":[12,0,7],"to":[12.5,0.5,9]},{"faces":{"down":{"uv":[8.96,4.96,11.04,7.04],"texture":"#mesh_palette"},"up":{"uv":[8.96,4.96,11.04,7.04],"texture":"#mesh_palette"},"north":{"uv":[8.96,4.96,11.04,7.04],"texture":"#mesh_palette"},"south":{"uv":[8.96,4.96,11.04,7.04],"texture":"#mesh_palette"},"west":{"uv":[8.96,4.96,11.04,7.04],"texture":"#mesh_palette"},"east":{"uv":[8.96,4.96,11.04,7.04],"texture":"#mesh_palette"}},"from":[12,0.5,6.5],"to":[12.5,1,7]},{"faces":{"down":{"uv":[8.96,4.96,11.04,7.04],"texture":"#mesh_palette"},"up":{"uv":[8.96,4.96,11.04,7.04],"texture":"#mesh_palette"},"north":{"uv":[8.96,4.96,11.04,7.04],"texture":"#mesh_palette"},"south":{"uv":[8.96,4.96,11.04,7.04],"texture":"#mesh_palette"},"west":{"uv":[8.96,4.96,11.04,7.04],"texture":"#mesh_palette"},"east":{"uv":[8.96,4.96,11.04,7.04],"texture":"#mesh_palette"}},"from":[12,0.5,9],"to":[12.5,1,9.5]},{"faces":{"down":{"uv":[4.96,0.96,7.04,3.04],"texture":"#mesh_palette"},"up":{"uv":[4.96,0.96,7.04,3.04],"texture":"#mesh_palette"},"north":{"uv":[4.96,0.96,7.04,3.04],"texture":"#mesh_palette"},"south":{"uv":[4.96,0.96,7.04,3.04],"texture":"#mesh_palette"},"west":{"uv":[4.96,0.96,7.04,3.04],"texture":"#mesh_palette"},"east":{"uv":[4.96,0.96,7.04,3.04],"texture":"#mesh_palette"}},"from":[12,1,6],"to":[12.5,1.5,6.5]},{"faces":{"down":{"uv":[4.96,0.96,7.04,3.04],"texture":"#mesh_palette"},"up":{"uv":[4.96,0.96,7.04,3.04],"texture":"#mesh_palette"},"north":{"uv":[4.96,0.96,7.04,3.04],"texture":"#mesh_palette"},"south":{"uv":[4.96,0.96,7.04,3.04],"texture":"#mesh_palette"},"west":{"uv":[4.96,0.96,7.04,3.04],"texture":"#mesh_palette"},"east":{"uv":[4.96,0.96,7.04,3.04],"texture":"#mesh_palette"}},"from":[12,1,9.5],"to":[12.5,1.5,10]},{"faces":{"down":{"uv":[8.96,0.96,11.04,3.04],"texture":"#mesh_palette"},"up":{"uv":[8.96,0.96,11.04,3.04],"texture":"#mesh_palette"},"north":{"uv":[8.96,0.96,11.04,3.04],"texture":"#mesh_palette"},"south":{"uv":[8.96,0.96,11.04,3.04],"texture":"#mesh_palette"},"west":{"uv":[8.96,0.96,11.04,3.04],"texture":"#mesh_palette"},"east":{"uv":[8.96,0.96,11.04,3.04],"texture":"#mesh_palette"}},"from":[12,1.5,6],"to":[12.5,3,6.5]},{"faces":{"down":{"uv":[8.96,0.96,11.04,3.04],"texture":"#mesh_palette"},"up":{"uv":[8.96,0.96,11.04,3.04],"texture":"#mesh_palette"},"north":{"uv":[8.96,0.96,11.04,3.04],"texture":"#mesh_palette"},"south":{"uv":[8.96,0.96,11.04,3.04],"texture":"#mesh_palette"},"west":{"uv":[8.96,0.96,11.04,3.04],"texture":"#mesh_palette"},"east":{"uv":[8.96,0.96,11.04,3.04],"texture":"#mesh_palette"}},"from":[12,1.5,9.5],"to":[12.5,3,10]},{"faces":{"down":{"uv":[8.96,0.96,11.04,3.04],"texture":"#mesh_palette"},"up":{"uv":[8.96,0.96,11.04,3.04],"texture":"#mesh_palette"},"north":{"uv":[8.96,0.96,11.04,3.04],"texture":"#mesh_palette"},"south":{"uv":[8.96,0.96,11.04,3.04],"texture":"#mesh_palette"},"west":{"uv":[8.96,0.96,11.04,3.04],"texture":"#mesh_palette"},"east":{"uv":[8.96,0.96,11.04,3.04],"texture":"#mesh_palette"}},"from":[12,3,6.5],"to":[12.5,3.5,7]},{"faces":{"down":{"uv":[8.96,0.96,11.04,3.04],"texture":"#mesh_palette"},"up":{"uv":[8.96,0.96,11.04,3.04],"texture":"#mesh_palette"},"north":{"uv":[8.96,0.96,11.04,3.04],"texture":"#mesh_palette"},"south":{"uv":[8.96,0.96,11.04,3.04],"texture":"#mesh_palette"},"west":{"uv":[8.96,0.96,11.04,3.04],"texture":"#mesh_palette"},"east":{"uv":[8.96,0.96,11.04,3.04],"texture":"#mesh_palette"}},"from":[12,3,9],"to":[12.5,3.5,9.5]},{"faces":{"down":{"uv":[12.96,0.96,15.04,3.04],"texture":"#mesh_palette"},"up":{"uv":[12.96,0.96,15.04,3.04],"texture":"#mesh_palette"},"north":{"uv":[12.96,0.96,15.04,3.04],"texture":"#mesh_palette"},"south":{"uv":[12.96,0.96,15.04,3.04],"texture":"#mesh_palette"},"west":{"uv":[12.96,0.96,15.04,3.04],"texture":"#mesh_palette"},"east":{"uv":[12.96,0.96,15.04,3.04],"texture":"#mesh_palette"}},"from":[12,3.5,7],"to":[12.5,4,7.5]},{"faces":{"down":{"uv":[12.96,0.96,15.04,3.04],"texture":"#mesh_palette"},"up":{"uv":[12.96,0.96,15.04,3.04],"texture":"#mesh_palette"},"north":{"uv":[12.96,0.96,15.04,3.04],"texture":"#mesh_palette"},"south":{"uv":[12.96,0.96,15.04,3.04],"texture":"#mesh_palette"},"west":{"uv":[12.96,0.96,15.04,3.04],"texture":"#mesh_palette"},"east":{"uv":[12.96,0.96,15.04,3.04],"texture":"#mesh_palette"}},"from":[12,3.5,8.5],"to":[12.5,4,9]},{"faces":{"down":{"uv":[12.96,4.96,15.04,7.04],"texture":"#mesh_palette"},"up":{"uv":[12.96,4.96,15.04,7.04],"texture":"#mesh_palette"},"north":{"uv":[12.96,4.96,15.04,7.04],"texture":"#mesh_palette"},"south":{"uv":[12.96,4.96,15.04,7.04],"texture":"#mesh_palette"},"west":{"uv":[12.96,4.96,15.04,7.04],"texture":"#mesh_palette"},"east":{"uv":[12.96,4.96,15.04,7.04],"texture":"#mesh_palette"}},"from":[12.5,0,7.5],"to":[13,0.5,8.5]},{"faces":{"down":{"uv":[0.96,8.96,3.04,11.04],"texture":"#mesh_palette"},"up":{"uv":[0.96,8.96,3.04,11.04],"texture":"#mesh_palette"},"north":{"uv":[0.96,8.96,3.04,11.04],"texture":"#mesh_palette"},"south":{"uv":[0.96,8.96,3.04,11.04],"texture":"#mesh_palette"},"west":{"uv":[0.96,8.96,3.04,11.04],"texture":"#mesh_palette"},"east":{"uv":[0.96,8.96,3.04,11.04],"texture":"#mesh_palette"}},"from":[12.5,0.5,6.5],"to":[13,1,7.5]},{"faces":{"down":{"uv":[0.96,8.96,3.04,11.04],"texture":"#mesh_palette"},"up":{"uv":[0.96,8.96,3.04,11.04],"texture":"#mesh_palette"},"north":{"uv":[0.96,8.96,3.04,11.04],"texture":"#mesh_palette"},"south":{"uv":[0.96,8.96,3.04,11.04],"texture":"#mesh_palette"},"west":{"uv":[0.96,8.96,3.04,11.04],"texture":"#mesh_palette"},"east":{"uv":[0.96,8.96,3.04,11.04],"texture":"#mesh_palette"}},"from":[12.5,0.5,8.5],"to":[13,1,9.5]},{"faces":{"down":{"uv":[8.96,4.96,11.04,7.04],"texture":"#mesh_palette"},"up":{"uv":[8.96,4.96,11.04,7.04],"texture":"#mesh_palette"},"north":{"uv":[8.96,4.96,11.04,7.04],"texture":"#mesh_palette"},"south":{"uv":[8.96,4.96,11.04,7.04],"texture":"#mesh_palette"},"west":{"uv":[8.96,4.96,11.04,7.04],"texture":"#mesh_palette"},"east":{"uv":[8.96,4.96,11.04,7.04],"texture":"#mesh_palette"}},"from":[12.5,1,6.5],"to":[13,1.5,7]},{"faces":{"down":{"uv":[8.96,4.96,11.04,7.04],"texture":"#mesh_palette"},"up":{"uv":[8.96,4.96,11.04,7.04],"texture":"#mesh_palette"},"north":{"uv":[8.96,4.96,11.04,7.04],"texture":"#mesh_palette"},"south":{"uv":[8.96,4.96,11.04,7.04],"texture":"#mesh_palette"},"west":{"uv":[8.96,4.96,11.04,7.04],"texture":"#mesh_palette"},"east":{"uv":[8.96,4.96,11.04,7.04],"texture":"#mesh_palette"}},"from":[12.5,1,9],"to":[13,1.5,9.5]},{"faces":{"down":{"uv":[4.96,0.96,7.04,3.04],"texture":"#mesh_palette"},"up":{"uv":[4.96,0.96,7.04,3.04],"texture":"#mesh_palette"},"north":{"uv":[4.96,0.96,7.04,3.04],"texture":"#mesh_palette"},"south":{"uv":[4.96,0.96,7.04,3.04],"texture":"#mesh_palette"},"west":{"uv":[4.96,0.96,7.04,3.04],"texture":"#mesh_palette"},"east":{"uv":[4.96,0.96,7.04,3.04],"texture":"#mesh_palette"}},"from":[12.5,1.5,6],"to":[13,2.5,6.5]},{"faces":{"down":{"uv":[4.96,0.96,7.04,3.04],"texture":"#mesh_palette"},"up":{"uv":[4.96,0.96,7.04,3.04],"texture":"#mesh_palette"},"north":{"uv":[4.96,0.96,7.04,3.04],"texture":"#mesh_palette"},"south":{"uv":[4.96,0.96,7.04,3.04],"texture":"#mesh_palette"},"west":{"uv":[4.96,0.96,7.04,3.04],"texture":"#mesh_palette"},"east":{"uv":[4.96,0.96,7.04,3.04],"texture":"#mesh_palette"}},"from":[12.5,1.5,9.5],"to":[13,2.5,10]},{"faces":{"down":{"uv":[4.96,0.96,7.04,3.04],"texture":"#mesh_palette"},"up":{"uv":[4.96,0.96,7.04,3.04],"texture":"#mesh_palette"},"north":{"uv":[4.96,0.96,7.04,3.04],"texture":"#mesh_palette"},"south":{"uv":[4.96,0.96,7.04,3.04],"texture":"#mesh_palette"},"west":{"uv":[4.96,0.96,7.04,3.04],"texture":"#mesh_palette"},"east":{"uv":[4.96,0.96,7.04,3.04],"texture":"#mesh_palette"}},"from":[12.5,2.5,6.5],"to":[13,3.5,7]},{"faces":{"down":{"uv":[4.96,0.96,7.04,3.04],"texture":"#mesh_palette"},"up":{"uv":[4.96,0.96,7.04,3.04],"texture":"#mesh_palette"},"north":{"uv":[4.96,0.96,7.04,3.04],"texture":"#mesh_palette"},"south":{"uv":[4.96,0.96,7.04,3.04],"texture":"#mesh_palette"},"west":{"uv":[4.96,0.96,7.04,3.04],"texture":"#mesh_palette"},"east":{"uv":[4.96,0.96,7.04,3.04],"texture":"#mesh_palette"}},"from":[12.5,2.5,9],"to":[13,3.5,9.5]},{"faces":{"down":{"uv":[4.96,0.96,7.04,3.04],"texture":"#mesh_palette"},"up":{"uv":[4.96,0.96,7.04,3.04],"texture":"#mesh_palette"},"north":{"uv":[4.96,0.96,7.04,3.04],"texture":"#mesh_palette"},"south":{"uv":[4.96,0.96,7.04,3.04],"texture":"#mesh_palette"},"west":{"uv":[4.96,0.96,7.04,3.04],"texture":"#mesh_palette"},"east":{"uv":[4.96,0.96,7.04,3.04],"texture":"#mesh_palette"}},"from":[12.5,3,7],"to":[13.5,3.5,7.5]},{"faces":{"down":{"uv":[4.96,0.96,7.04,3.04],"texture":"#mesh_palette"},"up":{"uv":[4.96,0.96,7.04,3.04],"texture":"#mesh_palette"},"north":{"uv":[4.96,0.96,7.04,3.04],"texture":"#mesh_palette"},"south":{"uv":[4.96,0.96,7.04,3.04],"texture":"#mesh_palette"},"west":{"uv":[4.96,0.96,7.04,3.04],"texture":"#mesh_palette"},"east":{"uv":[4.96,0.96,7.04,3.04],"texture":"#mesh_palette"}},"from":[12.5,3,8.5],"to":[13.5,3.5,9]},{"faces":{"down":{"uv":[8.96,0.96,11.04,3.04],"texture":"#mesh_palette"},"up":{"uv":[8.96,0.96,11.04,3.04],"texture":"#mesh_palette"},"north":{"uv":[8.96,0.96,11.04,3.04],"texture":"#mesh_palette"},"south":{"uv":[8.96,0.96,11.04,3.04],"texture":"#mesh_palette"},"west":{"uv":[8.96,0.96,11.04,3.04],"texture":"#mesh_palette"},"east":{"uv":[8.96,0.96,11.04,3.04],"texture":"#mesh_palette"}},"from":[12.5,3.5,7.5],"to":[13,4,8.5]},{"faces":{"down":{"uv":[4.96,8.96,7.04,11.04],"texture":"#mesh_palette"},"up":{"uv":[4.96,8.96,7.04,11.04],"texture":"#mesh_palette"},"north":{"uv":[4.96,8.96,7.04,11.04],"texture":"#mesh_palette"},"south":{"uv":[4.96,8.96,7.04,11.04],"texture":"#mesh_palette"},"west":{"uv":[4.96,8.96,7.04,11.04],"texture":"#mesh_palette"},"east":{"uv":[4.96,8.96,7.04,11.04],"texture":"#mesh_palette"}},"from":[13,0.5,7],"to":[13.5,1,9]},{"faces":{"down":{"uv":[0.96,8.96,3.04,11.04],"texture":"#mesh_palette"},"up":{"uv":[0.96,8.96,3.04,11.04],"texture":"#mesh_palette"},"north":{"uv":[0.96,8.96,3.04,11.04],"texture":"#mesh_palette"},"south":{"uv":[0.96,8.96,3.04,11.04],"texture":"#mesh_palette"},"west":{"uv":[0.96,8.96,3.04,11.04],"texture":"#mesh_palette"},"east":{"uv":[0.96,8.96,3.04,11.04],"texture":"#mesh_palette"}},"from":[13,1,6.5],"to":[13.5,1.5,7.5]},{"faces":{"down":{"uv":[0.96,8.96,3.04,11.04],"texture":"#mesh_palette"},"up":{"uv":[0.96,8.96,3.04,11.04],"texture":"#mesh_palette"},"north":{"uv":[0.96,8.96,3.04,11.04],"texture":"#mesh_palette"},"south":{"uv":[0.96,8.96,3.04,11.04],"texture":"#mesh_palette"},"west":{"uv":[0.96,8.96,3.04,11.04],"texture":"#mesh_palette"},"east":{"uv":[0.96,8.96,3.04,11.04],"texture":"#mesh_palette"}},"from":[13,1,8.5],"to":[13.5,1.5,9.5]},{"faces":{"down":{"uv":[8.96,4.96,11.04,7.04],"texture":"#mesh_palette"},"up":{"uv":[8.96,4.96,11.04,7.04],"texture":"#mesh_palette"},"north":{"uv":[8.96,4.96,11.04,7.04],"texture":"#mesh_palette"},"south":{"uv":[8.96,4.96,11.04,7.04],"texture":"#mesh_palette"},"west":{"uv":[8.96,4.96,11.04,7.04],"texture":"#mesh_palette"},"east":{"uv":[8.96,4.96,11.04,7.04],"texture":"#mesh_palette"}},"from":[13,1.5,6.5],"to":[13.5,3,7]},{"faces":{"down":{"uv":[8.96,4.96,11.04,7.04],"texture":"#mesh_palette"},"up":{"uv":[8.96,4.96,11.04,7.04],"texture":"#mesh_palette"},"north":{"uv":[8.96,4.96,11.04,7.04],"texture":"#mesh_palette"},"south":{"uv":[8.96,4.96,11.04,7.04],"texture":"#mesh_palette"},"west":{"uv":[8.96,4.96,11.04,7.04],"texture":"#mesh_palette"},"east":{"uv":[8.96,4.96,11.04,7.04],"texture":"#mesh_palette"}},"from":[13,1.5,9],"to":[13.5,3,9.5]},{"faces":{"down":{"uv":[8.96,4.96,11.04,7.04],"texture":"#mesh_palette"},"up":{"uv":[8.96,4.96,11.04,7.04],"texture":"#mesh_palette"},"north":{"uv":[8.96,4.96,11.04,7.04],"texture":"#mesh_palette"},"south":{"uv":[8.96,4.96,11.04,7.04],"texture":"#mesh_palette"},"west":{"uv":[8.96,4.96,11.04,7.04],"texture":"#mesh_palette"},"east":{"uv":[8.96,4.96,11.04,7.04],"texture":"#mesh_palette"}},"from":[13,2.5,7],"to":[13.5,3,7.5]},{"faces":{"down":{"uv":[8.96,4.96,11.04,7.04],"texture":"#mesh_palette"},"up":{"uv":[8.96,4.96,11.04,7.04],"texture":"#mesh_palette"},"north":{"uv":[8.96,4.96,11.04,7.04],"texture":"#mesh_palette"},"south":{"uv":[8.96,4.96,11.04,7.04],"texture":"#mesh_palette"},"west":{"uv":[8.96,4.96,11.04,7.04],"texture":"#mesh_palette"},"east":{"uv":[8.96,4.96,11.04,7.04],"texture":"#mesh_palette"}},"from":[13,2.5,8.5],"to":[13.5,3,9]},{"faces":{"down":{"uv":[4.96,0.96,7.04,3.04],"texture":"#mesh_palette"},"up":{"uv":[4.96,0.96,7.04,3.04],"texture":"#mesh_palette"},"north":{"uv":[4.96,0.96,7.04,3.04],"texture":"#mesh_palette"},"south":{"uv":[4.96,0.96,7.04,3.04],"texture":"#mesh_palette"},"west":{"uv":[4.96,0.96,7.04,3.04],"texture":"#mesh_palette"},"east":{"uv":[4.96,0.96,7.04,3.04],"texture":"#mesh_palette"}},"from":[13,3,7.5],"to":[13.5,3.5,8.5]},{"faces":{"down":{"uv":[4.96,8.96,7.04,11.04],"texture":"#mesh_palette"},"up":{"uv":[4.96,8.96,7.04,11.04],"texture":"#mesh_palette"},"north":{"uv":[4.96,8.96,7.04,11.04],"texture":"#mesh_palette"},"south":{"uv":[4.96,8.96,7.04,11.04],"texture":"#mesh_palette"},"west":{"uv":[4.96,8.96,7.04,11.04],"texture":"#mesh_palette"},"east":{"uv":[4.96,8.96,7.04,11.04],"texture":"#mesh_palette"}},"from":[13.5,1,7.5],"to":[14,1.5,8.5]},{"faces":{"down":{"uv":[0.96,8.96,3.04,11.04],"texture":"#mesh_palette"},"up":{"uv":[0.96,8.96,3.04,11.04],"texture":"#mesh_palette"},"north":{"uv":[0.96,8.96,3.04,11.04],"texture":"#mesh_palette"},"south":{"uv":[0.96,8.96,3.04,11.04],"texture":"#mesh_palette"},"west":{"uv":[0.96,8.96,3.04,11.04],"texture":"#mesh_palette"},"east":{"uv":[0.96,8.96,3.04,11.04],"texture":"#mesh_palette"}},"from":[13.5,1.5,7],"to":[14,2.5,9]},{"faces":{"down":{"uv":[8.96,4.96,11.04,7.04],"texture":"#mesh_palette"},"up":{"uv":[8.96,4.96,11.04,7.04],"texture":"#mesh_palette"},"north":{"uv":[8.96,4.96,11.04,7.04],"texture":"#mesh_palette"},"south":{"uv":[8.96,4.96,11.04,7.04],"texture":"#mesh_palette"},"west":{"uv":[8.96,4.96,11.04,7.04],"texture":"#mesh_palette"},"east":{"uv":[8.96,4.96,11.04,7.04],"texture":"#mesh_palette"}},"from":[13.5,2.5,7.5],"to":[14,3,8.5]}],"gui_light":"front"}