{
	"format_version": "1.21.6",
	"credit": "Made with Blockbench",
	"textures": {
		"0": "item/flans/weapons/ammo/mg",
		"particle": "item/flans/weapons/ammo/mg"
	},
	"elements": [
		{
			"name": "mg_0",
			"from": [7, 0, 0],
			"to": [9, 16, 1],
			"faces": {
				"north": {"uv": [9, 0, 7, 16], "texture": "#0"},
				"east": {"uv": [8, 0, 9, 16], "texture": "#0"},
				"south": {"uv": [7, 0, 9, 16], "texture": "#0"},
				"west": {"uv": [7, 0, 8, 16], "texture": "#0"},
				"up": {"uv": [7, 0, 9, 1], "texture": "#0"},
				"down": {"uv": [7, 15, 9, 16], "texture": "#0"}
			}
		},
		{
			"name": "mg_1",
			"from": [6, 0, 0],
			"to": [7, 15, 1],
			"faces": {
				"north": {"uv": [7, 1, 6, 16], "texture": "#0"},
				"east": {"uv": [6, 1, 7, 16], "texture": "#0"},
				"south": {"uv": [6, 1, 7, 16], "texture": "#0"},
				"west": {"uv": [6, 1, 7, 16], "texture": "#0"},
				"up": {"uv": [6, 1, 7, 2], "texture": "#0"},
				"down": {"uv": [6, 15, 7, 16], "texture": "#0"}
			}
		},
		{
			"name": "mg_2",
			"from": [9, 0, 0],
			"to": [10, 15, 1],
			"faces": {
				"north": {"uv": [10, 1, 9, 16], "texture": "#0"},
				"east": {"uv": [9, 1, 10, 16], "texture": "#0"},
				"south": {"uv": [9, 1, 10, 16], "texture": "#0"},
				"west": {"uv": [9, 1, 10, 16], "texture": "#0"},
				"up": {"uv": [9, 1, 10, 2], "texture": "#0"},
				"down": {"uv": [9, 15, 10, 16], "texture": "#0"}
			}
		},
		{
			"name": "mg_3",
			"from": [4, 1, 0],
			"to": [6, 11, 1],
			"faces": {
				"north": {"uv": [6, 5, 4, 15], "texture": "#0"},
				"east": {"uv": [5, 5, 6, 15], "texture": "#0"},
				"south": {"uv": [4, 5, 6, 15], "texture": "#0"},
				"west": {"uv": [4, 5, 5, 15], "texture": "#0"},
				"up": {"uv": [4, 5, 6, 6], "texture": "#0"},
				"down": {"uv": [4, 14, 6, 15], "texture": "#0"}
			}
		},
		{
			"name": "mg_4",
			"from": [10, 1, 0],
			"to": [12, 11, 1],
			"faces": {
				"north": {"uv": [12, 5, 10, 15], "texture": "#0"},
				"east": {"uv": [11, 5, 12, 15], "texture": "#0"},
				"south": {"uv": [10, 5, 12, 15], "texture": "#0"},
				"west": {"uv": [10, 5, 11, 15], "texture": "#0"},
				"up": {"uv": [10, 5, 12, 6], "texture": "#0"},
				"down": {"uv": [10, 14, 12, 15], "texture": "#0"}
			}
		},
		{
			"name": "mg_5",
			"from": [3, 2, 0],
			"to": [4, 10, 1],
			"faces": {
				"north": {"uv": [4, 6, 3, 14], "texture": "#0"},
				"east": {"uv": [3, 6, 4, 14], "texture": "#0"},
				"south": {"uv": [3, 6, 4, 14], "texture": "#0"},
				"west": {"uv": [3, 6, 4, 14], "texture": "#0"},
				"up": {"uv": [3, 6, 4, 7], "texture": "#0"},
				"down": {"uv": [3, 13, 4, 14], "texture": "#0"}
			}
		},
		{
			"name": "mg_6",
			"from": [12, 2, 0],
			"to": [13, 10, 1],
			"faces": {
				"north": {"uv": [13, 6, 12, 14], "texture": "#0"},
				"east": {"uv": [12, 6, 13, 14], "texture": "#0"},
				"south": {"uv": [12, 6, 13, 14], "texture": "#0"},
				"west": {"uv": [12, 6, 13, 14], "texture": "#0"},
				"up": {"uv": [12, 6, 13, 7], "texture": "#0"},
				"down": {"uv": [12, 13, 13, 14], "texture": "#0"}
			}
		},
		{
			"name": "mg_7",
			"from": [2, 4, 0],
			"to": [3, 8, 1],
			"faces": {
				"north": {"uv": [3, 8, 2, 12], "texture": "#0"},
				"east": {"uv": [2, 8, 3, 12], "texture": "#0"},
				"south": {"uv": [2, 8, 3, 12], "texture": "#0"},
				"west": {"uv": [2, 8, 3, 12], "texture": "#0"},
				"up": {"uv": [2, 8, 3, 9], "texture": "#0"},
				"down": {"uv": [2, 11, 3, 12], "texture": "#0"}
			}
		},
		{
			"name": "mg_8",
			"from": [13, 4, 0],
			"to": [14, 8, 1],
			"faces": {
				"north": {"uv": [14, 8, 13, 12], "texture": "#0"},
				"east": {"uv": [13, 8, 14, 12], "texture": "#0"},
				"south": {"uv": [13, 8, 14, 12], "texture": "#0"},
				"west": {"uv": [13, 8, 14, 12], "texture": "#0"},
				"up": {"uv": [13, 8, 14, 9], "texture": "#0"},
				"down": {"uv": [13, 11, 14, 12], "texture": "#0"}
			}
		}
	],
	"gui_light": "front",
	"display": {
		"thirdperson_righthand": {
			"rotation": [-180, 0, -180],
			"translation": [0.25, 2.68, -2.62],
			"scale": [0.4, 0.4, 0.4]
		},
		"thirdperson_lefthand": {
			"rotation": [-180, 0, -180],
			"translation": [0, 2.68, -2.37],
			"scale": [0.4, 0.4, 0.4]
		},
		"firstperson_righthand": {
			"rotation": [4, 90, 0],
			"translation": [4.49, 4.39, 0.13],
			"scale": [0.4, 0.4, 0.4]
		},
		"firstperson_lefthand": {
			"rotation": [4, -90, 0],
			"translation": [-0.71, 4.64, -0.38],
			"scale": [0.4, 0.4, 0.4]
		},
		"ground": {
			"translation": [0, 5, 0],
			"scale": [0.8, 0.8, 0.8]
		},
		"gui": {
			"rotation": [14, -180, 0],
			"translation": [0.81, 1.75, 0]
		},
		"head": {
			"translation": [-0.25, 9.25, -2.5],
			"scale": [0.4, 0.4, 0.4]
		},
		"fixed": {
			"translation": [0.3, 0.2, 7.9]
		}
	},
	"groups": [
		{
			"name": "mg",
			"origin": [8, 8, 8],
			"color": 0,
			"children": [0, 1, 2, 3, 4, 5, 6, 7, 8]
		}
	]
}