{"credit":"Made with Blockbench","textures":{"0":"blocks/glass","1":"guns/1-metal-mixed","2":"guns/concrete_black","particle":"blocks/glass"},"elements":[{"from":[4,15.1,3.35],"to":[13,18.35,4.1],"rotation":{"angle":22.5,"axis":"x","origin":[0,2.1,-4.65]},"faces":{"north":{"uv":[7,5,16,8.25],"texture":"#1"},"east":{"uv":[0,0,0.75,3.25],"texture":"#1"},"south":{"uv":[0,0,9,3.25],"texture":"#1"},"west":{"uv":[0,0,0.75,3.25],"texture":"#1"},"up":{"uv":[0,0,9,0.75],"texture":"#1"},"down":{"uv":[0,0,9,0.75],"texture":"#1"}}},{"from":[10,13.8,3.35],"to":[13,15.1,4.1],"rotation":{"angle":22.5,"axis":"x","origin":[0,2.1,-4.65]},"faces":{"north":{"uv":[0,5.875,3.7,9],"texture":"#1"},"east":{"uv":[0,5.875,3.7,9],"texture":"#1"},"south":{"uv":[0,5.875,3.7,9],"texture":"#1"},"west":{"uv":[0,5.875,3.7,9],"texture":"#1"},"up":{"uv":[0,5.875,3.7,9],"texture":"#1"},"down":{"uv":[0,5.875,3.7,9],"texture":"#1"}}},{"from":[4,13.8,3.35],"to":[7,15.1,4.1],"rotation":{"angle":22.5,"axis":"x","origin":[-4.75,2.1,-4.65]},"faces":{"north":{"uv":[0,5.875,3.7,9],"texture":"#1"},"east":{"uv":[0,0,0.75,1],"texture":"#1"},"south":{"uv":[0,0,3,1],"texture":"#1"},"west":{"uv":[0,0,0.75,1],"texture":"#1"},"up":{"uv":[0,0,3,0.75],"texture":"#1"},"down":{"uv":[0,0,3,0.75],"texture":"#1"}}},{"from":[4,4.1,3.35],"to":[13,13.8,4.1],"rotation":{"angle":22.5,"axis":"x","origin":[0,2.1,-4.65]},"faces":{"north":{"uv":[0,2.975,8.4,16],"texture":"#1"},"east":{"uv":[0,2.975,8.4,16],"texture":"#1"},"south":{"uv":[0,2.975,8.4,16],"texture":"#1"},"west":{"uv":[0,2.975,8.4,16],"texture":"#1"},"up":{"uv":[0,2.975,8.4,16],"texture":"#1"},"down":{"uv":[0,2.975,8.4,16],"texture":"#1"}}},{"from":[12.65,-2.8,11.175],"to":[12.9,6.55,11.425],"rotation":{"angle":-22.5,"axis":"x","origin":[0,-1.55,2.75]},"faces":{"north":{"uv":[0,2.975,8.4,16],"texture":"#2"},"east":{"uv":[0,2.975,8.4,16],"texture":"#2"},"south":{"uv":[0,2.975,8.4,16],"texture":"#2"},"west":{"uv":[0,2.975,8.4,16],"texture":"#2"},"up":{"uv":[0,2.975,8.4,16],"texture":"#2"},"down":{"uv":[0,2.975,8.4,16],"texture":"#2"}}},{"from":[4.075,-2.8,11.175],"to":[4.325,6.55,11.425],"rotation":{"angle":-22.5,"axis":"x","origin":[-8.575,-1.55,2.75]},"faces":{"north":{"uv":[0,2.975,8.4,16],"texture":"#2"},"east":{"uv":[0,2.975,8.4,16],"texture":"#2"},"south":{"uv":[0,2.975,8.4,16],"texture":"#2"},"west":{"uv":[0,2.975,8.4,16],"texture":"#2"},"up":{"uv":[0,2.975,8.4,16],"texture":"#2"},"down":{"uv":[0,2.975,8.4,16],"texture":"#2"}}},{"from":[7,13.55,4.5],"to":[10,14.85,4.5],"rotation":{"angle":22.5,"axis":"x","origin":[0,4.85,-3.5]},"faces":{"north":{"uv":[0,0,16,8],"texture":"#0"},"east":{"uv":[0,0,16,8],"texture":"#0"},"south":{"uv":[0,0,16,8],"texture":"#0"},"west":{"uv":[0,0,16,8],"texture":"#0"},"up":{"uv":[0,0,16,8],"texture":"#0"},"down":{"uv":[0,0,16,8],"texture":"#0"}}}],"display":{"firstperson_lefthand":{"rotation":[0,142,0],"translation":[-1.75,5.75,2.75],"scale":[0.32,0.32,0.32]},"gui":{"rotation":[5,-160,0],"translation":[0,0.75,0],"scale":[1.08,1.08,1.08]}}}