{"credit":"Made with Blockbench","textures":{"0":"item/rpskins/096096096","1":"other/wood-light"},"elements":[{"from":[9.80865,5.1333,7.4675],"to":[10.89495,5.4102,8.2769],"rotation":{"angle":0,"axis":"y","origin":[8.99925,0,-9.04]},"faces":{"north":{"uv":[0.375,2.375,0.875,2.5],"texture":"#0"},"east":{"uv":[7.625,2.375,8,2.5],"texture":"#0"},"south":{"uv":[0.375,2.375,0.875,2.5],"texture":"#0"},"west":{"uv":[7.625,2.375,8,2.5],"texture":"#0"},"up":{"uv":[0.375,7.625,0.875,8],"texture":"#0"},"down":{"uv":[0.375,7.625,0.875,8],"texture":"#0"}}},{"from":[9.80865,5.4102,6.9137],"to":[10.08555,6.2196,7.1906],"rotation":{"angle":0,"axis":"y","origin":[8.99925,0,-9.04]},"faces":{"north":{"uv":[0.375,2.5,0.5,2.875],"texture":"#0"},"east":{"uv":[7.375,2.5,7.5,2.875],"texture":"#0"},"south":{"uv":[0.375,2.5,0.5,2.875],"texture":"#0"},"west":{"uv":[7.375,2.5,7.5,2.875],"texture":"#0"},"up":{"uv":[0.375,7.375,0.5,7.5],"texture":"#0"},"down":{"uv":[0.375,7.375,0.5,7.5],"texture":"#0"}}},{"from":[9.80865,5.4102,7.1906],"to":[11.17185,5.6871,7.4675],"rotation":{"angle":0,"axis":"y","origin":[8.99925,0,-9.04]},"faces":{"north":{"uv":[0.375,2.5,1,2.625],"texture":"#0"},"east":{"uv":[7.5,2.5,7.625,2.625],"texture":"#0"},"south":{"uv":[0.375,2.5,1,2.625],"texture":"#0"},"west":{"uv":[7.5,2.5,7.625,2.625],"texture":"#0"},"up":{"uv":[0.375,7.5,1,7.625],"texture":"#0"},"down":{"uv":[0.375,7.5,1,7.625],"texture":"#0"}}},{"from":[9.80865,5.4102,8.2769],"to":[11.17185,5.6871,8.5325],"rotation":{"angle":0,"axis":"y","origin":[8.99925,0,-9.04]},"faces":{"north":{"uv":[0.375,2.5,1,2.625],"texture":"#0"},"east":{"uv":[8,2.5,8.125,2.625],"texture":"#0"},"south":{"uv":[0.375,2.5,1,2.625],"texture":"#0"},"west":{"uv":[8,2.5,8.125,2.625],"texture":"#0"},"up":{"uv":[0.375,8,1,8.125],"texture":"#0"},"down":{"uv":[0.375,8,1,8.125],"texture":"#0"}}},{"from":[9.80865,5.4102,8.5325],"to":[10.08555,6.2196,8.8094],"rotation":{"angle":0,"axis":"y","origin":[8.99925,0,-9.04]},"faces":{"north":{"uv":[0.375,2.5,0.5,2.875],"texture":"#0"},"east":{"uv":[8.125,2.5,8.25,2.875],"texture":"#0"},"south":{"uv":[0.375,2.5,0.5,2.875],"texture":"#0"},"west":{"uv":[8.125,2.5,8.25,2.875],"texture":"#0"},"up":{"uv":[0.375,8.125,0.5,8.25],"texture":"#0"},"down":{"uv":[0.375,8.125,0.5,8.25],"texture":"#0"}}},{"from":[9.80865,5.9427,7.1906],"to":[11.17185,6.2196,7.4675],"rotation":{"angle":0,"axis":"y","origin":[8.99925,0,-9.04]},"faces":{"north":{"uv":[0.375,2.75,1,2.875],"texture":"#0"},"east":{"uv":[7.5,2.75,7.625,2.875],"texture":"#0"},"south":{"uv":[0.375,2.75,1,2.875],"texture":"#0"},"west":{"uv":[7.5,2.75,7.625,2.875],"texture":"#0"},"up":{"uv":[0.375,7.5,1,7.625],"texture":"#0"},"down":{"uv":[0.375,7.5,1,7.625],"texture":"#0"}}},{"from":[9.80865,5.9427,8.2769],"to":[11.17185,6.2196,8.5325],"rotation":{"angle":0,"axis":"y","origin":[8.99925,0,-9.04]},"faces":{"north":{"uv":[0.375,2.75,1,2.875],"texture":"#0"},"east":{"uv":[8,2.75,8.125,2.875],"texture":"#0"},"south":{"uv":[0.375,2.75,1,2.875],"texture":"#0"},"west":{"uv":[8,2.75,8.125,2.875],"texture":"#0"},"up":{"uv":[0.375,8,1,8.125],"texture":"#0"},"down":{"uv":[0.375,8,1,8.125],"texture":"#0"}}},{"from":[9.80865,6.2196,7.4675],"to":[10.89495,6.4965,8.2769],"rotation":{"angle":0,"axis":"y","origin":[8.99925,0,-9.04]},"faces":{"north":{"uv":[0.375,2.875,0.875,3],"texture":"#0"},"east":{"uv":[7.625,2.875,8,3],"texture":"#0"},"south":{"uv":[0.375,2.875,0.875,3],"texture":"#0"},"west":{"uv":[7.625,2.875,8,3],"texture":"#0"},"up":{"uv":[0.375,7.625,0.875,8],"texture":"#0"},"down":{"uv":[0.375,7.625,0.875,8],"texture":"#0"}}},{"from":[10.08555,5.4102,7.4675],"to":[11.98125,5.6871,8.2769],"rotation":{"angle":0,"axis":"y","origin":[8.99925,0,-9.04]},"faces":{"north":{"uv":[0.5,2.5,1.375,2.625],"texture":"#0"},"east":{"uv":[7.625,2.5,8,2.625],"texture":"#0"},"south":{"uv":[0.5,2.5,1.375,2.625],"texture":"#0"},"west":{"uv":[7.625,2.5,8,2.625],"texture":"#0"},"up":{"uv":[0.5,7.625,1.375,8],"texture":"#0"},"down":{"uv":[0.5,7.625,1.375,8],"texture":"#0"}}},{"from":[10.08555,5.6871,7.1906],"to":[10.34115,5.9427,7.4675],"rotation":{"angle":0,"axis":"y","origin":[8.99925,0,-9.04]},"faces":{"north":{"uv":[0.5,2.625,0.625,2.75],"texture":"#0"},"east":{"uv":[7.5,2.625,7.625,2.75],"texture":"#0"},"south":{"uv":[0.5,2.625,0.625,2.75],"texture":"#0"},"west":{"uv":[7.5,2.625,7.625,2.75],"texture":"#0"},"up":{"uv":[0.5,7.5,0.625,7.625],"texture":"#0"},"down":{"uv":[0.5,7.5,0.625,7.625],"texture":"#0"}}},{"from":[10.08555,5.6871,8.2769],"to":[10.34115,5.9427,8.5325],"rotation":{"angle":0,"axis":"y","origin":[8.99925,0,-9.04]},"faces":{"north":{"uv":[0.5,2.625,0.625,2.75],"texture":"#0"},"east":{"uv":[8,2.625,8.125,2.75],"texture":"#0"},"south":{"uv":[0.5,2.625,0.625,2.75],"texture":"#0"},"west":{"uv":[8,2.625,8.125,2.75],"texture":"#0"},"up":{"uv":[0.5,8,0.625,8.125],"texture":"#0"},"down":{"uv":[0.5,8,0.625,8.125],"texture":"#0"}}},{"from":[10.08555,5.9427,7.4675],"to":[11.98125,6.2196,8.2769],"rotation":{"angle":0,"axis":"y","origin":[8.99925,0,-9.04]},"faces":{"north":{"uv":[0.5,2.75,1.375,2.875],"texture":"#0"},"east":{"uv":[7.625,2.75,8,2.875],"texture":"#0"},"south":{"uv":[0.5,2.75,1.375,2.875],"texture":"#0"},"west":{"uv":[7.625,2.75,8,2.875],"texture":"#0"},"up":{"uv":[0.5,7.625,1.375,8],"texture":"#0"},"down":{"uv":[0.5,7.625,1.375,8],"texture":"#0"}}},{"from":[10.89495,5.1333,7.7231],"to":[11.42745,5.4102,8],"rotation":{"angle":0,"axis":"y","origin":[8.99925,0,-9.04]},"faces":{"north":{"uv":[0.875,2.375,1.125,2.5],"texture":"#0"},"east":{"uv":[7.75,2.375,7.875,2.5],"texture":"#0"},"south":{"uv":[0.875,2.375,1.125,2.5],"texture":"#0"},"west":{"uv":[7.75,2.375,7.875,2.5],"texture":"#0"},"up":{"uv":[0.875,7.75,1.125,7.875],"texture":"#0"},"down":{"uv":[0.875,7.75,1.125,7.875],"texture":"#0"}}},{"from":[10.89495,5.6871,7.1906],"to":[11.42745,5.9427,7.7231],"rotation":{"angle":0,"axis":"y","origin":[8.99925,0,-9.04]},"faces":{"north":{"uv":[0.875,2.625,1.125,2.75],"texture":"#0"},"east":{"uv":[7.5,2.625,7.75,2.75],"texture":"#0"},"south":{"uv":[0.875,2.625,1.125,2.75],"texture":"#0"},"west":{"uv":[7.5,2.625,7.75,2.75],"texture":"#0"},"up":{"uv":[0.875,7.5,1.125,7.75],"texture":"#0"},"down":{"uv":[0.875,7.5,1.125,7.75],"texture":"#0"}}},{"from":[10.89495,5.6871,8],"to":[13.25925,5.9427,8.2769],"rotation":{"angle":0,"axis":"y","origin":[8.99925,0,-9.04]},"faces":{"north":{"uv":[0.875,2.625,6.25,2.75],"texture":"#0"},"east":{"uv":[7.875,2.625,8,2.75],"texture":"#0"},"south":{"uv":[0.875,2.625,6.25,2.75],"texture":"#0"},"west":{"uv":[7.875,2.625,8,2.75],"texture":"#0"},"up":{"uv":[0.875,7.875,6.25,8],"texture":"#0"},"down":{"uv":[0.875,7.875,6.25,8],"texture":"#0"}}},{"from":[10.89495,5.6871,8.2769],"to":[11.42745,5.9427,8.5325],"rotation":{"angle":0,"axis":"y","origin":[8.99925,0,-9.04]},"faces":{"north":{"uv":[0.875,2.625,1.125,2.75],"texture":"#0"},"east":{"uv":[8,2.625,8.125,2.75],"texture":"#0"},"south":{"uv":[0.875,2.625,1.125,2.75],"texture":"#0"},"west":{"uv":[8,2.625,8.125,2.75],"texture":"#0"},"up":{"uv":[0.875,8,1.125,8.125],"texture":"#0"},"down":{"uv":[0.875,8,1.125,8.125],"texture":"#0"}}},{"from":[10.89495,6.2196,7.7231],"to":[11.42745,6.4965,8],"rotation":{"angle":0,"axis":"y","origin":[8.99925,0,-9.04]},"faces":{"north":{"uv":[0.875,2.875,1.125,3],"texture":"#0"},"east":{"uv":[7.75,2.875,7.875,3],"texture":"#0"},"south":{"uv":[0.875,2.875,1.125,3],"texture":"#0"},"west":{"uv":[7.75,2.875,7.875,3],"texture":"#0"},"up":{"uv":[0.875,7.75,1.125,7.875],"texture":"#0"},"down":{"uv":[0.875,7.75,1.125,7.875],"texture":"#0"}}},{"from":[11.42745,5.6871,7.4675],"to":[13.25925,5.9427,7.7231],"rotation":{"angle":0,"axis":"y","origin":[8.99925,0,-9.04]},"faces":{"north":{"uv":[1.125,2.625,6.25,2.75],"texture":"#0"},"east":{"uv":[7.625,2.625,7.75,2.75],"texture":"#0"},"south":{"uv":[1.125,2.625,6.25,2.75],"texture":"#0"},"west":{"uv":[7.625,2.625,7.75,2.75],"texture":"#0"},"up":{"uv":[1.125,7.625,6.25,7.75],"texture":"#0"},"down":{"uv":[1.125,7.625,6.25,7.75],"texture":"#0"}}},{"from":[11.98125,5.4102,7.7231],"to":[13.25925,5.6871,8],"rotation":{"angle":0,"axis":"y","origin":[8.99925,0,-9.04]},"faces":{"north":{"uv":[1.375,2.5,6.25,2.625],"texture":"#0"},"east":{"uv":[7.75,2.5,7.875,2.625],"texture":"#0"},"south":{"uv":[1.375,2.5,6.25,2.625],"texture":"#0"},"west":{"uv":[7.75,2.5,7.875,2.625],"texture":"#0"},"up":{"uv":[1.375,7.75,6.25,7.875],"texture":"#0"},"down":{"uv":[1.375,7.75,6.25,7.875],"texture":"#0"}}},{"from":[11.98125,5.9427,7.7231],"to":[13.25925,6.2196,8],"rotation":{"angle":0,"axis":"y","origin":[8.99925,0,-9.04]},"faces":{"north":{"uv":[1.375,2.75,6.25,2.875],"texture":"#0"},"east":{"uv":[7.75,2.75,7.875,2.875],"texture":"#0"},"south":{"uv":[1.375,2.75,6.25,2.875],"texture":"#0"},"west":{"uv":[7.75,2.75,7.875,2.875],"texture":"#0"},"up":{"uv":[1.375,7.75,6.25,7.875],"texture":"#0"},"down":{"uv":[1.375,7.75,6.25,7.875],"texture":"#0"}}},{"from":[12.72675,5.4102,7.4675],"to":[13.25925,5.6871,7.7231],"rotation":{"angle":0,"axis":"y","origin":[-0.26625,0,-9.04]},"faces":{"north":{"uv":[6,2.5,6.25,2.625],"texture":"#0"},"east":{"uv":[7.625,2.5,7.75,2.625],"texture":"#0"},"south":{"uv":[6,2.5,6.25,2.625],"texture":"#0"},"west":{"uv":[7.625,2.5,7.75,2.625],"texture":"#0"},"up":{"uv":[6,7.625,6.25,7.75],"texture":"#0"},"down":{"uv":[6,7.625,6.25,7.75],"texture":"#0"}}},{"from":[12.72675,5.4102,8],"to":[13.25925,5.6871,8.2769],"rotation":{"angle":0,"axis":"y","origin":[-0.26625,0,-9.04]},"faces":{"north":{"uv":[6,2.5,6.25,2.625],"texture":"#0"},"east":{"uv":[7.875,2.5,8,2.625],"texture":"#0"},"south":{"uv":[6,2.5,6.25,2.625],"texture":"#0"},"west":{"uv":[7.875,2.5,8,2.625],"texture":"#0"},"up":{"uv":[6,7.875,6.25,8],"texture":"#0"},"down":{"uv":[6,7.875,6.25,8],"texture":"#0"}}},{"from":[12.72675,5.9427,7.4675],"to":[13.25925,6.2196,7.7231],"rotation":{"angle":0,"axis":"y","origin":[-0.26625,0,-9.04]},"faces":{"north":{"uv":[6,2.75,6.25,2.875],"texture":"#0"},"east":{"uv":[7.625,2.75,7.75,2.875],"texture":"#0"},"south":{"uv":[6,2.75,6.25,2.875],"texture":"#0"},"west":{"uv":[7.625,2.75,7.75,2.875],"texture":"#0"},"up":{"uv":[6,7.625,6.25,7.75],"texture":"#0"},"down":{"uv":[6,7.625,6.25,7.75],"texture":"#0"}}},{"from":[12.72675,5.9427,8],"to":[13.25925,6.2196,8.2769],"rotation":{"angle":0,"axis":"y","origin":[-0.26625,0,-9.04]},"faces":{"north":{"uv":[6,2.75,6.25,2.875],"texture":"#0"},"east":{"uv":[7.875,2.75,8,2.875],"texture":"#0"},"south":{"uv":[6,2.75,6.25,2.875],"texture":"#0"},"west":{"uv":[7.875,2.75,8,2.875],"texture":"#0"},"up":{"uv":[6,7.875,6.25,8],"texture":"#0"},"down":{"uv":[6,7.875,6.25,8],"texture":"#0"}}},{"from":[7.52832,5.52788,7.55802],"to":[7.70511,5.88146,7.9116],"rotation":{"angle":0,"axis":"z","origin":[9.5614,5.43949,7.46963]},"faces":{"north":{"uv":[1.8125,1.425,1.975,1.275],"rotation":90,"texture":"#1"},"east":{"uv":[1.8125,1.425,1.975,1.275],"rotation":270,"texture":"#1"},"south":{"uv":[1.8125,1.425,1.975,1.275],"rotation":270,"texture":"#1"},"west":{"uv":[1.8125,1.425,1.975,1.275],"rotation":270,"texture":"#1"},"up":{"uv":[1.8125,1.425,1.975,1.275],"rotation":270,"texture":"#1"},"down":{"uv":[1.8125,1.425,1.975,1.275],"rotation":270,"texture":"#1"}}},{"from":[7.70511,5.43949,7.46963],"to":[9.03103,5.96986,8],"rotation":{"angle":0,"axis":"z","origin":[9.91498,5.43949,7.46963]},"faces":{"north":{"uv":[0,1,0.50625,1.49375],"rotation":90,"texture":"#1"},"east":{"uv":[0,1,0.50625,1.49375],"rotation":270,"texture":"#1"},"south":{"uv":[0,1,0.50625,1.49375],"rotation":270,"texture":"#1"},"west":{"uv":[0,1,0.50625,1.49375],"rotation":270,"texture":"#1"},"up":{"uv":[0,1,0.50625,1.49375],"rotation":270,"texture":"#1"},"down":{"uv":[0,1,0.50625,1.49375],"rotation":270,"texture":"#1"}}},{"from":[7.39573,5.61628,7.64642],"to":[7.52832,5.79307,7.82321],"rotation":{"angle":0,"axis":"z","origin":[9.6056,5.43949,7.46963]},"faces":{"north":{"uv":[1.3125,1.675,1.475,1.525],"rotation":90,"texture":"#1"},"east":{"uv":[1.3125,1.675,1.475,1.525],"rotation":270,"texture":"#1"},"south":{"uv":[1.3125,1.675,1.475,1.525],"rotation":270,"texture":"#1"},"west":{"uv":[1.3125,1.675,1.475,1.525],"rotation":270,"texture":"#1"},"up":{"uv":[1.3125,1.675,1.475,1.525],"rotation":270,"texture":"#1"},"down":{"uv":[1.3125,1.675,1.475,1.525],"rotation":270,"texture":"#1"}}},{"from":[7.68807,5.04863,7.55802],"to":[7.86486,5.40221,7.9116],"rotation":{"angle":22.5,"axis":"z","origin":[9.72115,5.11999,7.46963]},"faces":{"north":{"uv":[1.8125,1.425,1.975,1.275],"rotation":90,"texture":"#1"},"east":{"uv":[1.8125,1.425,1.975,1.275],"rotation":270,"texture":"#1"},"south":{"uv":[1.8125,1.425,1.975,1.275],"rotation":270,"texture":"#1"},"west":{"uv":[1.8125,1.425,1.975,1.275],"rotation":270,"texture":"#1"},"up":{"uv":[1.8125,1.425,1.975,1.275],"rotation":270,"texture":"#1"},"down":{"uv":[1.8125,1.425,1.975,1.275],"rotation":270,"texture":"#1"}}},{"from":[7.86486,5.11999,7.46963],"to":[9.19078,5.65036,8],"rotation":{"angle":22.5,"axis":"z","origin":[10.07473,5.11999,7.46963]},"faces":{"north":{"uv":[0,1,0.50625,1.49375],"rotation":90,"texture":"#1"},"east":{"uv":[0,1,0.50625,1.49375],"rotation":270,"texture":"#1"},"south":{"uv":[0,1,0.50625,1.49375],"rotation":270,"texture":"#1"},"west":{"uv":[0,1,0.50625,1.49375],"rotation":270,"texture":"#1"},"up":{"uv":[0,1,0.50625,1.49375],"rotation":270,"texture":"#1"},"down":{"uv":[0,1,0.50625,1.49375],"rotation":270,"texture":"#1"}}},{"from":[7.55548,5.13703,7.64642],"to":[7.68807,5.31382,7.82321],"rotation":{"angle":22.5,"axis":"z","origin":[9.76535,5.11999,7.46963]},"faces":{"north":{"uv":[1.3125,1.675,1.475,1.525],"rotation":90,"texture":"#1"},"east":{"uv":[1.3125,1.675,1.475,1.525],"rotation":270,"texture":"#1"},"south":{"uv":[1.3125,1.675,1.475,1.525],"rotation":270,"texture":"#1"},"west":{"uv":[1.3125,1.675,1.475,1.525],"rotation":270,"texture":"#1"},"up":{"uv":[1.3125,1.675,1.475,1.525],"rotation":270,"texture":"#1"},"down":{"uv":[1.3125,1.675,1.475,1.525],"rotation":270,"texture":"#1"}}},{"from":[7.52832,6.01405,7.55802],"to":[7.70511,6.36763,7.9116],"rotation":{"angle":-22.5,"axis":"z","origin":[9.5614,5.79307,7.46963]},"faces":{"north":{"uv":[1.8125,1.425,1.975,1.275],"rotation":90,"texture":"#1"},"east":{"uv":[1.8125,1.425,1.975,1.275],"rotation":270,"texture":"#1"},"south":{"uv":[1.8125,1.425,1.975,1.275],"rotation":270,"texture":"#1"},"west":{"uv":[1.8125,1.425,1.975,1.275],"rotation":270,"texture":"#1"},"up":{"uv":[1.8125,1.425,1.975,1.275],"rotation":270,"texture":"#1"},"down":{"uv":[1.8125,1.425,1.975,1.275],"rotation":270,"texture":"#1"}}},{"from":[7.70511,5.79307,7.46963],"to":[9.03103,6.32344,8],"rotation":{"angle":-22.5,"axis":"z","origin":[9.91498,5.79307,7.46963]},"faces":{"north":{"uv":[0,1,0.50625,1.49375],"rotation":90,"texture":"#1"},"east":{"uv":[0,1,0.50625,1.49375],"rotation":270,"texture":"#1"},"south":{"uv":[0,1,0.50625,1.49375],"rotation":270,"texture":"#1"},"west":{"uv":[0,1,0.50625,1.49375],"rotation":270,"texture":"#1"},"up":{"uv":[0,1,0.50625,1.49375],"rotation":270,"texture":"#1"},"down":{"uv":[0,1,0.50625,1.49375],"rotation":270,"texture":"#1"}}},{"from":[7.39573,6.10245,7.64642],"to":[7.52832,6.27924,7.82321],"rotation":{"angle":-22.5,"axis":"z","origin":[9.6056,5.79307,7.46963]},"faces":{"north":{"uv":[1.3125,1.675,1.475,1.525],"rotation":90,"texture":"#1"},"east":{"uv":[1.3125,1.675,1.475,1.525],"rotation":270,"texture":"#1"},"south":{"uv":[1.3125,1.675,1.475,1.525],"rotation":270,"texture":"#1"},"west":{"uv":[1.3125,1.675,1.475,1.525],"rotation":270,"texture":"#1"},"up":{"uv":[1.3125,1.675,1.475,1.525],"rotation":270,"texture":"#1"},"down":{"uv":[1.3125,1.675,1.475,1.525],"rotation":270,"texture":"#1"}}}],"display":{"thirdperson_righthand":{"rotation":[0,-90,0],"translation":[0,11.5434,4.185],"scale":[2.5,2.5,2.5]},"thirdperson_lefthand":{"rotation":[0,90,0],"translation":[0,11.5434,4.185],"scale":[2.5,2.5,2.5]},"firstperson_righthand":{"rotation":[90,-90,0],"translation":[2.465,9.7,-7.5],"scale":[3,3,3]},"firstperson_lefthand":{"rotation":[-90,-90,0],"translation":[6.965,11.2,-13.5],"scale":[3,3,3]},"ground":{"translation":[0,7.5978,0],"scale":[3.41,3.41,3.41]},"gui":{"rotation":[0,-180,0],"translation":[6.185,6.5108,0],"scale":[2.61,2.61,2.61]},"fixed":{"rotation":[0,-180,0],"translation":[6.185,6.5108,0],"scale":[2.61,2.61,2.61]}},"groups":[0,1,2,3,4,5,6,7,8,9,10,11,12,13,14,15,16,17,18,19,20,21,22,23,{"name":"Redot","origin":[0.8,-4.55,7.85],"color":0,"children":[]},{"name":"holo","origin":[1.65,0.075,0],"color":0,"children":[{"name":"reddot","origin":[8,8,8],"color":0,"children":[]}]},{"name":"Telescopicsight","origin":[8,8,8],"color":0,"children":[{"name":"Sight","origin":[-1.68595,0.15703,2.12955],"color":0,"children":[]},{"name":"Rail","origin":[2.625,0,0.025],"color":0,"children":[]}]},24,25,26,27,28,29,30,31,32]}