{"credit":"Made with Blockbench","textures":{"0":"item/rpskins/096096096"},"elements":[{"from":[-3.0805,3.649,8.25],"to":[9.78,3.889,8.64],"rotation":{"angle":0,"axis":"y","origin":[-6.24,3.649,10.1805]},"faces":{"north":{"uv":[0,0,3.7875,1.275],"texture":"#0"},"east":{"uv":[0,0,3.7875,1.275],"texture":"#0"},"south":{"uv":[0,0,3.7875,1.275],"texture":"#0"},"west":{"uv":[0,0,3.7875,1.275],"texture":"#0"},"up":{"uv":[0,0,3.7875,1.275],"texture":"#0"},"down":{"uv":[0,0,3.7875,1.275],"texture":"#0"}}},{"from":[-3.0805,3.649,8.625],"to":[9.78,4.539,8.89],"rotation":{"angle":0,"axis":"y","origin":[-6.24,3.649,10.1805]},"faces":{"north":{"uv":[0,0,3.7875,1.275],"texture":"#0"},"east":{"uv":[0,0,3.7875,1.275],"texture":"#0"},"south":{"uv":[0,0,3.7875,1.275],"texture":"#0"},"west":{"uv":[0,0,3.7875,1.275],"texture":"#0"},"up":{"uv":[0,0,3.7875,1.275],"texture":"#0"},"down":{"uv":[0,0,3.7875,1.275],"texture":"#0"}}},{"from":[-3.0805,4.274,8.225],"to":[9.78,4.539,8.64],"rotation":{"angle":0,"axis":"y","origin":[-6.24,3.649,10.1805]},"faces":{"north":{"uv":[0,0,3.7875,1.275],"texture":"#0"},"east":{"uv":[0,0,3.7875,1.275],"texture":"#0"},"south":{"uv":[0,0,3.7875,1.275],"texture":"#0"},"west":{"uv":[0,0,3.7875,1.275],"texture":"#0"},"up":{"uv":[0,0,3.7875,1.275],"texture":"#0"},"down":{"uv":[0,0,3.7875,1.275],"texture":"#0"}}},{"from":[-3.0805,3.649,8],"to":[9.78,4.539,8.265],"rotation":{"angle":0,"axis":"y","origin":[-6.24,3.649,10.1805]},"faces":{"north":{"uv":[0,0,3.7875,1.275],"texture":"#0"},"east":{"uv":[0,0,3.7875,1.275],"texture":"#0"},"south":{"uv":[0,0,3.7875,1.275],"texture":"#0"},"west":{"uv":[0,0,3.7875,1.275],"texture":"#0"},"up":{"uv":[0,0,3.7875,1.275],"texture":"#0"},"down":{"uv":[0,0,3.7875,1.275],"texture":"#0"}}},{"from":[9.7695,3.224,7.9],"to":[10.105,4.639,8.99],"rotation":{"angle":0,"axis":"y","origin":[-6.24,3.649,10.1805]},"faces":{"north":{"uv":[0,0,0.51875,1.50937],"texture":"#0"},"east":{"uv":[0,0,0.51875,1.50937],"texture":"#0"},"south":{"uv":[0,0,0.51875,1.50937],"texture":"#0"},"west":{"uv":[0,0,0.51875,1.50937],"texture":"#0"},"up":{"uv":[0,0,0.51875,1.50937],"texture":"#0"},"down":{"uv":[0,0,0.51875,1.50937],"texture":"#0"}}},{"from":[-3.214,3.738,8.614],"to":[-3.0805,4.45,8.801],"rotation":{"angle":0,"axis":"y","origin":[-6.24,3.649,10.1805]},"faces":{"north":{"uv":[0,0,0.37187,1.22812],"texture":"#0"},"east":{"uv":[0,0,0.37187,1.22812],"texture":"#0"},"south":{"uv":[0,0,0.37187,1.22812],"texture":"#0"},"west":{"uv":[0,0,1.54062,1.275],"texture":"#0"},"up":{"uv":[0,0,0.37187,1.22812],"texture":"#0"},"down":{"uv":[0,0,0.37187,1.22812],"texture":"#0"}}},{"from":[-3.214,3.738,8.264],"to":[-3.0805,3.925,8.626],"rotation":{"angle":0,"axis":"y","origin":[-6.24,3.649,10.0055]},"faces":{"north":{"uv":[0,0,0.37187,1.22812],"texture":"#0"},"east":{"uv":[0,0,0.37187,1.22812],"texture":"#0"},"south":{"uv":[0,0,0.37187,1.22812],"texture":"#0"},"west":{"uv":[0,0,1.54062,1.275],"texture":"#0"},"up":{"uv":[0,0,0.37187,1.22812],"texture":"#0"},"down":{"uv":[0,0,0.37187,1.22812],"texture":"#0"}}},{"from":[-3.214,4.263,8.264],"to":[-3.0805,4.45,8.626],"rotation":{"angle":0,"axis":"y","origin":[-6.24,4.174,10.0055]},"faces":{"north":{"uv":[0,0,0.37187,1.22812],"texture":"#0"},"east":{"uv":[0,0,0.37187,1.22812],"texture":"#0"},"south":{"uv":[0,0,0.37187,1.22812],"texture":"#0"},"west":{"uv":[0,0,1.54062,1.275],"texture":"#0"},"up":{"uv":[0,0,0.37187,1.22812],"texture":"#0"},"down":{"uv":[0,0,0.37187,1.22812],"texture":"#0"}}},{"from":[-3.214,3.738,8.089],"to":[-3.0805,4.45,8.276],"rotation":{"angle":0,"axis":"y","origin":[-6.24,3.649,10.1805]},"faces":{"north":{"uv":[0,0,0.37187,1.22812],"texture":"#0"},"east":{"uv":[0,0,0.37187,1.22812],"texture":"#0"},"south":{"uv":[0,0,0.37187,1.22812],"texture":"#0"},"west":{"uv":[0,0,1.54062,1.275],"texture":"#0"},"up":{"uv":[0,0,0.37187,1.22812],"texture":"#0"},"down":{"uv":[0,0,0.37187,1.22812],"texture":"#0"}}},{"from":[7.911,3.3375,8.1335],"to":[9.78,3.649,8.7565],"rotation":{"angle":0,"axis":"y","origin":[-6.24,3.649,10.1805]},"faces":{"north":{"uv":[0,0.575,2.17812,0.9],"texture":"#0"},"east":{"uv":[0,0.575,2.17812,0.9],"texture":"#0"},"south":{"uv":[0,0.575,2.17812,0.9],"texture":"#0"},"west":{"uv":[0,0.575,2.17812,0.9],"texture":"#0"},"up":{"uv":[0,0.575,2.17812,0.9],"texture":"#0"},"down":{"uv":[0,0.575,2.17812,0.9],"texture":"#0"}}},{"from":[-3.0805,4.5835,8.3115],"to":[-2.1905,4.7615,8.5785],"rotation":{"angle":0,"axis":"y","origin":[-6.24,3.7825,10.1805]},"faces":{"north":{"uv":[0,0.25,1.5,0.5],"texture":"#0"},"east":{"uv":[0,0.25,1.5,0.5],"texture":"#0"},"south":{"uv":[0,0.25,1.5,0.5],"texture":"#0"},"west":{"uv":[0,0.25,1.5,0.5],"texture":"#0"},"up":{"uv":[0,0.25,1.5,0.5],"texture":"#0"},"down":{"uv":[0,0.25,1.5,0.5],"texture":"#0"}}},{"from":[-2.6355,4.7615,8.3115],"to":[-2.1905,4.8505,8.5785],"rotation":{"angle":0,"axis":"y","origin":[-6.24,3.9605,10.1805]},"faces":{"north":{"uv":[0,0,1,0.25],"texture":"#0"},"east":{"uv":[0,0,1,0.25],"texture":"#0"},"south":{"uv":[0,0,1,0.25],"texture":"#0"},"west":{"uv":[0,0,1,0.25],"texture":"#0"},"up":{"uv":[0,0,1,0.25],"texture":"#0"},"down":{"uv":[0,0,1,0.25],"texture":"#0"}}},{"from":[-3.0805,4.539,8.178],"to":[9.78,4.6013,8.712],"rotation":{"angle":0,"axis":"y","origin":[-6.24,3.6935,10.1805]},"faces":{"north":{"uv":[0,0,7.225,0.035],"texture":"#0"},"east":{"uv":[0,0,0.3,0.035],"texture":"#0"},"south":{"uv":[0,0,7.225,0.035],"texture":"#0"},"west":{"uv":[0,0,0.3,0.035],"texture":"#0"},"up":{"uv":[0,0,7.225,0.3],"texture":"#0"},"down":{"uv":[0,0,7.225,0.3],"texture":"#0"}}},{"from":[-3.0805,3.5867,8.178],"to":[7.911,3.649,8.712],"rotation":{"angle":0,"axis":"y","origin":[-6.24,2.759,10.1805]},"faces":{"north":{"uv":[0,0,6.175,0.035],"texture":"#0"},"east":{"uv":[0,0,0.3,0.035],"texture":"#0"},"south":{"uv":[0,0,6.175,0.035],"texture":"#0"},"west":{"uv":[0,0,0.3,0.035],"texture":"#0"},"up":{"uv":[0,0,6.175,0.3],"texture":"#0"},"down":{"uv":[0,0,6.175,0.3],"texture":"#0"}}}],"display":{"thirdperson_righthand":{"rotation":[0,-90,-75],"translation":[0.75,2.25,2.5],"scale":[0.72,0.72,0.72]},"thirdperson_lefthand":{"rotation":[0,90,75],"translation":[0.75,2.25,2.75],"scale":[0.72,0.72,0.72]},"firstperson_righthand":{"rotation":[0,-90,-75],"translation":[8.75,1.25,0],"scale":[1.54,1.54,1.54]},"firstperson_lefthand":{"rotation":[0,90,75],"translation":[8.75,1.25,0],"scale":[1.54,1.54,1.54]},"ground":{"translation":[5.25,2.5,0],"scale":[1.64,1.64,1.64]},"gui":{"rotation":[0,-180,-40],"translation":[-9,0.5,0],"scale":[1.5,1.5,1.5]},"fixed":{"rotation":[0,-180,-40],"translation":[-9,0.5,0],"scale":[1.5,1.5,1.5]}}}