{"credit":"Made with Blockbench","textures":{"0":"item/rpskins/064064064","1":"item/rpskins/032032032"},"elements":[{"from":[7.065,6.653,8],"to":[16.191,8.658,8.33],"rotation":{"angle":0,"axis":"y","origin":[-64.305,0,0.98]},"faces":{"north":{"uv":[0,0,1.47813,0.71562],"texture":"#0"},"east":{"uv":[0,0,1.47813,0.71562],"texture":"#0"},"south":{"uv":[0,0,1.47813,0.71562],"texture":"#0"},"west":{"uv":[0,0,1.47813,0.71562],"texture":"#0"},"up":{"uv":[0,0,1.47813,0.71562],"texture":"#0"},"down":{"uv":[0,0,1.47813,0.71562],"texture":"#0"}}},{"from":[7.065,3.978,8],"to":[16.191,5.983,8.33],"rotation":{"angle":0,"axis":"y","origin":[-64.305,-2.55,0.98]},"faces":{"north":{"uv":[0,0,1.47813,0.71562],"texture":"#0"},"east":{"uv":[1.29688,0.80938,2.775,1.525],"texture":"#0"},"south":{"uv":[1.29688,0.80938,2.775,1.525],"texture":"#0"},"west":{"uv":[1.29688,0.80938,2.775,1.525],"texture":"#0"},"up":{"uv":[1.29688,0.80938,2.775,1.525],"texture":"#0"},"down":{"uv":[1.29688,0.80938,2.775,1.525],"texture":"#0"}}},{"from":[7.065,6.528,12.675],"to":[16.191,8.658,13.005],"rotation":{"angle":0,"axis":"y","origin":[-64.305,0,5.655]},"faces":{"north":{"uv":[1.29688,0.80938,2.775,1.525],"texture":"#0"},"east":{"uv":[1.29688,0.80938,2.775,1.525],"texture":"#0"},"south":{"uv":[1.29688,0.80938,2.775,1.525],"texture":"#0"},"west":{"uv":[1.29688,0.80938,2.775,1.525],"texture":"#0"},"up":{"uv":[1.29688,0.80938,2.775,1.525],"texture":"#0"},"down":{"uv":[1.29688,0.80938,2.775,1.525],"texture":"#0"}}},{"from":[7.065,3.978,12.675],"to":[16.191,6.108,13.005],"rotation":{"angle":0,"axis":"y","origin":[-64.305,-2.55,5.655]},"faces":{"north":{"uv":[1.29688,0.80938,2.775,1.525],"texture":"#0"},"east":{"uv":[1.29688,0.80938,2.775,1.525],"texture":"#0"},"south":{"uv":[1.29688,0.80938,2.775,1.525],"texture":"#0"},"west":{"uv":[1.29688,0.80938,2.775,1.525],"texture":"#0"},"up":{"uv":[1.29688,0.80938,2.775,1.525],"texture":"#0"},"down":{"uv":[1.29688,0.80938,2.775,1.525],"texture":"#0"}}},{"from":[7.065,3.978,8.325],"to":[16.191,8.658,12.68],"rotation":{"angle":0,"axis":"y","origin":[-64.305,0,0.98]},"faces":{"north":{"uv":[3.125,2.52812,4.60313,3.24375],"texture":"#1"},"east":{"uv":[3.125,2.52812,4.60313,3.24375],"texture":"#1"},"south":{"uv":[3.125,2.52812,4.60313,3.24375],"texture":"#1"},"west":{"uv":[3.125,2.52812,4.60313,3.24375],"texture":"#1"},"up":{"uv":[3.125,2.52812,4.60313,3.24375],"texture":"#1"},"down":{"uv":[3.125,2.52812,4.60313,3.24375],"texture":"#1"}}},{"from":[16.19,3.703,7.825],"to":[16.866,8.933,13.18],"rotation":{"angle":0,"axis":"y","origin":[-63.905,0,0.98]},"faces":{"north":{"uv":[3.125,2.52812,3.61563,3.20625],"texture":"#0"},"east":{"uv":[3.125,2.52812,3.61563,3.20625],"texture":"#0"},"south":{"uv":[3.125,2.52812,3.61563,3.20625],"texture":"#0"},"west":{"uv":[3.125,2.52812,3.61563,3.20625],"texture":"#0"},"up":{"uv":[3.125,2.52812,3.61563,3.20625],"texture":"#0"},"down":{"uv":[3.125,2.52812,3.61563,3.20625],"texture":"#0"}}},{"from":[2.853,7.254,8],"to":[7.065,8.658,12.68],"rotation":{"angle":0,"axis":"y","origin":[-61.497,0,0.98]},"faces":{"north":{"uv":[0,0,0.80937,0.59375],"texture":"#0"},"east":{"uv":[0,0,0.80937,0.59375],"texture":"#0"},"south":{"uv":[0,0,0.80937,0.59375],"texture":"#0"},"west":{"uv":[0,0,0.80937,0.59375],"texture":"#0"},"up":{"uv":[0,0,0.80937,0.59375],"texture":"#0"},"down":{"uv":[0,0,0.80937,0.59375],"texture":"#0"}}},{"from":[2.853,3.978,8],"to":[7.065,5.382,12.68],"rotation":{"angle":0,"axis":"y","origin":[-61.497,-3.276,0.98]},"faces":{"north":{"uv":[0,0,0.80937,0.59375],"texture":"#0"},"east":{"uv":[0,0,0.80937,0.59375],"texture":"#0"},"south":{"uv":[0,0,0.80937,0.59375],"texture":"#0"},"west":{"uv":[0,0,0.80937,0.59375],"texture":"#0"},"up":{"uv":[0,0,0.80937,0.59375],"texture":"#0"},"down":{"uv":[0,0,0.80937,0.59375],"texture":"#0"}}},{"from":[1.215,4.112,8.234],"to":[2.853,5.382,12.446],"rotation":{"angle":0,"axis":"y","origin":[-61.497,-3.276,0.98]},"faces":{"north":{"uv":[0,0,0.80937,0.59375],"texture":"#0"},"east":{"uv":[0,0,0.80937,0.59375],"texture":"#0"},"south":{"uv":[0,0,0.80937,0.59375],"texture":"#0"},"west":{"uv":[0,0,0.80937,0.59375],"texture":"#0"},"up":{"uv":[0,0,0.80937,0.59375],"texture":"#0"},"down":{"uv":[0,0,0.80937,0.59375],"texture":"#0"}}},{"from":[1.215,7.254,8.234],"to":[2.853,8.524,12.446],"rotation":{"angle":0,"axis":"y","origin":[-61.497,0,0.98]},"faces":{"north":{"uv":[0,0,0.80937,0.59375],"texture":"#0"},"east":{"uv":[0,0,0.80937,0.59375],"texture":"#0"},"south":{"uv":[0,0,0.80937,0.59375],"texture":"#0"},"west":{"uv":[0,0,0.80937,0.59375],"texture":"#0"},"up":{"uv":[0,0,0.80937,0.59375],"texture":"#0"},"down":{"uv":[0,0,0.80937,0.59375],"texture":"#0"}}},{"from":[2.853,5.382,11.276],"to":[4.457,7.254,12.68],"rotation":{"angle":0,"axis":"y","origin":[-61.731,-1.638,0.98]},"faces":{"north":{"uv":[0,0,0.9625,0.69688],"texture":"#0"},"east":{"uv":[0,0,0.9625,0.69688],"texture":"#0"},"south":{"uv":[0,0,0.9625,0.69688],"texture":"#0"},"west":{"uv":[0,0,0.9625,0.69688],"texture":"#0"},"up":{"uv":[0,0,0.9625,0.69688],"texture":"#0"},"down":{"uv":[0,0,0.9625,0.69688],"texture":"#0"}}},{"from":[4.759,5.382,11.276],"to":[6.563,7.254,12.68],"rotation":{"angle":0,"axis":"y","origin":[-59.625,-1.638,0.98]},"faces":{"north":{"uv":[0,0,0.9625,0.69688],"texture":"#0"},"east":{"uv":[0,0,0.9625,0.69688],"texture":"#0"},"south":{"uv":[0,0,0.9625,0.69688],"texture":"#0"},"west":{"uv":[0,0,0.9625,0.69688],"texture":"#0"},"up":{"uv":[0,0,0.9625,0.69688],"texture":"#0"},"down":{"uv":[0,0,0.9625,0.69688],"texture":"#0"}}},{"from":[1.215,5.382,11.042],"to":[2.401,7.254,12.446],"rotation":{"angle":0,"axis":"y","origin":[-61.497,-1.638,0.746]},"faces":{"north":{"uv":[0,0,0.9625,0.69688],"texture":"#0"},"east":{"uv":[0,0,0.9625,0.69688],"texture":"#0"},"south":{"uv":[0,0,0.9625,0.69688],"texture":"#0"},"west":{"uv":[0,0,0.9625,0.69688],"texture":"#0"},"up":{"uv":[0,0,0.9625,0.69688],"texture":"#0"},"down":{"uv":[0,0,0.9625,0.69688],"texture":"#0"}}},{"from":[2.853,5.382,8],"to":[4.457,7.254,9.404],"rotation":{"angle":0,"axis":"y","origin":[-61.731,-1.638,-2.296]},"faces":{"north":{"uv":[0,0,0.55,0.58125],"texture":"#0"},"east":{"uv":[0,0,0.55,0.58125],"texture":"#0"},"south":{"uv":[0,0,0.55,0.58125],"texture":"#0"},"west":{"uv":[0,0,0.55,0.58125],"texture":"#0"},"up":{"uv":[0,0,0.55,0.58125],"texture":"#0"},"down":{"uv":[0,0,0.55,0.58125],"texture":"#0"}}},{"from":[1.215,5.382,8.234],"to":[2.401,7.254,9.638],"rotation":{"angle":0,"axis":"y","origin":[-61.497,-1.638,-2.062]},"faces":{"north":{"uv":[0,0,0.55,0.58125],"texture":"#0"},"east":{"uv":[0,0,0.55,0.58125],"texture":"#0"},"south":{"uv":[0,0,0.55,0.58125],"texture":"#0"},"west":{"uv":[0,0,0.55,0.58125],"texture":"#0"},"up":{"uv":[0,0,0.55,0.58125],"texture":"#0"},"down":{"uv":[0,0,0.55,0.58125],"texture":"#0"}}},{"from":[-0.423,5.382,11.042],"to":[0.738,7.254,12.446],"rotation":{"angle":0,"axis":"y","origin":[-63.135,-1.638,0.746]},"faces":{"north":{"uv":[0,0,0.9625,0.69688],"texture":"#0"},"east":{"uv":[0,0,0.9625,0.69688],"texture":"#0"},"south":{"uv":[0,0,0.9625,0.69688],"texture":"#0"},"west":{"uv":[0,0,0.9625,0.69688],"texture":"#0"},"up":{"uv":[0,0,0.9625,0.69688],"texture":"#0"},"down":{"uv":[0,0,0.9625,0.69688],"texture":"#0"}}},{"from":[-0.423,5.382,8.234],"to":[0.738,7.254,9.638],"rotation":{"angle":0,"axis":"y","origin":[-63.135,-1.638,-2.062]},"faces":{"north":{"uv":[0,0,0.55,0.58125],"texture":"#0"},"east":{"uv":[0,0,0.55,0.58125],"texture":"#0"},"south":{"uv":[0,0,0.55,0.58125],"texture":"#0"},"west":{"uv":[0,0,0.55,0.58125],"texture":"#0"},"up":{"uv":[0,0,0.55,0.58125],"texture":"#0"},"down":{"uv":[0,0,0.55,0.58125],"texture":"#0"}}},{"from":[-0.423,7.254,8.234],"to":[1.215,8.524,12.446],"rotation":{"angle":0,"axis":"y","origin":[-63.135,0,0.98]},"faces":{"north":{"uv":[0,0,0.80937,0.59375],"texture":"#0"},"east":{"uv":[0,0,0.80937,0.59375],"texture":"#0"},"south":{"uv":[0,0,0.80937,0.59375],"texture":"#0"},"west":{"uv":[0,0,0.80937,0.59375],"texture":"#0"},"up":{"uv":[0,0,0.80937,0.59375],"texture":"#0"},"down":{"uv":[0,0,0.80937,0.59375],"texture":"#0"}}},{"from":[-0.423,4.112,8.234],"to":[1.215,5.382,12.446],"rotation":{"angle":0,"axis":"y","origin":[-63.135,-3.276,0.98]},"faces":{"north":{"uv":[0,0,0.80937,0.59375],"texture":"#0"},"east":{"uv":[0,0,0.80937,0.59375],"texture":"#0"},"south":{"uv":[0,0,0.80937,0.59375],"texture":"#0"},"west":{"uv":[0,0,0.80937,0.59375],"texture":"#0"},"up":{"uv":[0,0,0.80937,0.59375],"texture":"#0"},"down":{"uv":[0,0,0.80937,0.59375],"texture":"#0"}}},{"from":[4.759,5.382,8],"to":[6.563,7.254,9.404],"rotation":{"angle":0,"axis":"y","origin":[-59.625,-1.638,-2.296]},"faces":{"north":{"uv":[0,0,0.55,0.58125],"texture":"#0"},"east":{"uv":[0,0,0.55,0.58125],"texture":"#0"},"south":{"uv":[0,0,0.55,0.58125],"texture":"#0"},"west":{"uv":[0,0,0.55,0.58125],"texture":"#0"},"up":{"uv":[0,0,0.55,0.58125],"texture":"#0"},"down":{"uv":[0,0,0.55,0.58125],"texture":"#0"}}}],"display":{"thirdperson_righthand":{"rotation":[0,-90,-75],"translation":[0.5,1.25,-0.25],"scale":[0.15,0.15,0.15]},"thirdperson_lefthand":{"rotation":[0,90,75],"translation":[-0.5,1.25,-0.25],"scale":[0.15,0.15,0.15]},"firstperson_righthand":{"rotation":[0,-90,-75],"translation":[1,4,1.25],"scale":[0.26,0.26,0.26]},"firstperson_lefthand":{"rotation":[0,90,75],"translation":[1,4,1.25],"scale":[0.26,0.26,0.26]},"ground":{"scale":[0.69,0.69,0.69]},"gui":{"rotation":[0,-180,-40],"translation":[-1.25,1.5,0],"scale":[1.01,1.01,1.01]}}}