{"credit":"Made with Blockbench","textures":{"0":"guns/goggles","particle":"guns/goggles"},"elements":[{"from":[8,2.95,10],"to":[8,3.5,10.85],"rotation":{"angle":0,"axis":"y","origin":[0,2.2,9.475]},"faces":{"north":{"uv":[7,7,13,13],"texture":"#0"},"east":{"uv":[7,7,13,13],"texture":"#0"},"south":{"uv":[7,7,13,13],"texture":"#0"},"west":{"uv":[7,7,13,13],"texture":"#0"},"up":{"uv":[7,7,13,13],"texture":"#0"},"down":{"uv":[7,7,13,13],"texture":"#0"}}},{"from":[8,2.825,10.85],"to":[8.35,2.95,10.975],"rotation":{"angle":0,"axis":"y","origin":[0,1.65,9.625]},"faces":{"north":{"uv":[2,2,3,3],"texture":"#0"},"east":{"uv":[2,2,3,3],"texture":"#0"},"south":{"uv":[2,2,3,3],"texture":"#0"},"west":{"uv":[2,2,3,3],"texture":"#0"},"up":{"uv":[2,2,3,3],"texture":"#0"},"down":{"uv":[2,2,3,3],"texture":"#0"}}},{"from":[8,3.5,10.85],"to":[8.35,3.625,10.975],"rotation":{"angle":0,"axis":"y","origin":[0,2.325,9.625]},"faces":{"north":{"uv":[2,2,3,3],"texture":"#0"},"east":{"uv":[2,2,3,3],"texture":"#0"},"south":{"uv":[2,2,3,3],"texture":"#0"},"west":{"uv":[2,2,3,3],"texture":"#0"},"up":{"uv":[2,2,3,3],"texture":"#0"},"down":{"uv":[2,2,3,3],"texture":"#0"}}},{"from":[8,3.5,9.875],"to":[8.35,3.625,10],"rotation":{"angle":0,"axis":"y","origin":[0,2.325,8.65]},"faces":{"north":{"uv":[2,2,3,3],"texture":"#0"},"east":{"uv":[2,2,3,3],"texture":"#0"},"south":{"uv":[2,2,3,3],"texture":"#0"},"west":{"uv":[2,2,3,3],"texture":"#0"},"up":{"uv":[2,2,3,3],"texture":"#0"},"down":{"uv":[2,2,3,3],"texture":"#0"}}},{"from":[8,2.95,9.775],"to":[8.375,3.5,10],"rotation":{"angle":0,"axis":"y","origin":[0,2.2,8.5]},"faces":{"north":{"uv":[2,2,3,3],"texture":"#0"},"east":{"uv":[3,2,5,3],"rotation":180,"texture":"#0"},"south":{"uv":[3,2,5,3],"texture":"#0"},"west":{"uv":[3,2,5,3],"texture":"#0"},"up":{"uv":[2,2,3,3],"texture":"#0"},"down":{"uv":[2,2,3,3],"texture":"#0"}}},{"from":[8,2.825,9.875],"to":[8.35,2.95,10],"rotation":{"angle":0,"axis":"y","origin":[0,1.65,8.65]},"faces":{"north":{"uv":[2,2,3,3],"texture":"#0"},"east":{"uv":[2,2,3,3],"texture":"#0"},"south":{"uv":[2,2,3,3],"texture":"#0"},"west":{"uv":[2,2,3,3],"texture":"#0"},"up":{"uv":[2,2,3,3],"texture":"#0"},"down":{"uv":[2,2,3,3],"texture":"#0"}}},{"from":[8.1,3.05,9.125],"to":[8.225,3.4,9.775],"rotation":{"angle":0,"axis":"y","origin":[0,2.2,7.9]},"faces":{"north":{"uv":[0,4,5,8],"texture":"#0"},"east":{"uv":[0,4,6,5],"texture":"#0"},"south":{"uv":[0,4,5,8],"texture":"#0"},"west":{"uv":[0,4,6,9],"texture":"#0"},"up":{"uv":[0,4,5,5],"texture":"#0"},"down":{"uv":[0,4,5,5],"texture":"#0"}}},{"from":[8.275,3.175,7.775],"to":[8.875,3.325,7.825],"rotation":{"angle":0,"axis":"y","origin":[0.375,2.2,6.525]},"faces":{"north":{"uv":[0,3.05,5.9,4.875],"texture":"#0"},"east":{"uv":[0,3.05,5.9,4.875],"texture":"#0"},"south":{"uv":[0,3.05,5.9,4.875],"texture":"#0"},"west":{"uv":[0,3.05,5.9,4.875],"texture":"#0"},"up":{"uv":[0,3.05,5.9,4.875],"texture":"#0"},"down":{"uv":[0,3.05,5.9,4.875],"texture":"#0"}}},{"from":[9.966,3.175,4.8025],"to":[10.366,3.325,4.8525],"rotation":{"angle":-22.5,"axis":"y","origin":[1.95,2.2,3.55]},"faces":{"north":{"uv":[0,3.05,5.9,4.875],"texture":"#0"},"east":{"uv":[0,3.05,5.9,4.875],"texture":"#0"},"south":{"uv":[0,3.05,5.9,4.875],"texture":"#0"},"west":{"uv":[0,3.05,5.9,4.875],"texture":"#0"},"up":{"uv":[0,3.05,5.9,4.875],"texture":"#0"},"down":{"uv":[0,3.05,5.9,4.875],"texture":"#0"}}},{"from":[12.485,3.175,2.635],"to":[13.01,3.325,2.685],"rotation":{"angle":-45,"axis":"y","origin":[4.475,2.2,1.375]},"faces":{"north":{"uv":[0,3.05,5.9,4.875],"texture":"#0"},"east":{"uv":[0,3.05,5.9,4.875],"texture":"#0"},"south":{"uv":[0,3.05,5.9,4.875],"texture":"#0"},"west":{"uv":[0,3.05,5.9,4.875],"texture":"#0"},"up":{"uv":[0,3.05,5.9,4.875],"texture":"#0"},"down":{"uv":[0,3.05,5.9,4.875],"texture":"#0"}}},{"from":[6.41,3.175,8.4275],"to":[6.46,3.325,9.1525],"rotation":{"angle":22.5,"axis":"y","origin":[7.725,2.2,0.425]},"faces":{"north":{"uv":[0,3.05,5.9,4.875],"texture":"#0"},"east":{"uv":[0,3.05,5.9,4.875],"texture":"#0"},"south":{"uv":[0,3.05,5.9,4.875],"texture":"#0"},"west":{"uv":[0,3.05,5.9,4.875],"texture":"#0"},"up":{"uv":[0,3.05,5.9,4.875],"texture":"#0"},"down":{"uv":[0,3.05,5.9,4.875],"texture":"#0"}}},{"from":[8.275,3.175,11.05],"to":[8.875,3.325,11.1],"rotation":{"angle":0,"axis":"y","origin":[0.375,2.2,12.35]},"faces":{"north":{"uv":[0.25,4.125,5.725,4.875],"texture":"#0"},"east":{"uv":[0.25,4.125,5.725,4.875],"texture":"#0"},"south":{"uv":[0,3.05,5.9,4.875],"texture":"#0"},"west":{"uv":[0.25,4.125,5.725,4.875],"texture":"#0"},"up":{"uv":[0.25,4.125,5.725,4.875],"texture":"#0"},"down":{"uv":[0.25,4.125,5.725,4.875],"texture":"#0"}}},{"from":[12.485,3.175,16.19],"to":[13.01,3.325,16.24],"rotation":{"angle":45,"axis":"y","origin":[4.475,2.2,17.5]},"faces":{"north":{"uv":[0,3.05,5.9,4.875],"texture":"#0"},"east":{"uv":[0,3.05,5.9,4.875],"texture":"#0"},"south":{"uv":[0,3.05,5.9,4.875],"texture":"#0"},"west":{"uv":[0,3.05,5.9,4.875],"texture":"#0"},"up":{"uv":[0,3.05,5.9,4.875],"texture":"#0"},"down":{"uv":[0,3.05,5.9,4.875],"texture":"#0"}}},{"from":[9.966,3.175,14.0225],"to":[10.366,3.325,14.0725],"rotation":{"angle":22.5,"axis":"y","origin":[1.95,2.2,15.325]},"faces":{"north":{"uv":[0,3.05,5.9,4.875],"texture":"#0"},"east":{"uv":[0,3.05,5.9,4.875],"texture":"#0"},"south":{"uv":[0,3.05,5.9,4.875],"texture":"#0"},"west":{"uv":[0,3.05,5.9,4.875],"texture":"#0"},"up":{"uv":[0,3.05,5.9,4.875],"texture":"#0"},"down":{"uv":[0,3.05,5.9,4.875],"texture":"#0"}}},{"from":[6.41,3.175,9.7225],"to":[6.46,3.325,10.4475],"rotation":{"angle":-22.5,"axis":"y","origin":[7.725,2.2,18.45]},"faces":{"north":{"uv":[0,3.05,5.9,4.875],"texture":"#0"},"east":{"uv":[0,3.05,5.9,4.875],"texture":"#0"},"south":{"uv":[0,3.05,5.9,4.875],"texture":"#0"},"west":{"uv":[0,3.05,5.9,4.875],"texture":"#0"},"up":{"uv":[0,3.05,5.9,4.875],"texture":"#0"},"down":{"uv":[0,3.05,5.9,4.875],"texture":"#0"}}},{"from":[9.845,3.175,8.971],"to":[9.895,3.325,9.903],"rotation":{"angle":0,"axis":"y","origin":[11.15,2.2,0.975]},"faces":{"north":{"uv":[0,3.05,5.9,4.875],"texture":"#0"},"east":{"uv":[0,3.05,5.9,4.875],"texture":"#0"},"south":{"uv":[0,3.05,5.9,4.875],"texture":"#0"},"west":{"uv":[0,3.05,5.9,4.875],"texture":"#0"},"up":{"uv":[0,3.05,5.9,4.875],"texture":"#0"},"down":{"uv":[0,3.05,5.9,4.875],"texture":"#0"}}},{"from":[8,3.5,10],"to":[8.3,3.775,10.85],"rotation":{"angle":0,"axis":"y","origin":[0,2.825,9.575]},"faces":{"north":{"uv":[2,2,3,3],"texture":"#0"},"east":{"uv":[1,0,2,2],"texture":"#0"},"south":{"uv":[2,2,3,3],"texture":"#0"},"west":{"uv":[0,0,4,2],"texture":"#0"},"up":{"uv":[2,2,3,3],"texture":"#0"},"down":{"uv":[1,1,3,2],"rotation":180,"texture":"#0"}}},{"from":[8,2.675,10],"to":[8.3,2.95,10.85],"rotation":{"angle":0,"axis":"y","origin":[0,1.925,9.575]},"faces":{"north":{"uv":[2,2,3,3],"texture":"#0"},"east":{"uv":[1,0,2,2],"rotation":180,"texture":"#0"},"south":{"uv":[2,2,3,3],"texture":"#0"},"west":{"uv":[0,0,4,2],"rotation":180,"texture":"#0"},"up":{"uv":[1,1,3,2],"rotation":180,"texture":"#0"},"down":{"uv":[2,2,3,3],"texture":"#0"}}},{"from":[8,2.95,10.85],"to":[8.4,3.5,11.075],"rotation":{"angle":0,"axis":"y","origin":[0,2.2,9.625]},"faces":{"north":{"uv":[1,1,3,2],"rotation":180,"texture":"#0"},"east":{"uv":[3,2,5,3],"texture":"#0"},"south":{"uv":[2,2,3,3],"texture":"#0"},"west":{"uv":[0,0,4,2],"rotation":90,"texture":"#0"},"up":{"uv":[2,2,3,3],"texture":"#0"},"down":{"uv":[3,2,5,3],"rotation":180,"texture":"#0"}}},{"from":[8,2.95,8.9],"to":[8.4,3.5,9.125],"rotation":{"angle":0,"axis":"y","origin":[0,2.2,7.675]},"faces":{"north":{"uv":[1,1,3,2],"rotation":180,"texture":"#0"},"east":{"uv":[3,2,5,3],"texture":"#0"},"south":{"uv":[2,2,3,3],"texture":"#0"},"west":{"uv":[0,0,4,2],"rotation":90,"texture":"#0"},"up":{"uv":[2,2,3,3],"texture":"#0"},"down":{"uv":[3,2,5,3],"rotation":180,"texture":"#0"}}},{"from":[8,2.675,8.05],"to":[8.3,2.95,8.9],"rotation":{"angle":0,"axis":"y","origin":[0,1.925,7.625]},"faces":{"north":{"uv":[2,2,3,3],"texture":"#0"},"east":{"uv":[1,0,2,2],"rotation":180,"texture":"#0"},"south":{"uv":[2,2,3,3],"texture":"#0"},"west":{"uv":[0,0,4,2],"rotation":180,"texture":"#0"},"up":{"uv":[1,1,3,2],"rotation":180,"texture":"#0"},"down":{"uv":[2,2,3,3],"texture":"#0"}}},{"from":[8,3.5,8.05],"to":[8.3,3.775,8.9],"rotation":{"angle":0,"axis":"y","origin":[0,2.825,7.625]},"faces":{"north":{"uv":[2,2,3,3],"texture":"#0"},"east":{"uv":[1,0,2,2],"texture":"#0"},"south":{"uv":[2,2,3,3],"texture":"#0"},"west":{"uv":[0,0,4,2],"texture":"#0"},"up":{"uv":[2,2,3,3],"texture":"#0"},"down":{"uv":[1,1,3,2],"rotation":180,"texture":"#0"}}},{"from":[8,2.825,7.925],"to":[8.35,2.95,8.05],"rotation":{"angle":0,"axis":"y","origin":[0,1.65,6.7]},"faces":{"north":{"uv":[2,2,3,3],"texture":"#0"},"east":{"uv":[2,2,3,3],"texture":"#0"},"south":{"uv":[2,2,3,3],"texture":"#0"},"west":{"uv":[2,2,3,3],"texture":"#0"},"up":{"uv":[2,2,3,3],"texture":"#0"},"down":{"uv":[2,2,3,3],"texture":"#0"}}},{"from":[8,3.5,7.925],"to":[8.35,3.625,8.05],"rotation":{"angle":0,"axis":"y","origin":[0,2.325,6.7]},"faces":{"north":{"uv":[2,2,3,3],"texture":"#0"},"east":{"uv":[2,2,3,3],"texture":"#0"},"south":{"uv":[2,2,3,3],"texture":"#0"},"west":{"uv":[2,2,3,3],"texture":"#0"},"up":{"uv":[2,2,3,3],"texture":"#0"},"down":{"uv":[2,2,3,3],"texture":"#0"}}},{"from":[8,3.5,8.9],"to":[8.35,3.625,9.025],"rotation":{"angle":0,"axis":"y","origin":[0,2.325,7.675]},"faces":{"north":{"uv":[2,2,3,3],"texture":"#0"},"east":{"uv":[2,2,3,3],"texture":"#0"},"south":{"uv":[2,2,3,3],"texture":"#0"},"west":{"uv":[2,2,3,3],"texture":"#0"},"up":{"uv":[2,2,3,3],"texture":"#0"},"down":{"uv":[2,2,3,3],"texture":"#0"}}},{"from":[8,2.825,8.9],"to":[8.35,2.95,9.025],"rotation":{"angle":0,"axis":"y","origin":[0,1.65,7.675]},"faces":{"north":{"uv":[2,2,3,3],"texture":"#0"},"east":{"uv":[2,2,3,3],"texture":"#0"},"south":{"uv":[2,2,3,3],"texture":"#0"},"west":{"uv":[2,2,3,3],"texture":"#0"},"up":{"uv":[2,2,3,3],"texture":"#0"},"down":{"uv":[2,2,3,3],"texture":"#0"}}},{"from":[8,2.95,8.05],"to":[8,3.5,8.9],"rotation":{"angle":0,"axis":"y","origin":[0,2.2,7.525]},"faces":{"north":{"uv":[7,7,13,13],"texture":"#0"},"east":{"uv":[7,7,13,13],"texture":"#0"},"south":{"uv":[7,7,13,13],"texture":"#0"},"west":{"uv":[7,7,13,13],"texture":"#0"},"up":{"uv":[7,7,13,13],"texture":"#0"},"down":{"uv":[7,7,13,13],"texture":"#0"}}},{"from":[8,2.95,7.825],"to":[8.375,3.5,8.05],"rotation":{"angle":0,"axis":"y","origin":[0,2.2,6.55]},"faces":{"north":{"uv":[2,2,3,3],"texture":"#0"},"east":{"uv":[3,2,5,3],"rotation":180,"texture":"#0"},"south":{"uv":[3,2,5,3],"texture":"#0"},"west":{"uv":[3,2,5,3],"texture":"#0"},"up":{"uv":[2,2,3,3],"texture":"#0"},"down":{"uv":[2,2,3,3],"texture":"#0"}}}],"display":{"thirdperson_righthand":{"rotation":[0,-90,0],"translation":[2.25,5.75,-1.75],"scale":[1.46,1.46,1.46]},"thirdperson_lefthand":{"rotation":[0,90,0],"translation":[-2,5.75,-1.75],"scale":[1.46,1.46,1.46]},"firstperson_righthand":{"translation":[-2.25,13.5,0],"scale":[1.9,1.9,1.9]},"firstperson_lefthand":{"rotation":[0,180,0],"translation":[-2.5,13.5,5.75],"scale":[1.9,1.9,1.9]},"ground":{"translation":[0,13.25,-4.25],"scale":[2.95,2.95,2.95]},"gui":{"rotation":[0,90,31],"translation":[-5.75,15.5,0],"scale":[4,4,4]}}}