{"credit":"Made with Blockbench","textures":{"0":"item/elytra","1":"blocks/web","particle":"item/elytra"},"elements":[{"name":"elytra_1","from":[9.5,3,7.1],"to":[13,14,7.6],"rotation":{"angle":0,"axis":"y","origin":[0,0,7.1]},"faces":{"north":{"uv":[13,2,9.5,13],"texture":"#0"},"east":{"uv":[12.5,2,13,13],"texture":"#0"},"south":{"uv":[9.5,2,13,13],"texture":"#0"},"west":{"uv":[9.5,2,10,13],"texture":"#0"},"up":{"uv":[9.5,2,13,2.5],"texture":"#0"},"down":{"uv":[9.5,12.5,13,13],"texture":"#0"}}},{"name":"elytra_2","from":[2,4,7.1],"to":[2.5,13.5,7.6],"rotation":{"angle":0,"axis":"y","origin":[0,0,7.1]},"faces":{"north":{"uv":[2.5,2.5,2,12],"texture":"#0"},"east":{"uv":[2,2.5,2.5,12],"texture":"#0"},"south":{"uv":[2,2.5,2.5,12],"texture":"#0"},"west":{"uv":[2,2.5,2.5,12],"texture":"#0"},"up":{"uv":[2,2.5,2.5,3],"texture":"#0"},"down":{"uv":[2,11.5,2.5,12],"texture":"#0"}}},{"name":"elytra_3","from":[6.5,2.5,7.1],"to":[7,13.5,7.6],"rotation":{"angle":0,"axis":"y","origin":[0,0,7.1]},"faces":{"north":{"uv":[7,2.5,6.5,13.5],"texture":"#0"},"east":{"uv":[6.5,2.5,7,13.5],"texture":"#0"},"south":{"uv":[6.5,2.5,7,13.5],"texture":"#0"},"west":{"uv":[6.5,2.5,7,13.5],"texture":"#0"},"up":{"uv":[6.5,2.5,7,3],"texture":"#0"},"down":{"uv":[6.5,13,7,13.5],"texture":"#0"}}},{"name":"elytra_4","from":[9,2.5,7.1],"to":[9.5,13.5,7.6],"rotation":{"angle":0,"axis":"y","origin":[0,0,7.1]},"faces":{"north":{"uv":[9.5,2.5,9,13.5],"texture":"#0"},"east":{"uv":[9,2.5,9.5,13.5],"texture":"#0"},"south":{"uv":[9,2.5,9.5,13.5],"texture":"#0"},"west":{"uv":[9,2.5,9.5,13.5],"texture":"#0"},"up":{"uv":[9,2.5,9.5,3],"texture":"#0"},"down":{"uv":[9,13,9.5,13.5],"texture":"#0"}}},{"name":"elytra_5","from":[13,4,7.1],"to":[14,13.5,7.6],"rotation":{"angle":0,"axis":"y","origin":[0,0,7.1]},"faces":{"north":{"uv":[14,2.5,13,12],"texture":"#0"},"east":{"uv":[13.5,2.5,14,12],"texture":"#0"},"south":{"uv":[13,2.5,14,12],"texture":"#0"},"west":{"uv":[13,2.5,13.5,12],"texture":"#0"},"up":{"uv":[13,2.5,14,3],"texture":"#0"},"down":{"uv":[13,11.5,14,12],"texture":"#0"}}},{"name":"elytra_6","from":[1.5,5.5,7.1],"to":[2,13,7.6],"rotation":{"angle":0,"axis":"y","origin":[0,0,7.1]},"faces":{"north":{"uv":[2,3,1.5,10.5],"texture":"#0"},"east":{"uv":[1.5,3,2,10.5],"texture":"#0"},"south":{"uv":[1.5,3,2,10.5],"texture":"#0"},"west":{"uv":[1.5,3,2,10.5],"texture":"#0"},"up":{"uv":[1.5,3,2,3.5],"texture":"#0"},"down":{"uv":[1.5,10,2,10.5],"texture":"#0"}}},{"name":"elytra_7","from":[7,4,7.1],"to":[7.5,12.5,7.6],"rotation":{"angle":0,"axis":"y","origin":[0,0,7.1]},"faces":{"north":{"uv":[7.5,3.5,7,12],"texture":"#0"},"east":{"uv":[7,3.5,7.5,12],"texture":"#0"},"south":{"uv":[7,3.5,7.5,12],"texture":"#0"},"west":{"uv":[7,3.5,7.5,12],"texture":"#0"},"up":{"uv":[7,3.5,7.5,4],"texture":"#0"},"down":{"uv":[7,11.5,7.5,12],"texture":"#0"}}},{"name":"elytra_8","from":[8.5,4,7.1],"to":[9,12.5,7.6],"rotation":{"angle":0,"axis":"y","origin":[0,0,7.1]},"faces":{"north":{"uv":[9,3.5,8.5,12],"texture":"#0"},"east":{"uv":[8.5,3.5,9,12],"texture":"#0"},"south":{"uv":[8.5,3.5,9,12],"texture":"#0"},"west":{"uv":[8.5,3.5,9,12],"texture":"#0"},"up":{"uv":[8.5,3.5,9,4],"texture":"#0"},"down":{"uv":[8.5,11.5,9,12],"texture":"#0"}}},{"name":"elytra_9","from":[14,4.5,7.1],"to":[14.5,12.5,7.6],"rotation":{"angle":0,"axis":"y","origin":[0,0,7.1]},"faces":{"north":{"uv":[14.5,3.5,14,11.5],"texture":"#0"},"east":{"uv":[14,3.5,14.5,11.5],"texture":"#0"},"south":{"uv":[14,3.5,14.5,11.5],"texture":"#0"},"west":{"uv":[14,3.5,14.5,11.5],"texture":"#0"},"up":{"uv":[14,3.5,14.5,4],"texture":"#0"},"down":{"uv":[14,11,14.5,11.5],"texture":"#0"}}},{"name":"elytra_10","from":[7.5,5,7.1],"to":[8.5,12,7.6],"rotation":{"angle":0,"axis":"y","origin":[0,0,7.1]},"faces":{"north":{"uv":[8.5,4,7.5,11],"texture":"#0"},"east":{"uv":[8,4,8.5,11],"texture":"#0"},"south":{"uv":[7.5,4,8.5,11],"texture":"#0"},"west":{"uv":[7.5,4,8,11],"texture":"#0"},"up":{"uv":[7.5,4,8.5,4.5],"texture":"#0"},"down":{"uv":[7.5,10.5,8.5,11],"texture":"#0"}}},{"name":"elytra_11","from":[14.5,6,7.1],"to":[15,11.5,7.6],"rotation":{"angle":0,"axis":"y","origin":[0,0,7.1]},"faces":{"north":{"uv":[15,4.5,14.5,10],"texture":"#0"},"east":{"uv":[14.5,4.5,15,10],"texture":"#0"},"south":{"uv":[14.5,4.5,15,10],"texture":"#0"},"west":{"uv":[14.5,4.5,15,10],"texture":"#0"},"up":{"uv":[14.5,4.5,15,5],"texture":"#0"},"down":{"uv":[14.5,9.5,15,10],"texture":"#0"}}},{"name":"elytra_12","from":[1,7.5,7.1],"to":[1.5,10.5,7.6],"rotation":{"angle":0,"axis":"y","origin":[0,0,7.1]},"faces":{"north":{"uv":[1.5,5.5,1,8.5],"texture":"#0"},"east":{"uv":[1,5.5,1.5,8.5],"texture":"#0"},"south":{"uv":[1,5.5,1.5,8.5],"texture":"#0"},"west":{"uv":[1,5.5,1.5,8.5],"texture":"#0"},"up":{"uv":[1,5.5,1.5,6],"texture":"#0"},"down":{"uv":[1,8,1.5,8.5],"texture":"#0"}}},{"name":"elytra_13","from":[13,3.5,7.1],"to":[13.5,4,7.6],"rotation":{"angle":0,"axis":"y","origin":[0,0,7.1]},"faces":{"north":{"uv":[13.5,12,13,12.5],"texture":"#0"},"east":{"uv":[13,12,13.5,12.5],"texture":"#0"},"south":{"uv":[13,12,13.5,12.5],"texture":"#0"},"west":{"uv":[13,12,13.5,12.5],"texture":"#0"},"up":{"uv":[13,12,13.5,12.5],"texture":"#0"},"down":{"uv":[13,12,13.5,12.5],"texture":"#0"}}},{"name":"elytra_14","from":[3.5,3,7.1],"to":[6.5,3.5,7.6],"rotation":{"angle":0,"axis":"y","origin":[0,0,7.1]},"faces":{"north":{"uv":[6.5,12.5,3.5,13],"texture":"#0"},"east":{"uv":[6,12.5,6.5,13],"texture":"#0"},"south":{"uv":[3.5,12.5,6.5,13],"texture":"#0"},"west":{"uv":[3.5,12.5,4,13],"texture":"#0"},"up":{"uv":[3.5,12.5,6.5,13],"texture":"#0"},"down":{"uv":[3.5,12.5,6.5,13],"texture":"#0"}}},{"name":"elytra_15","from":[4.5,2.5,7.1],"to":[6.5,3,7.6],"rotation":{"angle":0,"axis":"y","origin":[0,0,7.1]},"faces":{"north":{"uv":[6.5,13,4.5,13.5],"texture":"#0"},"east":{"uv":[6,13,6.5,13.5],"texture":"#0"},"south":{"uv":[4.5,13,6.5,13.5],"texture":"#0"},"west":{"uv":[4.5,13,5,13.5],"texture":"#0"},"up":{"uv":[4.5,13,6.5,13.5],"texture":"#0"},"down":{"uv":[4.5,13,6.5,13.5],"texture":"#0"}}},{"name":"elytra_16","from":[9.5,2.5,7.1],"to":[12,3,7.6],"rotation":{"angle":0,"axis":"y","origin":[0,0,7.1]},"faces":{"north":{"uv":[12,13,9.5,13.5],"texture":"#0"},"east":{"uv":[11.5,13,12,13.5],"texture":"#0"},"south":{"uv":[9.5,13,12,13.5],"texture":"#0"},"west":{"uv":[9.5,13,10,13.5],"texture":"#0"},"up":{"uv":[9.5,13,12,13.5],"texture":"#0"},"down":{"uv":[9.5,13,12,13.5],"texture":"#0"}}},{"name":"elytra_17","from":[5.5,2,7.1],"to":[6,2.5,7.6],"rotation":{"angle":0,"axis":"y","origin":[0,0,7.1]},"faces":{"north":{"uv":[6,13.5,5.5,14],"texture":"#0"},"east":{"uv":[5.5,13.5,6,14],"texture":"#0"},"south":{"uv":[5.5,13.5,6,14],"texture":"#0"},"west":{"uv":[5.5,13.5,6,14],"texture":"#0"},"up":{"uv":[5.5,13.5,6,14],"texture":"#0"},"down":{"uv":[5.5,13.5,6,14],"texture":"#0"}}},{"name":"elytra_18","from":[10.5,2,7.1],"to":[11,2.5,7.6],"rotation":{"angle":0,"axis":"y","origin":[0,0,7.1]},"faces":{"north":{"uv":[11,13.5,10.5,14],"texture":"#0"},"east":{"uv":[10.5,13.5,11,14],"texture":"#0"},"south":{"uv":[10.5,13.5,11,14],"texture":"#0"},"west":{"uv":[10.5,13.5,11,14],"texture":"#0"},"up":{"uv":[10.5,13.5,11,14],"texture":"#0"},"down":{"uv":[10.5,13.5,11,14],"texture":"#0"}}},{"name":"elytra_0","from":[2.5,3.5,7.1],"to":[6.5,14,7.6],"rotation":{"angle":0,"axis":"y","origin":[0,0,7.1]},"faces":{"north":{"uv":[6.5,2,2.5,12.5],"texture":"#0"},"east":{"uv":[6,2,6.5,12.5],"texture":"#0"},"south":{"uv":[2.5,2,6.5,12.5],"texture":"#0"},"west":{"uv":[2.5,2,3,12.5],"texture":"#0"},"up":{"uv":[2.5,2,6.5,2.5],"texture":"#0"},"down":{"uv":[2.5,12,6.5,12.5],"texture":"#0"}}},{"name":"web_0","from":[0,15,7.9],"to":[1,16,8.9],"rotation":{"angle":0,"axis":"y","origin":[0,0,7.9]},"faces":{"north":{"uv":[1,0,0,1],"texture":"#1"},"east":{"uv":[0,0,1,1],"texture":"#1"},"south":{"uv":[0,0,1,1],"texture":"#1"},"west":{"uv":[0,0,1,1],"texture":"#1"},"up":{"uv":[0,0,1,1],"texture":"#1"},"down":{"uv":[0,0,1,1],"texture":"#1"}}},{"name":"web_1","from":[8,12,7.9],"to":[9,16,8.9],"rotation":{"angle":0,"axis":"y","origin":[0,0,7.9]},"faces":{"north":{"uv":[9,0,8,4],"texture":"#1"},"east":{"uv":[8,0,9,4],"texture":"#1"},"south":{"uv":[8,0,9,4],"texture":"#1"},"west":{"uv":[8,0,9,4],"texture":"#1"},"up":{"uv":[8,0,9,1],"texture":"#1"},"down":{"uv":[8,3,9,4],"texture":"#1"}}},{"name":"web_2","from":[15,15,7.9],"to":[16,16,8.9],"rotation":{"angle":0,"axis":"y","origin":[0,0,7.9]},"faces":{"north":{"uv":[16,0,15,1],"texture":"#1"},"east":{"uv":[15,0,16,1],"texture":"#1"},"south":{"uv":[15,0,16,1],"texture":"#1"},"west":{"uv":[15,0,16,1],"texture":"#1"},"up":{"uv":[15,0,16,1],"texture":"#1"},"down":{"uv":[15,0,16,1],"texture":"#1"}}},{"name":"web_3","from":[1,14,7.9],"to":[2,15,8.9],"rotation":{"angle":0,"axis":"y","origin":[0,0,7.9]},"faces":{"north":{"uv":[2,1,1,2],"texture":"#1"},"east":{"uv":[1,1,2,2],"texture":"#1"},"south":{"uv":[1,1,2,2],"texture":"#1"},"west":{"uv":[1,1,2,2],"texture":"#1"},"up":{"uv":[1,1,2,2],"texture":"#1"},"down":{"uv":[1,1,2,2],"texture":"#1"}}},{"name":"web_4","from":[6,14,7.9],"to":[8,15,8.9],"rotation":{"angle":0,"axis":"y","origin":[0,0,7.9]},"faces":{"north":{"uv":[8,1,6,2],"texture":"#1"},"east":{"uv":[7,1,8,2],"texture":"#1"},"south":{"uv":[6,1,8,2],"texture":"#1"},"west":{"uv":[6,1,7,2],"texture":"#1"},"up":{"uv":[6,1,8,2],"texture":"#1"},"down":{"uv":[6,1,8,2],"texture":"#1"}}},{"name":"web_5","from":[9,14,7.9],"to":[11,15,8.9],"rotation":{"angle":0,"axis":"y","origin":[0,0,7.9]},"faces":{"north":{"uv":[11,1,9,2],"texture":"#1"},"east":{"uv":[10,1,11,2],"texture":"#1"},"south":{"uv":[9,1,11,2],"texture":"#1"},"west":{"uv":[9,1,10,2],"texture":"#1"},"up":{"uv":[9,1,11,2],"texture":"#1"},"down":{"uv":[9,1,11,2],"texture":"#1"}}},{"name":"web_6","from":[14,14,7.9],"to":[15,15,8.9],"rotation":{"angle":0,"axis":"y","origin":[0,0,7.9]},"faces":{"north":{"uv":[15,1,14,2],"texture":"#1"},"east":{"uv":[14,1,15,2],"texture":"#1"},"south":{"uv":[14,1,15,2],"texture":"#1"},"west":{"uv":[14,1,15,2],"texture":"#1"},"up":{"uv":[14,1,15,2],"texture":"#1"},"down":{"uv":[14,1,15,2],"texture":"#1"}}},{"name":"web_7","from":[2,13,7.9],"to":[6,14,8.9],"rotation":{"angle":0,"axis":"y","origin":[0,0,7.9]},"faces":{"north":{"uv":[6,2,2,3],"texture":"#1"},"east":{"uv":[5,2,6,3],"texture":"#1"},"south":{"uv":[2,2,6,3],"texture":"#1"},"west":{"uv":[2,2,3,3],"texture":"#1"},"up":{"uv":[2,2,6,3],"texture":"#1"},"down":{"uv":[2,2,6,3],"texture":"#1"}}},{"name":"web_8","from":[11,13,7.9],"to":[12,14,8.9],"rotation":{"angle":0,"axis":"y","origin":[0,0,7.9]},"faces":{"north":{"uv":[12,2,11,3],"texture":"#1"},"east":{"uv":[11,2,12,3],"texture":"#1"},"south":{"uv":[11,2,12,3],"texture":"#1"},"west":{"uv":[11,2,12,3],"texture":"#1"},"up":{"uv":[11,2,12,3],"texture":"#1"},"down":{"uv":[11,2,12,3],"texture":"#1"}}},{"name":"web_9","from":[13,13,7.9],"to":[14,14,8.9],"rotation":{"angle":0,"axis":"y","origin":[0,0,7.9]},"faces":{"north":{"uv":[14,2,13,3],"texture":"#1"},"east":{"uv":[13,2,14,3],"texture":"#1"},"south":{"uv":[13,2,14,3],"texture":"#1"},"west":{"uv":[13,2,14,3],"texture":"#1"},"up":{"uv":[13,2,14,3],"texture":"#1"},"down":{"uv":[13,2,14,3],"texture":"#1"}}},{"name":"web_10","from":[3,11,7.9],"to":[4,13,8.9],"rotation":{"angle":0,"axis":"y","origin":[0,0,7.9]},"faces":{"north":{"uv":[4,3,3,5],"texture":"#1"},"east":{"uv":[3,3,4,5],"texture":"#1"},"south":{"uv":[3,3,4,5],"texture":"#1"},"west":{"uv":[3,3,4,5],"texture":"#1"},"up":{"uv":[3,3,4,4],"texture":"#1"},"down":{"uv":[3,4,4,5],"texture":"#1"}}},{"name":"web_11","from":[7,3,7.9],"to":[8,13,8.9],"rotation":{"angle":0,"axis":"y","origin":[0,0,7.9]},"faces":{"north":{"uv":[8,3,7,13],"texture":"#1"},"east":{"uv":[7,3,8,13],"texture":"#1"},"south":{"uv":[7,3,8,13],"texture":"#1"},"west":{"uv":[7,3,8,13],"texture":"#1"},"up":{"uv":[7,3,8,4],"texture":"#1"},"down":{"uv":[7,12,8,13],"texture":"#1"}}},{"name":"web_12","from":[12,12,7.9],"to":[13,13,8.9],"rotation":{"angle":0,"axis":"y","origin":[0,0,7.9]},"faces":{"north":{"uv":[13,3,12,4],"texture":"#1"},"east":{"uv":[12,3,13,4],"texture":"#1"},"south":{"uv":[12,3,13,4],"texture":"#1"},"west":{"uv":[12,3,13,4],"texture":"#1"},"up":{"uv":[12,3,13,4],"texture":"#1"},"down":{"uv":[12,3,13,4],"texture":"#1"}}},{"name":"web_13","from":[4,11,7.9],"to":[5,12,8.9],"rotation":{"angle":0,"axis":"y","origin":[0,0,7.9]},"faces":{"north":{"uv":[5,4,4,5],"texture":"#1"},"east":{"uv":[4,4,5,5],"texture":"#1"},"south":{"uv":[4,4,5,5],"texture":"#1"},"west":{"uv":[4,4,5,5],"texture":"#1"},"up":{"uv":[4,4,5,5],"texture":"#1"},"down":{"uv":[4,4,5,5],"texture":"#1"}}},{"name":"web_14","from":[6,11,7.9],"to":[7,12,8.9],"rotation":{"angle":0,"axis":"y","origin":[0,0,7.9]},"faces":{"north":{"uv":[7,4,6,5],"texture":"#1"},"east":{"uv":[6,4,7,5],"texture":"#1"},"south":{"uv":[6,4,7,5],"texture":"#1"},"west":{"uv":[6,4,7,5],"texture":"#1"},"up":{"uv":[6,4,7,5],"texture":"#1"},"down":{"uv":[6,4,7,5],"texture":"#1"}}},{"name":"web_15","from":[9,11,7.9],"to":[10,12,8.9],"rotation":{"angle":0,"axis":"y","origin":[0,0,7.9]},"faces":{"north":{"uv":[10,4,9,5],"texture":"#1"},"east":{"uv":[9,4,10,5],"texture":"#1"},"south":{"uv":[9,4,10,5],"texture":"#1"},"west":{"uv":[9,4,10,5],"texture":"#1"},"up":{"uv":[9,4,10,5],"texture":"#1"},"down":{"uv":[9,4,10,5],"texture":"#1"}}},{"name":"web_16","from":[11,11,7.9],"to":[12,12,8.9],"rotation":{"angle":0,"axis":"y","origin":[0,0,7.9]},"faces":{"north":{"uv":[12,4,11,5],"texture":"#1"},"east":{"uv":[11,4,12,5],"texture":"#1"},"south":{"uv":[11,4,12,5],"texture":"#1"},"west":{"uv":[11,4,12,5],"texture":"#1"},"up":{"uv":[11,4,12,5],"texture":"#1"},"down":{"uv":[11,4,12,5],"texture":"#1"}}},{"name":"web_17","from":[13,11,7.9],"to":[14,12,8.9],"rotation":{"angle":0,"axis":"y","origin":[0,0,7.9]},"faces":{"north":{"uv":[14,4,13,5],"texture":"#1"},"east":{"uv":[13,4,14,5],"texture":"#1"},"south":{"uv":[13,4,14,5],"texture":"#1"},"west":{"uv":[13,4,14,5],"texture":"#1"},"up":{"uv":[13,4,14,5],"texture":"#1"},"down":{"uv":[13,4,14,5],"texture":"#1"}}},{"name":"web_18","from":[2,8,7.9],"to":[3,11,8.9],"rotation":{"angle":0,"axis":"y","origin":[0,0,7.9]},"faces":{"north":{"uv":[3,5,2,8],"texture":"#1"},"east":{"uv":[2,5,3,8],"texture":"#1"},"south":{"uv":[2,5,3,8],"texture":"#1"},"west":{"uv":[2,5,3,8],"texture":"#1"},"up":{"uv":[2,5,3,6],"texture":"#1"},"down":{"uv":[2,7,3,8],"texture":"#1"}}},{"name":"web_19","from":[5,10,7.9],"to":[6,11,8.9],"rotation":{"angle":0,"axis":"y","origin":[0,0,7.9]},"faces":{"north":{"uv":[6,5,5,6],"texture":"#1"},"east":{"uv":[5,5,6,6],"texture":"#1"},"south":{"uv":[5,5,6,6],"texture":"#1"},"west":{"uv":[5,5,6,6],"texture":"#1"},"up":{"uv":[5,5,6,6],"texture":"#1"},"down":{"uv":[5,5,6,6],"texture":"#1"}}},{"name":"web_20","from":[10,10,7.9],"to":[11,11,8.9],"rotation":{"angle":0,"axis":"y","origin":[0,0,7.9]},"faces":{"north":{"uv":[11,5,10,6],"texture":"#1"},"east":{"uv":[10,5,11,6],"texture":"#1"},"south":{"uv":[10,5,11,6],"texture":"#1"},"west":{"uv":[10,5,11,6],"texture":"#1"},"up":{"uv":[10,5,11,6],"texture":"#1"},"down":{"uv":[10,5,11,6],"texture":"#1"}}},{"name":"web_21","from":[14,9,7.9],"to":[15,11,8.9],"rotation":{"angle":0,"axis":"y","origin":[0,0,7.9]},"faces":{"north":{"uv":[15,5,14,7],"texture":"#1"},"east":{"uv":[14,5,15,7],"texture":"#1"},"south":{"uv":[14,5,15,7],"texture":"#1"},"west":{"uv":[14,5,15,7],"texture":"#1"},"up":{"uv":[14,5,15,6],"texture":"#1"},"down":{"uv":[14,6,15,7],"texture":"#1"}}},{"name":"web_22","from":[4,7,7.9],"to":[5,10,8.9],"rotation":{"angle":0,"axis":"y","origin":[0,0,7.9]},"faces":{"north":{"uv":[5,6,4,9],"texture":"#1"},"east":{"uv":[4,6,5,9],"texture":"#1"},"south":{"uv":[4,6,5,9],"texture":"#1"},"west":{"uv":[4,6,5,9],"texture":"#1"},"up":{"uv":[4,6,5,7],"texture":"#1"},"down":{"uv":[4,8,5,9],"texture":"#1"}}},{"name":"web_23","from":[6,8,7.9],"to":[7,10,8.9],"rotation":{"angle":0,"axis":"y","origin":[0,0,7.9]},"faces":{"north":{"uv":[7,6,6,8],"texture":"#1"},"east":{"uv":[6,6,7,8],"texture":"#1"},"south":{"uv":[6,6,7,8],"texture":"#1"},"west":{"uv":[6,6,7,8],"texture":"#1"},"up":{"uv":[6,6,7,7],"texture":"#1"},"down":{"uv":[6,7,7,8],"texture":"#1"}}},{"name":"web_24","from":[9,9,7.9],"to":[10,10,8.9],"rotation":{"angle":0,"axis":"y","origin":[0,0,7.9]},"faces":{"north":{"uv":[10,6,9,7],"texture":"#1"},"east":{"uv":[9,6,10,7],"texture":"#1"},"south":{"uv":[9,6,10,7],"texture":"#1"},"west":{"uv":[9,6,10,7],"texture":"#1"},"up":{"uv":[9,6,10,7],"texture":"#1"},"down":{"uv":[9,6,10,7],"texture":"#1"}}},{"name":"web_25","from":[11,9,7.9],"to":[12,10,8.9],"rotation":{"angle":0,"axis":"y","origin":[0,0,7.9]},"faces":{"north":{"uv":[12,6,11,7],"texture":"#1"},"east":{"uv":[11,6,12,7],"texture":"#1"},"south":{"uv":[11,6,12,7],"texture":"#1"},"west":{"uv":[11,6,12,7],"texture":"#1"},"up":{"uv":[11,6,12,7],"texture":"#1"},"down":{"uv":[11,6,12,7],"texture":"#1"}}},{"name":"web_26","from":[0,8,7.9],"to":[2,9,8.9],"rotation":{"angle":0,"axis":"y","origin":[0,0,7.9]},"faces":{"north":{"uv":[2,7,0,8],"texture":"#1"},"east":{"uv":[1,7,2,8],"texture":"#1"},"south":{"uv":[0,7,2,8],"texture":"#1"},"west":{"uv":[0,7,1,8],"texture":"#1"},"up":{"uv":[0,7,2,8],"texture":"#1"},"down":{"uv":[0,7,2,8],"texture":"#1"}}},{"name":"web_27","from":[3,8,7.9],"to":[4,9,8.9],"rotation":{"angle":0,"axis":"y","origin":[0,0,7.9]},"faces":{"north":{"uv":[4,7,3,8],"texture":"#1"},"east":{"uv":[3,7,4,8],"texture":"#1"},"south":{"uv":[3,7,4,8],"texture":"#1"},"west":{"uv":[3,7,4,8],"texture":"#1"},"up":{"uv":[3,7,4,8],"texture":"#1"},"down":{"uv":[3,7,4,8],"texture":"#1"}}},{"name":"web_28","from":[5,8,7.9],"to":[6,9,8.9],"rotation":{"angle":0,"axis":"y","origin":[0,0,7.9]},"faces":{"north":{"uv":[6,7,5,8],"texture":"#1"},"east":{"uv":[5,7,6,8],"texture":"#1"},"south":{"uv":[5,7,6,8],"texture":"#1"},"west":{"uv":[5,7,6,8],"texture":"#1"},"up":{"uv":[5,7,6,8],"texture":"#1"},"down":{"uv":[5,7,6,8],"texture":"#1"}}},{"name":"web_29","from":[8,7,7.9],"to":[9,9,8.9],"rotation":{"angle":0,"axis":"y","origin":[0,0,7.9]},"faces":{"north":{"uv":[9,7,8,9],"texture":"#1"},"east":{"uv":[8,7,9,9],"texture":"#1"},"south":{"uv":[8,7,9,9],"texture":"#1"},"west":{"uv":[8,7,9,9],"texture":"#1"},"up":{"uv":[8,7,9,8],"texture":"#1"},"down":{"uv":[8,8,9,9],"texture":"#1"}}},{"name":"web_30","from":[12,5,7.9],"to":[13,9,8.9],"rotation":{"angle":0,"axis":"y","origin":[0,0,7.9]},"faces":{"north":{"uv":[13,7,12,11],"texture":"#1"},"east":{"uv":[12,7,13,11],"texture":"#1"},"south":{"uv":[12,7,13,11],"texture":"#1"},"west":{"uv":[12,7,13,11],"texture":"#1"},"up":{"uv":[12,7,13,8],"texture":"#1"},"down":{"uv":[12,10,13,11],"texture":"#1"}}},{"name":"web_31","from":[15,6,7.9],"to":[16,9,8.9],"rotation":{"angle":0,"axis":"y","origin":[0,0,7.9]},"faces":{"north":{"uv":[16,7,15,10],"texture":"#1"},"east":{"uv":[15,7,16,10],"texture":"#1"},"south":{"uv":[15,7,16,10],"texture":"#1"},"west":{"uv":[15,7,16,10],"texture":"#1"},"up":{"uv":[15,7,16,8],"texture":"#1"},"down":{"uv":[15,9,16,10],"texture":"#1"}}},{"name":"web_32","from":[1,7,7.9],"to":[2,8,8.9],"rotation":{"angle":0,"axis":"y","origin":[0,0,7.9]},"faces":{"north":{"uv":[2,8,1,9],"texture":"#1"},"east":{"uv":[1,8,2,9],"texture":"#1"},"south":{"uv":[1,8,2,9],"texture":"#1"},"west":{"uv":[1,8,2,9],"texture":"#1"},"up":{"uv":[1,8,2,9],"texture":"#1"},"down":{"uv":[1,8,2,9],"texture":"#1"}}},{"name":"web_33","from":[9,7,7.9],"to":[12,8,8.9],"rotation":{"angle":0,"axis":"y","origin":[0,0,7.9]},"faces":{"north":{"uv":[12,8,9,9],"texture":"#1"},"east":{"uv":[11,8,12,9],"texture":"#1"},"south":{"uv":[9,8,12,9],"texture":"#1"},"west":{"uv":[9,8,10,9],"texture":"#1"},"up":{"uv":[9,8,12,9],"texture":"#1"},"down":{"uv":[9,8,12,9],"texture":"#1"}}},{"name":"web_34","from":[13,7,7.9],"to":[15,8,8.9],"rotation":{"angle":0,"axis":"y","origin":[0,0,7.9]},"faces":{"north":{"uv":[15,8,13,9],"texture":"#1"},"east":{"uv":[14,8,15,9],"texture":"#1"},"south":{"uv":[13,8,15,9],"texture":"#1"},"west":{"uv":[13,8,14,9],"texture":"#1"},"up":{"uv":[13,8,15,9],"texture":"#1"},"down":{"uv":[13,8,15,9],"texture":"#1"}}},{"name":"web_35","from":[2,5,7.9],"to":[3,7,8.9],"rotation":{"angle":0,"axis":"y","origin":[0,0,7.9]},"faces":{"north":{"uv":[3,9,2,11],"texture":"#1"},"east":{"uv":[2,9,3,11],"texture":"#1"},"south":{"uv":[2,9,3,11],"texture":"#1"},"west":{"uv":[2,9,3,11],"texture":"#1"},"up":{"uv":[2,9,3,10],"texture":"#1"},"down":{"uv":[2,10,3,11],"texture":"#1"}}},{"name":"web_36","from":[5,6,7.9],"to":[7,7,8.9],"rotation":{"angle":0,"axis":"y","origin":[0,0,7.9]},"faces":{"north":{"uv":[7,9,5,10],"texture":"#1"},"east":{"uv":[6,9,7,10],"texture":"#1"},"south":{"uv":[5,9,7,10],"texture":"#1"},"west":{"uv":[5,9,6,10],"texture":"#1"},"up":{"uv":[5,9,7,10],"texture":"#1"},"down":{"uv":[5,9,7,10],"texture":"#1"}}},{"name":"web_37","from":[9,6,7.9],"to":[10,7,8.9],"rotation":{"angle":0,"axis":"y","origin":[0,0,7.9]},"faces":{"north":{"uv":[10,9,9,10],"texture":"#1"},"east":{"uv":[9,9,10,10],"texture":"#1"},"south":{"uv":[9,9,10,10],"texture":"#1"},"west":{"uv":[9,9,10,10],"texture":"#1"},"up":{"uv":[9,9,10,10],"texture":"#1"},"down":{"uv":[9,9,10,10],"texture":"#1"}}},{"name":"web_38","from":[5,4,7.9],"to":[6,6,8.9],"rotation":{"angle":0,"axis":"y","origin":[0,0,7.9]},"faces":{"north":{"uv":[6,10,5,12],"texture":"#1"},"east":{"uv":[5,10,6,12],"texture":"#1"},"south":{"uv":[5,10,6,12],"texture":"#1"},"west":{"uv":[5,10,6,12],"texture":"#1"},"up":{"uv":[5,10,6,11],"texture":"#1"},"down":{"uv":[5,11,6,12],"texture":"#1"}}},{"name":"web_39","from":[10,4,7.9],"to":[11,6,8.9],"rotation":{"angle":0,"axis":"y","origin":[0,0,7.9]},"faces":{"north":{"uv":[11,10,10,12],"texture":"#1"},"east":{"uv":[10,10,11,12],"texture":"#1"},"south":{"uv":[10,10,11,12],"texture":"#1"},"west":{"uv":[10,10,11,12],"texture":"#1"},"up":{"uv":[10,10,11,11],"texture":"#1"},"down":{"uv":[10,11,11,12],"texture":"#1"}}},{"name":"web_40","from":[14,4,7.9],"to":[15,6,8.9],"rotation":{"angle":0,"axis":"y","origin":[0,0,7.9]},"faces":{"north":{"uv":[15,10,14,12],"texture":"#1"},"east":{"uv":[14,10,15,12],"texture":"#1"},"south":{"uv":[14,10,15,12],"texture":"#1"},"west":{"uv":[14,10,15,12],"texture":"#1"},"up":{"uv":[14,10,15,11],"texture":"#1"},"down":{"uv":[14,11,15,12],"texture":"#1"}}},{"name":"web_41","from":[3,3,7.9],"to":[4,5,8.9],"rotation":{"angle":0,"axis":"y","origin":[0,0,7.9]},"faces":{"north":{"uv":[4,11,3,13],"texture":"#1"},"east":{"uv":[3,11,4,13],"texture":"#1"},"south":{"uv":[3,11,4,13],"texture":"#1"},"west":{"uv":[3,11,4,13],"texture":"#1"},"up":{"uv":[3,11,4,12],"texture":"#1"},"down":{"uv":[3,12,4,13],"texture":"#1"}}},{"name":"web_42","from":[9,4,7.9],"to":[10,5,8.9],"rotation":{"angle":0,"axis":"y","origin":[0,0,7.9]},"faces":{"north":{"uv":[10,11,9,12],"texture":"#1"},"east":{"uv":[9,11,10,12],"texture":"#1"},"south":{"uv":[9,11,10,12],"texture":"#1"},"west":{"uv":[9,11,10,12],"texture":"#1"},"up":{"uv":[9,11,10,12],"texture":"#1"},"down":{"uv":[9,11,10,12],"texture":"#1"}}},{"name":"web_43","from":[11,4,7.9],"to":[12,5,8.9],"rotation":{"angle":0,"axis":"y","origin":[0,0,7.9]},"faces":{"north":{"uv":[12,11,11,12],"texture":"#1"},"east":{"uv":[11,11,12,12],"texture":"#1"},"south":{"uv":[11,11,12,12],"texture":"#1"},"west":{"uv":[11,11,12,12],"texture":"#1"},"up":{"uv":[11,11,12,12],"texture":"#1"},"down":{"uv":[11,11,12,12],"texture":"#1"}}},{"name":"web_44","from":[4,3,7.9],"to":[5,4,8.9],"rotation":{"angle":0,"axis":"y","origin":[0,0,7.9]},"faces":{"north":{"uv":[5,12,4,13],"texture":"#1"},"east":{"uv":[4,12,5,13],"texture":"#1"},"south":{"uv":[4,12,5,13],"texture":"#1"},"west":{"uv":[4,12,5,13],"texture":"#1"},"up":{"uv":[4,12,5,13],"texture":"#1"},"down":{"uv":[4,12,5,13],"texture":"#1"}}},{"name":"web_45","from":[6,0,7.9],"to":[7,4,8.9],"rotation":{"angle":0,"axis":"y","origin":[0,0,7.9]},"faces":{"north":{"uv":[7,12,6,16],"texture":"#1"},"east":{"uv":[6,12,7,16],"texture":"#1"},"south":{"uv":[6,12,7,16],"texture":"#1"},"west":{"uv":[6,12,7,16],"texture":"#1"},"up":{"uv":[6,12,7,13],"texture":"#1"},"down":{"uv":[6,15,7,16],"texture":"#1"}}},{"name":"web_46","from":[8,3,7.9],"to":[9,4,8.9],"rotation":{"angle":0,"axis":"y","origin":[0,0,7.9]},"faces":{"north":{"uv":[9,12,8,13],"texture":"#1"},"east":{"uv":[8,12,9,13],"texture":"#1"},"south":{"uv":[8,12,9,13],"texture":"#1"},"west":{"uv":[8,12,9,13],"texture":"#1"},"up":{"uv":[8,12,9,13],"texture":"#1"},"down":{"uv":[8,12,9,13],"texture":"#1"}}},{"name":"web_47","from":[12,2,7.9],"to":[14,4,8.9],"rotation":{"angle":0,"axis":"y","origin":[0,0,7.9]},"faces":{"north":{"uv":[14,12,12,14],"texture":"#1"},"east":{"uv":[13,12,14,14],"texture":"#1"},"south":{"uv":[12,12,14,14],"texture":"#1"},"west":{"uv":[12,12,13,14],"texture":"#1"},"up":{"uv":[12,12,14,13],"texture":"#1"},"down":{"uv":[12,13,14,14],"texture":"#1"}}},{"name":"web_48","from":[2,2,7.9],"to":[3,3,8.9],"rotation":{"angle":0,"axis":"y","origin":[0,0,7.9]},"faces":{"north":{"uv":[3,13,2,14],"texture":"#1"},"east":{"uv":[2,13,3,14],"texture":"#1"},"south":{"uv":[2,13,3,14],"texture":"#1"},"west":{"uv":[2,13,3,14],"texture":"#1"},"up":{"uv":[2,13,3,14],"texture":"#1"},"down":{"uv":[2,13,3,14],"texture":"#1"}}},{"name":"web_49","from":[5,2,7.9],"to":[6,3,8.9],"rotation":{"angle":0,"axis":"y","origin":[0,0,7.9]},"faces":{"north":{"uv":[6,13,5,14],"texture":"#1"},"east":{"uv":[5,13,6,14],"texture":"#1"},"south":{"uv":[5,13,6,14],"texture":"#1"},"west":{"uv":[5,13,6,14],"texture":"#1"},"up":{"uv":[5,13,6,14],"texture":"#1"},"down":{"uv":[5,13,6,14],"texture":"#1"}}},{"name":"web_50","from":[10,2,7.9],"to":[12,3,8.9],"rotation":{"angle":0,"axis":"y","origin":[0,0,7.9]},"faces":{"north":{"uv":[12,13,10,14],"texture":"#1"},"east":{"uv":[11,13,12,14],"texture":"#1"},"south":{"uv":[10,13,12,14],"texture":"#1"},"west":{"uv":[10,13,11,14],"texture":"#1"},"up":{"uv":[10,13,12,14],"texture":"#1"},"down":{"uv":[10,13,12,14],"texture":"#1"}}},{"name":"web_51","from":[1,1,7.9],"to":[2,2,8.9],"rotation":{"angle":0,"axis":"y","origin":[0,0,7.9]},"faces":{"north":{"uv":[2,14,1,15],"texture":"#1"},"east":{"uv":[1,14,2,15],"texture":"#1"},"south":{"uv":[1,14,2,15],"texture":"#1"},"west":{"uv":[1,14,2,15],"texture":"#1"},"up":{"uv":[1,14,2,15],"texture":"#1"},"down":{"uv":[1,14,2,15],"texture":"#1"}}},{"name":"web_52","from":[7,1,7.9],"to":[10,2,8.9],"rotation":{"angle":0,"axis":"y","origin":[0,0,7.9]},"faces":{"north":{"uv":[10,14,7,15],"texture":"#1"},"east":{"uv":[9,14,10,15],"texture":"#1"},"south":{"uv":[7,14,10,15],"texture":"#1"},"west":{"uv":[7,14,8,15],"texture":"#1"},"up":{"uv":[7,14,10,15],"texture":"#1"},"down":{"uv":[7,14,10,15],"texture":"#1"}}},{"name":"web_53","from":[14,1,7.9],"to":[15,2,8.9],"rotation":{"angle":0,"axis":"y","origin":[0,0,7.9]},"faces":{"north":{"uv":[15,14,14,15],"texture":"#1"},"east":{"uv":[14,14,15,15],"texture":"#1"},"south":{"uv":[14,14,15,15],"texture":"#1"},"west":{"uv":[14,14,15,15],"texture":"#1"},"up":{"uv":[14,14,15,15],"texture":"#1"},"down":{"uv":[14,14,15,15],"texture":"#1"}}},{"name":"web_54","from":[0,0,7.9],"to":[1,1,8.9],"rotation":{"angle":0,"axis":"y","origin":[0,0,7.9]},"faces":{"north":{"uv":[1,15,0,16],"texture":"#1"},"east":{"uv":[0,15,1,16],"texture":"#1"},"south":{"uv":[0,15,1,16],"texture":"#1"},"west":{"uv":[0,15,1,16],"texture":"#1"},"up":{"uv":[0,15,1,16],"texture":"#1"},"down":{"uv":[0,15,1,16],"texture":"#1"}}},{"name":"web_55","from":[15,0,7.9],"to":[16,1,8.9],"rotation":{"angle":0,"axis":"y","origin":[0,0,7.9]},"faces":{"north":{"uv":[16,15,15,16],"texture":"#1"},"east":{"uv":[15,15,16,16],"texture":"#1"},"south":{"uv":[15,15,16,16],"texture":"#1"},"west":{"uv":[15,15,16,16],"texture":"#1"},"up":{"uv":[15,15,16,16],"texture":"#1"},"down":{"uv":[15,15,16,16],"texture":"#1"}}}],"display":{"thirdperson_righthand":{"rotation":[0,90,0],"translation":[0,1.25,-0.75],"scale":[0.48,0.48,0.48]},"thirdperson_lefthand":{"rotation":[0,90,0],"translation":[0,1.25,-0.75],"scale":[0.48,0.48,0.48]},"firstperson_righthand":{"rotation":[0,90,0],"translation":[0,5.75,0],"scale":[0.53,0.53,0.53]},"firstperson_lefthand":{"rotation":[0,90,0],"translation":[0,5.75,0],"scale":[0.53,0.53,0.53]},"gui":{"rotation":[0,-180,0]}},"groups":[{"name":"elytra","origin":[8,8,8],"color":0,"children":[0,1,2,3,4,5,6,7,8,9,10,11,12,13,14,15,16,17,18]},{"name":"web","origin":[8,8,8],"color":0,"children":[19,20,21,22,23,24,25,26,27,28,29,30,31,32,33,34,35,36,37,38,39,40,41,42,43,44,45,46,47,48,49,50,51,52,53,54,55,56,57,58,59,60,61,62,63,64,65,66,67,68,69,70,71,72,73,74]}]}