{
	"format_version": "1.21.6",
	"credit": "Made with Blockbench",
	"texture_size": [32, 32],
	"textures": {
		"0": "item/flans/weapons/pistol/machine_pistol",
		"particle": "item/flans/weapons/pistol/machine_pistol"
	},
	"elements": [
		{
			"name": "machine_pistol_0",
			"from": [3, 13, 0],
			"to": [4, 14, 1],
			"faces": {
				"north": {"uv": [4, 2, 3, 3], "texture": "#0"},
				"east": {"uv": [3, 2, 4, 3], "texture": "#0"},
				"south": {"uv": [3, 2, 4, 3], "texture": "#0"},
				"west": {"uv": [3, 2, 4, 3], "texture": "#0"},
				"up": {"uv": [3, 2, 4, 3], "texture": "#0"},
				"down": {"uv": [3, 2, 4, 3], "texture": "#0"}
			}
		},
		{
			"name": "machine_pistol_1",
			"from": [5, 6, 0],
			"to": [6, 14, 1],
			"faces": {
				"north": {"uv": [6, 2, 5, 10], "texture": "#0"},
				"east": {"uv": [5, 2, 6, 10], "texture": "#0"},
				"south": {"uv": [5, 2, 6, 10], "texture": "#0"},
				"west": {"uv": [5, 2, 6, 10], "texture": "#0"},
				"up": {"uv": [5, 2, 6, 3], "texture": "#0"},
				"down": {"uv": [5, 9, 6, 10], "texture": "#0"}
			}
		},
		{
			"name": "machine_pistol_2",
			"from": [2, 12, 0],
			"to": [3, 13, 1],
			"faces": {
				"north": {"uv": [3, 3, 2, 4], "texture": "#0"},
				"east": {"uv": [2, 3, 3, 4], "texture": "#0"},
				"south": {"uv": [2, 3, 3, 4], "texture": "#0"},
				"west": {"uv": [2, 3, 3, 4], "texture": "#0"},
				"up": {"uv": [2, 3, 3, 4], "texture": "#0"},
				"down": {"uv": [2, 3, 3, 4], "texture": "#0"}
			}
		},
		{
			"name": "machine_pistol_3",
			"from": [4, 10, 0],
			"to": [5, 13, 1],
			"faces": {
				"north": {"uv": [5, 3, 4, 6], "texture": "#0"},
				"east": {"uv": [4, 3, 5, 6], "texture": "#0"},
				"south": {"uv": [4, 3, 5, 6], "texture": "#0"},
				"west": {"uv": [4, 3, 5, 6], "texture": "#0"},
				"up": {"uv": [4, 3, 5, 4], "texture": "#0"},
				"down": {"uv": [4, 5, 5, 6], "texture": "#0"}
			}
		},
		{
			"name": "machine_pistol_4",
			"from": [6, 7, 0],
			"to": [7, 13, 1],
			"faces": {
				"north": {"uv": [7, 3, 6, 9], "texture": "#0"},
				"east": {"uv": [6, 3, 7, 9], "texture": "#0"},
				"south": {"uv": [6, 3, 7, 9], "texture": "#0"},
				"west": {"uv": [6, 3, 7, 9], "texture": "#0"},
				"up": {"uv": [6, 3, 7, 4], "texture": "#0"},
				"down": {"uv": [6, 8, 7, 9], "texture": "#0"}
			}
		},
		{
			"name": "machine_pistol_5",
			"from": [7, 7, 0],
			"to": [8, 12, 1],
			"faces": {
				"north": {"uv": [8, 4, 7, 9], "texture": "#0"},
				"east": {"uv": [7, 4, 8, 9], "texture": "#0"},
				"south": {"uv": [7, 4, 8, 9], "texture": "#0"},
				"west": {"uv": [7, 4, 8, 9], "texture": "#0"},
				"up": {"uv": [7, 4, 8, 5], "texture": "#0"},
				"down": {"uv": [7, 8, 8, 9], "texture": "#0"}
			}
		},
		{
			"name": "machine_pistol_6",
			"from": [8, 1, 0],
			"to": [9, 11, 1],
			"faces": {
				"north": {"uv": [9, 5, 8, 15], "texture": "#0"},
				"east": {"uv": [8, 5, 9, 15], "texture": "#0"},
				"south": {"uv": [8, 5, 9, 15], "texture": "#0"},
				"west": {"uv": [8, 5, 9, 15], "texture": "#0"},
				"up": {"uv": [8, 5, 9, 6], "texture": "#0"},
				"down": {"uv": [8, 14, 9, 15], "texture": "#0"}
			}
		},
		{
			"name": "machine_pistol_7",
			"from": [9, 2, 0],
			"to": [10, 10, 1],
			"faces": {
				"north": {"uv": [10, 6, 9, 14], "texture": "#0"},
				"east": {"uv": [9, 6, 10, 14], "texture": "#0"},
				"south": {"uv": [9, 6, 10, 14], "texture": "#0"},
				"west": {"uv": [9, 6, 10, 14], "texture": "#0"},
				"up": {"uv": [9, 6, 10, 7], "texture": "#0"},
				"down": {"uv": [9, 13, 10, 14], "texture": "#0"}
			}
		},
		{
			"name": "machine_pistol_8",
			"from": [4, 5, 0],
			"to": [5, 9, 1],
			"faces": {
				"north": {"uv": [5, 7, 4, 11], "texture": "#0"},
				"east": {"uv": [4, 7, 5, 11], "texture": "#0"},
				"south": {"uv": [4, 7, 5, 11], "texture": "#0"},
				"west": {"uv": [4, 7, 5, 11], "texture": "#0"},
				"up": {"uv": [4, 7, 5, 8], "texture": "#0"},
				"down": {"uv": [4, 10, 5, 11], "texture": "#0"}
			}
		},
		{
			"name": "machine_pistol_9",
			"from": [10, 4, 0],
			"to": [11, 9, 1],
			"faces": {
				"north": {"uv": [11, 7, 10, 12], "texture": "#0"},
				"east": {"uv": [10, 7, 11, 12], "texture": "#0"},
				"south": {"uv": [10, 7, 11, 12], "texture": "#0"},
				"west": {"uv": [10, 7, 11, 12], "texture": "#0"},
				"up": {"uv": [10, 7, 11, 8], "texture": "#0"},
				"down": {"uv": [10, 11, 11, 12], "texture": "#0"}
			}
		},
		{
			"name": "machine_pistol_10",
			"from": [2, 5, 0],
			"to": [4, 8, 1],
			"faces": {
				"north": {"uv": [4, 8, 2, 11], "texture": "#0"},
				"east": {"uv": [3, 8, 4, 11], "texture": "#0"},
				"south": {"uv": [2, 8, 4, 11], "texture": "#0"},
				"west": {"uv": [2, 8, 3, 11], "texture": "#0"},
				"up": {"uv": [2, 8, 4, 9], "texture": "#0"},
				"down": {"uv": [2, 10, 4, 11], "texture": "#0"}
			}
		},
		{
			"name": "machine_pistol_11",
			"from": [11, 4, 0],
			"to": [12, 8, 1],
			"faces": {
				"north": {"uv": [12, 8, 11, 12], "texture": "#0"},
				"east": {"uv": [11, 8, 12, 12], "texture": "#0"},
				"south": {"uv": [11, 8, 12, 12], "texture": "#0"},
				"west": {"uv": [11, 8, 12, 12], "texture": "#0"},
				"up": {"uv": [11, 8, 12, 9], "texture": "#0"},
				"down": {"uv": [11, 11, 12, 12], "texture": "#0"}
			}
		},
		{
			"name": "machine_pistol_12",
			"from": [1, 6, 0],
			"to": [2, 7, 1],
			"faces": {
				"north": {"uv": [2, 9, 1, 10], "texture": "#0"},
				"east": {"uv": [1, 9, 2, 10], "texture": "#0"},
				"south": {"uv": [1, 9, 2, 10], "texture": "#0"},
				"west": {"uv": [1, 9, 2, 10], "texture": "#0"},
				"up": {"uv": [1, 9, 2, 10], "texture": "#0"},
				"down": {"uv": [1, 9, 2, 10], "texture": "#0"}
			}
		},
		{
			"name": "machine_pistol_13",
			"from": [12, 5, 0],
			"to": [13, 7, 1],
			"faces": {
				"north": {"uv": [13, 9, 12, 11], "texture": "#0"},
				"east": {"uv": [12, 9, 13, 11], "texture": "#0"},
				"south": {"uv": [12, 9, 13, 11], "texture": "#0"},
				"west": {"uv": [12, 9, 13, 11], "texture": "#0"},
				"up": {"uv": [12, 9, 13, 10], "texture": "#0"},
				"down": {"uv": [12, 10, 13, 11], "texture": "#0"}
			}
		},
		{
			"name": "machine_pistol_14",
			"from": [7, 1, 0],
			"to": [8, 6, 1],
			"faces": {
				"north": {"uv": [8, 10, 7, 15], "texture": "#0"},
				"east": {"uv": [7, 10, 8, 15], "texture": "#0"},
				"south": {"uv": [7, 10, 8, 15], "texture": "#0"},
				"west": {"uv": [7, 10, 8, 15], "texture": "#0"},
				"up": {"uv": [7, 10, 8, 11], "texture": "#0"},
				"down": {"uv": [7, 14, 8, 15], "texture": "#0"}
			}
		},
		{
			"name": "machine_pistol_15",
			"from": [6, 1, 0],
			"to": [7, 4, 1],
			"faces": {
				"north": {"uv": [7, 12, 6, 15], "texture": "#0"},
				"east": {"uv": [6, 12, 7, 15], "texture": "#0"},
				"south": {"uv": [6, 12, 7, 15], "texture": "#0"},
				"west": {"uv": [6, 12, 7, 15], "texture": "#0"},
				"up": {"uv": [6, 12, 7, 13], "texture": "#0"},
				"down": {"uv": [6, 14, 7, 15], "texture": "#0"}
			}
		},
		{
			"name": "machine_pistol_16",
			"from": [5, 2, 0],
			"to": [6, 3, 1],
			"faces": {
				"north": {"uv": [6, 13, 5, 14], "texture": "#0"},
				"east": {"uv": [5, 13, 6, 14], "texture": "#0"},
				"south": {"uv": [5, 13, 6, 14], "texture": "#0"},
				"west": {"uv": [5, 13, 6, 14], "texture": "#0"},
				"up": {"uv": [5, 13, 6, 14], "texture": "#0"},
				"down": {"uv": [5, 13, 6, 14], "texture": "#0"}
			}
		}
	],
	"gui_light": "front",
	"display": {
		"thirdperson_righthand": {
			"rotation": [130, -90, -180],
			"translation": [-4.25, 0.43, -1.12],
			"scale": [0.6, 0.6, 0.6]
		},
		"thirdperson_lefthand": {
			"rotation": [135, 90, -180],
			"translation": [4.5, 0.43, -0.87],
			"scale": [0.6, 0.6, 0.6]
		},
		"firstperson_righthand": {
			"rotation": [-45, -90, 0],
			"translation": [0.49, 2.64, -3.12],
			"scale": [0.6, 0.6, 0.6]
		},
		"firstperson_lefthand": {
			"rotation": [-52, 90, 0],
			"translation": [7.79, 3.14, -2.38],
			"scale": [0.6, 0.6, 0.6]
		},
		"ground": {
			"translation": [0, 5, 0],
			"scale": [0.6, 0.6, 0.6]
		},
		"gui": {
			"rotation": [14, -180, 0],
			"translation": [-0.94, 1.75, 0]
		},
		"head": {
			"translation": [-0.25, 9.25, -2.5],
			"scale": [0.4, 0.4, 0.4]
		},
		"fixed": {
			"translation": [0.3, 0.2, 7.9]
		}
	},
	"groups": [
		{
			"name": "machine_pistol",
			"origin": [8, 8, 8],
			"color": 0,
			"children": [0, 1, 2, 3, 4, 5, 6, 7, 8, 9, 10, 11, 12, 13, 14, 15, 16]
		}
	]
}