{
	"format_version": "1.21.6",
	"credit": "Made with Blockbench",
	"texture_size": [32, 32],
	"textures": {
		"0": "item/flans/weapons/pistol/marksman_pistol",
		"particle": "item/flans/weapons/pistol/marksman_pistol"
	},
	"elements": [
		{
			"name": "marksman_pistol_0",
			"from": [5, 10, 0],
			"to": [7, 14, 1],
			"faces": {
				"north": {"uv": [7, 2, 5, 6], "texture": "#0"},
				"east": {"uv": [6, 2, 7, 6], "texture": "#0"},
				"south": {"uv": [5, 2, 7, 6], "texture": "#0"},
				"west": {"uv": [5, 2, 6, 6], "texture": "#0"},
				"up": {"uv": [5, 2, 7, 3], "texture": "#0"},
				"down": {"uv": [5, 5, 7, 6], "texture": "#0"}
			}
		},
		{
			"name": "marksman_pistol_1",
			"from": [4, 11, 0],
			"to": [5, 13, 1],
			"faces": {
				"north": {"uv": [5, 3, 4, 5], "texture": "#0"},
				"east": {"uv": [4, 3, 5, 5], "texture": "#0"},
				"south": {"uv": [4, 3, 5, 5], "texture": "#0"},
				"west": {"uv": [4, 3, 5, 5], "texture": "#0"},
				"up": {"uv": [4, 3, 5, 4], "texture": "#0"},
				"down": {"uv": [4, 4, 5, 5], "texture": "#0"}
			}
		},
		{
			"name": "marksman_pistol_2",
			"from": [7, 8, 0],
			"to": [8, 13, 1],
			"faces": {
				"north": {"uv": [8, 3, 7, 8], "texture": "#0"},
				"east": {"uv": [7, 3, 8, 8], "texture": "#0"},
				"south": {"uv": [7, 3, 8, 8], "texture": "#0"},
				"west": {"uv": [7, 3, 8, 8], "texture": "#0"},
				"up": {"uv": [7, 3, 8, 4], "texture": "#0"},
				"down": {"uv": [7, 7, 8, 8], "texture": "#0"}
			}
		},
		{
			"name": "marksman_pistol_3",
			"from": [8, 2, 0],
			"to": [9, 12, 1],
			"faces": {
				"north": {"uv": [9, 4, 8, 14], "texture": "#0"},
				"east": {"uv": [8, 4, 9, 14], "texture": "#0"},
				"south": {"uv": [8, 4, 9, 14], "texture": "#0"},
				"west": {"uv": [8, 4, 9, 14], "texture": "#0"},
				"up": {"uv": [8, 4, 9, 5], "texture": "#0"},
				"down": {"uv": [8, 13, 9, 14], "texture": "#0"}
			}
		},
		{
			"name": "marksman_pistol_4",
			"from": [9, 3, 0],
			"to": [10, 11, 1],
			"faces": {
				"north": {"uv": [10, 5, 9, 13], "texture": "#0"},
				"east": {"uv": [9, 5, 10, 13], "texture": "#0"},
				"south": {"uv": [9, 5, 10, 13], "texture": "#0"},
				"west": {"uv": [9, 5, 10, 13], "texture": "#0"},
				"up": {"uv": [9, 5, 10, 6], "texture": "#0"},
				"down": {"uv": [9, 12, 10, 13], "texture": "#0"}
			}
		},
		{
			"name": "marksman_pistol_5",
			"from": [6, 9, 0],
			"to": [7, 10, 1],
			"faces": {
				"north": {"uv": [7, 6, 6, 7], "texture": "#0"},
				"east": {"uv": [6, 6, 7, 7], "texture": "#0"},
				"south": {"uv": [6, 6, 7, 7], "texture": "#0"},
				"west": {"uv": [6, 6, 7, 7], "texture": "#0"},
				"up": {"uv": [6, 6, 7, 7], "texture": "#0"},
				"down": {"uv": [6, 6, 7, 7], "texture": "#0"}
			}
		},
		{
			"name": "marksman_pistol_6",
			"from": [10, 4, 0],
			"to": [11, 10, 1],
			"faces": {
				"north": {"uv": [11, 6, 10, 12], "texture": "#0"},
				"east": {"uv": [10, 6, 11, 12], "texture": "#0"},
				"south": {"uv": [10, 6, 11, 12], "texture": "#0"},
				"west": {"uv": [10, 6, 11, 12], "texture": "#0"},
				"up": {"uv": [10, 6, 11, 7], "texture": "#0"},
				"down": {"uv": [10, 11, 11, 12], "texture": "#0"}
			}
		},
		{
			"name": "marksman_pistol_7",
			"from": [11, 6, 0],
			"to": [12, 9, 1],
			"faces": {
				"north": {"uv": [12, 7, 11, 10], "texture": "#0"},
				"east": {"uv": [11, 7, 12, 10], "texture": "#0"},
				"south": {"uv": [11, 7, 12, 10], "texture": "#0"},
				"west": {"uv": [11, 7, 12, 10], "texture": "#0"},
				"up": {"uv": [11, 7, 12, 8], "texture": "#0"},
				"down": {"uv": [11, 9, 12, 10], "texture": "#0"}
			}
		},
		{
			"name": "marksman_pistol_8",
			"from": [6, 6, 0],
			"to": [7, 8, 1],
			"faces": {
				"north": {"uv": [7, 8, 6, 10], "texture": "#0"},
				"east": {"uv": [6, 8, 7, 10], "texture": "#0"},
				"south": {"uv": [6, 8, 7, 10], "texture": "#0"},
				"west": {"uv": [6, 8, 7, 10], "texture": "#0"},
				"up": {"uv": [6, 8, 7, 9], "texture": "#0"},
				"down": {"uv": [6, 9, 7, 10], "texture": "#0"}
			}
		},
		{
			"name": "marksman_pistol_9",
			"from": [12, 7, 0],
			"to": [13, 8, 1],
			"faces": {
				"north": {"uv": [13, 8, 12, 9], "texture": "#0"},
				"east": {"uv": [12, 8, 13, 9], "texture": "#0"},
				"south": {"uv": [12, 8, 13, 9], "texture": "#0"},
				"west": {"uv": [12, 8, 13, 9], "texture": "#0"},
				"up": {"uv": [12, 8, 13, 9], "texture": "#0"},
				"down": {"uv": [12, 8, 13, 9], "texture": "#0"}
			}
		},
		{
			"name": "marksman_pistol_10",
			"from": [7, 2, 0],
			"to": [8, 6, 1],
			"faces": {
				"north": {"uv": [8, 10, 7, 14], "texture": "#0"},
				"east": {"uv": [7, 10, 8, 14], "texture": "#0"},
				"south": {"uv": [7, 10, 8, 14], "texture": "#0"},
				"west": {"uv": [7, 10, 8, 14], "texture": "#0"},
				"up": {"uv": [7, 10, 8, 11], "texture": "#0"},
				"down": {"uv": [7, 13, 8, 14], "texture": "#0"}
			}
		},
		{
			"name": "marksman_pistol_11",
			"from": [6, 3, 0],
			"to": [7, 5, 1],
			"faces": {
				"north": {"uv": [7, 11, 6, 13], "texture": "#0"},
				"east": {"uv": [6, 11, 7, 13], "texture": "#0"},
				"south": {"uv": [6, 11, 7, 13], "texture": "#0"},
				"west": {"uv": [6, 11, 7, 13], "texture": "#0"},
				"up": {"uv": [6, 11, 7, 12], "texture": "#0"},
				"down": {"uv": [6, 12, 7, 13], "texture": "#0"}
			}
		}
	],
	"gui_light": "front",
	"display": {
		"thirdperson_righthand": {
			"rotation": [130, -90, -180],
			"translation": [-4.25, 0.43, -1.12],
			"scale": [0.6, 0.6, 0.6]
		},
		"thirdperson_lefthand": {
			"rotation": [135, 90, -180],
			"translation": [4.5, 0.43, -0.87],
			"scale": [0.6, 0.6, 0.6]
		},
		"firstperson_righthand": {
			"rotation": [-45, -90, 0],
			"translation": [0.49, 2.64, -3.12],
			"scale": [0.6, 0.6, 0.6]
		},
		"firstperson_lefthand": {
			"rotation": [-52, 90, 0],
			"translation": [7.79, 3.14, -2.38],
			"scale": [0.6, 0.6, 0.6]
		},
		"ground": {
			"translation": [0, 5, 0],
			"scale": [0.6, 0.6, 0.6]
		},
		"gui": {
			"rotation": [14, -180, 0],
			"translation": [0.56, 1.75, 0]
		},
		"head": {
			"translation": [-0.25, 9.25, -2.5],
			"scale": [0.4, 0.4, 0.4]
		},
		"fixed": {
			"translation": [0.3, 0.2, 7.9]
		}
	},
	"groups": [
		{
			"name": "marksman_pistol",
			"origin": [8, 8, 8],
			"color": 0,
			"children": [0, 1, 2, 3, 4, 5, 6, 7, 8, 9, 10, 11]
		}
	]
}