{
	"format_version": "1.21.6",
	"credit": "Made with Blockbench",
	"textures": {
		"0": "item/flans/weapons/pistol/taser",
		"particle": "item/flans/weapons/pistol/taser"
	},
	"elements": [
		{
			"name": "taser_0",
			"from": [5, 6, 0],
			"to": [7, 15, 1],
			"faces": {
				"north": {"uv": [7, 1, 5, 10], "texture": "#0"},
				"east": {"uv": [6, 1, 7, 10], "texture": "#0"},
				"south": {"uv": [5, 1, 7, 10], "texture": "#0"},
				"west": {"uv": [5, 1, 6, 10], "texture": "#0"},
				"up": {"uv": [5, 1, 7, 2], "texture": "#0"},
				"down": {"uv": [5, 9, 7, 10], "texture": "#0"}
			}
		},
		{
			"name": "taser_1",
			"from": [4, 11, 0],
			"to": [5, 14, 1],
			"faces": {
				"north": {"uv": [5, 2, 4, 5], "texture": "#0"},
				"east": {"uv": [4, 2, 5, 5], "texture": "#0"},
				"south": {"uv": [4, 2, 5, 5], "texture": "#0"},
				"west": {"uv": [4, 2, 5, 5], "texture": "#0"},
				"up": {"uv": [4, 2, 5, 3], "texture": "#0"},
				"down": {"uv": [4, 4, 5, 5], "texture": "#0"}
			}
		},
		{
			"name": "taser_2",
			"from": [3, 12, 0],
			"to": [4, 13, 1],
			"faces": {
				"north": {"uv": [4, 3, 3, 4], "texture": "#0"},
				"east": {"uv": [3, 3, 4, 4], "texture": "#0"},
				"south": {"uv": [3, 3, 4, 4], "texture": "#0"},
				"west": {"uv": [3, 3, 4, 4], "texture": "#0"},
				"up": {"uv": [3, 3, 4, 4], "texture": "#0"},
				"down": {"uv": [3, 3, 4, 4], "texture": "#0"}
			}
		},
		{
			"name": "taser_3",
			"from": [7, 1, 0],
			"to": [8, 13, 1],
			"faces": {
				"north": {"uv": [8, 3, 7, 15], "texture": "#0"},
				"east": {"uv": [7, 3, 8, 15], "texture": "#0"},
				"south": {"uv": [7, 3, 8, 15], "texture": "#0"},
				"west": {"uv": [7, 3, 8, 15], "texture": "#0"},
				"up": {"uv": [7, 3, 8, 4], "texture": "#0"},
				"down": {"uv": [7, 14, 8, 15], "texture": "#0"}
			}
		},
		{
			"name": "taser_4",
			"from": [8, 1, 0],
			"to": [9, 12, 1],
			"faces": {
				"north": {"uv": [9, 4, 8, 15], "texture": "#0"},
				"east": {"uv": [8, 4, 9, 15], "texture": "#0"},
				"south": {"uv": [8, 4, 9, 15], "texture": "#0"},
				"west": {"uv": [8, 4, 9, 15], "texture": "#0"},
				"up": {"uv": [8, 4, 9, 5], "texture": "#0"},
				"down": {"uv": [8, 14, 9, 15], "texture": "#0"}
			}
		},
		{
			"name": "taser_5",
			"from": [9, 2, 0],
			"to": [10, 11, 1],
			"faces": {
				"north": {"uv": [10, 5, 9, 14], "texture": "#0"},
				"east": {"uv": [9, 5, 10, 14], "texture": "#0"},
				"south": {"uv": [9, 5, 10, 14], "texture": "#0"},
				"west": {"uv": [9, 5, 10, 14], "texture": "#0"},
				"up": {"uv": [9, 5, 10, 6], "texture": "#0"},
				"down": {"uv": [9, 13, 10, 14], "texture": "#0"}
			}
		},
		{
			"name": "taser_6",
			"from": [4, 7, 0],
			"to": [5, 10, 1],
			"faces": {
				"north": {"uv": [5, 6, 4, 9], "texture": "#0"},
				"east": {"uv": [4, 6, 5, 9], "texture": "#0"},
				"south": {"uv": [4, 6, 5, 9], "texture": "#0"},
				"west": {"uv": [4, 6, 5, 9], "texture": "#0"},
				"up": {"uv": [4, 6, 5, 7], "texture": "#0"},
				"down": {"uv": [4, 8, 5, 9], "texture": "#0"}
			}
		},
		{
			"name": "taser_7",
			"from": [10, 4, 0],
			"to": [11, 10, 1],
			"faces": {
				"north": {"uv": [11, 6, 10, 12], "texture": "#0"},
				"east": {"uv": [10, 6, 11, 12], "texture": "#0"},
				"south": {"uv": [10, 6, 11, 12], "texture": "#0"},
				"west": {"uv": [10, 6, 11, 12], "texture": "#0"},
				"up": {"uv": [10, 6, 11, 7], "texture": "#0"},
				"down": {"uv": [10, 11, 11, 12], "texture": "#0"}
			}
		},
		{
			"name": "taser_8",
			"from": [11, 6, 0],
			"to": [12, 9, 1],
			"faces": {
				"north": {"uv": [12, 7, 11, 10], "texture": "#0"},
				"east": {"uv": [11, 7, 12, 10], "texture": "#0"},
				"south": {"uv": [11, 7, 12, 10], "texture": "#0"},
				"west": {"uv": [11, 7, 12, 10], "texture": "#0"},
				"up": {"uv": [11, 7, 12, 8], "texture": "#0"},
				"down": {"uv": [11, 9, 12, 10], "texture": "#0"}
			}
		},
		{
			"name": "taser_9",
			"from": [4, 4, 0],
			"to": [5, 6, 1],
			"faces": {
				"north": {"uv": [5, 10, 4, 12], "texture": "#0"},
				"east": {"uv": [4, 10, 5, 12], "texture": "#0"},
				"south": {"uv": [4, 10, 5, 12], "texture": "#0"},
				"west": {"uv": [4, 10, 5, 12], "texture": "#0"},
				"up": {"uv": [4, 10, 5, 11], "texture": "#0"},
				"down": {"uv": [4, 11, 5, 12], "texture": "#0"}
			}
		},
		{
			"name": "taser_10",
			"from": [6, 1, 0],
			"to": [7, 5, 1],
			"faces": {
				"north": {"uv": [7, 11, 6, 15], "texture": "#0"},
				"east": {"uv": [6, 11, 7, 15], "texture": "#0"},
				"south": {"uv": [6, 11, 7, 15], "texture": "#0"},
				"west": {"uv": [6, 11, 7, 15], "texture": "#0"},
				"up": {"uv": [6, 11, 7, 12], "texture": "#0"},
				"down": {"uv": [6, 14, 7, 15], "texture": "#0"}
			}
		},
		{
			"name": "taser_11",
			"from": [5, 2, 0],
			"to": [6, 4, 1],
			"faces": {
				"north": {"uv": [6, 12, 5, 14], "texture": "#0"},
				"east": {"uv": [5, 12, 6, 14], "texture": "#0"},
				"south": {"uv": [5, 12, 6, 14], "texture": "#0"},
				"west": {"uv": [5, 12, 6, 14], "texture": "#0"},
				"up": {"uv": [5, 12, 6, 13], "texture": "#0"},
				"down": {"uv": [5, 13, 6, 14], "texture": "#0"}
			}
		}
	],
	"gui_light": "front",
	"display": {
		"thirdperson_righthand": {
			"rotation": [130, -90, -180],
			"translation": [-4.25, 0.43, -1.12],
			"scale": [0.6, 0.6, 0.6]
		},
		"thirdperson_lefthand": {
			"rotation": [135, 90, -180],
			"translation": [4.5, 0.43, -0.87],
			"scale": [0.6, 0.6, 0.6]
		},
		"firstperson_righthand": {
			"rotation": [-45, -90, 0],
			"translation": [0.49, 2.64, -3.12],
			"scale": [0.6, 0.6, 0.6]
		},
		"firstperson_lefthand": {
			"rotation": [-52, 90, 0],
			"translation": [7.79, 3.14, -2.38],
			"scale": [0.6, 0.6, 0.6]
		},
		"ground": {
			"translation": [0, 5, 0],
			"scale": [0.6, 0.6, 0.6]
		},
		"gui": {
			"rotation": [14, -180, 0],
			"translation": [0.56, 1.75, 0]
		},
		"head": {
			"translation": [-0.25, 9.25, -2.5],
			"scale": [0.4, 0.4, 0.4]
		},
		"fixed": {
			"translation": [0.3, 0.2, 7.9]
		}
	},
	"groups": [
		{
			"name": "taser",
			"origin": [8, 8, 8],
			"color": 0,
			"children": [0, 1, 2, 3, 4, 5, 6, 7, 8, 9, 10, 11]
		}
	]
}