{"display":{"thirdperson_righthand":{"rotation":[29,0,63],"translation":[0,1.75,-0.5],"scale":[0.5,0.5,0.5]},"thirdperson_lefthand":{"rotation":[17,0,31],"translation":[0,0.75,-1.75],"scale":[0.5,0.5,0.5]},"firstperson_righthand":{"rotation":[22,-15,27],"translation":[0,1.5,-0.75]},"firstperson_lefthand":{"rotation":[22,-15,27],"translation":[0,1.5,-0.75]},"ground":{"translation":[0,2,0],"scale":[0.5,0.5,0.5]},"gui":{"rotation":[50,45,0],"scale":[0.75,0.75,0.75]},"head":{"rotation":[0,90,0],"translation":[0,9.25,0],"scale":[4,4,4]},"fixed":{"rotation":[-90,0,0],"translation":[0,0,-0.5]}},"textures":{"0":"food/baked_potato/crust_poptart","1":"food/baked_potato/poptart","2":"food/baked_potato/poptart_top","particle":"food/baked_potato/crust_poptart"},"elements":[{"from":[5.39063,7.08616,2.44739],"to":[10.39063,8.08616,11.44739],"rotation":{"angle":0,"axis":"y","origin":[19.89063,22.08616,18.44739]},"faces":{"north":{"uv":[0,0,5,1],"texture":"#0"},"east":{"uv":[0,0,2,4.5],"texture":"#0"},"south":{"uv":[0,0,2,4.5],"texture":"#0"},"west":{"uv":[2.49015,0,11.49015,0.5],"texture":"#0"},"up":{"uv":[0,0,2,4.5],"texture":"#0"},"down":{"uv":[0,0,2,4.5],"texture":"#0"}}},{"from":[6.00383,7.28616,3.89364],"to":[9.77742,8.28616,11.20924],"rotation":{"angle":0,"axis":"y","origin":[18.91143,22.08616,17.63804]},"faces":{"north":{"uv":[0,0,10,2],"texture":"#1"},"east":{"uv":[0,0,10,2],"texture":"#1"},"south":{"uv":[0,0,10,2],"texture":"#1"},"west":{"uv":[0,0,10,2],"texture":"#1"},"up":{"uv":[6.1132,3.9364,9.8868,11.252],"texture":"#1"},"down":{"uv":[0,0,10,2],"texture":"#1"}}},{"from":[10.00383,8.28616,6.89364],"to":[10.77743,8.43616,7.20924],"rotation":{"angle":-22.5,"axis":"y","origin":[10.39063,8.36116,7.05144]},"faces":{"north":{"uv":[6.25,8.25,7.023,8.441],"texture":"#2"},"east":{"uv":[6.25,8.25,7.023,8.441],"texture":"#2"},"south":{"uv":[6.25,8.25,7.023,8.441],"texture":"#2"},"west":{"uv":[6.25,8.25,7.023,8.441],"texture":"#2"},"up":{"uv":[6.25,8.25,7.023,8.441],"texture":"#2"},"down":{"uv":[6.25,8.25,7.023,8.441],"texture":"#2"}}},{"from":[6.75383,8.28616,8.14364],"to":[7.52743,8.43616,8.45924],"rotation":{"angle":0,"axis":"y","origin":[18.91143,22.08616,17.63804]},"faces":{"north":{"uv":[6.25,8.25,7.023,8.441],"texture":"#2"},"east":{"uv":[6.25,8.25,7.023,8.441],"texture":"#2"},"south":{"uv":[6.25,8.25,7.023,8.441],"texture":"#2"},"west":{"uv":[6.25,8.25,7.023,8.441],"texture":"#2"},"up":{"uv":[6.25,8.25,7.023,8.441],"texture":"#2"},"down":{"uv":[6.25,8.25,7.023,8.441],"texture":"#2"}}},{"from":[6.75383,8.28616,11.89364],"to":[7.52743,8.43616,12.20924],"rotation":{"angle":-22.5,"axis":"y","origin":[7.14063,8.36116,12.05144]},"faces":{"north":{"uv":[6.25,12,7.023,12.191],"texture":"#2"},"east":{"uv":[6.25,12,7.023,12.191],"texture":"#2"},"south":{"uv":[6.25,12,7.023,12.191],"texture":"#2"},"west":{"uv":[6.25,12,7.023,12.191],"texture":"#2"},"up":{"uv":[6.25,12,7.023,12.191],"texture":"#2"},"down":{"uv":[6.25,12,7.023,12.191],"texture":"#2"}}},{"from":[8.75383,8.28616,9.39364],"to":[9.52742,8.43616,9.70924],"rotation":{"angle":0,"axis":"y","origin":[18.91143,22.08616,17.63804]},"faces":{"north":{"uv":[6.25,8.25,7.023,8.441],"texture":"#2"},"east":{"uv":[6.25,8.25,7.023,8.441],"texture":"#2"},"south":{"uv":[6.25,8.25,7.023,8.441],"texture":"#2"},"west":{"uv":[6.25,8.25,7.023,8.441],"texture":"#2"},"up":{"uv":[6.25,8.25,7.023,8.441],"texture":"#2"},"down":{"uv":[6.25,8.25,7.023,8.441],"texture":"#2"}}},{"from":[10.25383,8.28616,8.64364],"to":[11.02743,8.43616,8.95924],"rotation":{"angle":45,"axis":"y","origin":[10.64063,8.36116,8.80144]},"faces":{"north":{"uv":[8,7.25,8.773,7.441],"texture":"#2"},"east":{"uv":[8,7.25,8.773,7.441],"texture":"#2"},"south":{"uv":[8,7.25,8.773,7.441],"texture":"#2"},"west":{"uv":[8,7.25,8.773,7.441],"texture":"#2"},"up":{"uv":[8,7.25,8.773,7.441],"texture":"#2"},"down":{"uv":[8,7.25,8.773,7.441],"texture":"#2"}}},{"from":[8.73283,8.28616,6.91464],"to":[9.04843,8.43616,7.68824],"rotation":{"angle":-22.5,"axis":"y","origin":[8.89063,8.36116,7.30144]},"faces":{"north":{"uv":[8,7.25,8.773,7.441],"texture":"#2"},"east":{"uv":[8,7.25,8.773,7.441],"texture":"#2"},"south":{"uv":[8,7.25,8.773,7.441],"texture":"#2"},"west":{"uv":[8,7.25,8.773,7.441],"texture":"#2"},"up":{"uv":[8,7.25,8.773,7.441],"rotation":270,"texture":"#2"},"down":{"uv":[8,7.25,8.773,7.441],"rotation":90,"texture":"#2"}}},{"from":[5.23283,8.28616,10.16464],"to":[5.54843,8.43616,10.68824],"rotation":{"angle":0,"axis":"y","origin":[5.39063,8.36116,10.30144]},"faces":{"north":{"uv":[8,7.25,8.773,7.441],"texture":"#2"},"east":{"uv":[8,7.25,8.773,7.441],"texture":"#2"},"south":{"uv":[8,7.25,8.773,7.441],"texture":"#2"},"west":{"uv":[8,7.25,8.773,7.441],"texture":"#2"},"up":{"uv":[8,7.25,8.773,7.441],"rotation":90,"texture":"#2"},"down":{"uv":[8,7.25,8.773,7.441],"rotation":270,"texture":"#2"}}},{"from":[5.00383,8.28616,6.14364],"to":[5.77743,8.43616,6.45924],"rotation":{"angle":-45,"axis":"y","origin":[5.39063,8.36116,6.30144]},"faces":{"north":{"uv":[8,7.25,8.773,7.441],"texture":"#2"},"east":{"uv":[8,7.25,8.773,7.441],"texture":"#2"},"south":{"uv":[8,7.25,8.773,7.441],"texture":"#2"},"west":{"uv":[8,7.25,8.773,7.441],"texture":"#2"},"up":{"uv":[8,7.25,8.773,7.441],"texture":"#2"},"down":{"uv":[8,7.25,8.773,7.441],"texture":"#2"}}},{"from":[7.00383,8.28616,9.64364],"to":[7.52743,8.43616,9.95924],"rotation":{"angle":0,"axis":"y","origin":[18.91143,22.08616,17.63804]},"faces":{"north":{"uv":[6.5,5.5,7.023,5.691],"texture":"#2"},"east":{"uv":[6.5,5.5,7.023,5.691],"texture":"#2"},"south":{"uv":[6.5,5.5,7.023,5.691],"texture":"#2"},"west":{"uv":[6.5,5.5,7.023,5.691],"texture":"#2"},"up":{"uv":[6.5,5.5,7.023,5.691],"texture":"#2"},"down":{"uv":[6.5,5.5,7.023,5.691],"texture":"#2"}}},{"from":[7.25383,8.28616,7.39364],"to":[7.77743,8.43616,7.70924],"rotation":{"angle":22.5,"axis":"y","origin":[7.51563,8.36116,7.55144]},"faces":{"north":{"uv":[6.75,7.5,7.273,7.691],"texture":"#2"},"east":{"uv":[6.75,7.5,7.273,7.691],"texture":"#2"},"south":{"uv":[6.75,7.5,7.273,7.691],"texture":"#2"},"west":{"uv":[6.75,7.5,7.273,7.691],"texture":"#2"},"up":{"uv":[6.75,7.5,7.273,7.691],"texture":"#2"},"down":{"uv":[6.75,7.5,7.273,7.691],"texture":"#2"}}},{"from":[7.00383,8.28616,5.39364],"to":[7.52743,8.43616,5.70924],"rotation":{"angle":0,"axis":"y","origin":[18.91143,22.08616,17.63804]},"faces":{"north":{"uv":[6.5,5.5,7.023,5.691],"texture":"#2"},"east":{"uv":[6.5,5.5,7.023,5.691],"texture":"#2"},"south":{"uv":[6.5,5.5,7.023,5.691],"texture":"#2"},"west":{"uv":[6.5,5.5,7.023,5.691],"texture":"#2"},"up":{"uv":[6.5,5.5,7.023,5.691],"texture":"#2"},"down":{"uv":[6.5,5.5,7.023,5.691],"texture":"#2"}}},{"from":[10.25383,8.28616,4.64364],"to":[10.77743,8.43616,4.95924],"rotation":{"angle":0,"axis":"y","origin":[18.91143,22.08616,17.63804]},"faces":{"north":{"uv":[6.5,5.5,7.023,5.691],"texture":"#2"},"east":{"uv":[6.5,5.5,7.023,5.691],"texture":"#2"},"south":{"uv":[6.5,5.5,7.023,5.691],"texture":"#2"},"west":{"uv":[6.5,5.5,7.023,5.691],"texture":"#2"},"up":{"uv":[6.5,5.5,7.023,5.691],"texture":"#2"},"down":{"uv":[6.5,5.5,7.023,5.691],"texture":"#2"}}},{"from":[8.25383,8.28616,11.14364],"to":[8.77742,8.43616,11.45924],"rotation":{"angle":-45,"axis":"y","origin":[8.51563,8.36116,11.30144]},"faces":{"north":{"uv":[6.5,5.5,7.023,5.691],"texture":"#2"},"east":{"uv":[6.5,5.5,7.023,5.691],"texture":"#2"},"south":{"uv":[6.5,5.5,7.023,5.691],"texture":"#2"},"west":{"uv":[6.5,5.5,7.023,5.691],"texture":"#2"},"up":{"uv":[6.5,5.5,7.023,5.691],"texture":"#2"},"down":{"uv":[6.5,5.5,7.023,5.691],"texture":"#2"}}},{"from":[9.23283,8.28616,4.66464],"to":[9.54843,8.43616,5.43824],"rotation":{"angle":22.5,"axis":"y","origin":[9.39063,8.36116,5.05144]},"faces":{"north":{"uv":[8.5,5,9.273,5.191],"texture":"#2"},"east":{"uv":[8.5,5,9.273,5.191],"texture":"#2"},"south":{"uv":[8.5,5,9.273,5.191],"texture":"#2"},"west":{"uv":[8.5,5,9.273,5.191],"texture":"#2"},"up":{"uv":[8.5,5,9.273,5.191],"rotation":90,"texture":"#2"},"down":{"uv":[8.5,5,9.273,5.191],"rotation":270,"texture":"#2"}}},{"from":[7.98283,8.28616,4.16464],"to":[8.29843,8.43616,4.93824],"rotation":{"angle":-45,"axis":"y","origin":[8.14063,8.36116,4.55144]},"faces":{"north":{"uv":[6.25,8.25,7.023,8.441],"texture":"#2"},"east":{"uv":[6.25,8.25,7.023,8.441],"texture":"#2"},"south":{"uv":[6.25,8.25,7.023,8.441],"texture":"#2"},"west":{"uv":[6.25,8.25,7.023,8.441],"texture":"#2"},"up":{"uv":[6.25,8.25,7.023,8.441],"rotation":90,"texture":"#2"},"down":{"uv":[6.25,8.25,7.023,8.441],"rotation":270,"texture":"#2"}}},{"from":[6.48283,8.28616,6.66464],"to":[6.79843,8.43616,7.43824],"rotation":{"angle":0,"axis":"y","origin":[9.14063,8.36116,4.55144]},"faces":{"north":{"uv":[6.25,8.25,7.023,8.441],"texture":"#2"},"east":{"uv":[6.25,8.25,7.023,8.441],"texture":"#2"},"south":{"uv":[6.25,8.25,7.023,8.441],"texture":"#2"},"west":{"uv":[6.25,8.25,7.023,8.441],"texture":"#2"},"up":{"uv":[6.25,8.25,7.023,8.441],"rotation":90,"texture":"#2"},"down":{"uv":[6.25,8.25,7.023,8.441],"rotation":270,"texture":"#2"}}},{"from":[9.48283,8.28616,11.16464],"to":[9.79843,8.43616,12.18824],"rotation":{"angle":-22.5,"axis":"y","origin":[9.64063,8.36116,11.67644]},"faces":{"north":{"uv":[8.5,5,9.273,5.191],"texture":"#2"},"east":{"uv":[8.5,5,9.273,5.191],"texture":"#2"},"south":{"uv":[8.5,5,9.273,5.191],"texture":"#2"},"west":{"uv":[8.5,5,9.273,5.191],"texture":"#2"},"up":{"uv":[8.5,5,9.273,5.191],"rotation":90,"texture":"#2"},"down":{"uv":[8.5,5,9.273,5.191],"texture":"#2"}}},{"from":[9.98283,8.28616,10.16464],"to":[10.29843,8.43616,10.93824],"rotation":{"angle":0,"axis":"y","origin":[9.14063,8.36116,4.55144]},"faces":{"north":{"uv":[6.75,7.5,7.148,7.691],"texture":"#2"},"east":{"uv":[6.75,7.5,7.148,7.691],"texture":"#2"},"south":{"uv":[6.75,7.5,7.148,7.691],"texture":"#2"},"west":{"uv":[6.75,7.5,7.148,7.691],"texture":"#2"},"up":{"uv":[6.75,7.5,7.148,7.691],"texture":"#2"},"down":{"uv":[6.75,7.5,7.148,7.691],"texture":"#2"}}},{"from":[8.48283,8.28616,5.91464],"to":[8.79843,8.43616,6.43824],"rotation":{"angle":0,"axis":"y","origin":[9.14063,8.36116,4.55144]},"faces":{"north":{"uv":[6.75,7.5,7.148,7.691],"texture":"#2"},"east":{"uv":[6.75,7.5,7.148,7.691],"texture":"#2"},"south":{"uv":[6.75,7.5,7.148,7.691],"texture":"#2"},"west":{"uv":[6.75,7.5,7.148,7.691],"texture":"#2"},"up":{"uv":[6.75,7.5,7.148,7.691],"texture":"#2"},"down":{"uv":[6.75,7.5,7.148,7.691],"texture":"#2"}}},{"from":[5.73283,8.28616,4.66464],"to":[6.04843,8.43616,5.43824],"rotation":{"angle":0,"axis":"y","origin":[9.14063,8.36116,4.55144]},"faces":{"north":{"uv":[6.75,7.5,7.148,7.691],"texture":"#2"},"east":{"uv":[6.75,7.5,7.148,7.691],"texture":"#2"},"south":{"uv":[6.75,7.5,7.148,7.691],"texture":"#2"},"west":{"uv":[6.75,7.5,7.148,7.691],"texture":"#2"},"up":{"uv":[6.75,7.5,7.148,7.691],"texture":"#2"},"down":{"uv":[6.75,7.5,7.148,7.691],"texture":"#2"}}},{"from":[5.98283,8.28616,10.66464],"to":[6.29843,8.43616,11.18824],"rotation":{"angle":0,"axis":"y","origin":[9.14063,8.36116,4.55144]},"faces":{"north":{"uv":[8.5,5,9.273,5.191],"texture":"#2"},"east":{"uv":[8.5,5,9.273,5.191],"texture":"#2"},"south":{"uv":[8.5,5,9.273,5.191],"texture":"#2"},"west":{"uv":[8.5,5,9.273,5.191],"texture":"#2"},"up":{"uv":[8.5,5,9.273,5.191],"rotation":90,"texture":"#2"},"down":{"uv":[8.5,5,9.273,5.191],"texture":"#2"}}},{"from":[5.48283,8.28616,8.16464],"to":[5.79843,8.43616,8.68824],"rotation":{"angle":0,"axis":"y","origin":[9.14063,8.36116,4.55144]},"faces":{"north":{"uv":[8.5,5,9.273,5.191],"texture":"#2"},"east":{"uv":[8.5,5,9.273,5.191],"texture":"#2"},"south":{"uv":[8.5,5,9.273,5.191],"texture":"#2"},"west":{"uv":[8.5,5,9.273,5.191],"texture":"#2"},"up":{"uv":[8.5,5,9.273,5.191],"rotation":90,"texture":"#2"},"down":{"uv":[8.5,5,9.273,5.191],"texture":"#2"}}},{"from":[9.23283,8.28616,7.91464],"to":[9.54843,8.43616,8.43824],"rotation":{"angle":0,"axis":"y","origin":[9.14063,8.36116,4.55144]},"faces":{"north":{"uv":[6.25,12,7.023,12.191],"texture":"#2"},"east":{"uv":[6.25,12,7.023,12.191],"texture":"#2"},"south":{"uv":[6.25,12,7.023,12.191],"texture":"#2"},"west":{"uv":[6.25,12,7.023,12.191],"texture":"#2"},"up":{"uv":[6.25,12,7.023,12.191],"texture":"#2"},"down":{"uv":[6.25,12,7.023,12.191],"texture":"#2"}}},{"from":[8.23283,8.28616,8.41464],"to":[8.54843,8.43616,8.93824],"rotation":{"angle":0,"axis":"y","origin":[9.14063,8.36116,4.55144]},"faces":{"north":{"uv":[6.5,9.75,6.898,9.941],"texture":"#2"},"east":{"uv":[6.5,9.75,6.898,9.941],"texture":"#2"},"south":{"uv":[6.5,9.75,6.898,9.941],"texture":"#2"},"west":{"uv":[6.5,9.75,6.898,9.941],"texture":"#2"},"up":{"uv":[6.5,9.75,6.898,9.941],"texture":"#2"},"down":{"uv":[6.5,9.75,6.898,9.941],"texture":"#2"}}},{"from":[9.98283,8.28616,5.66464],"to":[10.29843,8.43616,6.18824],"rotation":{"angle":0,"axis":"y","origin":[9.14063,8.36116,4.55144]},"faces":{"north":{"uv":[6.25,12,7.023,12.191],"texture":"#2"},"east":{"uv":[6.25,12,7.023,12.191],"texture":"#2"},"south":{"uv":[6.25,12,7.023,12.191],"texture":"#2"},"west":{"uv":[6.25,12,7.023,12.191],"texture":"#2"},"up":{"uv":[6.25,12,7.023,12.191],"texture":"#2"},"down":{"uv":[6.25,12,7.023,12.191],"texture":"#2"}}},{"from":[5.39063,7.08616,11.47473],"to":[10.39063,8.08616,13.47473],"rotation":{"angle":0,"axis":"y","origin":[19.89063,22.08616,18.47473]},"faces":{"north":{"uv":[0,0,2,1],"texture":"#0"},"east":{"uv":[0,0,2,1],"texture":"#0"},"south":{"uv":[0,0,5,1],"texture":"#0"},"west":{"uv":[11.51749,0,13.51749,0.5],"texture":"#0"},"up":{"uv":[0,0,2,1],"texture":"#0"},"down":{"uv":[0,0,2,1],"texture":"#0"}}},{"from":[6.05383,7.28616,11.20924],"to":[9.72743,8.28616,13.04604],"rotation":{"angle":0,"axis":"y","origin":[18.91143,22.08616,17.63804]},"faces":{"north":{"uv":[0,0,10,2],"texture":"#1"},"east":{"uv":[0,0,10,2],"texture":"#1"},"south":{"uv":[0,0,10,2],"texture":"#1"},"west":{"uv":[0,0,10,2],"texture":"#1"},"up":{"uv":[6.1632,11.252,9.8368,13.0888],"texture":"#1"},"down":{"uv":[0,0,10,2],"texture":"#1"}}},{"from":[6.05383,7.28616,2.91853],"to":[9.72743,8.28616,4.75533],"rotation":{"angle":0,"axis":"y","origin":[18.91143,22.08616,17.59733]},"faces":{"north":{"uv":[0,0,10,2],"texture":"#1"},"east":{"uv":[0,0,10,2],"texture":"#1"},"south":{"uv":[0,0,10,2],"texture":"#1"},"west":{"uv":[0,0,10,2],"texture":"#1"},"up":{"uv":[0,0,10,2],"texture":"#1"},"down":{"uv":[0,0,10,2],"texture":"#1"}}},{"from":[6.05383,7.28616,11.20924],"to":[9.72743,8.28616,13.04604],"rotation":{"angle":0,"axis":"y","origin":[18.91143,22.08616,17.63804]},"faces":{"north":{"uv":[0,0,10,2],"texture":"#1"},"east":{"uv":[0,0,10,2],"texture":"#1"},"south":{"uv":[0,0,10,2],"texture":"#1"},"west":{"uv":[0,0,10,2],"texture":"#1"},"up":{"uv":[0,0,10,2],"texture":"#1"},"down":{"uv":[0,0,10,2],"texture":"#1"}}},{"from":[6.05383,7.28616,2.91853],"to":[9.72743,8.28616,4.75533],"rotation":{"angle":0,"axis":"y","origin":[18.91143,22.08616,17.59733]},"faces":{"north":{"uv":[0,0,10,2],"texture":"#1"},"east":{"uv":[0,0,10,2],"texture":"#1"},"south":{"uv":[0,0,10,2],"texture":"#1"},"west":{"uv":[0,0,10,2],"texture":"#1"},"up":{"uv":[6.1632,2.96129,9.8368,4.79809],"texture":"#1"},"down":{"uv":[0,0,10,2],"texture":"#1"}}},{"from":[5.6267,7.28616,3.55153],"to":[6.5451,8.28616,5.38833],"rotation":{"angle":22.5,"axis":"y","origin":[4.70829,7.08616,4.46993]},"faces":{"north":{"uv":[0,0,10,2],"texture":"#1"},"east":{"uv":[0,0,10,2],"texture":"#1"},"south":{"uv":[0,0,10,2],"texture":"#1"},"west":{"uv":[0,0,10,2],"texture":"#1"},"up":{"uv":[5.73607,3.59429,6.65447,5.43109],"texture":"#1"},"down":{"uv":[0,0,10,2],"texture":"#1"}}},{"from":[6.30629,7.08616,10.481],"to":[7.45629,8.08616,12.481],"rotation":{"angle":-22.5,"axis":"y","origin":[3.92554,7.08616,7.78548]},"faces":{"north":{"uv":[0,1,0.5,2],"texture":"#0"},"east":{"uv":[0,1,0.5,2],"texture":"#0"},"south":{"uv":[0,1,0.5,1.5],"texture":"#0"},"west":{"uv":[10.52376,0,12.52376,0.5],"texture":"#0"},"up":{"uv":[0,1,0.5,2],"texture":"#0"},"down":{"uv":[0,1,0.5,2],"texture":"#0"}}},{"from":[6.30629,7.08616,3.43348],"to":[7.45629,8.08616,5.43348],"rotation":{"angle":22.5,"axis":"y","origin":[3.92554,7.08616,8.129]},"faces":{"north":{"uv":[1.15,1,0,2],"texture":"#0"},"east":{"uv":[0.5,1,0,2],"texture":"#0"},"south":{"uv":[0.5,1,0,2],"texture":"#0"},"west":{"uv":[12.52376,0,10.52376,0.5],"texture":"#0"},"up":{"uv":[0,2,0.5,1],"texture":"#0"},"down":{"uv":[0,2,0.5,1],"texture":"#0"}}},{"from":[8.32497,7.08616,10.481],"to":[9.47496,8.08616,12.481],"rotation":{"angle":22.5,"axis":"y","origin":[11.85571,7.08616,7.78548]},"faces":{"north":{"uv":[0.5,1,0,2],"texture":"#0"},"east":{"uv":[12.52376,0,10.52376,0.5],"texture":"#0"},"south":{"uv":[1.15,1,0,2],"texture":"#0"},"west":{"uv":[0.5,1,0,2],"texture":"#0"},"up":{"uv":[0.5,1,0,2],"texture":"#0"},"down":{"uv":[0.5,1,0,2],"texture":"#0"}}},{"from":[8.32497,7.08616,3.43348],"to":[9.47496,8.08616,5.43348],"rotation":{"angle":-22.5,"axis":"y","origin":[11.85571,7.08616,8.129]},"faces":{"north":{"uv":[0,1,0.5,1.5],"texture":"#0"},"east":{"uv":[10.52376,0,12.52376,0.5],"texture":"#0"},"south":{"uv":[0,1,0.5,2],"texture":"#0"},"west":{"uv":[0,1,0.5,2],"texture":"#0"},"up":{"uv":[0.5,2,0,1],"texture":"#0"},"down":{"uv":[0.5,2,0,1],"texture":"#0"}}},{"from":[7.03253,7.28616,10.2966],"to":[7.95093,8.28616,12.1334],"rotation":{"angle":-22.5,"axis":"y","origin":[4.70829,7.08616,7.82103]},"faces":{"north":{"uv":[0,0,10,2],"texture":"#1"},"east":{"uv":[0,0,10,2],"texture":"#1"},"south":{"uv":[0,0,10,2],"texture":"#1"},"west":{"uv":[0,0,10,2],"texture":"#1"},"up":{"uv":[7.1419,10.33936,8.0603,12.17616],"texture":"#1"},"down":{"uv":[0,0,10,2],"texture":"#1"}}},{"from":[9.23616,7.28616,3.55153],"to":[10.15456,8.28616,5.38833],"rotation":{"angle":-22.5,"axis":"y","origin":[11.07296,7.08616,4.46993]},"faces":{"north":{"uv":[0,0,10,2],"texture":"#1"},"east":{"uv":[0,0,10,2],"texture":"#1"},"south":{"uv":[0,0,10,2],"texture":"#1"},"west":{"uv":[0,0,10,2],"texture":"#1"},"up":{"uv":[9.34553,3.59429,10.26393,5.43109],"texture":"#1"},"down":{"uv":[0,0,10,2],"texture":"#1"}}},{"from":[7.83033,7.28616,10.2966],"to":[8.74873,8.28616,12.1334],"rotation":{"angle":22.5,"axis":"y","origin":[11.07296,7.08616,7.82103]},"faces":{"north":{"uv":[0,0,10,2],"texture":"#1"},"east":{"uv":[0,0,10,2],"texture":"#1"},"south":{"uv":[0,0,10,2],"texture":"#1"},"west":{"uv":[0,0,10,2],"texture":"#1"},"up":{"uv":[7.9397,10.33936,8.8581,12.17616],"texture":"#1"},"down":{"uv":[0,0,10,2],"texture":"#1"}}},{"from":[5.07084,7.28616,3.3257],"to":[5.98924,8.28616,5.1625],"rotation":{"angle":45,"axis":"y","origin":[5.53004,7.08616,4.2441]},"faces":{"north":{"uv":[0,0,10,2],"texture":"#1"},"east":{"uv":[0,0,10,2],"texture":"#1"},"south":{"uv":[0,0,10,2],"texture":"#1"},"west":{"uv":[0,0,10,2],"texture":"#1"},"up":{"uv":[5.18021,3.36846,6.09861,5.20526],"texture":"#1"},"down":{"uv":[0,0,10,2],"texture":"#1"}}},{"from":[7.66847,7.28616,9.7261],"to":[8.58687,8.28616,11.5629],"rotation":{"angle":-45,"axis":"y","origin":[5.53004,7.08616,8.04687]},"faces":{"north":{"uv":[0,0,10,2],"texture":"#1"},"east":{"uv":[0,0,10,2],"texture":"#1"},"south":{"uv":[0,0,10,2],"texture":"#1"},"west":{"uv":[0,0,10,2],"texture":"#1"},"up":{"uv":[7.77784,9.76886,8.69624,11.60566],"texture":"#1"},"down":{"uv":[0,0,10,2],"texture":"#1"}}},{"from":[9.79201,7.28616,3.3257],"to":[10.71042,8.28616,5.1625],"rotation":{"angle":-45,"axis":"y","origin":[10.25122,7.08616,4.2441]},"faces":{"north":{"uv":[0,0,10,2],"texture":"#1"},"east":{"uv":[0,0,10,2],"texture":"#1"},"south":{"uv":[0,0,10,2],"texture":"#1"},"west":{"uv":[0,0,10,2],"texture":"#1"},"up":{"uv":[9.90139,3.36846,10.81979,5.20526],"texture":"#1"},"down":{"uv":[0,0,10,2],"texture":"#1"}}},{"from":[7.19439,7.28616,9.7261],"to":[8.11279,8.28616,11.5629],"rotation":{"angle":45,"axis":"y","origin":[10.25122,7.08616,8.04687]},"faces":{"north":{"uv":[0,0,10,2],"texture":"#1"},"east":{"uv":[0,0,10,2],"texture":"#1"},"south":{"uv":[0,0,10,2],"texture":"#1"},"west":{"uv":[0,0,10,2],"texture":"#1"},"up":{"uv":[7.30376,9.76886,8.22216,11.60566],"texture":"#1"},"down":{"uv":[0,0,10,2],"texture":"#1"}}},{"from":[4.31029,7.28616,4.23589],"to":[6.14709,8.28616,5.15429],"rotation":{"angle":-22.5,"axis":"y","origin":[5.22868,7.08616,4.69509]},"faces":{"north":{"uv":[0,0,10,2],"rotation":270,"texture":"#1"},"east":{"uv":[0,0,10,2],"rotation":270,"texture":"#1"},"south":{"uv":[0,0,10,2],"rotation":270,"texture":"#1"},"west":{"uv":[0,0,10,2],"rotation":270,"texture":"#1"},"up":{"uv":[4.41966,4.27865,6.25646,5.19705],"rotation":270,"texture":"#1"},"down":{"uv":[0,0,10,2],"rotation":270,"texture":"#1"}}},{"from":[2.46145,7.08616,11.23583],"to":[4.46145,8.08616,12.38583],"rotation":{"angle":22.5,"axis":"y","origin":[4.99217,7.08616,8.04031]},"faces":{"north":{"uv":[0.5,0,1,1],"rotation":270,"texture":"#0"},"east":{"uv":[0.5,0,1,1],"rotation":270,"texture":"#0"},"south":{"uv":[0.5,0,1,1],"rotation":270,"texture":"#0"},"west":{"uv":[11.27859,0,12.42859,0.5],"rotation":270,"texture":"#0"},"up":{"uv":[0.5,0,1,1],"rotation":270,"texture":"#0"},"down":{"uv":[0.5,0,1,1],"rotation":270,"texture":"#0"}}},{"from":[2.46145,7.08616,3.52865],"to":[4.46145,8.08616,4.67865],"rotation":{"angle":-22.5,"axis":"y","origin":[4.99217,7.08616,7.87417]},"faces":{"north":{"uv":[0.5,1,1,0],"rotation":270,"texture":"#0"},"east":{"uv":[0.5,1,1,0],"rotation":270,"texture":"#0"},"south":{"uv":[0.5,1,1,0],"rotation":270,"texture":"#0"},"west":{"uv":[10.77859,1.15,11.77859,0],"rotation":270,"texture":"#0"},"up":{"uv":[1,0,0.5,1],"rotation":270,"texture":"#0"},"down":{"uv":[1,0,0.5,1],"rotation":270,"texture":"#0"}}},{"from":[11.31981,7.08616,11.23583],"to":[13.31981,8.08616,12.38583],"rotation":{"angle":-22.5,"axis":"y","origin":[10.78908,7.08616,8.04031]},"faces":{"north":{"uv":[0.5,1,1,0],"rotation":270,"texture":"#0"},"east":{"uv":[10.77859,0.5,11.77859,0],"rotation":270,"texture":"#0"},"south":{"uv":[0.5,1,1,0],"rotation":270,"texture":"#0"},"west":{"uv":[0.5,1,1,0],"rotation":270,"texture":"#0"},"up":{"uv":[0.5,1,1,0],"rotation":270,"texture":"#0"},"down":{"uv":[0.5,1,1,0],"rotation":270,"texture":"#0"}}},{"from":[11.31981,7.08616,3.52865],"to":[13.31981,8.08616,4.67865],"rotation":{"angle":22.5,"axis":"y","origin":[10.78908,7.08616,7.87417]},"faces":{"north":{"uv":[0.5,0,1,1],"rotation":270,"texture":"#0"},"east":{"uv":[10.77859,0,11.77859,0.5],"rotation":270,"texture":"#0"},"south":{"uv":[0.5,0,1,1],"rotation":270,"texture":"#0"},"west":{"uv":[0.5,0,1,1],"rotation":270,"texture":"#0"},"up":{"uv":[1,1,0.5,0],"rotation":270,"texture":"#0"},"down":{"uv":[1,1,0.5,0],"rotation":270,"texture":"#0"}}},{"from":[2.90447,7.28616,10.53064],"to":[4.74127,8.28616,11.44904],"rotation":{"angle":22.5,"axis":"y","origin":[5.22868,7.08616,7.59587]},"faces":{"north":{"uv":[0,0,10,2],"rotation":270,"texture":"#1"},"east":{"uv":[0,0,10,2],"rotation":270,"texture":"#1"},"south":{"uv":[0,0,10,2],"rotation":270,"texture":"#1"},"west":{"uv":[0,0,10,2],"rotation":270,"texture":"#1"},"up":{"uv":[3.01384,10.5734,4.85064,11.4918],"rotation":270,"texture":"#1"},"down":{"uv":[0,0,10,2],"rotation":270,"texture":"#1"}}},{"from":[9.63417,7.28616,4.23589],"to":[11.47097,8.28616,5.15429],"rotation":{"angle":22.5,"axis":"y","origin":[10.55257,7.08616,4.69509]},"faces":{"north":{"uv":[0,0,10,2],"rotation":270,"texture":"#1"},"east":{"uv":[0,0,10,2],"rotation":270,"texture":"#1"},"south":{"uv":[0,0,10,2],"rotation":270,"texture":"#1"},"west":{"uv":[0,0,10,2],"rotation":270,"texture":"#1"},"up":{"uv":[9.74354,4.27865,11.58034,5.19705],"rotation":270,"texture":"#1"},"down":{"uv":[0,0,10,2],"rotation":270,"texture":"#1"}}},{"from":[11.03999,7.28616,10.53064],"to":[12.87679,8.28616,11.44904],"rotation":{"angle":-22.5,"axis":"y","origin":[10.55257,7.08616,7.59587]},"faces":{"north":{"uv":[0,0,10,2],"rotation":270,"texture":"#1"},"east":{"uv":[0,0,10,2],"rotation":270,"texture":"#1"},"south":{"uv":[0,0,10,2],"rotation":270,"texture":"#1"},"west":{"uv":[0,0,10,2],"rotation":270,"texture":"#1"},"up":{"uv":[11.14936,10.5734,12.98616,11.4918],"rotation":270,"texture":"#1"},"down":{"uv":[0,0,10,2],"rotation":270,"texture":"#1"}}},{"from":[3.87696,7.08616,3.96106],"to":[5.87696,8.08616,11.96106],"rotation":{"angle":0,"axis":"y","origin":[4.87695,7.08616,4.96106]},"faces":{"north":{"uv":[0,0,3.5,1],"rotation":270,"texture":"#0"},"east":{"uv":[0,0,3.5,1],"rotation":270,"texture":"#0"},"south":{"uv":[0,0,3.5,1],"rotation":270,"texture":"#0"},"west":{"uv":[4.50382,0,12.50382,1],"rotation":180,"texture":"#0"},"up":{"uv":[0,0,3.5,1],"rotation":270,"texture":"#0"},"down":{"uv":[0,0,3.5,1],"rotation":270,"texture":"#0"}}},{"from":[4.20448,7.28616,4.76788],"to":[6.04128,8.28616,11.19668],"rotation":{"angle":0,"axis":"y","origin":[5.12287,7.08616,5.22708]},"faces":{"north":{"uv":[0,0,10,2],"rotation":270,"texture":"#1"},"east":{"uv":[0,0,10,2],"rotation":270,"texture":"#1"},"south":{"uv":[0,0,10,2],"rotation":270,"texture":"#1"},"west":{"uv":[0,0,10,2],"rotation":270,"texture":"#1"},"up":{"uv":[4.31385,4.81064,6.15065,11.23944],"rotation":270,"texture":"#1"},"down":{"uv":[0,0,10,2],"rotation":270,"texture":"#1"}}},{"from":[9.90429,7.08616,3.96106],"to":[11.9043,8.08616,11.96106],"rotation":{"angle":0,"axis":"y","origin":[10.9043,7.08616,4.96106]},"faces":{"north":{"uv":[0,1,3.5,2],"rotation":270,"texture":"#0"},"east":{"uv":[3.99618,0,11.99618,1],"rotation":180,"texture":"#0"},"south":{"uv":[0,1,3.5,2],"rotation":270,"texture":"#0"},"west":{"uv":[4.50382,0,11.50382,0.5],"rotation":270,"texture":"#0"},"up":{"uv":[0,1,3.5,2],"rotation":270,"texture":"#0"},"down":{"uv":[0,1,3.5,2],"rotation":270,"texture":"#0"}}},{"from":[9.73997,7.28616,4.76788],"to":[11.57678,8.28616,11.19668],"rotation":{"angle":0,"axis":"y","origin":[10.65838,7.08616,5.22708]},"faces":{"north":{"uv":[0,0,10,2],"rotation":270,"texture":"#1"},"east":{"uv":[0,0,10,2],"rotation":270,"texture":"#1"},"south":{"uv":[0,0,10,2],"rotation":270,"texture":"#1"},"west":{"uv":[0,0,10,2],"rotation":270,"texture":"#1"},"up":{"uv":[9.84935,4.81064,11.68615,11.23944],"rotation":270,"texture":"#1"},"down":{"uv":[0,0,10,2],"rotation":270,"texture":"#1"}}}],"gui_light":"front"}