{"display":{"thirdperson_righthand":{"rotation":[47,0,0],"translation":[2,1.5,0]},"firstperson_righthand":{"rotation":[4,-10,0],"translation":[-1.5,6.25,3.25],"scale":[1.2,1.2,1.2]},"ground":{"translation":[2.25,-1.25,-0.5],"scale":[1.2,1.2,1.2]},"gui":{"rotation":[15,-45,0],"translation":[3.75,0,0],"scale":[2,2,2]},"head":{"translation":[1.25,7.75,0]},"fixed":{"rotation":[0,-90,0],"translation":[1,0,3.25],"scale":[3,3,3]}},"textures":{"3":"food/bread/063119000","4":"food/bread/gold","11":"food/bread/159074011","17":"food/bread/246188000","22":"food/bread/flame","particle":"food/bread/246188000"},"elements":[{"name":"Lettuce","from":[5.65,8,6.05],"to":[6.45,8.3,10.8],"faces":{"north":{"uv":[0,0,1,1],"texture":"#3"},"east":{"uv":[0,0,1,1],"texture":"#3"},"south":{"uv":[0,0,1,1],"texture":"#3"},"west":{"uv":[0,0,1,1],"texture":"#3"},"up":{"uv":[0,0,1,1],"rotation":180,"texture":"#3"},"down":{"uv":[0,0,1,1],"rotation":180,"texture":"#3"}}},{"name":"Lettuce","from":[5.45,7.8,6.05],"to":[5.75,8.2,10.8],"faces":{"north":{"uv":[0,0,1,1],"texture":"#3"},"east":{"uv":[0,0,1,1],"texture":"#3"},"south":{"uv":[0,0,1,1],"texture":"#3"},"west":{"uv":[0,0,1,1],"texture":"#3"},"up":{"uv":[0,0,1,1],"rotation":180,"texture":"#3"},"down":{"uv":[0,0,1,1],"rotation":180,"texture":"#3"}}},{"name":"Lettuce","from":[5.85,7.8,6.05],"to":[6.65,8.2,10.8],"faces":{"north":{"uv":[0,0,1,1],"texture":"#3"},"east":{"uv":[0,0,1,1],"texture":"#3"},"south":{"uv":[0,0,1,1],"texture":"#3"},"west":{"uv":[0,0,1,1],"texture":"#3"},"up":{"uv":[0,0,1,1],"rotation":180,"texture":"#3"},"down":{"uv":[0,0,1,1],"rotation":180,"texture":"#3"}}},{"from":[5.5,7.4,5.45],"to":[5.65,7.55,5.6],"faces":{"north":{"uv":[0,0,0.25,0.25],"texture":"#22"},"east":{"uv":[0,0,0.25,0.25],"texture":"#22"},"south":{"uv":[0,0,0.25,0.25],"texture":"#22"},"west":{"uv":[0,0,0.25,0.25],"texture":"#22"},"up":{"uv":[0,0,0.25,0.25],"rotation":180,"texture":"#22"},"down":{"uv":[0,0,0.25,0.25],"rotation":180,"texture":"#22"}}},{"from":[5.75,8.3,10.5],"to":[5.9,8.45,10.65],"faces":{"north":{"uv":[0,0,0.25,0.25],"texture":"#22"},"east":{"uv":[0,0,0.25,0.25],"texture":"#22"},"south":{"uv":[0,0,0.25,0.25],"texture":"#22"},"west":{"uv":[0,0,0.25,0.25],"texture":"#22"},"up":{"uv":[0,0,0.25,0.25],"rotation":180,"texture":"#22"},"down":{"uv":[0,0,0.25,0.25],"rotation":180,"texture":"#22"}}},{"from":[5.5,7.5,11.25],"to":[5.65,7.65,11.4],"faces":{"north":{"uv":[0,0,0.25,0.25],"texture":"#22"},"east":{"uv":[0,0,0.25,0.25],"texture":"#22"},"south":{"uv":[0,0,0.25,0.25],"texture":"#22"},"west":{"uv":[0,0,0.25,0.25],"texture":"#22"},"up":{"uv":[0,0,0.25,0.25],"rotation":180,"texture":"#22"},"down":{"uv":[0,0,0.25,0.25],"rotation":180,"texture":"#22"}}},{"from":[6.1,8,10.775],"to":[6.25,8.15,10.925],"faces":{"north":{"uv":[0,0,0.25,0.25],"texture":"#22"},"east":{"uv":[0,0,0.25,0.25],"texture":"#22"},"south":{"uv":[0,0,0.25,0.25],"texture":"#22"},"west":{"uv":[0,0,0.25,0.25],"texture":"#22"},"up":{"uv":[0,0,0.25,0.25],"rotation":180,"texture":"#22"},"down":{"uv":[0,0,0.25,0.25],"rotation":180,"texture":"#22"}}},{"from":[5.65,8,5.7],"to":[5.8,8.15,5.85],"faces":{"north":{"uv":[0,0,0.25,0.25],"texture":"#22"},"east":{"uv":[0,0,0.25,0.25],"texture":"#22"},"south":{"uv":[0,0,0.25,0.25],"texture":"#22"},"west":{"uv":[0,0,0.25,0.25],"texture":"#22"},"up":{"uv":[0,0,0.25,0.25],"rotation":180,"texture":"#22"},"down":{"uv":[0,0,0.25,0.25],"rotation":180,"texture":"#22"}}},{"from":[6.1,7.625,11.25],"to":[6.25,7.775,11.4],"faces":{"north":{"uv":[0,0,0.25,0.25],"texture":"#22"},"east":{"uv":[0,0,0.25,0.25],"texture":"#22"},"south":{"uv":[0,0,0.25,0.25],"texture":"#22"},"west":{"uv":[0,0,0.25,0.25],"texture":"#22"},"up":{"uv":[0,0,0.25,0.25],"rotation":180,"texture":"#22"},"down":{"uv":[0,0,0.25,0.25],"rotation":180,"texture":"#22"}}},{"from":[6.425,7.4,11.25],"to":[6.575,7.55,11.4],"faces":{"north":{"uv":[0,0,0.25,0.25],"texture":"#22"},"east":{"uv":[0,0,0.25,0.25],"texture":"#22"},"south":{"uv":[0,0,0.25,0.25],"texture":"#22"},"west":{"uv":[0,0,0.25,0.25],"texture":"#22"},"up":{"uv":[0,0,0.25,0.25],"rotation":180,"texture":"#22"},"down":{"uv":[0,0,0.25,0.25],"rotation":180,"texture":"#22"}}},{"from":[5.75,8.3,6.25],"to":[5.9,8.45,6.4],"faces":{"north":{"uv":[0,0,0.25,0.25],"texture":"#22"},"east":{"uv":[0,0,0.25,0.25],"texture":"#22"},"south":{"uv":[0,0,0.25,0.25],"texture":"#22"},"west":{"uv":[0,0,0.25,0.25],"texture":"#22"},"up":{"uv":[0,0,0.25,0.25],"rotation":180,"texture":"#22"},"down":{"uv":[0,0,0.25,0.25],"rotation":180,"texture":"#22"}}},{"from":[6.225,8,5.85],"to":[6.375,8.15,6],"faces":{"north":{"uv":[0,0,0.25,0.25],"texture":"#22"},"east":{"uv":[0,0,0.25,0.25],"texture":"#22"},"south":{"uv":[0,0,0.25,0.25],"texture":"#22"},"west":{"uv":[0,0,0.25,0.25],"texture":"#22"},"up":{"uv":[0,0,0.25,0.25],"rotation":180,"texture":"#22"},"down":{"uv":[0,0,0.25,0.25],"rotation":180,"texture":"#22"}}},{"from":[6.075,7.6,5.45],"to":[6.225,7.75,5.6],"faces":{"north":{"uv":[0,0,0.25,0.25],"texture":"#22"},"east":{"uv":[0,0,0.25,0.25],"texture":"#22"},"south":{"uv":[0,0,0.25,0.25],"texture":"#22"},"west":{"uv":[0,0,0.25,0.25],"texture":"#22"},"up":{"uv":[0,0,0.25,0.25],"rotation":180,"texture":"#22"},"down":{"uv":[0,0,0.25,0.25],"rotation":180,"texture":"#22"}}},{"from":[6.425,7.4,11.25],"to":[6.575,7.55,11.4],"faces":{"north":{"uv":[0,0,0.25,0.25],"texture":"#22"},"east":{"uv":[0,0,0.25,0.25],"texture":"#22"},"south":{"uv":[0,0,0.25,0.25],"texture":"#22"},"west":{"uv":[0,0,0.25,0.25],"texture":"#22"},"up":{"uv":[0,0,0.25,0.25],"rotation":180,"texture":"#22"},"down":{"uv":[0,0,0.25,0.25],"rotation":180,"texture":"#22"}}},{"from":[5.75,8,11.05],"to":[5.9,8.15,11.2],"faces":{"north":{"uv":[0,0,0.25,0.25],"texture":"#22"},"east":{"uv":[0,0,0.25,0.25],"texture":"#22"},"south":{"uv":[0,0,0.25,0.25],"texture":"#22"},"west":{"uv":[0,0,0.25,0.25],"texture":"#22"},"up":{"uv":[0,0,0.25,0.25],"rotation":180,"texture":"#22"},"down":{"uv":[0,0,0.25,0.25],"rotation":180,"texture":"#22"}}},{"from":[6.425,7.4,5.45],"to":[6.575,7.55,5.6],"faces":{"north":{"uv":[0,0,0.25,0.25],"texture":"#22"},"east":{"uv":[0,0,0.25,0.25],"texture":"#22"},"south":{"uv":[0,0,0.25,0.25],"texture":"#22"},"west":{"uv":[0,0,0.25,0.25],"texture":"#22"},"up":{"uv":[0,0,0.25,0.25],"rotation":180,"texture":"#22"},"down":{"uv":[0,0,0.25,0.25],"rotation":180,"texture":"#22"}}},{"from":[6.075,8,5.85],"to":[6.125,8.05,6.05],"faces":{"north":{"uv":[0,0,1,1],"texture":"#4"},"east":{"uv":[0,0,1,1],"texture":"#4"},"south":{"uv":[0,0,1,1],"texture":"#4"},"west":{"uv":[0,0,1,1],"texture":"#4"},"up":{"uv":[0,0,1,1],"texture":"#4"},"down":{"uv":[0,0,1,1],"texture":"#4"}}},{"from":[6.075,8,5.725],"to":[6.125,8.05,5.925],"faces":{"north":{"uv":[0,0,1,1],"texture":"#4"},"east":{"uv":[0,0,1,1],"texture":"#4"},"south":{"uv":[0,0,1,1],"texture":"#4"},"west":{"uv":[0,0,1,1],"texture":"#4"},"up":{"uv":[0,0,1,1],"texture":"#4"},"down":{"uv":[0,0,1,1],"texture":"#4"}}},{"from":[5.95,8,5.675],"to":[6.125,8.05,5.725],"faces":{"north":{"uv":[0,0,1,1],"texture":"#4"},"east":{"uv":[0,0,1,1],"texture":"#4"},"south":{"uv":[0,0,1,1],"texture":"#4"},"west":{"uv":[0,0,1,1],"texture":"#4"},"up":{"uv":[0,0,1,1],"texture":"#4"},"down":{"uv":[0,0,1,1],"texture":"#4"}}},{"from":[6.025,7.925,5.6],"to":[6.075,8.05,5.725],"faces":{"north":{"uv":[0,0,1,1],"texture":"#4"},"east":{"uv":[0,0,1,1],"texture":"#4"},"south":{"uv":[0,0,1,1],"texture":"#4"},"west":{"uv":[0,0,1,1],"texture":"#4"},"up":{"uv":[0,0,1,1],"texture":"#4"},"down":{"uv":[0,0,1,1],"texture":"#4"}}},{"from":[5.9,8,5.675],"to":[5.95,8.05,5.825],"faces":{"north":{"uv":[0,0,1,1],"texture":"#4"},"east":{"uv":[0,0,1,1],"texture":"#4"},"south":{"uv":[0,0,1,1],"texture":"#4"},"west":{"uv":[0,0,1,1],"texture":"#4"},"up":{"uv":[0,0,1,1],"texture":"#4"},"down":{"uv":[0,0,1,1],"texture":"#4"}}},{"from":[5.725,8,5.675],"to":[5.9,8.05,5.725],"faces":{"north":{"uv":[0,0,1,1],"texture":"#4"},"east":{"uv":[0,0,1,1],"texture":"#4"},"south":{"uv":[0,0,1,1],"texture":"#4"},"west":{"uv":[0,0,1,1],"texture":"#4"},"up":{"uv":[0,0,1,1],"texture":"#4"},"down":{"uv":[0,0,1,1],"texture":"#4"}}},{"from":[6.025,7.875,5.6],"to":[6.2,7.925,5.65],"faces":{"north":{"uv":[0,0,1,1],"texture":"#4"},"east":{"uv":[0,0,1,1],"texture":"#4"},"south":{"uv":[0,0,1,1],"texture":"#4"},"west":{"uv":[0,0,1,1],"texture":"#4"},"up":{"uv":[0,0,1,1],"texture":"#4"},"down":{"uv":[0,0,1,1],"texture":"#4"}}},{"from":[6.125,8,5.8],"to":[6.3,8.05,5.85],"faces":{"north":{"uv":[0,0,1,1],"texture":"#4"},"east":{"uv":[0,0,1,1],"texture":"#4"},"south":{"uv":[0,0,1,1],"texture":"#4"},"west":{"uv":[0,0,1,1],"texture":"#4"},"up":{"uv":[0,0,1,1],"texture":"#4"},"down":{"uv":[0,0,1,1],"texture":"#4"}}},{"from":[6.25,8,5.8],"to":[6.425,8.05,5.85],"faces":{"north":{"uv":[0,0,1,1],"texture":"#4"},"east":{"uv":[0,0,1,1],"texture":"#4"},"south":{"uv":[0,0,1,1],"texture":"#4"},"west":{"uv":[0,0,1,1],"texture":"#4"},"up":{"uv":[0,0,1,1],"texture":"#4"},"down":{"uv":[0,0,1,1],"texture":"#4"}}},{"from":[6.425,8,5.65],"to":[6.475,8.05,5.85],"faces":{"north":{"uv":[0,0,1,1],"texture":"#4"},"east":{"uv":[0,0,1,1],"texture":"#4"},"south":{"uv":[0,0,1,1],"texture":"#4"},"west":{"uv":[0,0,1,1],"texture":"#4"},"up":{"uv":[0,0,1,1],"texture":"#4"},"down":{"uv":[0,0,1,1],"texture":"#4"}}},{"from":[6.2,7.725,5.6],"to":[6.25,7.925,5.65],"faces":{"north":{"uv":[0,0,1,1],"rotation":180,"texture":"#4"},"east":{"uv":[0,0,1,1],"rotation":90,"texture":"#4"},"south":{"uv":[0,0,1,1],"texture":"#4"},"west":{"uv":[0,0,1,1],"rotation":270,"texture":"#4"},"up":{"uv":[0,0,1,1],"texture":"#4"},"down":{"uv":[0,0,1,1],"rotation":180,"texture":"#4"}}},{"from":[6.025,7.6,5.6],"to":[6.075,7.8,5.65],"faces":{"north":{"uv":[0,0,1,1],"rotation":180,"texture":"#4"},"east":{"uv":[0,0,1,1],"rotation":90,"texture":"#4"},"south":{"uv":[0,0,1,1],"texture":"#4"},"west":{"uv":[0,0,1,1],"rotation":270,"texture":"#4"},"up":{"uv":[0,0,1,1],"texture":"#4"},"down":{"uv":[0,0,1,1],"rotation":180,"texture":"#4"}}},{"from":[6.075,8.05,6],"to":[6.125,8.25,6.05],"faces":{"north":{"uv":[0,0,1,1],"rotation":180,"texture":"#4"},"east":{"uv":[0,0,1,1],"rotation":90,"texture":"#4"},"south":{"uv":[0,0,1,1],"texture":"#4"},"west":{"uv":[0,0,1,1],"rotation":270,"texture":"#4"},"up":{"uv":[0,0,1,1],"texture":"#4"},"down":{"uv":[0,0,1,1],"rotation":180,"texture":"#4"}}},{"from":[5.55,8,5.675],"to":[5.725,8.05,5.725],"faces":{"north":{"uv":[0,0,1,1],"texture":"#4"},"east":{"uv":[0,0,1,1],"texture":"#4"},"south":{"uv":[0,0,1,1],"texture":"#4"},"west":{"uv":[0,0,1,1],"texture":"#4"},"up":{"uv":[0,0,1,1],"texture":"#4"},"down":{"uv":[0,0,1,1],"texture":"#4"}}},{"from":[5.775,7.85,5.6],"to":[5.825,8.05,5.65],"faces":{"north":{"uv":[0,0,1,1],"rotation":180,"texture":"#4"},"east":{"uv":[0,0,1,1],"rotation":90,"texture":"#4"},"south":{"uv":[0,0,1,1],"texture":"#4"},"west":{"uv":[0,0,1,1],"rotation":270,"texture":"#4"},"up":{"uv":[0,0,1,1],"texture":"#4"},"down":{"uv":[0,0,1,1],"rotation":180,"texture":"#4"}}},{"from":[5.775,7.6,5.6],"to":[5.825,7.85,5.65],"faces":{"north":{"uv":[0,0,1,1],"rotation":180,"texture":"#4"},"east":{"uv":[0,0,1,1],"rotation":90,"texture":"#4"},"south":{"uv":[0,0,1,1],"texture":"#4"},"west":{"uv":[0,0,1,1],"rotation":270,"texture":"#4"},"up":{"uv":[0,0,1,1],"texture":"#4"},"down":{"uv":[0,0,1,1],"rotation":180,"texture":"#4"}}},{"from":[6.2,7.6,5.475],"to":[6.375,7.65,5.525],"faces":{"north":{"uv":[0,0,1,1],"texture":"#4"},"east":{"uv":[0,0,1,1],"texture":"#4"},"south":{"uv":[0,0,1,1],"texture":"#4"},"west":{"uv":[0,0,1,1],"texture":"#4"},"up":{"uv":[0,0,1,1],"texture":"#4"},"down":{"uv":[0,0,1,1],"texture":"#4"}}},{"from":[6.325,7.6,5.225],"to":[6.375,7.65,5.475],"faces":{"north":{"uv":[0,0,1,1],"texture":"#4"},"east":{"uv":[0,0,1,1],"texture":"#4"},"south":{"uv":[0,0,1,1],"texture":"#4"},"west":{"uv":[0,0,1,1],"texture":"#4"},"up":{"uv":[0,0,1,1],"texture":"#4"},"down":{"uv":[0,0,1,1],"texture":"#4"}}},{"from":[6.025,7.6,5.225],"to":[6.075,7.65,5.475],"faces":{"north":{"uv":[0,0,1,1],"texture":"#4"},"east":{"uv":[0,0,1,1],"texture":"#4"},"south":{"uv":[0,0,1,1],"texture":"#4"},"west":{"uv":[0,0,1,1],"texture":"#4"},"up":{"uv":[0,0,1,1],"texture":"#4"},"down":{"uv":[0,0,1,1],"texture":"#4"}}},{"from":[5.775,7.6,5.225],"to":[5.825,7.65,5.475],"faces":{"north":{"uv":[0,0,1,1],"texture":"#4"},"east":{"uv":[0,0,1,1],"texture":"#4"},"south":{"uv":[0,0,1,1],"texture":"#4"},"west":{"uv":[0,0,1,1],"texture":"#4"},"up":{"uv":[0,0,1,1],"texture":"#4"},"down":{"uv":[0,0,1,1],"texture":"#4"}}},{"from":[6.325,7.325,5.2],"to":[6.375,7.525,5.25],"faces":{"north":{"uv":[0,0,1,1],"rotation":180,"texture":"#4"},"east":{"uv":[0,0,1,1],"rotation":90,"texture":"#4"},"south":{"uv":[0,0,1,1],"texture":"#4"},"west":{"uv":[0,0,1,1],"rotation":270,"texture":"#4"},"up":{"uv":[0,0,1,1],"texture":"#4"},"down":{"uv":[0,0,1,1],"rotation":180,"texture":"#4"}}},{"from":[6.025,7.425,5.2],"to":[6.075,7.625,5.25],"faces":{"north":{"uv":[0,0,1,1],"rotation":180,"texture":"#4"},"east":{"uv":[0,0,1,1],"rotation":90,"texture":"#4"},"south":{"uv":[0,0,1,1],"texture":"#4"},"west":{"uv":[0,0,1,1],"rotation":270,"texture":"#4"},"up":{"uv":[0,0,1,1],"texture":"#4"},"down":{"uv":[0,0,1,1],"rotation":180,"texture":"#4"}}},{"from":[5.775,7.425,5.2],"to":[5.825,7.625,5.25],"faces":{"north":{"uv":[0,0,1,1],"rotation":180,"texture":"#4"},"east":{"uv":[0,0,1,1],"rotation":90,"texture":"#4"},"south":{"uv":[0,0,1,1],"texture":"#4"},"west":{"uv":[0,0,1,1],"rotation":270,"texture":"#4"},"up":{"uv":[0,0,1,1],"texture":"#4"},"down":{"uv":[0,0,1,1],"rotation":180,"texture":"#4"}}},{"from":[5.725,7.275,5.2],"to":[5.775,7.475,5.25],"faces":{"north":{"uv":[0,0,1,1],"rotation":180,"texture":"#4"},"east":{"uv":[0,0,1,1],"rotation":90,"texture":"#4"},"south":{"uv":[0,0,1,1],"texture":"#4"},"west":{"uv":[0,0,1,1],"rotation":270,"texture":"#4"},"up":{"uv":[0,0,1,1],"texture":"#4"},"down":{"uv":[0,0,1,1],"rotation":180,"texture":"#4"}}},{"from":[6.05,7.25,5.2],"to":[6.1,7.45,5.25],"faces":{"north":{"uv":[0,0,1,1],"rotation":180,"texture":"#4"},"east":{"uv":[0,0,1,1],"rotation":90,"texture":"#4"},"south":{"uv":[0,0,1,1],"texture":"#4"},"west":{"uv":[0,0,1,1],"rotation":270,"texture":"#4"},"up":{"uv":[0,0,1,1],"texture":"#4"},"down":{"uv":[0,0,1,1],"rotation":180,"texture":"#4"}}},{"from":[6.325,7.425,5.2],"to":[6.375,7.625,5.25],"faces":{"north":{"uv":[0,0,1,1],"rotation":180,"texture":"#4"},"east":{"uv":[0,0,1,1],"rotation":90,"texture":"#4"},"south":{"uv":[0,0,1,1],"texture":"#4"},"west":{"uv":[0,0,1,1],"rotation":270,"texture":"#4"},"up":{"uv":[0,0,1,1],"texture":"#4"},"down":{"uv":[0,0,1,1],"rotation":180,"texture":"#4"}}},{"from":[6.05,7.125,5.2],"to":[6.1,7.325,5.25],"faces":{"north":{"uv":[0,0,1,1],"rotation":180,"texture":"#4"},"east":{"uv":[0,0,1,1],"rotation":90,"texture":"#4"},"south":{"uv":[0,0,1,1],"texture":"#4"},"west":{"uv":[0,0,1,1],"rotation":270,"texture":"#4"},"up":{"uv":[0,0,1,1],"texture":"#4"},"down":{"uv":[0,0,1,1],"rotation":180,"texture":"#4"}}},{"from":[5.725,7.15,5.2],"to":[5.775,7.35,5.25],"faces":{"north":{"uv":[0,0,1,1],"rotation":180,"texture":"#4"},"east":{"uv":[0,0,1,1],"rotation":90,"texture":"#4"},"south":{"uv":[0,0,1,1],"texture":"#4"},"west":{"uv":[0,0,1,1],"rotation":270,"texture":"#4"},"up":{"uv":[0,0,1,1],"texture":"#4"},"down":{"uv":[0,0,1,1],"rotation":180,"texture":"#4"}}},{"from":[6.35,7.25,5.2],"to":[6.4,7.45,5.25],"faces":{"north":{"uv":[0,0,1,1],"rotation":180,"texture":"#4"},"east":{"uv":[0,0,1,1],"rotation":90,"texture":"#4"},"south":{"uv":[0,0,1,1],"texture":"#4"},"west":{"uv":[0,0,1,1],"rotation":270,"texture":"#4"},"up":{"uv":[0,0,1,1],"texture":"#4"},"down":{"uv":[0,0,1,1],"rotation":180,"texture":"#4"}}},{"from":[6.075,8,5.725],"to":[6.125,8.05,5.925],"faces":{"north":{"uv":[0,0,1,1],"texture":"#4"},"east":{"uv":[0,0,1,1],"texture":"#4"},"south":{"uv":[0,0,1,1],"texture":"#4"},"west":{"uv":[0,0,1,1],"texture":"#4"},"up":{"uv":[0,0,1,1],"texture":"#4"},"down":{"uv":[0,0,1,1],"texture":"#4"}}},{"from":[6.075,8,5.725],"to":[6.125,8.05,5.925],"faces":{"north":{"uv":[0,0,1,1],"texture":"#4"},"east":{"uv":[0,0,1,1],"texture":"#4"},"south":{"uv":[0,0,1,1],"texture":"#4"},"west":{"uv":[0,0,1,1],"texture":"#4"},"up":{"uv":[0,0,1,1],"texture":"#4"},"down":{"uv":[0,0,1,1],"texture":"#4"}}},{"from":[5.95,8,5.675],"to":[6.125,8.05,5.725],"faces":{"north":{"uv":[0,0,1,1],"texture":"#4"},"east":{"uv":[0,0,1,1],"texture":"#4"},"south":{"uv":[0,0,1,1],"texture":"#4"},"west":{"uv":[0,0,1,1],"texture":"#4"},"up":{"uv":[0,0,1,1],"texture":"#4"},"down":{"uv":[0,0,1,1],"texture":"#4"}}},{"from":[5.775,8,5.625],"to":[5.825,8.05,5.675],"faces":{"north":{"uv":[0,0,1,1],"texture":"#4"},"east":{"uv":[0,0,1,1],"texture":"#4"},"south":{"uv":[0,0,1,1],"texture":"#4"},"west":{"uv":[0,0,1,1],"texture":"#4"},"up":{"uv":[0,0,1,1],"texture":"#4"},"down":{"uv":[0,0,1,1],"texture":"#4"}}},{"from":[5.9,8,5.675],"to":[5.95,8.05,5.825],"faces":{"north":{"uv":[0,0,1,1],"texture":"#4"},"east":{"uv":[0,0,1,1],"texture":"#4"},"south":{"uv":[0,0,1,1],"texture":"#4"},"west":{"uv":[0,0,1,1],"texture":"#4"},"up":{"uv":[0,0,1,1],"texture":"#4"},"down":{"uv":[0,0,1,1],"texture":"#4"}}},{"from":[5.725,8,5.675],"to":[5.9,8.05,5.725],"faces":{"north":{"uv":[0,0,1,1],"texture":"#4"},"east":{"uv":[0,0,1,1],"texture":"#4"},"south":{"uv":[0,0,1,1],"texture":"#4"},"west":{"uv":[0,0,1,1],"texture":"#4"},"up":{"uv":[0,0,1,1],"texture":"#4"},"down":{"uv":[0,0,1,1],"texture":"#4"}}},{"from":[6.125,8,5.8],"to":[6.3,8.05,5.85],"faces":{"north":{"uv":[0,0,1,1],"texture":"#4"},"east":{"uv":[0,0,1,1],"texture":"#4"},"south":{"uv":[0,0,1,1],"texture":"#4"},"west":{"uv":[0,0,1,1],"texture":"#4"},"up":{"uv":[0,0,1,1],"texture":"#4"},"down":{"uv":[0,0,1,1],"texture":"#4"}}},{"from":[6.25,8,5.8],"to":[6.425,8.05,5.85],"faces":{"north":{"uv":[0,0,1,1],"texture":"#4"},"east":{"uv":[0,0,1,1],"texture":"#4"},"south":{"uv":[0,0,1,1],"texture":"#4"},"west":{"uv":[0,0,1,1],"texture":"#4"},"up":{"uv":[0,0,1,1],"texture":"#4"},"down":{"uv":[0,0,1,1],"texture":"#4"}}},{"from":[6.425,8,5.65],"to":[6.475,8.05,5.85],"faces":{"north":{"uv":[0,0,1,1],"texture":"#4"},"east":{"uv":[0,0,1,1],"texture":"#4"},"south":{"uv":[0,0,1,1],"texture":"#4"},"west":{"uv":[0,0,1,1],"texture":"#4"},"up":{"uv":[0,0,1,1],"texture":"#4"},"down":{"uv":[0,0,1,1],"texture":"#4"}}},{"from":[5.55,8,5.675],"to":[5.725,8.05,5.725],"faces":{"north":{"uv":[0,0,1,1],"texture":"#4"},"east":{"uv":[0,0,1,1],"texture":"#4"},"south":{"uv":[0,0,1,1],"texture":"#4"},"west":{"uv":[0,0,1,1],"texture":"#4"},"up":{"uv":[0,0,1,1],"texture":"#4"},"down":{"uv":[0,0,1,1],"texture":"#4"}}},{"from":[6.2,7.6,5.475],"to":[6.375,7.65,5.525],"faces":{"north":{"uv":[0,0,1,1],"texture":"#4"},"east":{"uv":[0,0,1,1],"texture":"#4"},"south":{"uv":[0,0,1,1],"texture":"#4"},"west":{"uv":[0,0,1,1],"texture":"#4"},"up":{"uv":[0,0,1,1],"texture":"#4"},"down":{"uv":[0,0,1,1],"texture":"#4"}}},{"from":[6.325,7.6,5.225],"to":[6.375,7.65,5.475],"faces":{"north":{"uv":[0,0,1,1],"texture":"#4"},"east":{"uv":[0,0,1,1],"texture":"#4"},"south":{"uv":[0,0,1,1],"texture":"#4"},"west":{"uv":[0,0,1,1],"texture":"#4"},"up":{"uv":[0,0,1,1],"texture":"#4"},"down":{"uv":[0,0,1,1],"texture":"#4"}}},{"from":[6.025,7.6,5.225],"to":[6.075,7.65,5.475],"faces":{"north":{"uv":[0,0,1,1],"texture":"#4"},"east":{"uv":[0,0,1,1],"texture":"#4"},"south":{"uv":[0,0,1,1],"texture":"#4"},"west":{"uv":[0,0,1,1],"texture":"#4"},"up":{"uv":[0,0,1,1],"texture":"#4"},"down":{"uv":[0,0,1,1],"texture":"#4"}}},{"from":[5.775,7.6,5.225],"to":[5.825,7.65,5.475],"faces":{"north":{"uv":[0,0,1,1],"texture":"#4"},"east":{"uv":[0,0,1,1],"texture":"#4"},"south":{"uv":[0,0,1,1],"texture":"#4"},"west":{"uv":[0,0,1,1],"texture":"#4"},"up":{"uv":[0,0,1,1],"texture":"#4"},"down":{"uv":[0,0,1,1],"texture":"#4"}}},{"from":[6.325,7.325,5.2],"to":[6.375,7.525,5.25],"faces":{"north":{"uv":[0,0,1,1],"rotation":180,"texture":"#4"},"east":{"uv":[0,0,1,1],"rotation":90,"texture":"#4"},"south":{"uv":[0,0,1,1],"texture":"#4"},"west":{"uv":[0,0,1,1],"rotation":270,"texture":"#4"},"up":{"uv":[0,0,1,1],"texture":"#4"},"down":{"uv":[0,0,1,1],"rotation":180,"texture":"#4"}}},{"from":[6.025,7.425,5.2],"to":[6.075,7.625,5.25],"faces":{"north":{"uv":[0,0,1,1],"rotation":180,"texture":"#4"},"east":{"uv":[0,0,1,1],"rotation":90,"texture":"#4"},"south":{"uv":[0,0,1,1],"texture":"#4"},"west":{"uv":[0,0,1,1],"rotation":270,"texture":"#4"},"up":{"uv":[0,0,1,1],"texture":"#4"},"down":{"uv":[0,0,1,1],"rotation":180,"texture":"#4"}}},{"from":[5.775,7.425,5.2],"to":[5.825,7.625,5.25],"faces":{"north":{"uv":[0,0,1,1],"rotation":180,"texture":"#4"},"east":{"uv":[0,0,1,1],"rotation":90,"texture":"#4"},"south":{"uv":[0,0,1,1],"texture":"#4"},"west":{"uv":[0,0,1,1],"rotation":270,"texture":"#4"},"up":{"uv":[0,0,1,1],"texture":"#4"},"down":{"uv":[0,0,1,1],"rotation":180,"texture":"#4"}}},{"from":[5.725,7.275,5.2],"to":[5.775,7.475,5.25],"faces":{"north":{"uv":[0,0,1,1],"rotation":180,"texture":"#4"},"east":{"uv":[0,0,1,1],"rotation":90,"texture":"#4"},"south":{"uv":[0,0,1,1],"texture":"#4"},"west":{"uv":[0,0,1,1],"rotation":270,"texture":"#4"},"up":{"uv":[0,0,1,1],"texture":"#4"},"down":{"uv":[0,0,1,1],"rotation":180,"texture":"#4"}}},{"from":[6.05,7.25,5.2],"to":[6.1,7.45,5.25],"faces":{"north":{"uv":[0,0,1,1],"rotation":180,"texture":"#4"},"east":{"uv":[0,0,1,1],"rotation":90,"texture":"#4"},"south":{"uv":[0,0,1,1],"texture":"#4"},"west":{"uv":[0,0,1,1],"rotation":270,"texture":"#4"},"up":{"uv":[0,0,1,1],"texture":"#4"},"down":{"uv":[0,0,1,1],"rotation":180,"texture":"#4"}}},{"from":[6.325,7.425,5.2],"to":[6.375,7.625,5.25],"faces":{"north":{"uv":[0,0,1,1],"rotation":180,"texture":"#4"},"east":{"uv":[0,0,1,1],"rotation":90,"texture":"#4"},"south":{"uv":[0,0,1,1],"texture":"#4"},"west":{"uv":[0,0,1,1],"rotation":270,"texture":"#4"},"up":{"uv":[0,0,1,1],"texture":"#4"},"down":{"uv":[0,0,1,1],"rotation":180,"texture":"#4"}}},{"from":[6.05,7.125,5.2],"to":[6.1,7.325,5.25],"faces":{"north":{"uv":[0,0,1,1],"rotation":180,"texture":"#4"},"east":{"uv":[0,0,1,1],"rotation":90,"texture":"#4"},"south":{"uv":[0,0,1,1],"texture":"#4"},"west":{"uv":[0,0,1,1],"rotation":270,"texture":"#4"},"up":{"uv":[0,0,1,1],"texture":"#4"},"down":{"uv":[0,0,1,1],"rotation":180,"texture":"#4"}}},{"from":[5.725,7.15,5.2],"to":[5.775,7.35,5.25],"faces":{"north":{"uv":[0,0,1,1],"rotation":180,"texture":"#4"},"east":{"uv":[0,0,1,1],"rotation":90,"texture":"#4"},"south":{"uv":[0,0,1,1],"texture":"#4"},"west":{"uv":[0,0,1,1],"rotation":270,"texture":"#4"},"up":{"uv":[0,0,1,1],"texture":"#4"},"down":{"uv":[0,0,1,1],"rotation":180,"texture":"#4"}}},{"from":[6.35,7.25,5.2],"to":[6.4,7.45,5.25],"faces":{"north":{"uv":[0,0,1,1],"rotation":180,"texture":"#4"},"east":{"uv":[0,0,1,1],"rotation":90,"texture":"#4"},"south":{"uv":[0,0,1,1],"texture":"#4"},"west":{"uv":[0,0,1,1],"rotation":270,"texture":"#4"},"up":{"uv":[0,0,1,1],"texture":"#4"},"down":{"uv":[0,0,1,1],"rotation":180,"texture":"#4"}}},{"name":"Shell2","from":[6.65,7,5.35],"to":[6.95,7.5,11.5],"faces":{"north":{"uv":[0,0,1,0.5],"texture":"#17"},"east":{"uv":[0,0,1,0.5],"texture":"#17"},"south":{"uv":[0,0,1,0.5],"texture":"#17"},"west":{"uv":[0,0,1,0.5],"texture":"#17"},"up":{"uv":[0,0,1,0.5],"rotation":180,"texture":"#17"},"down":{"uv":[0,0,1,0.5],"rotation":180,"texture":"#17"}}},{"name":"Shell2","from":[6.65,7.5,5.65],"to":[6.95,8,11.2],"faces":{"north":{"uv":[4.875,6.25,5.875,6.75],"texture":"#17"},"east":{"uv":[4.875,6.25,5.875,6.75],"texture":"#17"},"south":{"uv":[4.875,6.25,5.875,6.75],"texture":"#17"},"west":{"uv":[4.875,6.25,5.875,6.75],"texture":"#17"},"up":{"uv":[4.875,6.25,5.875,6.75],"rotation":180,"texture":"#17"},"down":{"uv":[4.875,6.25,5.875,6.75],"rotation":180,"texture":"#17"}}},{"name":"Shell2","from":[6.65,8,6.05],"to":[6.95,8.3,10.8],"faces":{"north":{"uv":[0,0,1,5.6],"texture":"#17"},"east":{"uv":[0,0,1,5.6],"texture":"#17"},"south":{"uv":[0,0,1,5.6],"texture":"#17"},"west":{"uv":[0,0,1,5.6],"texture":"#17"},"up":{"uv":[0,0,1,5.6],"rotation":180,"texture":"#17"},"down":{"uv":[0,0,1,5.6],"rotation":180,"texture":"#17"}}},{"name":"Shell2","from":[6.35,8.2,6.35],"to":[6.65,8.5,10.5],"faces":{"north":{"uv":[0,0,1,5],"texture":"#17"},"east":{"uv":[0,0,1,5],"texture":"#17"},"south":{"uv":[0,0,1,5],"texture":"#17"},"west":{"uv":[0,0,1,5],"texture":"#17"},"up":{"uv":[0,0,1,5],"rotation":180,"texture":"#17"},"down":{"uv":[0,0,1,5],"rotation":180,"texture":"#17"}}},{"name":"Base","from":[5.45,6.6,5.45],"to":[6.575,6.9,11.4],"faces":{"north":{"uv":[0,0,0.7,0.3],"texture":"#17"},"east":{"uv":[0,0,0.7,0.3],"texture":"#17"},"south":{"uv":[0,0,0.7,0.3],"texture":"#17"},"west":{"uv":[0,0,0.7,0.3],"texture":"#17"},"up":{"uv":[0,0,0.7,0.3],"rotation":180,"texture":"#17"},"down":{"uv":[0,0,0.7,0.3],"rotation":180,"texture":"#17"}}},{"name":"Shell3","from":[5.15,7,5.35],"to":[5.45,7.5,11.5],"faces":{"north":{"uv":[0,0,1,0.5],"texture":"#17"},"east":{"uv":[0,0,1,0.5],"texture":"#17"},"south":{"uv":[0,0,1,0.5],"texture":"#17"},"west":{"uv":[0,0,1,0.5],"texture":"#17"},"up":{"uv":[0,0,1,0.5],"rotation":180,"texture":"#17"},"down":{"uv":[0,0,1,0.5],"rotation":180,"texture":"#17"}}},{"name":"Shell3","from":[5.15,7.5,5.65],"to":[5.45,8,11.2],"faces":{"north":{"uv":[4.875,6.25,5.875,6.75],"texture":"#17"},"east":{"uv":[4.875,6.25,5.875,6.75],"texture":"#17"},"south":{"uv":[4.875,6.25,5.875,6.75],"texture":"#17"},"west":{"uv":[4.875,6.25,5.875,6.75],"texture":"#17"},"up":{"uv":[4.875,6.25,5.875,6.75],"rotation":180,"texture":"#17"},"down":{"uv":[4.875,6.25,5.875,6.75],"rotation":180,"texture":"#17"}}},{"name":"Shell3","from":[5.15,8,6.05],"to":[5.45,8.3,10.8],"faces":{"north":{"uv":[0,0,1,5.6],"texture":"#17"},"east":{"uv":[0,0,1,5.6],"texture":"#17"},"south":{"uv":[0,0,1,5.6],"texture":"#17"},"west":{"uv":[0,0,1,5.6],"texture":"#17"},"up":{"uv":[0,0,1,5.6],"rotation":180,"texture":"#17"},"down":{"uv":[0,0,1,5.6],"rotation":180,"texture":"#17"}}},{"name":"Shell3","from":[5.35,8.2,6.35],"to":[5.65,8.5,10.5],"faces":{"north":{"uv":[0,0,1,5],"texture":"#17"},"east":{"uv":[0,0,1,5],"texture":"#17"},"south":{"uv":[0,0,1,5],"texture":"#17"},"west":{"uv":[0,0,1,5],"texture":"#17"},"up":{"uv":[0,0,1,5],"rotation":180,"texture":"#17"},"down":{"uv":[0,0,1,5],"rotation":180,"texture":"#17"}}},{"name":"Shell3","from":[5.65,8.2,6.45],"to":[6.35,8.6,10.4],"faces":{"north":{"uv":[0,0,1,0.3],"texture":"#17"},"east":{"uv":[0,0,1,1],"texture":"#17"},"south":{"uv":[0,0,1,1],"texture":"#17"},"west":{"uv":[0,0,1,1],"texture":"#17"},"up":{"uv":[0,0,1,1],"rotation":180,"texture":"#17"},"down":{"uv":[0,0,1,1],"rotation":180,"texture":"#17"}}},{"from":[6.6,6.8,5.35],"to":[6.8,7,11.5],"faces":{"north":{"uv":[0,0,0.2,0.2],"texture":"#17"},"east":{"uv":[0,0,0.2,0.2],"texture":"#17"},"south":{"uv":[0,0,0.2,0.2],"texture":"#17"},"west":{"uv":[0,0,0.2,0.2],"texture":"#17"},"up":{"uv":[0,0,0.2,0.2],"rotation":180,"texture":"#17"},"down":{"uv":[0,0,0.2,0.2],"rotation":180,"texture":"#17"}}},{"from":[5.3,6.8,5.35],"to":[5.5,7,11.5],"faces":{"north":{"uv":[0,0,0.2,0.2],"texture":"#17"},"east":{"uv":[0,0,0.2,0.2],"texture":"#17"},"south":{"uv":[0,0,0.2,0.2],"texture":"#17"},"west":{"uv":[0,0,0.2,0.2],"texture":"#17"},"up":{"uv":[0,0,0.2,0.2],"rotation":180,"texture":"#17"},"down":{"uv":[0,0,0.2,0.2],"rotation":180,"texture":"#17"}}},{"from":[5.65,6.9,5.25],"to":[6.35,7.6,11.5],"faces":{"north":{"uv":[0,0,0.2,0.4],"texture":"#11"},"east":{"uv":[0,0,0.2,0.4],"texture":"#11"},"south":{"uv":[0,0,0.2,0.4],"texture":"#11"},"west":{"uv":[0,0,0.2,0.4],"texture":"#11"},"up":{"uv":[0,0,0.2,0.4],"rotation":180,"texture":"#11"},"down":{"uv":[0,0,0.2,0.4],"rotation":180,"texture":"#11"}}},{"from":[6.35,6.9,5.25],"to":[6.65,7.4,11.5],"faces":{"north":{"uv":[0,0,0.2,0.4],"texture":"#11"},"east":{"uv":[0,0,0.2,0.4],"texture":"#11"},"south":{"uv":[0,0,0.2,0.4],"texture":"#11"},"west":{"uv":[0,0,0.2,0.4],"texture":"#11"},"up":{"uv":[0,0,0.2,0.4],"rotation":180,"texture":"#11"},"down":{"uv":[0,0,0.2,0.4],"rotation":180,"texture":"#11"}}},{"from":[5.45,7.4,5.65],"to":[5.85,8,11.2],"faces":{"north":{"uv":[0,0,0.2,0.4],"texture":"#11"},"east":{"uv":[0,0,0.2,0.4],"texture":"#11"},"south":{"uv":[0,0,0.2,0.4],"texture":"#11"},"west":{"uv":[0,0,0.2,0.4],"texture":"#11"},"up":{"uv":[0,0,0.2,0.4],"rotation":180,"texture":"#11"},"down":{"uv":[0,0,0.2,0.4],"rotation":180,"texture":"#11"}}},{"from":[5.45,6.9,5.25],"to":[5.65,7.4,11.5],"faces":{"north":{"uv":[0,0,0.2,0.4],"texture":"#11"},"east":{"uv":[0,0,0.2,0.4],"texture":"#11"},"south":{"uv":[0,0,0.2,0.4],"texture":"#11"},"west":{"uv":[0,0,0.2,0.4],"texture":"#11"},"up":{"uv":[0,0,0.2,0.4],"rotation":180,"texture":"#11"},"down":{"uv":[0,0,0.2,0.4],"rotation":180,"texture":"#11"}}},{"from":[5.75,7.4,5.65],"to":[6.65,8,11.2],"faces":{"north":{"uv":[0,0,0.2,0.4],"texture":"#11"},"east":{"uv":[0,0,0.2,0.4],"texture":"#11"},"south":{"uv":[0,0,0.2,0.4],"texture":"#11"},"west":{"uv":[0,0,0.2,0.4],"texture":"#11"},"up":{"uv":[0,0,0.2,0.4],"rotation":180,"texture":"#11"},"down":{"uv":[0,0,0.2,0.4],"rotation":180,"texture":"#11"}}},{"from":[5.975,8,10.825],"to":[6.025,8.05,11.025],"faces":{"north":{"uv":[0,0,1,1],"texture":"#4"},"east":{"uv":[0,0,1,1],"texture":"#4"},"south":{"uv":[0,0,1,1],"texture":"#4"},"west":{"uv":[0,0,1,1],"texture":"#4"},"up":{"uv":[0,0,1,1],"rotation":180,"texture":"#4"},"down":{"uv":[0,0,1,1],"rotation":180,"texture":"#4"}}},{"from":[5.975,8,10.825],"to":[6.025,8.05,11.025],"faces":{"north":{"uv":[0,0,1,1],"texture":"#4"},"east":{"uv":[0,0,1,1],"texture":"#4"},"south":{"uv":[0,0,1,1],"texture":"#4"},"west":{"uv":[0,0,1,1],"texture":"#4"},"up":{"uv":[0,0,1,1],"rotation":180,"texture":"#4"},"down":{"uv":[0,0,1,1],"rotation":180,"texture":"#4"}}},{"from":[5.975,8,11.025],"to":[6.15,8.05,11.075],"faces":{"north":{"uv":[0,0,1,1],"texture":"#4"},"east":{"uv":[0,0,1,1],"texture":"#4"},"south":{"uv":[0,0,1,1],"texture":"#4"},"west":{"uv":[0,0,1,1],"texture":"#4"},"up":{"uv":[0,0,1,1],"rotation":180,"texture":"#4"},"down":{"uv":[0,0,1,1],"rotation":180,"texture":"#4"}}},{"from":[6.05,8,11.025],"to":[6.1,8.05,11.225],"faces":{"north":{"uv":[0,0,1,1],"texture":"#4"},"east":{"uv":[0,0,1,1],"texture":"#4"},"south":{"uv":[0,0,1,1],"texture":"#4"},"west":{"uv":[0,0,1,1],"texture":"#4"},"up":{"uv":[0,0,1,1],"rotation":180,"texture":"#4"},"down":{"uv":[0,0,1,1],"rotation":180,"texture":"#4"}}},{"from":[6.275,8,11.075],"to":[6.325,8.05,11.225],"faces":{"north":{"uv":[0,0,1,1],"texture":"#4"},"east":{"uv":[0,0,1,1],"texture":"#4"},"south":{"uv":[0,0,1,1],"texture":"#4"},"west":{"uv":[0,0,1,1],"texture":"#4"},"up":{"uv":[0,0,1,1],"rotation":180,"texture":"#4"},"down":{"uv":[0,0,1,1],"rotation":180,"texture":"#4"}}},{"from":[6.15,8,10.925],"to":[6.2,8.05,11.075],"faces":{"north":{"uv":[0,0,1,1],"texture":"#4"},"east":{"uv":[0,0,1,1],"texture":"#4"},"south":{"uv":[0,0,1,1],"texture":"#4"},"west":{"uv":[0,0,1,1],"texture":"#4"},"up":{"uv":[0,0,1,1],"rotation":180,"texture":"#4"},"down":{"uv":[0,0,1,1],"rotation":180,"texture":"#4"}}},{"from":[6.2,8,11.025],"to":[6.375,8.05,11.075],"faces":{"north":{"uv":[0,0,1,1],"texture":"#4"},"east":{"uv":[0,0,1,1],"texture":"#4"},"south":{"uv":[0,0,1,1],"texture":"#4"},"west":{"uv":[0,0,1,1],"texture":"#4"},"up":{"uv":[0,0,1,1],"rotation":180,"texture":"#4"},"down":{"uv":[0,0,1,1],"rotation":180,"texture":"#4"}}},{"from":[6.05,7.85,11.225],"to":[6.1,8.05,11.275],"faces":{"north":{"uv":[0,0,1,1],"texture":"#4"},"east":{"uv":[0,0,1,1],"rotation":270,"texture":"#4"},"south":{"uv":[0,0,1,1],"rotation":180,"texture":"#4"},"west":{"uv":[0,0,1,1],"rotation":90,"texture":"#4"},"up":{"uv":[0,0,1,1],"rotation":180,"texture":"#4"},"down":{"uv":[0,0,1,1],"texture":"#4"}}},{"from":[5.9,7.875,11.225],"to":[6.075,7.925,11.275],"faces":{"north":{"uv":[0,0,1,1],"texture":"#4"},"east":{"uv":[0,0,1,1],"texture":"#4"},"south":{"uv":[0,0,1,1],"texture":"#4"},"west":{"uv":[0,0,1,1],"texture":"#4"},"up":{"uv":[0,0,1,1],"rotation":180,"texture":"#4"},"down":{"uv":[0,0,1,1],"rotation":180,"texture":"#4"}}},{"from":[5.8,8,10.9],"to":[5.975,8.05,10.95],"faces":{"north":{"uv":[0,0,1,1],"texture":"#4"},"east":{"uv":[0,0,1,1],"texture":"#4"},"south":{"uv":[0,0,1,1],"texture":"#4"},"west":{"uv":[0,0,1,1],"texture":"#4"},"up":{"uv":[0,0,1,1],"rotation":180,"texture":"#4"},"down":{"uv":[0,0,1,1],"rotation":180,"texture":"#4"}}},{"from":[5.675,8,10.9],"to":[5.85,8.05,10.95],"faces":{"north":{"uv":[0,0,1,1],"texture":"#4"},"east":{"uv":[0,0,1,1],"texture":"#4"},"south":{"uv":[0,0,1,1],"texture":"#4"},"west":{"uv":[0,0,1,1],"texture":"#4"},"up":{"uv":[0,0,1,1],"rotation":180,"texture":"#4"},"down":{"uv":[0,0,1,1],"rotation":180,"texture":"#4"}}},{"from":[5.625,8,10.9],"to":[5.675,8.05,11.1],"faces":{"north":{"uv":[0,0,1,1],"texture":"#4"},"east":{"uv":[0,0,1,1],"texture":"#4"},"south":{"uv":[0,0,1,1],"texture":"#4"},"west":{"uv":[0,0,1,1],"texture":"#4"},"up":{"uv":[0,0,1,1],"rotation":180,"texture":"#4"},"down":{"uv":[0,0,1,1],"rotation":180,"texture":"#4"}}},{"from":[5.85,7.725,11.225],"to":[5.9,7.925,11.275],"faces":{"north":{"uv":[0,0,1,1],"texture":"#4"},"east":{"uv":[0,0,1,1],"rotation":270,"texture":"#4"},"south":{"uv":[0,0,1,1],"rotation":180,"texture":"#4"},"west":{"uv":[0,0,1,1],"rotation":90,"texture":"#4"},"up":{"uv":[0,0,1,1],"rotation":180,"texture":"#4"},"down":{"uv":[0,0,1,1],"texture":"#4"}}},{"from":[6.025,7.6,11.225],"to":[6.075,7.8,11.275],"faces":{"north":{"uv":[0,0,1,1],"texture":"#4"},"east":{"uv":[0,0,1,1],"rotation":270,"texture":"#4"},"south":{"uv":[0,0,1,1],"rotation":180,"texture":"#4"},"west":{"uv":[0,0,1,1],"rotation":90,"texture":"#4"},"up":{"uv":[0,0,1,1],"rotation":180,"texture":"#4"},"down":{"uv":[0,0,1,1],"texture":"#4"}}},{"from":[6.025,7.725,11.225],"to":[6.075,7.925,11.275],"faces":{"north":{"uv":[0,0,1,1],"texture":"#4"},"east":{"uv":[0,0,1,1],"rotation":270,"texture":"#4"},"south":{"uv":[0,0,1,1],"rotation":180,"texture":"#4"},"west":{"uv":[0,0,1,1],"rotation":90,"texture":"#4"},"up":{"uv":[0,0,1,1],"rotation":180,"texture":"#4"},"down":{"uv":[0,0,1,1],"texture":"#4"}}},{"from":[5.85,7.6,11.225],"to":[5.9,7.8,11.275],"faces":{"north":{"uv":[0,0,1,1],"texture":"#4"},"east":{"uv":[0,0,1,1],"rotation":270,"texture":"#4"},"south":{"uv":[0,0,1,1],"rotation":180,"texture":"#4"},"west":{"uv":[0,0,1,1],"rotation":90,"texture":"#4"},"up":{"uv":[0,0,1,1],"rotation":180,"texture":"#4"},"down":{"uv":[0,0,1,1],"texture":"#4"}}},{"from":[5.975,8.05,10.8],"to":[6.025,8.25,10.85],"faces":{"north":{"uv":[0,0,1,1],"texture":"#4"},"east":{"uv":[0,0,1,1],"rotation":270,"texture":"#4"},"south":{"uv":[0,0,1,1],"rotation":180,"texture":"#4"},"west":{"uv":[0,0,1,1],"rotation":90,"texture":"#4"},"up":{"uv":[0,0,1,1],"rotation":180,"texture":"#4"},"down":{"uv":[0,0,1,1],"texture":"#4"}}},{"from":[6.375,8,11.025],"to":[6.55,8.05,11.075],"faces":{"north":{"uv":[0,0,1,1],"texture":"#4"},"east":{"uv":[0,0,1,1],"texture":"#4"},"south":{"uv":[0,0,1,1],"texture":"#4"},"west":{"uv":[0,0,1,1],"texture":"#4"},"up":{"uv":[0,0,1,1],"rotation":180,"texture":"#4"},"down":{"uv":[0,0,1,1],"rotation":180,"texture":"#4"}}},{"from":[6.275,7.85,11.225],"to":[6.325,8.05,11.275],"faces":{"north":{"uv":[0,0,1,1],"texture":"#4"},"east":{"uv":[0,0,1,1],"rotation":270,"texture":"#4"},"south":{"uv":[0,0,1,1],"rotation":180,"texture":"#4"},"west":{"uv":[0,0,1,1],"rotation":90,"texture":"#4"},"up":{"uv":[0,0,1,1],"rotation":180,"texture":"#4"},"down":{"uv":[0,0,1,1],"texture":"#4"}}},{"from":[6.275,7.6,11.225],"to":[6.325,7.85,11.275],"faces":{"north":{"uv":[0,0,1,1],"texture":"#4"},"east":{"uv":[0,0,1,1],"rotation":270,"texture":"#4"},"south":{"uv":[0,0,1,1],"rotation":180,"texture":"#4"},"west":{"uv":[0,0,1,1],"rotation":90,"texture":"#4"},"up":{"uv":[0,0,1,1],"rotation":180,"texture":"#4"},"down":{"uv":[0,0,1,1],"texture":"#4"}}},{"from":[5.725,7.6,11.225],"to":[5.9,7.65,11.275],"faces":{"north":{"uv":[0,0,1,1],"texture":"#4"},"east":{"uv":[0,0,1,1],"texture":"#4"},"south":{"uv":[0,0,1,1],"texture":"#4"},"west":{"uv":[0,0,1,1],"texture":"#4"},"up":{"uv":[0,0,1,1],"rotation":180,"texture":"#4"},"down":{"uv":[0,0,1,1],"rotation":180,"texture":"#4"}}},{"from":[5.725,7.6,11.275],"to":[5.775,7.65,11.525],"faces":{"north":{"uv":[0,0,1,1],"texture":"#4"},"east":{"uv":[0,0,1,1],"texture":"#4"},"south":{"uv":[0,0,1,1],"texture":"#4"},"west":{"uv":[0,0,1,1],"texture":"#4"},"up":{"uv":[0,0,1,1],"rotation":180,"texture":"#4"},"down":{"uv":[0,0,1,1],"rotation":180,"texture":"#4"}}},{"from":[6.025,7.6,11.275],"to":[6.075,7.65,11.525],"faces":{"north":{"uv":[0,0,1,1],"texture":"#4"},"east":{"uv":[0,0,1,1],"texture":"#4"},"south":{"uv":[0,0,1,1],"texture":"#4"},"west":{"uv":[0,0,1,1],"texture":"#4"},"up":{"uv":[0,0,1,1],"rotation":180,"texture":"#4"},"down":{"uv":[0,0,1,1],"rotation":180,"texture":"#4"}}},{"from":[6.275,7.6,11.275],"to":[6.325,7.65,11.525],"faces":{"north":{"uv":[0,0,1,1],"texture":"#4"},"east":{"uv":[0,0,1,1],"texture":"#4"},"south":{"uv":[0,0,1,1],"texture":"#4"},"west":{"uv":[0,0,1,1],"texture":"#4"},"up":{"uv":[0,0,1,1],"rotation":180,"texture":"#4"},"down":{"uv":[0,0,1,1],"rotation":180,"texture":"#4"}}},{"from":[5.725,7.325,11.5],"to":[5.775,7.525,11.55],"faces":{"north":{"uv":[0,0,1,1],"texture":"#4"},"east":{"uv":[0,0,1,1],"rotation":270,"texture":"#4"},"south":{"uv":[0,0,1,1],"rotation":180,"texture":"#4"},"west":{"uv":[0,0,1,1],"rotation":90,"texture":"#4"},"up":{"uv":[0,0,1,1],"rotation":180,"texture":"#4"},"down":{"uv":[0,0,1,1],"texture":"#4"}}},{"from":[6.025,7.425,11.5],"to":[6.075,7.625,11.55],"faces":{"north":{"uv":[0,0,1,1],"texture":"#4"},"east":{"uv":[0,0,1,1],"rotation":270,"texture":"#4"},"south":{"uv":[0,0,1,1],"rotation":180,"texture":"#4"},"west":{"uv":[0,0,1,1],"rotation":90,"texture":"#4"},"up":{"uv":[0,0,1,1],"rotation":180,"texture":"#4"},"down":{"uv":[0,0,1,1],"texture":"#4"}}},{"from":[6.275,7.425,11.5],"to":[6.325,7.625,11.55],"faces":{"north":{"uv":[0,0,1,1],"texture":"#4"},"east":{"uv":[0,0,1,1],"rotation":270,"texture":"#4"},"south":{"uv":[0,0,1,1],"rotation":180,"texture":"#4"},"west":{"uv":[0,0,1,1],"rotation":90,"texture":"#4"},"up":{"uv":[0,0,1,1],"rotation":180,"texture":"#4"},"down":{"uv":[0,0,1,1],"texture":"#4"}}},{"from":[6.325,7.275,11.5],"to":[6.375,7.475,11.55],"faces":{"north":{"uv":[0,0,1,1],"texture":"#4"},"east":{"uv":[0,0,1,1],"rotation":270,"texture":"#4"},"south":{"uv":[0,0,1,1],"rotation":180,"texture":"#4"},"west":{"uv":[0,0,1,1],"rotation":90,"texture":"#4"},"up":{"uv":[0,0,1,1],"rotation":180,"texture":"#4"},"down":{"uv":[0,0,1,1],"texture":"#4"}}},{"from":[6,7.25,11.5],"to":[6.05,7.45,11.55],"faces":{"north":{"uv":[0,0,1,1],"texture":"#4"},"east":{"uv":[0,0,1,1],"rotation":270,"texture":"#4"},"south":{"uv":[0,0,1,1],"rotation":180,"texture":"#4"},"west":{"uv":[0,0,1,1],"rotation":90,"texture":"#4"},"up":{"uv":[0,0,1,1],"rotation":180,"texture":"#4"},"down":{"uv":[0,0,1,1],"texture":"#4"}}},{"from":[5.725,7.425,11.5],"to":[5.775,7.625,11.55],"faces":{"north":{"uv":[0,0,1,1],"texture":"#4"},"east":{"uv":[0,0,1,1],"rotation":270,"texture":"#4"},"south":{"uv":[0,0,1,1],"rotation":180,"texture":"#4"},"west":{"uv":[0,0,1,1],"rotation":90,"texture":"#4"},"up":{"uv":[0,0,1,1],"rotation":180,"texture":"#4"},"down":{"uv":[0,0,1,1],"texture":"#4"}}},{"from":[6,7.125,11.5],"to":[6.05,7.325,11.55],"faces":{"north":{"uv":[0,0,1,1],"texture":"#4"},"east":{"uv":[0,0,1,1],"rotation":270,"texture":"#4"},"south":{"uv":[0,0,1,1],"rotation":180,"texture":"#4"},"west":{"uv":[0,0,1,1],"rotation":90,"texture":"#4"},"up":{"uv":[0,0,1,1],"rotation":180,"texture":"#4"},"down":{"uv":[0,0,1,1],"texture":"#4"}}},{"from":[6.325,7.15,11.5],"to":[6.375,7.35,11.55],"faces":{"north":{"uv":[0,0,1,1],"texture":"#4"},"east":{"uv":[0,0,1,1],"rotation":270,"texture":"#4"},"south":{"uv":[0,0,1,1],"rotation":180,"texture":"#4"},"west":{"uv":[0,0,1,1],"rotation":90,"texture":"#4"},"up":{"uv":[0,0,1,1],"rotation":180,"texture":"#4"},"down":{"uv":[0,0,1,1],"texture":"#4"}}},{"from":[5.7,7.25,11.5],"to":[5.75,7.45,11.55],"faces":{"north":{"uv":[0,0,1,1],"texture":"#4"},"east":{"uv":[0,0,1,1],"rotation":270,"texture":"#4"},"south":{"uv":[0,0,1,1],"rotation":180,"texture":"#4"},"west":{"uv":[0,0,1,1],"rotation":90,"texture":"#4"},"up":{"uv":[0,0,1,1],"rotation":180,"texture":"#4"},"down":{"uv":[0,0,1,1],"texture":"#4"}}},{"from":[5.975,8,10.825],"to":[6.025,8.05,11.025],"faces":{"north":{"uv":[0,0,1,1],"texture":"#4"},"east":{"uv":[0,0,1,1],"texture":"#4"},"south":{"uv":[0,0,1,1],"texture":"#4"},"west":{"uv":[0,0,1,1],"texture":"#4"},"up":{"uv":[0,0,1,1],"rotation":180,"texture":"#4"},"down":{"uv":[0,0,1,1],"rotation":180,"texture":"#4"}}},{"from":[5.975,8,10.825],"to":[6.025,8.05,11.025],"faces":{"north":{"uv":[0,0,1,1],"texture":"#4"},"east":{"uv":[0,0,1,1],"texture":"#4"},"south":{"uv":[0,0,1,1],"texture":"#4"},"west":{"uv":[0,0,1,1],"texture":"#4"},"up":{"uv":[0,0,1,1],"rotation":180,"texture":"#4"},"down":{"uv":[0,0,1,1],"rotation":180,"texture":"#4"}}},{"from":[5.975,8,11.025],"to":[6.15,8.05,11.075],"faces":{"north":{"uv":[0,0,1,1],"texture":"#4"},"east":{"uv":[0,0,1,1],"texture":"#4"},"south":{"uv":[0,0,1,1],"texture":"#4"},"west":{"uv":[0,0,1,1],"texture":"#4"},"up":{"uv":[0,0,1,1],"rotation":180,"texture":"#4"},"down":{"uv":[0,0,1,1],"rotation":180,"texture":"#4"}}},{"from":[6.05,8,11.025],"to":[6.1,8.05,11.225],"faces":{"north":{"uv":[0,0,1,1],"texture":"#4"},"east":{"uv":[0,0,1,1],"texture":"#4"},"south":{"uv":[0,0,1,1],"texture":"#4"},"west":{"uv":[0,0,1,1],"texture":"#4"},"up":{"uv":[0,0,1,1],"rotation":180,"texture":"#4"},"down":{"uv":[0,0,1,1],"rotation":180,"texture":"#4"}}},{"from":[6.275,8,11.075],"to":[6.325,8.05,11.225],"faces":{"north":{"uv":[0,0,1,1],"texture":"#4"},"east":{"uv":[0,0,1,1],"texture":"#4"},"south":{"uv":[0,0,1,1],"texture":"#4"},"west":{"uv":[0,0,1,1],"texture":"#4"},"up":{"uv":[0,0,1,1],"rotation":180,"texture":"#4"},"down":{"uv":[0,0,1,1],"rotation":180,"texture":"#4"}}},{"from":[6.15,8,10.925],"to":[6.2,8.05,11.075],"faces":{"north":{"uv":[0,0,1,1],"texture":"#4"},"east":{"uv":[0,0,1,1],"texture":"#4"},"south":{"uv":[0,0,1,1],"texture":"#4"},"west":{"uv":[0,0,1,1],"texture":"#4"},"up":{"uv":[0,0,1,1],"rotation":180,"texture":"#4"},"down":{"uv":[0,0,1,1],"rotation":180,"texture":"#4"}}},{"from":[6.2,8,11.025],"to":[6.375,8.05,11.075],"faces":{"north":{"uv":[0,0,1,1],"texture":"#4"},"east":{"uv":[0,0,1,1],"texture":"#4"},"south":{"uv":[0,0,1,1],"texture":"#4"},"west":{"uv":[0,0,1,1],"texture":"#4"},"up":{"uv":[0,0,1,1],"rotation":180,"texture":"#4"},"down":{"uv":[0,0,1,1],"rotation":180,"texture":"#4"}}},{"from":[6.05,7.85,11.225],"to":[6.1,8.05,11.275],"faces":{"north":{"uv":[0,0,1,1],"texture":"#4"},"east":{"uv":[0,0,1,1],"rotation":270,"texture":"#4"},"south":{"uv":[0,0,1,1],"rotation":180,"texture":"#4"},"west":{"uv":[0,0,1,1],"rotation":90,"texture":"#4"},"up":{"uv":[0,0,1,1],"rotation":180,"texture":"#4"},"down":{"uv":[0,0,1,1],"texture":"#4"}}},{"from":[5.9,7.875,11.225],"to":[6.075,7.925,11.275],"faces":{"north":{"uv":[0,0,1,1],"texture":"#4"},"east":{"uv":[0,0,1,1],"texture":"#4"},"south":{"uv":[0,0,1,1],"texture":"#4"},"west":{"uv":[0,0,1,1],"texture":"#4"},"up":{"uv":[0,0,1,1],"rotation":180,"texture":"#4"},"down":{"uv":[0,0,1,1],"rotation":180,"texture":"#4"}}},{"from":[5.8,8,10.9],"to":[5.975,8.05,10.95],"faces":{"north":{"uv":[0,0,1,1],"texture":"#4"},"east":{"uv":[0,0,1,1],"texture":"#4"},"south":{"uv":[0,0,1,1],"texture":"#4"},"west":{"uv":[0,0,1,1],"texture":"#4"},"up":{"uv":[0,0,1,1],"rotation":180,"texture":"#4"},"down":{"uv":[0,0,1,1],"rotation":180,"texture":"#4"}}},{"from":[5.675,8,10.9],"to":[5.85,8.05,10.95],"faces":{"north":{"uv":[0,0,1,1],"texture":"#4"},"east":{"uv":[0,0,1,1],"texture":"#4"},"south":{"uv":[0,0,1,1],"texture":"#4"},"west":{"uv":[0,0,1,1],"texture":"#4"},"up":{"uv":[0,0,1,1],"rotation":180,"texture":"#4"},"down":{"uv":[0,0,1,1],"rotation":180,"texture":"#4"}}},{"from":[5.625,8,10.9],"to":[5.675,8.05,11.1],"faces":{"north":{"uv":[0,0,1,1],"texture":"#4"},"east":{"uv":[0,0,1,1],"texture":"#4"},"south":{"uv":[0,0,1,1],"texture":"#4"},"west":{"uv":[0,0,1,1],"texture":"#4"},"up":{"uv":[0,0,1,1],"rotation":180,"texture":"#4"},"down":{"uv":[0,0,1,1],"rotation":180,"texture":"#4"}}},{"from":[5.85,7.725,11.225],"to":[5.9,7.925,11.275],"faces":{"north":{"uv":[0,0,1,1],"texture":"#4"},"east":{"uv":[0,0,1,1],"rotation":270,"texture":"#4"},"south":{"uv":[0,0,1,1],"rotation":180,"texture":"#4"},"west":{"uv":[0,0,1,1],"rotation":90,"texture":"#4"},"up":{"uv":[0,0,1,1],"rotation":180,"texture":"#4"},"down":{"uv":[0,0,1,1],"texture":"#4"}}},{"from":[6.025,7.6,11.225],"to":[6.075,7.8,11.275],"faces":{"north":{"uv":[0,0,1,1],"texture":"#4"},"east":{"uv":[0,0,1,1],"rotation":270,"texture":"#4"},"south":{"uv":[0,0,1,1],"rotation":180,"texture":"#4"},"west":{"uv":[0,0,1,1],"rotation":90,"texture":"#4"},"up":{"uv":[0,0,1,1],"rotation":180,"texture":"#4"},"down":{"uv":[0,0,1,1],"texture":"#4"}}},{"from":[6.025,7.725,11.225],"to":[6.075,7.925,11.275],"faces":{"north":{"uv":[0,0,1,1],"texture":"#4"},"east":{"uv":[0,0,1,1],"rotation":270,"texture":"#4"},"south":{"uv":[0,0,1,1],"rotation":180,"texture":"#4"},"west":{"uv":[0,0,1,1],"rotation":90,"texture":"#4"},"up":{"uv":[0,0,1,1],"rotation":180,"texture":"#4"},"down":{"uv":[0,0,1,1],"texture":"#4"}}},{"from":[5.85,7.6,11.225],"to":[5.9,7.8,11.275],"faces":{"north":{"uv":[0,0,1,1],"texture":"#4"},"east":{"uv":[0,0,1,1],"rotation":270,"texture":"#4"},"south":{"uv":[0,0,1,1],"rotation":180,"texture":"#4"},"west":{"uv":[0,0,1,1],"rotation":90,"texture":"#4"},"up":{"uv":[0,0,1,1],"rotation":180,"texture":"#4"},"down":{"uv":[0,0,1,1],"texture":"#4"}}},{"from":[5.975,8.05,10.8],"to":[6.025,8.25,10.85],"faces":{"north":{"uv":[0,0,1,1],"texture":"#4"},"east":{"uv":[0,0,1,1],"rotation":270,"texture":"#4"},"south":{"uv":[0,0,1,1],"rotation":180,"texture":"#4"},"west":{"uv":[0,0,1,1],"rotation":90,"texture":"#4"},"up":{"uv":[0,0,1,1],"rotation":180,"texture":"#4"},"down":{"uv":[0,0,1,1],"texture":"#4"}}},{"from":[6.375,8,11.025],"to":[6.55,8.05,11.075],"faces":{"north":{"uv":[0,0,1,1],"texture":"#4"},"east":{"uv":[0,0,1,1],"texture":"#4"},"south":{"uv":[0,0,1,1],"texture":"#4"},"west":{"uv":[0,0,1,1],"texture":"#4"},"up":{"uv":[0,0,1,1],"rotation":180,"texture":"#4"},"down":{"uv":[0,0,1,1],"rotation":180,"texture":"#4"}}},{"from":[6.275,7.85,11.225],"to":[6.325,8.05,11.275],"faces":{"north":{"uv":[0,0,1,1],"texture":"#4"},"east":{"uv":[0,0,1,1],"rotation":270,"texture":"#4"},"south":{"uv":[0,0,1,1],"rotation":180,"texture":"#4"},"west":{"uv":[0,0,1,1],"rotation":90,"texture":"#4"},"up":{"uv":[0,0,1,1],"rotation":180,"texture":"#4"},"down":{"uv":[0,0,1,1],"texture":"#4"}}},{"from":[6.275,7.6,11.225],"to":[6.325,7.85,11.275],"faces":{"north":{"uv":[0,0,1,1],"texture":"#4"},"east":{"uv":[0,0,1,1],"rotation":270,"texture":"#4"},"south":{"uv":[0,0,1,1],"rotation":180,"texture":"#4"},"west":{"uv":[0,0,1,1],"rotation":90,"texture":"#4"},"up":{"uv":[0,0,1,1],"rotation":180,"texture":"#4"},"down":{"uv":[0,0,1,1],"texture":"#4"}}},{"from":[5.725,7.6,11.225],"to":[5.9,7.65,11.275],"faces":{"north":{"uv":[0,0,1,1],"texture":"#4"},"east":{"uv":[0,0,1,1],"texture":"#4"},"south":{"uv":[0,0,1,1],"texture":"#4"},"west":{"uv":[0,0,1,1],"texture":"#4"},"up":{"uv":[0,0,1,1],"rotation":180,"texture":"#4"},"down":{"uv":[0,0,1,1],"rotation":180,"texture":"#4"}}},{"from":[5.725,7.6,11.275],"to":[5.775,7.65,11.525],"faces":{"north":{"uv":[0,0,1,1],"texture":"#4"},"east":{"uv":[0,0,1,1],"texture":"#4"},"south":{"uv":[0,0,1,1],"texture":"#4"},"west":{"uv":[0,0,1,1],"texture":"#4"},"up":{"uv":[0,0,1,1],"rotation":180,"texture":"#4"},"down":{"uv":[0,0,1,1],"rotation":180,"texture":"#4"}}},{"from":[6.025,7.6,11.275],"to":[6.075,7.65,11.525],"faces":{"north":{"uv":[0,0,1,1],"texture":"#4"},"east":{"uv":[0,0,1,1],"texture":"#4"},"south":{"uv":[0,0,1,1],"texture":"#4"},"west":{"uv":[0,0,1,1],"texture":"#4"},"up":{"uv":[0,0,1,1],"rotation":180,"texture":"#4"},"down":{"uv":[0,0,1,1],"rotation":180,"texture":"#4"}}},{"from":[6.275,7.6,11.275],"to":[6.325,7.65,11.525],"faces":{"north":{"uv":[0,0,1,1],"texture":"#4"},"east":{"uv":[0,0,1,1],"texture":"#4"},"south":{"uv":[0,0,1,1],"texture":"#4"},"west":{"uv":[0,0,1,1],"texture":"#4"},"up":{"uv":[0,0,1,1],"rotation":180,"texture":"#4"},"down":{"uv":[0,0,1,1],"rotation":180,"texture":"#4"}}},{"from":[5.725,7.325,11.5],"to":[5.775,7.525,11.55],"faces":{"north":{"uv":[0,0,1,1],"texture":"#4"},"east":{"uv":[0,0,1,1],"rotation":270,"texture":"#4"},"south":{"uv":[0,0,1,1],"rotation":180,"texture":"#4"},"west":{"uv":[0,0,1,1],"rotation":90,"texture":"#4"},"up":{"uv":[0,0,1,1],"rotation":180,"texture":"#4"},"down":{"uv":[0,0,1,1],"texture":"#4"}}},{"from":[6.025,7.425,11.5],"to":[6.075,7.625,11.55],"faces":{"north":{"uv":[0,0,1,1],"texture":"#4"},"east":{"uv":[0,0,1,1],"rotation":270,"texture":"#4"},"south":{"uv":[0,0,1,1],"rotation":180,"texture":"#4"},"west":{"uv":[0,0,1,1],"rotation":90,"texture":"#4"},"up":{"uv":[0,0,1,1],"rotation":180,"texture":"#4"},"down":{"uv":[0,0,1,1],"texture":"#4"}}},{"from":[6.275,7.425,11.5],"to":[6.325,7.625,11.55],"faces":{"north":{"uv":[0,0,1,1],"texture":"#4"},"east":{"uv":[0,0,1,1],"rotation":270,"texture":"#4"},"south":{"uv":[0,0,1,1],"rotation":180,"texture":"#4"},"west":{"uv":[0,0,1,1],"rotation":90,"texture":"#4"},"up":{"uv":[0,0,1,1],"rotation":180,"texture":"#4"},"down":{"uv":[0,0,1,1],"texture":"#4"}}},{"from":[6.325,7.275,11.5],"to":[6.375,7.475,11.55],"faces":{"north":{"uv":[0,0,1,1],"texture":"#4"},"east":{"uv":[0,0,1,1],"rotation":270,"texture":"#4"},"south":{"uv":[0,0,1,1],"rotation":180,"texture":"#4"},"west":{"uv":[0,0,1,1],"rotation":90,"texture":"#4"},"up":{"uv":[0,0,1,1],"rotation":180,"texture":"#4"},"down":{"uv":[0,0,1,1],"texture":"#4"}}},{"from":[6,7.25,11.5],"to":[6.05,7.45,11.55],"faces":{"north":{"uv":[0,0,1,1],"texture":"#4"},"east":{"uv":[0,0,1,1],"rotation":270,"texture":"#4"},"south":{"uv":[0,0,1,1],"rotation":180,"texture":"#4"},"west":{"uv":[0,0,1,1],"rotation":90,"texture":"#4"},"up":{"uv":[0,0,1,1],"rotation":180,"texture":"#4"},"down":{"uv":[0,0,1,1],"texture":"#4"}}},{"from":[5.725,7.425,11.5],"to":[5.775,7.625,11.55],"faces":{"north":{"uv":[0,0,1,1],"texture":"#4"},"east":{"uv":[0,0,1,1],"rotation":270,"texture":"#4"},"south":{"uv":[0,0,1,1],"rotation":180,"texture":"#4"},"west":{"uv":[0,0,1,1],"rotation":90,"texture":"#4"},"up":{"uv":[0,0,1,1],"rotation":180,"texture":"#4"},"down":{"uv":[0,0,1,1],"texture":"#4"}}},{"from":[6,7.125,11.5],"to":[6.05,7.325,11.55],"faces":{"north":{"uv":[0,0,1,1],"texture":"#4"},"east":{"uv":[0,0,1,1],"rotation":270,"texture":"#4"},"south":{"uv":[0,0,1,1],"rotation":180,"texture":"#4"},"west":{"uv":[0,0,1,1],"rotation":90,"texture":"#4"},"up":{"uv":[0,0,1,1],"rotation":180,"texture":"#4"},"down":{"uv":[0,0,1,1],"texture":"#4"}}},{"from":[6.325,7.15,11.5],"to":[6.375,7.35,11.55],"faces":{"north":{"uv":[0,0,1,1],"texture":"#4"},"east":{"uv":[0,0,1,1],"rotation":270,"texture":"#4"},"south":{"uv":[0,0,1,1],"rotation":180,"texture":"#4"},"west":{"uv":[0,0,1,1],"rotation":90,"texture":"#4"},"up":{"uv":[0,0,1,1],"rotation":180,"texture":"#4"},"down":{"uv":[0,0,1,1],"texture":"#4"}}},{"from":[5.7,7.25,11.5],"to":[5.75,7.45,11.55],"faces":{"north":{"uv":[0,0,1,1],"texture":"#4"},"east":{"uv":[0,0,1,1],"rotation":270,"texture":"#4"},"south":{"uv":[0,0,1,1],"rotation":180,"texture":"#4"},"west":{"uv":[0,0,1,1],"rotation":90,"texture":"#4"},"up":{"uv":[0,0,1,1],"rotation":180,"texture":"#4"},"down":{"uv":[0,0,1,1],"texture":"#4"}}},{"from":[6.025,7.725,5.6],"to":[6.075,7.925,5.65],"faces":{"north":{"uv":[0,0,1,1],"rotation":180,"texture":"#4"},"east":{"uv":[0,0,1,1],"rotation":90,"texture":"#4"},"south":{"uv":[0,0,1,1],"texture":"#4"},"west":{"uv":[0,0,1,1],"rotation":270,"texture":"#4"},"up":{"uv":[0,0,1,1],"texture":"#4"},"down":{"uv":[0,0,1,1],"rotation":180,"texture":"#4"}}},{"from":[5.775,7.6,5.4],"to":[5.825,7.65,5.65],"faces":{"north":{"uv":[0,0,1,1],"texture":"#4"},"east":{"uv":[0,0,1,1],"texture":"#4"},"south":{"uv":[0,0,1,1],"texture":"#4"},"west":{"uv":[0,0,1,1],"texture":"#4"},"up":{"uv":[0,0,1,1],"texture":"#4"},"down":{"uv":[0,0,1,1],"texture":"#4"}}},{"from":[6.025,7.6,5.35],"to":[6.075,7.65,5.6],"faces":{"north":{"uv":[0,0,1,1],"texture":"#4"},"east":{"uv":[0,0,1,1],"texture":"#4"},"south":{"uv":[0,0,1,1],"texture":"#4"},"west":{"uv":[0,0,1,1],"texture":"#4"},"up":{"uv":[0,0,1,1],"texture":"#4"},"down":{"uv":[0,0,1,1],"texture":"#4"}}},{"from":[6.2,7.6,5.6],"to":[6.25,7.8,5.65],"faces":{"north":{"uv":[0,0,1,1],"rotation":180,"texture":"#4"},"east":{"uv":[0,0,1,1],"rotation":90,"texture":"#4"},"south":{"uv":[0,0,1,1],"texture":"#4"},"west":{"uv":[0,0,1,1],"rotation":270,"texture":"#4"},"up":{"uv":[0,0,1,1],"texture":"#4"},"down":{"uv":[0,0,1,1],"rotation":180,"texture":"#4"}}},{"from":[6.075,8,5.725],"to":[6.125,8.05,5.925],"faces":{"north":{"uv":[0,0,1,1],"texture":"#4"},"east":{"uv":[0,0,1,1],"texture":"#4"},"south":{"uv":[0,0,1,1],"texture":"#4"},"west":{"uv":[0,0,1,1],"texture":"#4"},"up":{"uv":[0,0,1,1],"texture":"#4"},"down":{"uv":[0,0,1,1],"texture":"#4"}}},{"from":[5.9,8,5.75],"to":[5.95,8.05,5.9],"faces":{"north":{"uv":[0,0,1,1],"texture":"#4"},"east":{"uv":[0,0,1,1],"texture":"#4"},"south":{"uv":[0,0,1,1],"texture":"#4"},"west":{"uv":[0,0,1,1],"texture":"#4"},"up":{"uv":[0,0,1,1],"texture":"#4"},"down":{"uv":[0,0,1,1],"texture":"#4"}}},{"from":[5.825,7.6,5.425],"to":[6.025,7.65,5.475],"faces":{"north":{"uv":[0,0,1,1],"texture":"#4"},"east":{"uv":[0,0,1,1],"texture":"#4"},"south":{"uv":[0,0,1,1],"texture":"#4"},"west":{"uv":[0,0,1,1],"texture":"#4"},"up":{"uv":[0,0,1,1],"texture":"#4"},"down":{"uv":[0,0,1,1],"texture":"#4"}}},{"from":[7,9,7],"to":[7,9,7],"color":5,"faces":{"north":{"uv":[0,0,0.05,0.05],"texture":"#missing"},"east":{"uv":[0,0,0.05,0.05],"texture":"#missing"},"south":{"uv":[0,0,0.05,0.05],"texture":"#missing"},"west":{"uv":[0,0,0.05,0.05],"texture":"#missing"},"up":{"uv":[0,0,0.05,0.05],"texture":"#missing"},"down":{"uv":[0,0,0.05,0.05],"texture":"#missing"}}},{"from":[4,12,6],"to":[4,12,6],"color":3,"faces":{"north":{"uv":[0,0,0.05,0.05],"texture":"#missing"},"east":{"uv":[0,0,0.05,0.05],"texture":"#missing"},"south":{"uv":[0,0,0.05,0.05],"texture":"#missing"},"west":{"uv":[0,0,0.05,0.05],"texture":"#missing"},"up":{"uv":[0,0,0.05,0.05],"texture":"#missing"},"down":{"uv":[0,0,0.05,0.05],"texture":"#missing"}}}],"gui_light":"front"}