{"display":{"thirdperson_righthand":{"rotation":[32,128,0],"translation":[-1,0.75,-0.75],"scale":[0.55,0.55,0.55]},"thirdperson_lefthand":{"rotation":[32,128,0],"translation":[-2,2,-2.2],"scale":[0.8,0.8,0.8]},"firstperson_righthand":{"rotation":[0,-165,-20],"translation":[-1.25,4.75,3.75],"scale":[0.8,0.8,0.8]},"firstperson_lefthand":{"rotation":[0,-165,-20],"translation":[-2.25,4.75,2.5],"scale":[0.8,0.8,0.8]},"gui":{"rotation":[45,135,0],"translation":[0.5,-0.25,0],"scale":[1.2,1.2,1.2]},"head":{"rotation":[42,90,0],"translation":[1,-26,23.5],"scale":[4,2.61,4]},"fixed":{"rotation":[-90,45,0],"translation":[0,0,-1]}},"textures":{"0":"food/cooked_fish/bacon","particle":"food/cooked_fish/bacon"},"elements":[{"from":[12.31169,7.89936,6.00456],"to":[12.81169,8.29936,10.00456],"rotation":{"angle":0,"axis":"y","origin":[12.56168,7.80241,8.00151]},"faces":{"north":{"uv":[0,0,0.5,1],"texture":"#0"},"east":{"uv":[0,0,1,6],"rotation":90,"texture":"#0"},"south":{"uv":[0,4,0.5,5],"texture":"#0"},"west":{"uv":[0,0,0.5,1],"texture":"#0"},"up":{"uv":[0,2,1,7],"texture":"#0"},"down":{"uv":[0,0,0.5,1],"texture":"#0"}}},{"from":[9.67092,7.90141,6.0026],"to":[10.17092,8.30141,10.0026],"rotation":{"angle":0,"axis":"y","origin":[12.6709,7.79967,8.00435]},"faces":{"north":{"uv":[0,0,0.5,1],"texture":"#0"},"east":{"uv":[0,0,0.5,1],"texture":"#0"},"south":{"uv":[0,4,0.5,5],"texture":"#0"},"west":{"uv":[0,0,0.5,1],"texture":"#0"},"up":{"uv":[0,2,1,7],"texture":"#0"},"down":{"uv":[0,0,0.5,1],"texture":"#0"}}},{"from":[7.03015,7.90564,5.99846],"to":[7.53015,8.30564,9.99846],"rotation":{"angle":0,"axis":"y","origin":[14.03012,7.79692,8.00719]},"faces":{"north":{"uv":[0,0,0.5,1],"texture":"#0"},"east":{"uv":[0,0,0.5,1],"texture":"#0"},"south":{"uv":[0,4,0.5,5],"texture":"#0"},"west":{"uv":[0,0,0.5,1],"texture":"#0"},"up":{"uv":[0,2,1,7],"texture":"#0"},"down":{"uv":[0,0,0.5,1],"texture":"#0"}}},{"from":[4.38938,7.90769,5.99651],"to":[4.88938,8.30769,9.99651],"rotation":{"angle":0,"axis":"y","origin":[14.13934,7.79417,8.01004]},"faces":{"north":{"uv":[0,0,0.5,1],"texture":"#0"},"east":{"uv":[0,0,0.5,1],"texture":"#0"},"south":{"uv":[0,4,0.5,5],"texture":"#0"},"west":{"uv":[0,0,0.5,1],"texture":"#0"},"up":{"uv":[0,2,1,7],"texture":"#0"},"down":{"uv":[0,0,0.5,1],"texture":"#0"}}},{"from":[10.17091,7.90122,6.0028],"to":[10.67091,8.30122,10.0028],"rotation":{"angle":0,"axis":"y","origin":[10.42091,7.80428,7.99975]},"faces":{"north":{"uv":[0.5,0,1,1],"texture":"#0"},"east":{"uv":[0.5,0,1,1],"texture":"#0"},"south":{"uv":[0,4,0.5,5],"texture":"#0"},"west":{"uv":[0.5,0,1,1],"texture":"#0"},"up":{"uv":[0,2,1,7],"texture":"#0"},"down":{"uv":[0.5,0,1,1],"texture":"#0"}}},{"from":[7.53014,7.90327,6.00084],"to":[8.03014,8.30327,10.00084],"rotation":{"angle":0,"axis":"y","origin":[10.53013,7.80153,8.00259]},"faces":{"north":{"uv":[0.5,0,1,1],"texture":"#0"},"east":{"uv":[0.5,0,1,1],"texture":"#0"},"south":{"uv":[0,4,0.5,5],"texture":"#0"},"west":{"uv":[0.5,0,1,1],"texture":"#0"},"up":{"uv":[0,2,1,7],"texture":"#0"},"down":{"uv":[0.5,0,1,1],"texture":"#0"}}},{"from":[4.88937,7.90751,5.9967],"to":[5.38937,8.30751,9.9967],"rotation":{"angle":0,"axis":"y","origin":[11.88935,7.79879,8.00543]},"faces":{"north":{"uv":[0.5,0,1,1],"texture":"#0"},"east":{"uv":[0.5,0,1,1],"texture":"#0"},"south":{"uv":[0,4,0.5,5],"texture":"#0"},"west":{"uv":[0.5,0,1,1],"texture":"#0"},"up":{"uv":[0,2,1,7],"texture":"#0"},"down":{"uv":[0.5,0,1,1],"texture":"#0"}}},{"from":[2.2486,7.90956,5.99474],"to":[2.7486,8.30956,9.99474],"rotation":{"angle":0,"axis":"y","origin":[11.99857,7.79604,8.00828]},"faces":{"north":{"uv":[0.5,0,1,1],"texture":"#0"},"east":{"uv":[0.5,0,1,1],"texture":"#0"},"south":{"uv":[0,4,0.5,5],"texture":"#0"},"west":{"uv":[-0.5,0,1,5],"rotation":270,"texture":"#0"},"up":{"uv":[0,2,1,7],"texture":"#0"},"down":{"uv":[0.5,0,1,1],"texture":"#0"}}},{"from":[12.02313,7.95623,6.00516],"to":[12.52313,8.35623,10.00516],"rotation":{"angle":-22.5,"axis":"z","origin":[12.27313,7.85929,8.00211]},"faces":{"north":{"uv":[0,0,0.5,1],"texture":"#0"},"east":{"uv":[0,0,0.5,1],"texture":"#0"},"south":{"uv":[0,4,0.5,5],"texture":"#0"},"west":{"uv":[0,0,0.5,1],"texture":"#0"},"up":{"uv":[0,2,1,7],"texture":"#0"},"down":{"uv":[0,0,0.5,1],"texture":"#0"}}},{"from":[9.58985,6.90554,6.0032],"to":[10.08985,7.30554,10.0032],"rotation":{"angle":-22.5,"axis":"z","origin":[12.38235,7.85654,8.00495]},"faces":{"north":{"uv":[0,0,0.5,1],"texture":"#0"},"east":{"uv":[0,0,0.5,1],"texture":"#0"},"south":{"uv":[0,4,0.5,5],"texture":"#0"},"west":{"uv":[0,0,0.5,1],"texture":"#0"},"up":{"uv":[0,2,1,7],"texture":"#0"},"down":{"uv":[0,0,0.5,1],"texture":"#0"}}},{"from":[7.2509,5.37851,5.99907],"to":[7.7509,5.77851,9.99907],"rotation":{"angle":-22.5,"axis":"z","origin":[13.74157,7.8538,8.0078]},"faces":{"north":{"uv":[0,0,0.5,1],"texture":"#0"},"east":{"uv":[0,0,0.5,1],"texture":"#0"},"south":{"uv":[0,4,0.5,5],"texture":"#0"},"west":{"uv":[0,0,0.5,1],"texture":"#0"},"up":{"uv":[0,2,1,7],"texture":"#0"},"down":{"uv":[0,0,0.5,1],"texture":"#0"}}},{"from":[4.81762,4.32783,5.99711],"to":[5.31762,4.72783,9.99711],"rotation":{"angle":-22.5,"axis":"z","origin":[13.85079,7.85105,8.01064]},"faces":{"north":{"uv":[0,0,0.5,1],"texture":"#0"},"east":{"uv":[0,0,0.5,1],"texture":"#0"},"south":{"uv":[0,4,0.5,5],"texture":"#0"},"west":{"uv":[0,0,0.5,1],"texture":"#0"},"up":{"uv":[0,2,1,7],"texture":"#0"},"down":{"uv":[0,0,0.5,1],"texture":"#0"}}},{"from":[10.45946,7.9581,6.0034],"to":[10.95946,8.3581,10.0034],"rotation":{"angle":22.5,"axis":"z","origin":[10.70947,7.86116,8.00035]},"faces":{"north":{"uv":[0.5,0,1,1],"texture":"#0"},"east":{"uv":[0.5,0,1,1],"texture":"#0"},"south":{"uv":[0,4,0.5,5],"texture":"#0"},"west":{"uv":[0.5,0,1,1],"texture":"#0"},"up":{"uv":[0,2,1,7],"texture":"#0"},"down":{"uv":[0.5,0,1,1],"texture":"#0"}}},{"from":[8.02986,9.01216,6.00144],"to":[8.52986,9.41216,10.00144],"rotation":{"angle":22.5,"axis":"z","origin":[10.81869,7.85841,8.00319]},"faces":{"north":{"uv":[0.5,0,1,1],"texture":"#0"},"east":{"uv":[0.5,0,1,1],"texture":"#0"},"south":{"uv":[0,4,0.5,5],"texture":"#0"},"west":{"uv":[0.5,0,1,1],"texture":"#0"},"up":{"uv":[0,2,1,7],"texture":"#0"},"down":{"uv":[0.5,0,1,1],"texture":"#0"}}},{"from":[5.69624,10.54659,5.9973],"to":[6.19624,10.94659,9.9973],"rotation":{"angle":22.5,"axis":"z","origin":[12.17791,7.85566,8.00604]},"faces":{"north":{"uv":[0.5,0,1,1],"texture":"#0"},"east":{"uv":[0.5,0,1,1],"texture":"#0"},"south":{"uv":[0,4,0.5,5],"texture":"#0"},"west":{"uv":[0.5,0,1,1],"texture":"#0"},"up":{"uv":[0,2,1,7],"texture":"#0"},"down":{"uv":[0.5,0,1,1],"texture":"#0"}}},{"from":[3.26664,11.60066,5.99535],"to":[3.76664,12.00066,9.99535],"rotation":{"angle":22.5,"axis":"z","origin":[12.28713,7.85292,8.00888]},"faces":{"north":{"uv":[0.5,0,1,1],"texture":"#0"},"east":{"uv":[0.5,0,1,1],"texture":"#0"},"south":{"uv":[0,4,0.5,5],"texture":"#0"},"west":{"uv":[0.5,0,1,1],"texture":"#0"},"up":{"uv":[0,2,1,7],"texture":"#0"},"down":{"uv":[0.5,0,1,1],"texture":"#0"}}},{"from":[11.77896,8.1202,6.00422],"to":[12.27896,8.5202,10.00422],"rotation":{"angle":-45,"axis":"z","origin":[12.02896,8.02326,8.00117]},"faces":{"north":{"uv":[0,0,0.5,1],"texture":"#0"},"east":{"uv":[0,0,0.5,1],"texture":"#0"},"south":{"uv":[0,4,0.5,5],"texture":"#0"},"west":{"uv":[0,0,0.5,1],"texture":"#0"},"up":{"uv":[0,2,1,7],"texture":"#0"},"down":{"uv":[0,0,0.5,1],"texture":"#0"}}},{"from":[9.94025,6.17631,6.00226],"to":[10.44025,6.57631,10.00226],"rotation":{"angle":-45,"axis":"z","origin":[12.13818,8.02051,8.00401]},"faces":{"north":{"uv":[0,0,0.5,1],"texture":"#0"},"east":{"uv":[0,0,0.5,1],"texture":"#0"},"south":{"uv":[0,4,0.5,5],"texture":"#0"},"west":{"uv":[0,0,0.5,1],"texture":"#0"},"up":{"uv":[0,2,1,7],"texture":"#0"},"down":{"uv":[0,0,0.5,1],"texture":"#0"}}},{"from":[8.46612,3.35008,5.99812],"to":[8.96612,3.75008,9.99812],"rotation":{"angle":-45,"axis":"z","origin":[13.4974,8.01777,8.00685]},"faces":{"north":{"uv":[0,0,0.5,1],"texture":"#0"},"east":{"uv":[0,0,0.5,1],"texture":"#0"},"south":{"uv":[0,4,0.5,5],"texture":"#0"},"west":{"uv":[0,0,0.5,1],"texture":"#0"},"up":{"uv":[0,2,1,7],"texture":"#0"},"down":{"uv":[0,0,0.5,1],"texture":"#0"}}},{"from":[6.62741,1.40619,5.99616],"to":[7.12741,1.80619,9.99616],"rotation":{"angle":-45,"axis":"z","origin":[13.60662,8.01502,8.0097]},"faces":{"north":{"uv":[0,0,0.5,1],"texture":"#0"},"east":{"uv":[0,0,0.5,1],"texture":"#0"},"south":{"uv":[0,4,0.5,5],"texture":"#0"},"west":{"uv":[0,0,0.5,1],"texture":"#0"},"up":{"uv":[0,2,1,7],"texture":"#0"},"down":{"uv":[0,0,0.5,1],"texture":"#0"}}},{"from":[10.70363,8.12207,6.00246],"to":[11.20363,8.52207,10.00246],"rotation":{"angle":45,"axis":"z","origin":[10.95364,8.02513,7.99941]},"faces":{"north":{"uv":[0.5,0,1,1],"texture":"#0"},"east":{"uv":[0.5,0,1,1],"texture":"#0"},"south":{"uv":[0,4,0.5,5],"texture":"#0"},"west":{"uv":[0.5,0,1,1],"texture":"#0"},"up":{"uv":[0,2,1,7],"texture":"#0"},"down":{"uv":[0.5,0,1,1],"texture":"#0"}}},{"from":[8.87171,10.06725,6.0005],"to":[9.37171,10.46725,10.0005],"rotation":{"angle":45,"axis":"z","origin":[11.06286,8.02238,8.00225]},"faces":{"north":{"uv":[0.5,0,1,1],"texture":"#0"},"east":{"uv":[0.5,0,1,1],"texture":"#0"},"south":{"uv":[0,4,0.5,5],"texture":"#0"},"west":{"uv":[0.5,0,1,1],"texture":"#0"},"up":{"uv":[0,2,1,7],"texture":"#0"},"down":{"uv":[0.5,0,1,1],"texture":"#0"}}},{"from":[7.40745,12.89786,5.99636],"to":[7.90745,13.29786,9.99636],"rotation":{"angle":45,"axis":"z","origin":[12.42208,8.01963,8.00509]},"faces":{"north":{"uv":[0.5,0,1,1],"texture":"#0"},"east":{"uv":[0.5,0,1,1],"texture":"#0"},"south":{"uv":[0,4,0.5,5],"texture":"#0"},"west":{"uv":[0.5,0,1,1],"texture":"#0"},"up":{"uv":[0,2,1,7],"texture":"#0"},"down":{"uv":[0.5,0,1,1],"texture":"#0"}}},{"from":[5.57552,14.84305,5.9944],"to":[6.07552,15.24305,9.9944],"rotation":{"angle":45,"axis":"z","origin":[12.5313,8.01689,8.00794]},"faces":{"north":{"uv":[0.5,0,1,1],"texture":"#0"},"east":{"uv":[0.5,0,1,1],"texture":"#0"},"south":{"uv":[0,4,0.5,5],"texture":"#0"},"west":{"uv":[0.5,0,1,1],"texture":"#0"},"up":{"uv":[0,2,1,7],"texture":"#0"},"down":{"uv":[0.5,0,1,1],"texture":"#0"}}},{"from":[11.53215,8.28449,6.00493],"to":[12.03215,8.68449,10.00493],"rotation":{"angle":-22.5,"axis":"z","origin":[11.78214,8.18755,8.00189]},"faces":{"north":{"uv":[0,0,0.5,1],"texture":"#0"},"east":{"uv":[0,0,0.5,1],"texture":"#0"},"south":{"uv":[0,4,0.5,5],"texture":"#0"},"west":{"uv":[0,0,0.5,1],"texture":"#0"},"up":{"uv":[0,2,1,7],"texture":"#0"},"down":{"uv":[0,0,0.5,1],"texture":"#0"}}},{"from":[9.09887,7.2338,6.00298],"to":[9.59887,7.6338,10.00298],"rotation":{"angle":-22.5,"axis":"z","origin":[11.89136,8.18481,8.00473]},"faces":{"north":{"uv":[0,0,0.5,1],"texture":"#0"},"east":{"uv":[0,0,0.5,1],"texture":"#0"},"south":{"uv":[0,4,0.5,5],"texture":"#0"},"west":{"uv":[0,0,0.5,1],"texture":"#0"},"up":{"uv":[0,2,1,7],"texture":"#0"},"down":{"uv":[0,0,0.5,1],"texture":"#0"}}},{"from":[6.75991,5.70678,5.99884],"to":[7.25991,6.10678,9.99884],"rotation":{"angle":-22.5,"axis":"z","origin":[13.25058,8.18206,8.00757]},"faces":{"north":{"uv":[0,0,0.5,1],"texture":"#0"},"east":{"uv":[0,0,0.5,1],"texture":"#0"},"south":{"uv":[0,4,0.5,5],"texture":"#0"},"west":{"uv":[0,0,0.5,1],"texture":"#0"},"up":{"uv":[0,2,1,7],"texture":"#0"},"down":{"uv":[0,0,0.5,1],"texture":"#0"}}},{"from":[4.32664,4.65609,5.99688],"to":[4.82664,5.05609,9.99688],"rotation":{"angle":-22.5,"axis":"z","origin":[13.3598,8.17931,8.01041]},"faces":{"north":{"uv":[0,0,0.5,1],"texture":"#0"},"east":{"uv":[0,0,0.5,1],"texture":"#0"},"south":{"uv":[0,4,0.5,5],"texture":"#0"},"west":{"uv":[0,0,0.5,1],"texture":"#0"},"up":{"uv":[0,2,1,7],"texture":"#0"},"down":{"uv":[0,0,0.5,1],"texture":"#0"}}},{"from":[10.95045,8.28636,6.00317],"to":[11.45045,8.68636,10.00317],"rotation":{"angle":22.5,"axis":"z","origin":[11.20045,8.18942,8.00012]},"faces":{"north":{"uv":[0.5,0,1,1],"texture":"#0"},"east":{"uv":[0.5,0,1,1],"texture":"#0"},"south":{"uv":[0,4,0.5,5],"texture":"#0"},"west":{"uv":[0.5,0,1,1],"texture":"#0"},"up":{"uv":[0,2,1,7],"texture":"#0"},"down":{"uv":[0.5,0,1,1],"texture":"#0"}}},{"from":[8.52084,9.34042,6.00122],"to":[9.02084,9.74042,10.00122],"rotation":{"angle":22.5,"axis":"z","origin":[11.30967,8.18667,8.00297]},"faces":{"north":{"uv":[0.5,0,1,1],"texture":"#0"},"east":{"uv":[0.5,0,1,1],"texture":"#0"},"south":{"uv":[0,4,0.5,5],"texture":"#0"},"west":{"uv":[0.5,0,1,1],"texture":"#0"},"up":{"uv":[0,2,1,7],"texture":"#0"},"down":{"uv":[0.5,0,1,1],"texture":"#0"}}},{"from":[6.18723,10.87486,5.99708],"to":[6.68723,11.27486,9.99708],"rotation":{"angle":22.5,"axis":"z","origin":[12.66889,8.18393,8.00581]},"faces":{"north":{"uv":[0.5,0,1,1],"texture":"#0"},"east":{"uv":[0.5,0,1,1],"texture":"#0"},"south":{"uv":[0,4,0.5,5],"texture":"#0"},"west":{"uv":[0.5,0,1,1],"texture":"#0"},"up":{"uv":[0,2,1,7],"texture":"#0"},"down":{"uv":[0.5,0,1,1],"texture":"#0"}}},{"from":[3.75763,11.92892,5.99512],"to":[4.25763,12.32892,9.99512],"rotation":{"angle":22.5,"axis":"z","origin":[12.77811,8.18118,8.00865]},"faces":{"north":{"uv":[0.5,0,1,1],"texture":"#0"},"east":{"uv":[0.5,0,1,1],"texture":"#0"},"south":{"uv":[0,4,0.5,5],"texture":"#0"},"west":{"uv":[0.5,0,1,1],"texture":"#0"},"up":{"uv":[0,2,1,7],"texture":"#0"},"down":{"uv":[0.5,0,1,1],"texture":"#0"}}},{"from":[11.24125,8.34183,6.00554],"to":[11.74125,8.74183,10.00554],"rotation":{"angle":0,"axis":"z","origin":[11.49124,8.24489,8.00249]},"faces":{"north":{"uv":[0,0,0.5,1],"texture":"#0"},"east":{"uv":[0,0,0.5,1],"texture":"#0"},"south":{"uv":[0,4,0.5,5],"texture":"#0"},"west":{"uv":[0,0,0.5,1],"texture":"#0"},"up":{"uv":[0,2,1,7],"texture":"#0"},"down":{"uv":[0,0,0.5,1],"texture":"#0"}}},{"from":[14.39343,8.00054,6.00632],"to":[14.89343,8.40054,10.00632],"rotation":{"angle":-22.5,"axis":"z","origin":[14.64343,7.9036,8.00327]},"faces":{"north":{"uv":[0,0,0.5,1],"texture":"#0"},"east":{"uv":[0,0,0.5,1],"texture":"#0"},"south":{"uv":[0,4,0.5,5],"texture":"#0"},"west":{"uv":[0,0,0.5,1],"texture":"#0"},"up":{"uv":[0,2,1,7],"texture":"#0"},"down":{"uv":[0,0,0.5,1],"texture":"#0"}}},{"from":[12.82976,8.00241,6.00456],"to":[13.32976,8.40241,10.00456],"rotation":{"angle":22.5,"axis":"z","origin":[13.07977,7.90547,8.00151]},"faces":{"north":{"uv":[0.5,0,1,1],"texture":"#0"},"east":{"uv":[0.5,0,1,1],"texture":"#0"},"south":{"uv":[0,4,0.5,5],"texture":"#0"},"west":{"uv":[0.5,0,1,1],"texture":"#0"},"up":{"uv":[0,2,1,7],"texture":"#0"},"down":{"uv":[0.5,0,1,1],"texture":"#0"}}},{"from":[14.14926,8.16451,6.00538],"to":[14.64926,8.56451,10.00538],"rotation":{"angle":-45,"axis":"z","origin":[14.39926,8.06757,8.00233]},"faces":{"north":{"uv":[0,0,0.5,1],"texture":"#0"},"east":{"uv":[0,0,0.5,1],"texture":"#0"},"south":{"uv":[0,4,0.5,5],"texture":"#0"},"west":{"uv":[0,0,0.5,1],"texture":"#0"},"up":{"uv":[0,2,1,7],"texture":"#0"},"down":{"uv":[0,0,0.5,1],"texture":"#0"}}},{"from":[13.07393,8.16638,6.00362],"to":[13.57393,8.56638,10.00362],"rotation":{"angle":45,"axis":"z","origin":[13.32394,8.06944,8.00057]},"faces":{"north":{"uv":[0.5,0,1,1],"texture":"#0"},"east":{"uv":[0.5,0,1,1],"texture":"#0"},"south":{"uv":[0,4,0.5,5],"texture":"#0"},"west":{"uv":[0.5,0,1,1],"texture":"#0"},"up":{"uv":[0,2,1,7],"texture":"#0"},"down":{"uv":[0.5,0,1,1],"texture":"#0"}}},{"from":[13.90245,8.3288,6.00609],"to":[14.40245,8.7288,10.00609],"rotation":{"angle":-22.5,"axis":"z","origin":[14.15244,8.23186,8.00305]},"faces":{"north":{"uv":[0,0,0.5,1],"texture":"#0"},"east":{"uv":[0,0,0.5,1],"texture":"#0"},"south":{"uv":[0,4,0.5,5],"texture":"#0"},"west":{"uv":[0,0,0.5,1],"texture":"#0"},"up":{"uv":[0,2,1,7],"texture":"#0"},"down":{"uv":[0,0,0.5,1],"texture":"#0"}}},{"from":[13.32075,8.33067,6.00433],"to":[13.82075,8.73067,10.00433],"rotation":{"angle":22.5,"axis":"z","origin":[13.57075,8.23373,8.00128]},"faces":{"north":{"uv":[0.5,0,1,1],"texture":"#0"},"east":{"uv":[0.5,0,1,1],"texture":"#0"},"south":{"uv":[0,4,0.5,5],"texture":"#0"},"west":{"uv":[0.5,0,1,1],"texture":"#0"},"up":{"uv":[0,2,1,7],"texture":"#0"},"down":{"uv":[0.5,0,1,1],"texture":"#0"}}},{"from":[13.61155,8.38614,6.0067],"to":[14.11155,8.78614,10.0067],"rotation":{"angle":0,"axis":"z","origin":[13.86154,8.2892,8.00365]},"faces":{"north":{"uv":[0,0,0.5,1],"texture":"#0"},"east":{"uv":[0,0,0.5,1],"texture":"#0"},"south":{"uv":[0,4,0.5,5],"texture":"#0"},"west":{"uv":[0,0,0.5,1],"texture":"#0"},"up":{"uv":[0,2,1,7],"texture":"#0"},"down":{"uv":[0,0,0.5,1],"texture":"#0"}}},{"from":[14.68199,7.94367,6.00572],"to":[15.18199,8.34367,10.00572],"rotation":{"angle":0,"axis":"y","origin":[14.93198,7.84672,8.00267]},"faces":{"north":{"uv":[0,0,0.5,1],"texture":"#0"},"east":{"uv":[0,2,1,7],"rotation":90,"texture":"#0"},"south":{"uv":[0,4,0.5,5],"texture":"#0"},"west":{"uv":[0,0,0.5,1],"texture":"#0"},"up":{"uv":[0,2,1,7],"texture":"#0"},"down":{"uv":[0,0,0.5,1],"texture":"#0"}}},{"from":[8.60048,8.34388,6.00359],"to":[9.10048,8.74388,10.00359],"rotation":{"angle":0,"axis":"z","origin":[11.60046,8.24214,8.00534]},"faces":{"north":{"uv":[0,0,0.5,1],"texture":"#0"},"east":{"uv":[0,0,0.5,1],"texture":"#0"},"south":{"uv":[0,4,0.5,5],"texture":"#0"},"west":{"uv":[0,0,0.5,1],"texture":"#0"},"up":{"uv":[0,2,1,7],"texture":"#0"},"down":{"uv":[0,0,0.5,1],"texture":"#0"}}},{"from":[5.95971,8.34811,5.99945],"to":[6.45971,8.74811,9.99945],"rotation":{"angle":0,"axis":"z","origin":[12.95968,8.23939,8.00818]},"faces":{"north":{"uv":[0,0,0.5,1],"texture":"#0"},"east":{"uv":[0,0,0.5,1],"texture":"#0"},"south":{"uv":[0,4,0.5,5],"texture":"#0"},"west":{"uv":[0,0,0.5,1],"texture":"#0"},"up":{"uv":[0,2,1,7],"texture":"#0"},"down":{"uv":[0,0,0.5,1],"texture":"#0"}}},{"from":[3.31894,8.35017,5.99749],"to":[3.81894,8.75017,9.99749],"rotation":{"angle":0,"axis":"z","origin":[13.06891,8.23664,8.01102]},"faces":{"north":{"uv":[0,0,0.5,1],"texture":"#0"},"east":{"uv":[0,0,0.5,1],"texture":"#0"},"south":{"uv":[0,4,0.5,5],"texture":"#0"},"west":{"uv":[0,0,0.5,1],"texture":"#0"},"up":{"uv":[0,2,1,7],"texture":"#0"},"down":{"uv":[0,0,0.5,1],"texture":"#0"}}}],"gui_light":"front"}