{
	"format_version": "1.21.6",
	"credit": "Made with Blockbench",
	"texture_size": [64, 64],
	"textures": {
		"0": "item/flans/items/cheatcodes/feed_cc",
		"particle": "item/flans/items/cheatcodes/feed_cc"
	},
	"elements": [
		{
			"name": "feed_cc_0",
			"from": [9, 4, 0],
			"to": [13, 13, 1],
			"faces": {
				"north": {"uv": [13, 3, 9, 12], "texture": "#0"},
				"east": {"uv": [12, 3, 13, 12], "texture": "#0"},
				"south": {"uv": [9, 3, 13, 12], "texture": "#0"},
				"west": {"uv": [9, 3, 10, 12], "texture": "#0"},
				"up": {"uv": [9, 3, 13, 4], "texture": "#0"},
				"down": {"uv": [9, 11, 13, 12], "texture": "#0"}
			}
		},
		{
			"name": "feed_cc_1",
			"from": [8, 1, 0],
			"to": [9, 12, 1],
			"faces": {
				"north": {"uv": [9, 4, 8, 15], "texture": "#0"},
				"east": {"uv": [8, 4, 9, 15], "texture": "#0"},
				"south": {"uv": [8, 4, 9, 15], "texture": "#0"},
				"west": {"uv": [8, 4, 9, 15], "texture": "#0"},
				"up": {"uv": [8, 4, 9, 5], "texture": "#0"},
				"down": {"uv": [8, 14, 9, 15], "texture": "#0"}
			}
		},
		{
			"name": "feed_cc_2",
			"from": [13, 5, 0],
			"to": [14, 12, 1],
			"faces": {
				"north": {"uv": [14, 4, 13, 11], "texture": "#0"},
				"east": {"uv": [13, 4, 14, 11], "texture": "#0"},
				"south": {"uv": [13, 4, 14, 11], "texture": "#0"},
				"west": {"uv": [13, 4, 14, 11], "texture": "#0"},
				"up": {"uv": [13, 4, 14, 5], "texture": "#0"},
				"down": {"uv": [13, 10, 14, 11], "texture": "#0"}
			}
		},
		{
			"name": "feed_cc_3",
			"from": [7, 1, 0],
			"to": [8, 11, 1],
			"faces": {
				"north": {"uv": [8, 5, 7, 15], "texture": "#0"},
				"east": {"uv": [7, 5, 8, 15], "texture": "#0"},
				"south": {"uv": [7, 5, 8, 15], "texture": "#0"},
				"west": {"uv": [7, 5, 8, 15], "texture": "#0"},
				"up": {"uv": [7, 5, 8, 6], "texture": "#0"},
				"down": {"uv": [7, 14, 8, 15], "texture": "#0"}
			}
		},
		{
			"name": "feed_cc_4",
			"from": [14, 7, 0],
			"to": [15, 11, 1],
			"faces": {
				"north": {"uv": [15, 5, 14, 9], "texture": "#0"},
				"east": {"uv": [14, 5, 15, 9], "texture": "#0"},
				"south": {"uv": [14, 5, 15, 9], "texture": "#0"},
				"west": {"uv": [14, 5, 15, 9], "texture": "#0"},
				"up": {"uv": [14, 5, 15, 6], "texture": "#0"},
				"down": {"uv": [14, 8, 15, 9], "texture": "#0"}
			}
		},
		{
			"name": "feed_cc_5",
			"from": [6, 1, 0],
			"to": [7, 10, 1],
			"faces": {
				"north": {"uv": [7, 6, 6, 15], "texture": "#0"},
				"east": {"uv": [6, 6, 7, 15], "texture": "#0"},
				"south": {"uv": [6, 6, 7, 15], "texture": "#0"},
				"west": {"uv": [6, 6, 7, 15], "texture": "#0"},
				"up": {"uv": [6, 6, 7, 7], "texture": "#0"},
				"down": {"uv": [6, 14, 7, 15], "texture": "#0"}
			}
		},
		{
			"name": "feed_cc_6",
			"from": [4, 2, 0],
			"to": [6, 9, 1],
			"faces": {
				"north": {"uv": [6, 7, 4, 14], "texture": "#0"},
				"east": {"uv": [5, 7, 6, 14], "texture": "#0"},
				"south": {"uv": [4, 7, 6, 14], "texture": "#0"},
				"west": {"uv": [4, 7, 5, 14], "texture": "#0"},
				"up": {"uv": [4, 7, 6, 8], "texture": "#0"},
				"down": {"uv": [4, 13, 6, 14], "texture": "#0"}
			}
		},
		{
			"name": "feed_cc_7",
			"from": [3, 2, 0],
			"to": [4, 8, 1],
			"faces": {
				"north": {"uv": [4, 8, 3, 14], "texture": "#0"},
				"east": {"uv": [3, 8, 4, 14], "texture": "#0"},
				"south": {"uv": [3, 8, 4, 14], "texture": "#0"},
				"west": {"uv": [3, 8, 4, 14], "texture": "#0"},
				"up": {"uv": [3, 8, 4, 9], "texture": "#0"},
				"down": {"uv": [3, 13, 4, 14], "texture": "#0"}
			}
		},
		{
			"name": "feed_cc_8",
			"from": [2, 4, 0],
			"to": [3, 6, 1],
			"faces": {
				"north": {"uv": [3, 10, 2, 12], "texture": "#0"},
				"east": {"uv": [2, 10, 3, 12], "texture": "#0"},
				"south": {"uv": [2, 10, 3, 12], "texture": "#0"},
				"west": {"uv": [2, 10, 3, 12], "texture": "#0"},
				"up": {"uv": [2, 10, 3, 11], "texture": "#0"},
				"down": {"uv": [2, 11, 3, 12], "texture": "#0"}
			}
		},
		{
			"name": "feed_cc_9",
			"from": [9, 2, 0],
			"to": [11, 4, 1],
			"faces": {
				"north": {"uv": [11, 12, 9, 14], "texture": "#0"},
				"east": {"uv": [10, 12, 11, 14], "texture": "#0"},
				"south": {"uv": [9, 12, 11, 14], "texture": "#0"},
				"west": {"uv": [9, 12, 10, 14], "texture": "#0"},
				"up": {"uv": [9, 12, 11, 13], "texture": "#0"},
				"down": {"uv": [9, 13, 11, 14], "texture": "#0"}
			}
		},
		{
			"name": "feed_cc_10",
			"from": [11, 3, 0],
			"to": [12, 4, 1],
			"faces": {
				"north": {"uv": [12, 12, 11, 13], "texture": "#0"},
				"east": {"uv": [11, 12, 12, 13], "texture": "#0"},
				"south": {"uv": [11, 12, 12, 13], "texture": "#0"},
				"west": {"uv": [11, 12, 12, 13], "texture": "#0"},
				"up": {"uv": [11, 12, 12, 13], "texture": "#0"},
				"down": {"uv": [11, 12, 12, 13], "texture": "#0"}
			}
		},
		{
			"name": "feed_cc_11",
			"from": [5, 1, 0],
			"to": [6, 2, 1],
			"faces": {
				"north": {"uv": [6, 14, 5, 15], "texture": "#0"},
				"east": {"uv": [5, 14, 6, 15], "texture": "#0"},
				"south": {"uv": [5, 14, 6, 15], "texture": "#0"},
				"west": {"uv": [5, 14, 6, 15], "texture": "#0"},
				"up": {"uv": [5, 14, 6, 15], "texture": "#0"},
				"down": {"uv": [5, 14, 6, 15], "texture": "#0"}
			}
		}
	],
	"gui_light": "front",
	"display": {
		"thirdperson_righthand": {
			"rotation": [-180, 0, -180],
			"translation": [0.25, 2.68, -2.62],
			"scale": [0.4, 0.4, 0.4]
		},
		"thirdperson_lefthand": {
			"rotation": [-180, 0, -180],
			"translation": [0, 2.68, -2.37],
			"scale": [0.4, 0.4, 0.4]
		},
		"firstperson_righthand": {
			"rotation": [4, 90, 0],
			"translation": [4.49, 4.39, 0.13],
			"scale": [0.6, 0.6, 0.6]
		},
		"firstperson_lefthand": {
			"rotation": [4, -90, 0],
			"translation": [-3.71, 4.64, -0.38],
			"scale": [0.6, 0.6, 0.6]
		},
		"ground": {
			"translation": [0, 5, 0]
		},
		"gui": {
			"rotation": [0, -180, 0],
			"translation": [0.06, -0.25, 0]
		},
		"head": {
			"translation": [-0.25, 9.25, -2.5],
			"scale": [0.4, 0.4, 0.4]
		},
		"fixed": {
			"translation": [0.3, 0.2, 7.9]
		}
	},
	"groups": [
		{
			"name": "feed_cc",
			"origin": [8, 8, 8],
			"color": 0,
			"children": [0, 1, 2, 3, 4, 5, 6, 7, 8, 9, 10, 11]
		}
	]
}