{"display":{"thirdperson_righthand":{"rotation":[22,-180,0],"translation":[0,0.5,-0.75],"scale":[0.25,0.25,0.25]},"thirdperson_lefthand":{"rotation":[16,-180,0],"translation":[0,0.5,-0.75],"scale":[0.25,0.25,0.25]},"firstperson_righthand":{"rotation":[37,-13,21],"translation":[0,3.25,-2.25],"scale":[0.7,0.7,0.7]},"firstperson_lefthand":{"rotation":[37,-13,21],"translation":[0,3.25,-2.25],"scale":[0.7,0.7,0.7]},"ground":{"translation":[0,2,0],"scale":[0.5,0.5,0.5]},"gui":{"rotation":[45,15,0],"translation":[0,0.75,0]},"head":{"translation":[0,12.25,0],"scale":[4,4,4]},"fixed":{"rotation":[-90,-180,0],"scale":[0.5,0.5,0.5]}},"textures":{"5":"food/cookie/67a5851268e95c0","particle":"food/cookie/67a5851268e95c0"},"elements":[{"from":[3,7.5,3],"to":[13,8.5,13],"rotation":{"angle":0,"axis":"y","origin":[10,15.5,20]},"faces":{"north":{"uv":[3,3,13,4],"rotation":180,"texture":"#5"},"east":{"uv":[5,11,15,12],"rotation":180,"texture":"#5"},"south":{"uv":[3,13,13,14],"texture":"#5"},"west":{"uv":[3,3,4,13],"rotation":270,"texture":"#5"},"up":{"uv":[3,3,13,13],"texture":"#5"},"down":{"uv":[3,3,13,13],"texture":"#5"}}},{"from":[12,8.5,5],"to":[13,9.5,11],"rotation":{"angle":0,"axis":"y","origin":[10,16.5,20]},"faces":{"north":{"uv":[6,4,7,5],"texture":"#5"},"east":{"uv":[12,5,13,11],"rotation":90,"texture":"#5"},"south":{"uv":[5,6,6,7],"texture":"#5"},"west":{"uv":[0,0,9,1],"texture":"#missing"},"up":{"uv":[12,5,13,11],"texture":"#5"},"down":{"uv":[0,0,9,9],"texture":"#missing"}}},{"from":[5,6.5,3],"to":[11,7.5,4],"rotation":{"angle":0,"axis":"y","origin":[8,7,8]},"faces":{"north":{"uv":[12,5,13,11],"rotation":90,"texture":"#5"},"east":{"uv":[5,6,6,7],"texture":"#5"},"south":{"uv":[0,0,9,1],"texture":"#missing"},"west":{"uv":[6,4,7,5],"texture":"#5"},"up":{"uv":[12,5,13,11],"rotation":270,"texture":"#5"},"down":{"uv":[5,12,11,13],"rotation":180,"texture":"#5"}}},{"from":[12,8.5,5],"to":[13,9.5,11],"rotation":{"angle":0,"axis":"y","origin":[10,16.5,20]},"faces":{"north":{"uv":[6,4,7,5],"texture":"#5"},"east":{"uv":[12,5,13,11],"rotation":90,"texture":"#5"},"south":{"uv":[5,6,6,7],"texture":"#5"},"west":{"uv":[0,0,9,1],"texture":"#missing"},"up":{"uv":[12,5,13,11],"texture":"#5"},"down":{"uv":[0,0,9,9],"texture":"#missing"}}},{"from":[5,6.5,3],"to":[11,7.5,4],"rotation":{"angle":0,"axis":"y","origin":[8,7,8]},"faces":{"north":{"uv":[12,5,13,11],"rotation":90,"texture":"#5"},"east":{"uv":[5,6,6,7],"texture":"#5"},"south":{"uv":[0,0,9,1],"texture":"#missing"},"west":{"uv":[6,4,7,5],"texture":"#5"},"up":{"uv":[12,5,13,11],"rotation":270,"texture":"#5"},"down":{"uv":[0,0,9,9],"rotation":90,"texture":"#missing"}}},{"from":[5,8.5,12],"to":[11,9.5,13],"rotation":{"angle":0,"axis":"y","origin":[10,16.5,20]},"faces":{"north":{"uv":[0,0,9,1],"texture":"#missing"},"east":{"uv":[5,2,6,3],"texture":"#5"},"south":{"uv":[8,8,14,9],"texture":"#5"},"west":{"uv":[8,8,9,9],"texture":"#5"},"up":{"uv":[5,12,11,13],"texture":"#5"},"down":{"uv":[0,0,9,9],"texture":"#missing"}}},{"from":[12,6.5,5],"to":[13,7.5,11],"rotation":{"angle":0,"axis":"y","origin":[8,7,8]},"faces":{"north":{"uv":[5,2,6,3],"texture":"#5"},"east":{"uv":[8,8,14,9],"texture":"#5"},"south":{"uv":[8,8,9,9],"texture":"#5"},"west":{"uv":[0,0,9,1],"texture":"#missing"},"up":{"uv":[5,12,11,13],"rotation":270,"texture":"#5"},"down":{"uv":[12,5,13,11],"rotation":180,"texture":"#5"}}},{"from":[5,8.5,12],"to":[11,9.5,13],"rotation":{"angle":0,"axis":"y","origin":[10,16.5,20]},"faces":{"north":{"uv":[0,0,9,1],"texture":"#missing"},"east":{"uv":[5,2,6,3],"texture":"#5"},"south":{"uv":[8,8,14,9],"texture":"#5"},"west":{"uv":[8,8,9,9],"texture":"#5"},"up":{"uv":[5,12,11,13],"texture":"#5"},"down":{"uv":[0,0,9,9],"texture":"#missing"}}},{"from":[12,6.5,5],"to":[13,7.5,11],"rotation":{"angle":0,"axis":"y","origin":[8,7,8]},"faces":{"north":{"uv":[5,2,6,3],"texture":"#5"},"east":{"uv":[8,8,14,9],"texture":"#5"},"south":{"uv":[8,8,9,9],"texture":"#5"},"west":{"uv":[0,0,9,1],"texture":"#missing"},"up":{"uv":[5,12,11,13],"rotation":270,"texture":"#5"},"down":{"uv":[0,0,9,9],"rotation":90,"texture":"#missing"}}},{"from":[3,8.5,5],"to":[4,9.5,11],"rotation":{"angle":0,"axis":"y","origin":[2,16.5,20]},"faces":{"north":{"uv":[5,9,6,10],"texture":"#5"},"east":{"uv":[0,0,9,1],"texture":"#missing"},"south":{"uv":[3,4,4,5],"texture":"#5"},"west":{"uv":[3,5,4,11],"rotation":270,"texture":"#5"},"up":{"uv":[3,5,4,11],"texture":"#5"},"down":{"uv":[0,0,9,9],"texture":"#missing"}}},{"from":[5,6.5,12],"to":[11,7.5,13],"rotation":{"angle":0,"axis":"y","origin":[8,7,8]},"faces":{"north":{"uv":[0,0,9,1],"texture":"#missing"},"east":{"uv":[3,4,4,5],"texture":"#5"},"south":{"uv":[3,5,4,11],"rotation":270,"texture":"#5"},"west":{"uv":[5,9,6,10],"texture":"#5"},"up":{"uv":[3,5,4,11],"rotation":270,"texture":"#5"},"down":{"uv":[5,3,11,4],"texture":"#5"}}},{"from":[3,8.5,5],"to":[4,9.5,11],"rotation":{"angle":0,"axis":"y","origin":[2,16.5,20]},"faces":{"north":{"uv":[5,9,6,10],"texture":"#5"},"east":{"uv":[0,0,9,1],"texture":"#missing"},"south":{"uv":[3,4,4,5],"texture":"#5"},"west":{"uv":[3,5,4,11],"rotation":270,"texture":"#5"},"up":{"uv":[3,5,4,11],"texture":"#5"},"down":{"uv":[0,0,9,9],"texture":"#missing"}}},{"from":[5,6.5,12],"to":[11,7.5,13],"rotation":{"angle":0,"axis":"y","origin":[8,7,8]},"faces":{"north":{"uv":[0,0,9,1],"texture":"#missing"},"east":{"uv":[3,4,4,5],"texture":"#5"},"south":{"uv":[3,5,4,11],"rotation":270,"texture":"#5"},"west":{"uv":[5,9,6,10],"texture":"#5"},"up":{"uv":[3,5,4,11],"rotation":270,"texture":"#5"},"down":{"uv":[0,0,9,9],"rotation":90,"texture":"#missing"}}},{"from":[4,8.5,4],"to":[12,9.5,12],"rotation":{"angle":0,"axis":"y","origin":[10,16.5,20]},"faces":{"north":{"uv":[4,4,12,5],"rotation":180,"texture":"#5"},"east":{"uv":[3,6,11,7],"texture":"#5"},"south":{"uv":[7,2,8,3],"texture":"#5"},"west":{"uv":[3,5,12,6],"texture":"#5"},"up":{"uv":[4,4,12,12],"texture":"#5"},"down":{"uv":[0,0,9,9],"texture":"#missing"}}},{"from":[4,6.5,4],"to":[12,7.5,12],"rotation":{"angle":0,"axis":"y","origin":[8,7,8]},"faces":{"north":{"uv":[3,6,11,7],"texture":"#5"},"east":{"uv":[7,2,8,3],"texture":"#5"},"south":{"uv":[3,5,12,6],"texture":"#5"},"west":{"uv":[4,4,12,5],"rotation":180,"texture":"#5"},"up":{"uv":[4,4,12,12],"rotation":270,"texture":"#5"},"down":{"uv":[4,4,12,12],"rotation":90,"texture":"#5"}}},{"from":[4,8.5,4],"to":[12,9.5,12],"rotation":{"angle":0,"axis":"y","origin":[10,16.5,20]},"faces":{"north":{"uv":[4,4,12,5],"rotation":180,"texture":"#5"},"east":{"uv":[3,6,11,7],"texture":"#5"},"south":{"uv":[7,2,8,3],"texture":"#5"},"west":{"uv":[3,5,12,6],"texture":"#5"},"up":{"uv":[4,4,12,12],"texture":"#5"},"down":{"uv":[0,0,9,9],"texture":"#missing"}}},{"from":[5,9.5,5],"to":[11,10,11],"rotation":{"angle":0,"axis":"y","origin":[8,9.75,8]},"faces":{"north":{"uv":[5,5,11,6],"rotation":180,"texture":"#5"},"east":{"uv":[3,9,11,10],"texture":"#5"},"south":{"uv":[7,2,8,3],"texture":"#5"},"west":{"uv":[5,5,11,6],"texture":"#5"},"up":{"uv":[5,5,11,11],"texture":"#5"},"down":{"uv":[0,0,9,9],"texture":"#missing"}}},{"from":[5,9.5,5],"to":[11,10,11],"rotation":{"angle":0,"axis":"y","origin":[8,9.75,8]},"faces":{"north":{"uv":[5,5,11,6],"rotation":180,"texture":"#5"},"east":{"uv":[3,9,11,10],"texture":"#5"},"south":{"uv":[7,2,8,3],"texture":"#5"},"west":{"uv":[5,5,11,6],"texture":"#5"},"up":{"uv":[5,5,11,11],"texture":"#5"},"down":{"uv":[0,0,9,9],"texture":"#missing"}}},{"from":[4,9.5,6],"to":[5,10,10],"rotation":{"angle":0,"axis":"y","origin":[4,17.5,20]},"faces":{"north":{"uv":[4,4,5,5],"rotation":180,"texture":"#5"},"east":{"uv":[3,6,11,7],"texture":"#5"},"south":{"uv":[7,2,8,3],"texture":"#5"},"west":{"uv":[3,9,9,10],"texture":"#5"},"up":{"uv":[4,6,5,10],"texture":"#5"},"down":{"uv":[0,0,9,9],"texture":"#missing"}}},{"from":[4,9.5,6],"to":[5,10,10],"rotation":{"angle":0,"axis":"y","origin":[4,17.5,20]},"faces":{"north":{"uv":[4,4,5,5],"rotation":180,"texture":"#5"},"east":{"uv":[3,6,11,7],"texture":"#5"},"south":{"uv":[7,2,8,3],"texture":"#5"},"west":{"uv":[3,9,9,10],"texture":"#5"},"up":{"uv":[4,6,5,10],"texture":"#5"},"down":{"uv":[0,0,9,9],"texture":"#missing"}}},{"from":[6,9.5,4],"to":[10,10,5],"rotation":{"angle":0,"axis":"y","origin":[8,9.75,8]},"faces":{"north":{"uv":[6,9,10,9.5],"texture":"#5"},"east":{"uv":[10,8,11,8.5],"rotation":180,"texture":"#5"},"south":{"uv":[3,6,11,7],"texture":"#5"},"west":{"uv":[7,2,8,3],"texture":"#5"},"up":{"uv":[6,4,10,5],"rotation":90,"texture":"#5"},"down":{"uv":[0,0,9,9],"rotation":270,"texture":"#missing"}}},{"from":[6,9.5,4],"to":[10,10,5],"rotation":{"angle":0,"axis":"y","origin":[8,9.75,8]},"faces":{"north":{"uv":[6,9,10,9.5],"texture":"#5"},"east":{"uv":[10,8,11,8.5],"rotation":180,"texture":"#5"},"south":{"uv":[3,6,11,7],"texture":"#5"},"west":{"uv":[7,2,8,3],"texture":"#5"},"up":{"uv":[6,4,10,5],"rotation":90,"texture":"#5"},"down":{"uv":[0,0,9,9],"rotation":270,"texture":"#missing"}}},{"from":[11,9.5,6],"to":[12,10,10],"rotation":{"angle":0,"axis":"y","origin":[11,17.5,20]},"faces":{"north":{"uv":[4,4,5,5],"rotation":180,"texture":"#5"},"east":{"uv":[3,7,7,8],"texture":"#5"},"south":{"uv":[3,7,4,8],"texture":"#5"},"west":{"uv":[3,5,12,6],"texture":"#5"},"up":{"uv":[11,6,12,10],"texture":"#5"},"down":{"uv":[0,0,9,9],"texture":"#missing"}}},{"from":[11,9.5,6],"to":[12,10,10],"rotation":{"angle":0,"axis":"y","origin":[11,17.5,20]},"faces":{"north":{"uv":[4,4,5,5],"rotation":180,"texture":"#5"},"east":{"uv":[3,7,7,8],"texture":"#5"},"south":{"uv":[3,7,4,8],"texture":"#5"},"west":{"uv":[3,5,12,6],"texture":"#5"},"up":{"uv":[11,6,12,10],"texture":"#5"},"down":{"uv":[0,0,9,9],"texture":"#missing"}}},{"from":[6,9.5,11],"to":[10,10,12],"rotation":{"angle":0,"axis":"y","origin":[8,9.75,8]},"faces":{"north":{"uv":[3,5,12,6],"texture":"#5"},"east":{"uv":[4,9,5,10],"rotation":180,"texture":"#5"},"south":{"uv":[6,11,10,12],"texture":"#5"},"west":{"uv":[6,5,7,6],"texture":"#5"},"up":{"uv":[6,11,10,12],"texture":"#5"},"down":{"uv":[0,0,9,9],"rotation":270,"texture":"#missing"}}},{"from":[6,9.5,11],"to":[10,10,12],"rotation":{"angle":0,"axis":"y","origin":[8,9.75,8]},"faces":{"north":{"uv":[3,5,12,6],"texture":"#5"},"east":{"uv":[4,9,5,10],"rotation":180,"texture":"#5"},"south":{"uv":[6,11,10,12],"texture":"#5"},"west":{"uv":[6,5,7,6],"texture":"#5"},"up":{"uv":[6,11,10,12],"texture":"#5"},"down":{"uv":[0,0,9,9],"rotation":270,"texture":"#missing"}}},{"from":[5,8.5,3],"to":[11,9.5,4],"rotation":{"angle":0,"axis":"y","origin":[10,16.5,19]},"faces":{"north":{"uv":[5,3,11,4],"rotation":180,"texture":"#5"},"east":{"uv":[6,2,7,3],"texture":"#5"},"south":{"uv":[0,0,9,1],"texture":"#missing"},"west":{"uv":[5,3,6,4],"texture":"#5"},"up":{"uv":[5,3,11,4],"texture":"#5"},"down":{"uv":[0,0,9,9],"texture":"#missing"}}},{"from":[3,6.5,5],"to":[4,7.5,11],"rotation":{"angle":0,"axis":"y","origin":[8,7,8]},"faces":{"north":{"uv":[6,2,7,3],"texture":"#5"},"east":{"uv":[0,0,9,1],"texture":"#missing"},"south":{"uv":[5,3,6,4],"texture":"#5"},"west":{"uv":[5,3,11,4],"rotation":180,"texture":"#5"},"up":{"uv":[5,3,11,4],"rotation":270,"texture":"#5"},"down":{"uv":[3,5,4,11],"rotation":180,"texture":"#5"}}},{"from":[5,8.5,3],"to":[11,9.5,4],"rotation":{"angle":0,"axis":"y","origin":[10,16.5,19]},"faces":{"north":{"uv":[5,3,11,4],"rotation":180,"texture":"#5"},"east":{"uv":[6,2,7,3],"texture":"#5"},"south":{"uv":[0,0,9,1],"texture":"#missing"},"west":{"uv":[5,3,6,4],"texture":"#5"},"up":{"uv":[5,3,11,4],"texture":"#5"},"down":{"uv":[0,0,9,9],"texture":"#missing"}}},{"from":[3,6.5,5],"to":[4,7.5,11],"rotation":{"angle":0,"axis":"y","origin":[8,7,8]},"faces":{"north":{"uv":[6,2,7,3],"texture":"#5"},"east":{"uv":[0,0,9,1],"texture":"#missing"},"south":{"uv":[5,3,6,4],"texture":"#5"},"west":{"uv":[5,3,11,4],"rotation":180,"texture":"#5"},"up":{"uv":[5,3,11,4],"rotation":270,"texture":"#5"},"down":{"uv":[0,0,9,9],"rotation":90,"texture":"#missing"}}},{"from":[1.5,7.5,5],"to":[2,8.5,11],"rotation":{"angle":0,"axis":"y","origin":[6.5,8,8.5]},"faces":{"north":{"uv":[3,2,4,3],"texture":"#5"},"east":{"uv":[0,0,7,1],"texture":"#missing"},"south":{"uv":[7,3,8,4],"texture":"#5"},"west":{"uv":[4,2,10,3],"texture":"#5"},"up":{"uv":[1,5,2,11],"texture":"#5"},"down":{"uv":[1.5,5,2,11],"rotation":270,"texture":"#5"}}},{"from":[2,7.5,4.5],"to":[3,8.5,11.5],"rotation":{"angle":0,"axis":"y","origin":[7.5,8,8.5]},"faces":{"north":{"uv":[4,2,5,3],"texture":"#5"},"east":{"uv":[0,0,7,1],"texture":"#missing"},"south":{"uv":[5,2,6,3],"texture":"#5"},"west":{"uv":[4,2,11,3],"texture":"#5"},"up":{"uv":[2,4,3,12],"texture":"#5"},"down":{"uv":[2,4.5,3,11.5],"rotation":180,"texture":"#5"}}},{"from":[14,7.5,5],"to":[14.5,8.5,11],"rotation":{"angle":0,"axis":"y","origin":[11.5,8,11.5]},"faces":{"north":{"uv":[14,5,15,9],"texture":"#5"},"east":{"uv":[14,5,15,11],"rotation":90,"texture":"#5"},"south":{"uv":[14,10,15,11],"texture":"#5"},"west":{"uv":[14,5,15,11],"texture":"#5"},"up":{"uv":[14,5,15,11],"texture":"#5"},"down":{"uv":[14,5,14.5,11],"rotation":180,"texture":"#5"}}},{"from":[13,7.5,4.5],"to":[14,8.5,12.5],"rotation":{"angle":0,"axis":"y","origin":[10.5,8,11.5]},"faces":{"north":{"uv":[7,3,8,4],"texture":"#5"},"east":{"uv":[7,13,13,14],"rotation":180,"texture":"#5"},"south":{"uv":[8,14,9,15],"texture":"#5"},"west":{"uv":[0,0,7,1],"texture":"#missing"},"up":{"uv":[13,4,14,13],"texture":"#5"},"down":{"uv":[13,3.5,14,11.5],"rotation":180,"texture":"#5"}}},{"from":[5,7.5,1.5],"to":[11,8.5,2],"rotation":{"angle":0,"axis":"y","origin":[6.5,8,-3.5]},"faces":{"north":{"uv":[5,1,6,2],"texture":"#5"},"east":{"uv":[6,1,7,2],"texture":"#5"},"south":{"uv":[7,0,14,1],"texture":"#missing"},"west":{"uv":[4,2,5,3],"texture":"#5"},"up":{"uv":[5,1,11,2],"rotation":180,"texture":"#5"},"down":{"uv":[5,14,11,14.5],"rotation":180,"texture":"#5"}}},{"from":[4.5,7.5,2],"to":[11.5,8.5,3],"rotation":{"angle":0,"axis":"y","origin":[6.5,8,-2.5]},"faces":{"north":{"uv":[4,2,12,3],"rotation":180,"texture":"#5"},"east":{"uv":[5,2,6,3],"texture":"#5"},"south":{"uv":[7,0,14,1],"texture":"#missing"},"west":{"uv":[4,2,5,3],"texture":"#5"},"up":{"uv":[4,2,12,3],"texture":"#5"},"down":{"uv":[4.5,13,11.5,14],"rotation":180,"texture":"#5"}}},{"from":[5,7.5,14],"to":[11,8.5,14.5],"rotation":{"angle":0,"axis":"y","origin":[11.5,8,11.5]},"faces":{"north":{"uv":[5,14,11,15],"texture":"#5"},"east":{"uv":[5,14,11,15],"texture":"#5"},"south":{"uv":[5,14,11,15],"texture":"#5"},"west":{"uv":[5,14,11,15],"texture":"#5"},"up":{"uv":[5,14,11,15],"texture":"#5"},"down":{"uv":[5,1.5,11,2],"texture":"#5"}}},{"from":[4.5,7.5,13],"to":[11.5,8.5,14],"rotation":{"angle":0,"axis":"y","origin":[11.5,8,10.5]},"faces":{"north":{"uv":[7,0,14,1],"texture":"#missing"},"east":{"uv":[9,14,10,15],"texture":"#5"},"south":{"uv":[6,13,13,14],"texture":"#5"},"west":{"uv":[9,10,10,11],"texture":"#5"},"up":{"uv":[4,13,12,14],"texture":"#5"},"down":{"uv":[4.5,2,11.5,3],"texture":"#5"}}}],"gui_light":"front"}