{"display":{"thirdperson_righthand":{"rotation":[41,-180,0],"translation":[0,1.25,1],"scale":[0.9,0.9,0.9]},"thirdperson_lefthand":{"rotation":[-158,0,-180],"translation":[0.25,3,1],"scale":[1.8,1.8,1.8]},"firstperson_righthand":{"rotation":[0,-48,0],"translation":[-1.25,4.25,2.5],"scale":[1.5,1.5,1.5]},"ground":{"translation":[0,1,0]},"gui":{"rotation":[30,30,0],"translation":[0,0.75,0],"scale":[2,2,2]},"head":{"rotation":[0,180,0],"translation":[0,4.75,-0.5],"scale":[4,4,4]},"fixed":{"rotation":[0,180,0],"scale":[2,2,2]}},"texture_size":[32,32],"textures":{"7":"food/red","14":"food/cooked_chicken/193162119","23":"food/cooked_chicken/gold","particle":"food/cooked_chicken/lightbrown"},"elements":[{"from":[8.6,5.54892,8.0115],"to":[8.95,10.54892,8.3615],"rotation":{"angle":0,"axis":"y","origin":[24.65,7.54892,14.3615]},"faces":{"north":{"uv":[0,0,0.175,2.8],"texture":"#14"},"east":{"uv":[0,0,0.175,2.8],"texture":"#14"},"south":{"uv":[0,0,0.175,2.8],"texture":"#14"},"west":{"uv":[0,0,0.175,2.8],"texture":"#14"},"up":{"uv":[0,0,0.175,2.8],"rotation":180,"texture":"#14"},"down":{"uv":[0,0,0.175,2.8],"rotation":180,"texture":"#14"}}},{"from":[4.411,17.54892,8.0115],"to":[4.75,17.64892,8.3615],"rotation":{"angle":-22.5,"axis":"z","origin":[-11,3.54892,-7.4385]},"faces":{"north":{"uv":[0,0,0.175,0.3],"rotation":90,"texture":"#14"},"east":{"uv":[0,0,0.175,0.3],"rotation":270,"texture":"#14"},"south":{"uv":[0,0,0.175,0.3],"rotation":270,"texture":"#14"},"west":{"uv":[0,0,0.175,0.3],"rotation":270,"texture":"#14"},"up":{"uv":[0,0,0.175,0.3],"rotation":270,"texture":"#14"},"down":{"uv":[0,0,0.175,0.3],"rotation":90,"texture":"#14"}}},{"from":[8.6,10.54892,8.0115],"to":[8.8,10.58492,8.3615],"rotation":{"angle":0,"axis":"y","origin":[24.65,7.54892,14.3615]},"faces":{"north":{"uv":[0,0,0.1,0.425],"texture":"#14"},"east":{"uv":[0,0,0.1,0.425],"texture":"#14"},"south":{"uv":[0,0,0.1,0.425],"texture":"#14"},"west":{"uv":[0,0,0.1,0.425],"texture":"#14"},"up":{"uv":[0,0,0.1,0.425],"rotation":180,"texture":"#14"},"down":{"uv":[0,0,0.1,0.425],"rotation":180,"texture":"#14"}}},{"from":[7,5.54892,8.56151],"to":[7.35,9.94892,8.9115],"rotation":{"angle":0,"axis":"y","origin":[24.65,7.54892,14.3615]},"faces":{"north":{"uv":[0,0,0.175,2.8],"texture":"#14"},"east":{"uv":[0,0,0.175,2.8],"texture":"#14"},"south":{"uv":[0,0,0.175,2.8],"texture":"#14"},"west":{"uv":[0,0,0.175,2.8],"texture":"#14"},"up":{"uv":[0,0,0.175,2.8],"rotation":270,"texture":"#14"},"down":{"uv":[0,0,0.175,2.8],"rotation":90,"texture":"#14"}}},{"from":[7,16.94892,4.3725],"to":[7.35,17.04892,4.7115],"rotation":{"angle":22.5,"axis":"x","origin":[22.8,2.94892,-11.0385]},"faces":{"north":{"uv":[0,0,0.175,0.3],"rotation":270,"texture":"#14"},"east":{"uv":[0,0,0.175,0.3],"rotation":90,"texture":"#14"},"south":{"uv":[0,0,0.175,0.3],"rotation":270,"texture":"#14"},"west":{"uv":[0,0,0.175,0.3],"rotation":270,"texture":"#14"},"up":{"uv":[0,0,0.175,0.3],"texture":"#14"},"down":{"uv":[0,0,0.175,0.3],"texture":"#14"}}},{"from":[7,9.94892,8.56151],"to":[7.35,9.98492,8.76151],"rotation":{"angle":0,"axis":"y","origin":[24.65,7.54892,14.3615]},"faces":{"north":{"uv":[0,0,0.1,0.425],"texture":"#14"},"east":{"uv":[0,0,0.1,0.425],"texture":"#14"},"south":{"uv":[0,0,0.1,0.425],"texture":"#14"},"west":{"uv":[0,0,0.1,0.425],"texture":"#14"},"up":{"uv":[0,0,0.1,0.425],"rotation":270,"texture":"#14"},"down":{"uv":[0,0,0.1,0.425],"rotation":90,"texture":"#14"}}},{"from":[7.25,5.54892,7.6615],"to":[7.6,10.54892,8.0115],"rotation":{"angle":0,"axis":"y","origin":[24.65,7.54892,14.3615]},"faces":{"north":{"uv":[0,0,0.175,2.8],"texture":"#14"},"east":{"uv":[0,0,0.175,2.8],"texture":"#14"},"south":{"uv":[0,0,0.175,2.8],"texture":"#14"},"west":{"uv":[0,0,0.175,2.8],"texture":"#14"},"up":{"uv":[0,0,0.175,2.8],"rotation":270,"texture":"#14"},"down":{"uv":[0,0,0.175,2.8],"rotation":90,"texture":"#14"}}},{"from":[7.25,17.54892,3.47251],"to":[7.6,17.64892,3.8115],"rotation":{"angle":22.5,"axis":"x","origin":[23.05,3.54892,-11.93849]},"faces":{"north":{"uv":[0,0,0.175,0.3],"rotation":270,"texture":"#14"},"east":{"uv":[0,0,0.175,0.3],"rotation":90,"texture":"#14"},"south":{"uv":[0,0,0.175,0.3],"rotation":270,"texture":"#14"},"west":{"uv":[0,0,0.175,0.3],"rotation":270,"texture":"#14"},"up":{"uv":[0,0,0.175,0.3],"texture":"#14"},"down":{"uv":[0,0,0.175,0.3],"texture":"#14"}}},{"from":[7.25,10.54892,7.6615],"to":[7.6,10.58492,7.8615],"rotation":{"angle":0,"axis":"y","origin":[24.65,7.54892,14.3615]},"faces":{"north":{"uv":[0,0,0.1,0.425],"texture":"#14"},"east":{"uv":[0,0,0.1,0.425],"texture":"#14"},"south":{"uv":[0,0,0.1,0.425],"texture":"#14"},"west":{"uv":[0,0,0.1,0.425],"texture":"#14"},"up":{"uv":[0,0,0.1,0.425],"rotation":270,"texture":"#14"},"down":{"uv":[0,0,0.1,0.425],"rotation":90,"texture":"#14"}}},{"from":[8.1,6.54892,8.56151],"to":[8.45,9.74892,8.9115],"rotation":{"angle":0,"axis":"y","origin":[24.65,7.54892,14.3615]},"faces":{"north":{"uv":[0,0,0.175,2.8],"texture":"#14"},"east":{"uv":[0,0,0.175,2.8],"texture":"#14"},"south":{"uv":[0,0,0.175,2.8],"texture":"#14"},"west":{"uv":[0,0,0.175,2.8],"texture":"#14"},"up":{"uv":[0,0,0.175,2.8],"texture":"#14"},"down":{"uv":[0,0,0.175,2.8],"texture":"#14"}}},{"from":[12.3,16.74892,8.56151],"to":[12.639,16.84892,8.9115],"rotation":{"angle":22.5,"axis":"z","origin":[28.05,2.74892,24.36151]},"faces":{"north":{"uv":[0,0,0.175,0.3],"rotation":270,"texture":"#14"},"east":{"uv":[0,0,0.175,0.3],"rotation":270,"texture":"#14"},"south":{"uv":[0,0,0.175,0.3],"rotation":90,"texture":"#14"},"west":{"uv":[0,0,0.175,0.3],"rotation":270,"texture":"#14"},"up":{"uv":[0,0,0.175,0.3],"rotation":90,"texture":"#14"},"down":{"uv":[0,0,0.175,0.3],"rotation":270,"texture":"#14"}}},{"from":[8.25,9.74892,8.56151],"to":[8.45,9.78492,8.9115],"rotation":{"angle":0,"axis":"y","origin":[24.65,7.54892,14.3615]},"faces":{"north":{"uv":[0,0,0.1,0.425],"texture":"#14"},"east":{"uv":[0,0,0.1,0.425],"texture":"#14"},"south":{"uv":[0,0,0.1,0.425],"texture":"#14"},"west":{"uv":[0,0,0.1,0.425],"texture":"#14"},"up":{"uv":[0,0,0.1,0.425],"texture":"#14"},"down":{"uv":[0,0,0.1,0.425],"texture":"#14"}}},{"from":[6.4,5.14892,7.7615],"to":[6.75,10.14892,8.1115],"rotation":{"angle":0,"axis":"y","origin":[24.65,7.54892,14.3615]},"faces":{"north":{"uv":[0,0,0.175,2.8],"texture":"#14"},"east":{"uv":[0,0,0.175,2.8],"texture":"#14"},"south":{"uv":[0,0,0.175,2.8],"texture":"#14"},"west":{"uv":[0,0,0.175,2.8],"texture":"#14"},"up":{"uv":[0,0,0.175,2.8],"rotation":270,"texture":"#14"},"down":{"uv":[0,0,0.175,2.8],"rotation":90,"texture":"#14"}}},{"from":[6.4,17.14892,3.5725],"to":[6.75,17.24892,3.9115],"rotation":{"angle":22.5,"axis":"x","origin":[22.2,3.14892,-11.8385]},"faces":{"north":{"uv":[0,0,0.175,0.3],"rotation":270,"texture":"#14"},"east":{"uv":[0,0,0.175,0.3],"rotation":90,"texture":"#14"},"south":{"uv":[0,0,0.175,0.3],"rotation":270,"texture":"#14"},"west":{"uv":[0,0,0.175,0.3],"rotation":270,"texture":"#14"},"up":{"uv":[0,0,0.175,0.3],"texture":"#14"},"down":{"uv":[0,0,0.175,0.3],"texture":"#14"}}},{"from":[6.4,10.14892,7.7615],"to":[6.75,10.18492,7.9615],"rotation":{"angle":0,"axis":"y","origin":[24.65,7.54892,14.3615]},"faces":{"north":{"uv":[0,0,0.1,0.425],"texture":"#14"},"east":{"uv":[0,0,0.1,0.425],"texture":"#14"},"south":{"uv":[0,0,0.1,0.425],"texture":"#14"},"west":{"uv":[0,0,0.1,0.425],"texture":"#14"},"up":{"uv":[0,0,0.1,0.425],"rotation":270,"texture":"#14"},"down":{"uv":[0,0,0.1,0.425],"rotation":90,"texture":"#14"}}},{"from":[8,5.94892,6.9615],"to":[8.35,10.94892,7.31151],"rotation":{"angle":0,"axis":"y","origin":[24.65,7.54892,14.3615]},"faces":{"north":{"uv":[0,0,0.175,2.8],"texture":"#14"},"east":{"uv":[0,0,0.175,2.8],"texture":"#14"},"south":{"uv":[0,0,0.175,2.8],"texture":"#14"},"west":{"uv":[0,0,0.175,2.8],"texture":"#14"},"up":{"uv":[0,0,0.175,2.8],"rotation":270,"texture":"#14"},"down":{"uv":[0,0,0.175,2.8],"rotation":90,"texture":"#14"}}},{"from":[8,17.94892,2.7725],"to":[8.35,18.04892,3.1115],"rotation":{"angle":22.5,"axis":"x","origin":[23.8,3.94892,-12.63849]},"faces":{"north":{"uv":[0,0,0.175,0.3],"rotation":270,"texture":"#14"},"east":{"uv":[0,0,0.175,0.3],"rotation":90,"texture":"#14"},"south":{"uv":[0,0,0.175,0.3],"rotation":270,"texture":"#14"},"west":{"uv":[0,0,0.175,0.3],"rotation":270,"texture":"#14"},"up":{"uv":[0,0,0.175,0.3],"texture":"#14"},"down":{"uv":[0,0,0.175,0.3],"texture":"#14"}}},{"from":[8,10.94892,6.9615],"to":[8.35,10.98492,7.1615],"rotation":{"angle":0,"axis":"y","origin":[24.65,7.54892,14.3615]},"faces":{"north":{"uv":[0,0,0.1,0.425],"texture":"#14"},"east":{"uv":[0,0,0.1,0.425],"texture":"#14"},"south":{"uv":[0,0,0.1,0.425],"texture":"#14"},"west":{"uv":[0,0,0.1,0.425],"texture":"#14"},"up":{"uv":[0,0,0.1,0.425],"rotation":270,"texture":"#14"},"down":{"uv":[0,0,0.1,0.425],"rotation":90,"texture":"#14"}}},{"from":[6.9,5.14892,7.0115],"to":[7.25,10.74892,7.3615],"rotation":{"angle":0,"axis":"y","origin":[24.65,7.54892,14.3615]},"faces":{"north":{"uv":[0,0,0.175,2.8],"texture":"#14"},"east":{"uv":[0,0,0.175,2.8],"texture":"#14"},"south":{"uv":[0,0,0.175,2.8],"texture":"#14"},"west":{"uv":[0,0,0.175,2.8],"texture":"#14"},"up":{"uv":[0,0,0.175,2.8],"rotation":180,"texture":"#14"},"down":{"uv":[0,0,0.175,2.8],"rotation":180,"texture":"#14"}}},{"from":[2.711,17.74892,7.0115],"to":[3.05,17.84892,7.3615],"rotation":{"angle":-22.5,"axis":"z","origin":[-12.7,3.74892,-8.4385]},"faces":{"north":{"uv":[0,0,0.175,0.3],"rotation":90,"texture":"#14"},"east":{"uv":[0,0,0.175,0.3],"rotation":270,"texture":"#14"},"south":{"uv":[0,0,0.175,0.3],"rotation":270,"texture":"#14"},"west":{"uv":[0,0,0.175,0.3],"rotation":270,"texture":"#14"},"up":{"uv":[0,0,0.175,0.3],"rotation":270,"texture":"#14"},"down":{"uv":[0,0,0.175,0.3],"rotation":90,"texture":"#14"}}},{"from":[6.9,10.74892,7.0115],"to":[7.1,10.78492,7.3615],"rotation":{"angle":0,"axis":"y","origin":[24.65,7.54892,14.3615]},"faces":{"north":{"uv":[0,0,0.1,0.425],"texture":"#14"},"east":{"uv":[0,0,0.1,0.425],"texture":"#14"},"south":{"uv":[0,0,0.1,0.425],"texture":"#14"},"west":{"uv":[0,0,0.1,0.425],"texture":"#14"},"up":{"uv":[0,0,0.1,0.425],"rotation":180,"texture":"#14"},"down":{"uv":[0,0,0.1,0.425],"rotation":180,"texture":"#14"}}},{"from":[6.3,6.74892,8.3615],"to":[6.65,9.94892,8.7115],"rotation":{"angle":0,"axis":"y","origin":[24.65,7.54892,14.3615]},"faces":{"north":{"uv":[0,0,0.175,2.8],"texture":"#14"},"east":{"uv":[0,0,0.175,2.8],"texture":"#14"},"south":{"uv":[0,0,0.175,2.8],"texture":"#14"},"west":{"uv":[0,0,0.175,2.8],"texture":"#14"},"up":{"uv":[0,0,0.175,2.8],"texture":"#14"},"down":{"uv":[0,0,0.175,2.8],"texture":"#14"}}},{"from":[10.5,16.94892,8.3615],"to":[10.839,17.04892,8.7115],"rotation":{"angle":22.5,"axis":"z","origin":[26.25,2.94892,24.16151]},"faces":{"north":{"uv":[0,0,0.175,0.3],"rotation":270,"texture":"#14"},"east":{"uv":[0,0,0.175,0.3],"rotation":270,"texture":"#14"},"south":{"uv":[0,0,0.175,0.3],"rotation":90,"texture":"#14"},"west":{"uv":[0,0,0.175,0.3],"rotation":270,"texture":"#14"},"up":{"uv":[0,0,0.175,0.3],"rotation":90,"texture":"#14"},"down":{"uv":[0,0,0.175,0.3],"rotation":270,"texture":"#14"}}},{"from":[6.45,9.94892,8.3615],"to":[6.65,9.98492,8.7115],"rotation":{"angle":0,"axis":"y","origin":[24.65,7.54892,14.3615]},"faces":{"north":{"uv":[0,0,0.1,0.425],"texture":"#14"},"east":{"uv":[0,0,0.1,0.425],"texture":"#14"},"south":{"uv":[0,0,0.1,0.425],"texture":"#14"},"west":{"uv":[0,0,0.1,0.425],"texture":"#14"},"up":{"uv":[0,0,0.1,0.425],"texture":"#14"},"down":{"uv":[0,0,0.1,0.425],"texture":"#14"}}},{"from":[9.1,7.14892,6.9615],"to":[9.45,10.34892,7.31151],"rotation":{"angle":0,"axis":"y","origin":[24.65,7.54892,14.3615]},"faces":{"north":{"uv":[0,0,0.175,2.8],"texture":"#14"},"east":{"uv":[0,0,0.175,2.8],"texture":"#14"},"south":{"uv":[0,0,0.175,2.8],"texture":"#14"},"west":{"uv":[0,0,0.175,2.8],"texture":"#14"},"up":{"uv":[0,0,0.175,2.8],"texture":"#14"},"down":{"uv":[0,0,0.175,2.8],"texture":"#14"}}},{"from":[13.3,17.34892,6.9615],"to":[13.639,17.44892,7.31151],"rotation":{"angle":22.5,"axis":"z","origin":[29.05,3.34892,22.76151]},"faces":{"north":{"uv":[0,0,0.175,0.3],"rotation":270,"texture":"#14"},"east":{"uv":[0,0,0.175,0.3],"rotation":270,"texture":"#14"},"south":{"uv":[0,0,0.175,0.3],"rotation":90,"texture":"#14"},"west":{"uv":[0,0,0.175,0.3],"rotation":270,"texture":"#14"},"up":{"uv":[0,0,0.175,0.3],"rotation":90,"texture":"#14"},"down":{"uv":[0,0,0.175,0.3],"rotation":270,"texture":"#14"}}},{"from":[9.25,10.34892,6.9615],"to":[9.45,10.38492,7.31151],"rotation":{"angle":0,"axis":"y","origin":[24.65,7.54892,14.3615]},"faces":{"north":{"uv":[0,0,0.1,0.425],"texture":"#14"},"east":{"uv":[0,0,0.1,0.425],"texture":"#14"},"south":{"uv":[0,0,0.1,0.425],"texture":"#14"},"west":{"uv":[0,0,0.1,0.425],"texture":"#14"},"up":{"uv":[0,0,0.1,0.425],"texture":"#14"},"down":{"uv":[0,0,0.1,0.425],"texture":"#14"}}},{"from":[8.65,5.14892,6.8615],"to":[9,10.74892,7.2115],"rotation":{"angle":0,"axis":"y","origin":[24.65,7.54892,14.3615]},"faces":{"north":{"uv":[0,0,0.175,2.8],"texture":"#14"},"east":{"uv":[0,0,0.175,2.8],"texture":"#14"},"south":{"uv":[0,0,0.175,2.8],"texture":"#14"},"west":{"uv":[0,0,0.175,2.8],"texture":"#14"},"up":{"uv":[0,0,0.175,2.8],"rotation":180,"texture":"#14"},"down":{"uv":[0,0,0.175,2.8],"rotation":180,"texture":"#14"}}},{"from":[4.461,17.74892,6.8615],"to":[4.8,17.84892,7.2115],"rotation":{"angle":-22.5,"axis":"z","origin":[-10.95,3.74892,-8.5885]},"faces":{"north":{"uv":[0,0,0.175,0.3],"rotation":90,"texture":"#14"},"east":{"uv":[0,0,0.175,0.3],"rotation":270,"texture":"#14"},"south":{"uv":[0,0,0.175,0.3],"rotation":270,"texture":"#14"},"west":{"uv":[0,0,0.175,0.3],"rotation":270,"texture":"#14"},"up":{"uv":[0,0,0.175,0.3],"rotation":270,"texture":"#14"},"down":{"uv":[0,0,0.175,0.3],"rotation":90,"texture":"#14"}}},{"from":[8.65,10.74892,6.8615],"to":[8.85,10.78492,7.2115],"rotation":{"angle":0,"axis":"y","origin":[24.65,7.54892,14.3615]},"faces":{"north":{"uv":[0,0,0.1,0.425],"texture":"#14"},"east":{"uv":[0,0,0.1,0.425],"texture":"#14"},"south":{"uv":[0,0,0.1,0.425],"texture":"#14"},"west":{"uv":[0,0,0.1,0.425],"texture":"#14"},"up":{"uv":[0,0,0.1,0.425],"rotation":180,"texture":"#14"},"down":{"uv":[0,0,0.1,0.425],"rotation":180,"texture":"#14"}}},{"from":[7.75,5.74892,7.56151],"to":[8.1,10.74892,7.9115],"rotation":{"angle":0,"axis":"y","origin":[24.65,7.54892,14.3615]},"faces":{"north":{"uv":[0,0,0.175,2.8],"texture":"#14"},"east":{"uv":[0,0,0.175,2.8],"texture":"#14"},"south":{"uv":[0,0,0.175,2.8],"texture":"#14"},"west":{"uv":[0,0,0.175,2.8],"texture":"#14"},"up":{"uv":[0,0,0.175,2.8],"rotation":180,"texture":"#14"},"down":{"uv":[0,0,0.175,2.8],"rotation":180,"texture":"#14"}}},{"from":[3.561,17.74892,7.56151],"to":[3.9,17.84892,7.9115],"rotation":{"angle":-22.5,"axis":"z","origin":[-11.85,3.74892,-7.8885]},"faces":{"north":{"uv":[0,0,0.175,0.3],"rotation":90,"texture":"#14"},"east":{"uv":[0,0,0.175,0.3],"rotation":270,"texture":"#14"},"south":{"uv":[0,0,0.175,0.3],"rotation":270,"texture":"#14"},"west":{"uv":[0,0,0.175,0.3],"rotation":270,"texture":"#14"},"up":{"uv":[0,0,0.175,0.3],"rotation":270,"texture":"#14"},"down":{"uv":[0,0,0.175,0.3],"rotation":90,"texture":"#14"}}},{"from":[7.75,10.74892,7.56151],"to":[7.95,10.78492,7.9115],"rotation":{"angle":0,"axis":"y","origin":[24.65,7.54892,14.3615]},"faces":{"north":{"uv":[0,0,0.1,0.425],"texture":"#14"},"east":{"uv":[0,0,0.1,0.425],"texture":"#14"},"south":{"uv":[0,0,0.1,0.425],"texture":"#14"},"west":{"uv":[0,0,0.1,0.425],"texture":"#14"},"up":{"uv":[0,0,0.1,0.425],"rotation":180,"texture":"#14"},"down":{"uv":[0,0,0.1,0.425],"rotation":180,"texture":"#14"}}},{"from":[7.65,5.29892,8.2115],"to":[8,10.29892,8.56151],"rotation":{"angle":0,"axis":"y","origin":[24.65,7.54892,14.3615]},"faces":{"north":{"uv":[0,0,0.175,2.8],"texture":"#14"},"east":{"uv":[0,0,0.175,2.8],"texture":"#14"},"south":{"uv":[0,0,0.175,2.8],"texture":"#14"},"west":{"uv":[0,0,0.175,2.8],"texture":"#14"},"up":{"uv":[0,0,0.175,2.8],"rotation":270,"texture":"#14"},"down":{"uv":[0,0,0.175,2.8],"rotation":90,"texture":"#14"}}},{"from":[7.65,17.29892,4.0225],"to":[8,17.39892,4.3615],"rotation":{"angle":22.5,"axis":"x","origin":[23.45,3.29892,-11.3885]},"faces":{"north":{"uv":[0,0,0.175,0.3],"rotation":270,"texture":"#14"},"east":{"uv":[0,0,0.175,0.3],"rotation":90,"texture":"#14"},"south":{"uv":[0,0,0.175,0.3],"rotation":270,"texture":"#14"},"west":{"uv":[0,0,0.175,0.3],"rotation":270,"texture":"#14"},"up":{"uv":[0,0,0.175,0.3],"texture":"#14"},"down":{"uv":[0,0,0.175,0.3],"texture":"#14"}}},{"from":[7.65,10.29892,8.2115],"to":[8,10.33492,8.4115],"rotation":{"angle":0,"axis":"y","origin":[24.65,7.54892,14.3615]},"faces":{"north":{"uv":[0,0,0.1,0.425],"texture":"#14"},"east":{"uv":[0,0,0.1,0.425],"texture":"#14"},"south":{"uv":[0,0,0.1,0.425],"texture":"#14"},"west":{"uv":[0,0,0.1,0.425],"texture":"#14"},"up":{"uv":[0,0,0.1,0.425],"rotation":270,"texture":"#14"},"down":{"uv":[0,0,0.1,0.425],"rotation":90,"texture":"#14"}}},{"from":[9.25,6.84892,7.6615],"to":[9.6,10.04892,8.0115],"rotation":{"angle":0,"axis":"y","origin":[24.65,7.54892,14.3615]},"faces":{"north":{"uv":[0,0,0.175,2.8],"texture":"#14"},"east":{"uv":[0,0,0.175,2.8],"texture":"#14"},"south":{"uv":[0,0,0.175,2.8],"texture":"#14"},"west":{"uv":[0,0,0.175,2.8],"texture":"#14"},"up":{"uv":[0,0,0.175,2.8],"texture":"#14"},"down":{"uv":[0,0,0.175,2.8],"texture":"#14"}}},{"from":[13.45,17.04892,7.6615],"to":[13.789,17.14892,8.0115],"rotation":{"angle":22.5,"axis":"z","origin":[29.2,3.04892,23.46151]},"faces":{"north":{"uv":[0,0,0.175,0.3],"rotation":270,"texture":"#14"},"east":{"uv":[0,0,0.175,0.3],"rotation":270,"texture":"#14"},"south":{"uv":[0,0,0.175,0.3],"rotation":90,"texture":"#14"},"west":{"uv":[0,0,0.175,0.3],"rotation":270,"texture":"#14"},"up":{"uv":[0,0,0.175,0.3],"rotation":90,"texture":"#14"},"down":{"uv":[0,0,0.175,0.3],"rotation":270,"texture":"#14"}}},{"from":[9.4,10.04892,7.6615],"to":[9.6,10.08492,8.0115],"rotation":{"angle":0,"axis":"y","origin":[24.65,7.54892,14.3615]},"faces":{"north":{"uv":[0,0,0.1,0.425],"texture":"#14"},"east":{"uv":[0,0,0.1,0.425],"texture":"#14"},"south":{"uv":[0,0,0.1,0.425],"texture":"#14"},"west":{"uv":[0,0,0.1,0.425],"texture":"#14"},"up":{"uv":[0,0,0.1,0.425],"texture":"#14"},"down":{"uv":[0,0,0.1,0.425],"texture":"#14"}}},{"from":[7.4,7.74892,6.9115],"to":[7.75,10.94892,7.2615],"rotation":{"angle":0,"axis":"y","origin":[24.65,7.54892,14.3615]},"faces":{"north":{"uv":[0,0,0.175,2.8],"texture":"#14"},"east":{"uv":[0,0,0.175,2.8],"texture":"#14"},"south":{"uv":[0,0,0.175,2.8],"texture":"#14"},"west":{"uv":[0,0,0.175,2.8],"texture":"#14"},"up":{"uv":[0,0,0.175,2.8],"texture":"#14"},"down":{"uv":[0,0,0.175,2.8],"texture":"#14"}}},{"from":[11.6,17.94892,6.9115],"to":[11.939,18.04892,7.2615],"rotation":{"angle":22.5,"axis":"z","origin":[27.35,3.94892,22.71151]},"faces":{"north":{"uv":[0,0,0.175,0.3],"rotation":270,"texture":"#14"},"east":{"uv":[0,0,0.175,0.3],"rotation":270,"texture":"#14"},"south":{"uv":[0,0,0.175,0.3],"rotation":90,"texture":"#14"},"west":{"uv":[0,0,0.175,0.3],"rotation":270,"texture":"#14"},"up":{"uv":[0,0,0.175,0.3],"rotation":90,"texture":"#14"},"down":{"uv":[0,0,0.175,0.3],"rotation":270,"texture":"#14"}}},{"from":[7.55,10.94892,6.9115],"to":[7.75,10.98492,7.2615],"rotation":{"angle":0,"axis":"y","origin":[24.65,7.54892,14.3615]},"faces":{"north":{"uv":[0,0,0.1,0.425],"texture":"#14"},"east":{"uv":[0,0,0.1,0.425],"texture":"#14"},"south":{"uv":[0,0,0.1,0.425],"texture":"#14"},"west":{"uv":[0,0,0.1,0.425],"texture":"#14"},"up":{"uv":[0,0,0.1,0.425],"texture":"#14"},"down":{"uv":[0,0,0.1,0.425],"texture":"#14"}}},{"from":[8.65,5.44892,8.4615],"to":[9,9.84892,8.81151],"rotation":{"angle":0,"axis":"y","origin":[24.65,7.54892,14.3615]},"faces":{"north":{"uv":[0,0,0.175,2.8],"texture":"#14"},"east":{"uv":[0,0,0.175,2.8],"texture":"#14"},"south":{"uv":[0,0,0.175,2.8],"texture":"#14"},"west":{"uv":[0,0,0.175,2.8],"texture":"#14"},"up":{"uv":[0,0,0.175,2.8],"rotation":270,"texture":"#14"},"down":{"uv":[0,0,0.175,2.8],"rotation":90,"texture":"#14"}}},{"from":[8.65,16.84892,4.2725],"to":[9,16.94892,4.6115],"rotation":{"angle":22.5,"axis":"x","origin":[24.45,2.84892,-11.1385]},"faces":{"north":{"uv":[0,0,0.175,0.3],"rotation":270,"texture":"#14"},"east":{"uv":[0,0,0.175,0.3],"rotation":90,"texture":"#14"},"south":{"uv":[0,0,0.175,0.3],"rotation":270,"texture":"#14"},"west":{"uv":[0,0,0.175,0.3],"rotation":270,"texture":"#14"},"up":{"uv":[0,0,0.175,0.3],"texture":"#14"},"down":{"uv":[0,0,0.175,0.3],"texture":"#14"}}},{"from":[8.65,9.84892,8.4615],"to":[9,9.88492,8.6615],"rotation":{"angle":0,"axis":"y","origin":[24.65,7.54892,14.3615]},"faces":{"north":{"uv":[0,0,0.1,0.425],"texture":"#14"},"east":{"uv":[0,0,0.1,0.425],"texture":"#14"},"south":{"uv":[0,0,0.1,0.425],"texture":"#14"},"west":{"uv":[0,0,0.1,0.425],"texture":"#14"},"up":{"uv":[0,0,0.1,0.425],"rotation":270,"texture":"#14"},"down":{"uv":[0,0,0.1,0.425],"rotation":90,"texture":"#14"}}},{"from":[8.35,5.79892,7.4615],"to":[8.7,10.79892,7.81151],"rotation":{"angle":0,"axis":"y","origin":[24.65,7.54892,14.3615]},"faces":{"north":{"uv":[0,0,0.175,2.8],"texture":"#14"},"east":{"uv":[0,0,0.175,2.8],"texture":"#14"},"south":{"uv":[0,0,0.175,2.8],"texture":"#14"},"west":{"uv":[0,0,0.175,2.8],"texture":"#14"},"up":{"uv":[0,0,0.175,2.8],"rotation":270,"texture":"#14"},"down":{"uv":[0,0,0.175,2.8],"rotation":90,"texture":"#14"}}},{"from":[8.35,17.79892,3.2725],"to":[8.7,17.89892,3.6115],"rotation":{"angle":22.5,"axis":"x","origin":[24.15,3.79892,-12.13849]},"faces":{"north":{"uv":[0,0,0.175,0.3],"rotation":270,"texture":"#14"},"east":{"uv":[0,0,0.175,0.3],"rotation":90,"texture":"#14"},"south":{"uv":[0,0,0.175,0.3],"rotation":270,"texture":"#14"},"west":{"uv":[0,0,0.175,0.3],"rotation":270,"texture":"#14"},"up":{"uv":[0,0,0.175,0.3],"texture":"#14"},"down":{"uv":[0,0,0.175,0.3],"texture":"#14"}}},{"from":[8.35,10.79892,7.4615],"to":[8.7,10.83492,7.6615],"rotation":{"angle":0,"axis":"y","origin":[24.65,7.54892,14.3615]},"faces":{"north":{"uv":[0,0,0.1,0.425],"texture":"#14"},"east":{"uv":[0,0,0.1,0.425],"texture":"#14"},"south":{"uv":[0,0,0.1,0.425],"texture":"#14"},"west":{"uv":[0,0,0.1,0.425],"texture":"#14"},"up":{"uv":[0,0,0.1,0.425],"rotation":270,"texture":"#14"},"down":{"uv":[0,0,0.1,0.425],"rotation":90,"texture":"#14"}}},{"from":[6.4,5.34892,7.1615],"to":[6.75,10.34892,7.5115],"rotation":{"angle":0,"axis":"y","origin":[24.65,7.54892,14.3615]},"faces":{"north":{"uv":[0,0,0.175,2.8],"texture":"#14"},"east":{"uv":[0,0,0.175,2.8],"texture":"#14"},"south":{"uv":[0,0,0.175,2.8],"texture":"#14"},"west":{"uv":[0,0,0.175,2.8],"texture":"#14"},"up":{"uv":[0,0,0.175,2.8],"rotation":270,"texture":"#14"},"down":{"uv":[0,0,0.175,2.8],"rotation":90,"texture":"#14"}}},{"from":[6.4,17.34892,2.9725],"to":[6.75,17.44892,3.3115],"rotation":{"angle":22.5,"axis":"x","origin":[22.2,3.34892,-12.4385]},"faces":{"north":{"uv":[0,0,0.175,0.3],"rotation":270,"texture":"#14"},"east":{"uv":[0,0,0.175,0.3],"rotation":90,"texture":"#14"},"south":{"uv":[0,0,0.175,0.3],"rotation":270,"texture":"#14"},"west":{"uv":[0,0,0.175,0.3],"rotation":270,"texture":"#14"},"up":{"uv":[0,0,0.175,0.3],"texture":"#14"},"down":{"uv":[0,0,0.175,0.3],"texture":"#14"}}},{"from":[6.4,10.34892,7.1615],"to":[6.75,10.38492,7.3615],"rotation":{"angle":0,"axis":"y","origin":[24.65,7.54892,14.3615]},"faces":{"north":{"uv":[0,0,0.1,0.425],"texture":"#14"},"east":{"uv":[0,0,0.1,0.425],"texture":"#14"},"south":{"uv":[0,0,0.1,0.425],"texture":"#14"},"west":{"uv":[0,0,0.1,0.425],"texture":"#14"},"up":{"uv":[0,0,0.1,0.425],"rotation":270,"texture":"#14"},"down":{"uv":[0,0,0.1,0.425],"rotation":90,"texture":"#14"}}},{"from":[6.8,5.34892,7.56151],"to":[7.15,10.34892,7.9115],"rotation":{"angle":0,"axis":"y","origin":[24.65,7.54892,14.3615]},"faces":{"north":{"uv":[0,0,0.175,2.8],"texture":"#14"},"east":{"uv":[0,0,0.175,2.8],"texture":"#14"},"south":{"uv":[0,0,0.175,2.8],"texture":"#14"},"west":{"uv":[0,0,0.175,2.8],"texture":"#14"},"up":{"uv":[0,0,0.175,2.8],"rotation":270,"texture":"#14"},"down":{"uv":[0,0,0.175,2.8],"rotation":90,"texture":"#14"}}},{"from":[6.8,17.34892,3.3725],"to":[7.15,17.44892,3.7115],"rotation":{"angle":22.5,"axis":"x","origin":[22.6,3.34892,-12.0385]},"faces":{"north":{"uv":[0,0,0.175,0.3],"rotation":270,"texture":"#14"},"east":{"uv":[0,0,0.175,0.3],"rotation":90,"texture":"#14"},"south":{"uv":[0,0,0.175,0.3],"rotation":270,"texture":"#14"},"west":{"uv":[0,0,0.175,0.3],"rotation":270,"texture":"#14"},"up":{"uv":[0,0,0.175,0.3],"texture":"#14"},"down":{"uv":[0,0,0.175,0.3],"texture":"#14"}}},{"from":[6.8,10.34892,7.56151],"to":[7.15,10.38492,7.7615],"rotation":{"angle":0,"axis":"y","origin":[24.65,7.54892,14.3615]},"faces":{"north":{"uv":[0,0,0.1,0.425],"texture":"#14"},"east":{"uv":[0,0,0.1,0.425],"texture":"#14"},"south":{"uv":[0,0,0.1,0.425],"texture":"#14"},"west":{"uv":[0,0,0.1,0.425],"texture":"#14"},"up":{"uv":[0,0,0.1,0.425],"rotation":270,"texture":"#14"},"down":{"uv":[0,0,0.1,0.425],"rotation":90,"texture":"#14"}}},{"from":[7.05,7.04892,8.1615],"to":[7.4,10.24892,8.5115],"rotation":{"angle":0,"axis":"y","origin":[24.65,7.54892,14.3615]},"faces":{"north":{"uv":[0,0,0.175,2.8],"texture":"#14"},"east":{"uv":[0,0,0.175,2.8],"texture":"#14"},"south":{"uv":[0,0,0.175,2.8],"texture":"#14"},"west":{"uv":[0,0,0.175,2.8],"texture":"#14"},"up":{"uv":[0,0,0.175,2.8],"texture":"#14"},"down":{"uv":[0,0,0.175,2.8],"texture":"#14"}}},{"from":[11.25,17.24892,8.1615],"to":[11.589,17.34892,8.5115],"rotation":{"angle":22.5,"axis":"z","origin":[27,3.24892,23.96151]},"faces":{"north":{"uv":[0,0,0.175,0.3],"rotation":270,"texture":"#14"},"east":{"uv":[0,0,0.175,0.3],"rotation":270,"texture":"#14"},"south":{"uv":[0,0,0.175,0.3],"rotation":90,"texture":"#14"},"west":{"uv":[0,0,0.175,0.3],"rotation":270,"texture":"#14"},"up":{"uv":[0,0,0.175,0.3],"rotation":90,"texture":"#14"},"down":{"uv":[0,0,0.175,0.3],"rotation":270,"texture":"#14"}}},{"from":[7.2,10.24892,8.1615],"to":[7.4,10.28492,8.5115],"rotation":{"angle":0,"axis":"y","origin":[24.65,7.54892,14.3615]},"faces":{"north":{"uv":[0,0,0.1,0.425],"texture":"#14"},"east":{"uv":[0,0,0.1,0.425],"texture":"#14"},"south":{"uv":[0,0,0.1,0.425],"texture":"#14"},"west":{"uv":[0,0,0.1,0.425],"texture":"#14"},"up":{"uv":[0,0,0.1,0.425],"texture":"#14"},"down":{"uv":[0,0,0.1,0.425],"texture":"#14"}}},{"from":[7.5,6.74892,8.6115],"to":[7.85,9.74892,8.9615],"rotation":{"angle":0,"axis":"y","origin":[24.65,7.54892,14.3615]},"faces":{"north":{"uv":[0,0,0.175,2.8],"texture":"#14"},"east":{"uv":[0,0,0.175,2.8],"texture":"#14"},"south":{"uv":[0,0,0.175,2.8],"texture":"#14"},"west":{"uv":[0,0,0.175,2.8],"texture":"#14"},"up":{"uv":[0,0,0.175,2.8],"rotation":180,"texture":"#14"},"down":{"uv":[0,0,0.175,2.8],"rotation":180,"texture":"#14"}}},{"from":[3.311,16.74892,8.6115],"to":[3.65,16.84892,8.9615],"rotation":{"angle":-22.5,"axis":"z","origin":[-12.1,2.74892,-6.8385]},"faces":{"north":{"uv":[0,0,0.175,0.3],"rotation":90,"texture":"#14"},"east":{"uv":[0,0,0.175,0.3],"rotation":270,"texture":"#14"},"south":{"uv":[0,0,0.175,0.3],"rotation":270,"texture":"#14"},"west":{"uv":[0,0,0.175,0.3],"rotation":270,"texture":"#14"},"up":{"uv":[0,0,0.175,0.3],"rotation":270,"texture":"#14"},"down":{"uv":[0,0,0.175,0.3],"rotation":90,"texture":"#14"}}},{"from":[7.5,9.74892,8.6115],"to":[7.7,9.78492,8.9615],"rotation":{"angle":0,"axis":"y","origin":[24.65,7.54892,14.3615]},"faces":{"north":{"uv":[0,0,0.1,0.425],"texture":"#14"},"east":{"uv":[0,0,0.1,0.425],"texture":"#14"},"south":{"uv":[0,0,0.1,0.425],"texture":"#14"},"west":{"uv":[0,0,0.1,0.425],"texture":"#14"},"up":{"uv":[0,0,0.1,0.425],"rotation":180,"texture":"#14"},"down":{"uv":[0,0,0.1,0.425],"rotation":180,"texture":"#14"}}},{"from":[8.8,5.59892,7.4615],"to":[9.15,10.59892,7.81151],"rotation":{"angle":0,"axis":"y","origin":[24.65,7.54892,14.3615]},"faces":{"north":{"uv":[0,0,0.175,2.8],"texture":"#14"},"east":{"uv":[0,0,0.175,2.8],"texture":"#14"},"south":{"uv":[0,0,0.175,2.8],"texture":"#14"},"west":{"uv":[0,0,0.175,2.8],"texture":"#14"},"up":{"uv":[0,0,0.175,2.8],"rotation":270,"texture":"#14"},"down":{"uv":[0,0,0.175,2.8],"rotation":90,"texture":"#14"}}},{"from":[8.8,17.59892,3.2725],"to":[9.15,17.69892,3.6115],"rotation":{"angle":22.5,"axis":"x","origin":[24.6,3.59892,-12.13849]},"faces":{"north":{"uv":[0,0,0.175,0.3],"rotation":270,"texture":"#14"},"east":{"uv":[0,0,0.175,0.3],"rotation":90,"texture":"#14"},"south":{"uv":[0,0,0.175,0.3],"rotation":270,"texture":"#14"},"west":{"uv":[0,0,0.175,0.3],"rotation":270,"texture":"#14"},"up":{"uv":[0,0,0.175,0.3],"texture":"#14"},"down":{"uv":[0,0,0.175,0.3],"texture":"#14"}}},{"from":[8.8,10.59892,7.4615],"to":[9.15,10.63492,7.6615],"rotation":{"angle":0,"axis":"y","origin":[24.65,7.54892,14.3615]},"faces":{"north":{"uv":[0,0,0.1,0.425],"texture":"#14"},"east":{"uv":[0,0,0.1,0.425],"texture":"#14"},"south":{"uv":[0,0,0.1,0.425],"texture":"#14"},"west":{"uv":[0,0,0.1,0.425],"texture":"#14"},"up":{"uv":[0,0,0.1,0.425],"rotation":270,"texture":"#14"},"down":{"uv":[0,0,0.1,0.425],"rotation":90,"texture":"#14"}}},{"from":[8.1,5.49892,8.06151],"to":[8.45,10.49892,8.4115],"rotation":{"angle":0,"axis":"y","origin":[24.65,7.54892,14.3615]},"faces":{"north":{"uv":[0,0,0.175,2.8],"texture":"#14"},"east":{"uv":[0,0,0.175,2.8],"texture":"#14"},"south":{"uv":[0,0,0.175,2.8],"texture":"#14"},"west":{"uv":[0,0,0.175,2.8],"texture":"#14"},"up":{"uv":[0,0,0.175,2.8],"rotation":270,"texture":"#14"},"down":{"uv":[0,0,0.175,2.8],"rotation":90,"texture":"#14"}}},{"from":[8.1,17.49892,3.8725],"to":[8.45,17.59892,4.2115],"rotation":{"angle":22.5,"axis":"x","origin":[23.9,3.49892,-11.5385]},"faces":{"north":{"uv":[0,0,0.175,0.3],"rotation":270,"texture":"#14"},"east":{"uv":[0,0,0.175,0.3],"rotation":90,"texture":"#14"},"south":{"uv":[0,0,0.175,0.3],"rotation":270,"texture":"#14"},"west":{"uv":[0,0,0.175,0.3],"rotation":270,"texture":"#14"},"up":{"uv":[0,0,0.175,0.3],"texture":"#14"},"down":{"uv":[0,0,0.175,0.3],"texture":"#14"}}},{"from":[8.1,10.49892,8.06151],"to":[8.45,10.53492,8.2615],"rotation":{"angle":0,"axis":"y","origin":[24.65,7.54892,14.3615]},"faces":{"north":{"uv":[0,0,0.1,0.425],"texture":"#14"},"east":{"uv":[0,0,0.1,0.425],"texture":"#14"},"south":{"uv":[0,0,0.1,0.425],"texture":"#14"},"west":{"uv":[0,0,0.1,0.425],"texture":"#14"},"up":{"uv":[0,0,0.1,0.425],"rotation":270,"texture":"#14"},"down":{"uv":[0,0,0.1,0.425],"rotation":90,"texture":"#14"}}},{"from":[9.1,5.14892,8.0115],"to":[9.45,10.14892,8.3615],"rotation":{"angle":0,"axis":"y","origin":[24.65,7.54892,14.3615]},"faces":{"north":{"uv":[0,0,0.175,2.8],"texture":"#14"},"east":{"uv":[0,0,0.175,2.8],"texture":"#14"},"south":{"uv":[0,0,0.175,2.8],"texture":"#14"},"west":{"uv":[0,0,0.175,2.8],"texture":"#14"},"up":{"uv":[0,0,0.175,2.8],"rotation":180,"texture":"#14"},"down":{"uv":[0,0,0.175,2.8],"rotation":180,"texture":"#14"}}},{"from":[4.911,17.14892,8.0115],"to":[5.25,17.24892,8.3615],"rotation":{"angle":-22.5,"axis":"z","origin":[-10.5,3.14892,-7.4385]},"faces":{"north":{"uv":[0,0,0.175,0.3],"rotation":90,"texture":"#14"},"east":{"uv":[0,0,0.175,0.3],"rotation":270,"texture":"#14"},"south":{"uv":[0,0,0.175,0.3],"rotation":270,"texture":"#14"},"west":{"uv":[0,0,0.175,0.3],"rotation":270,"texture":"#14"},"up":{"uv":[0,0,0.175,0.3],"rotation":270,"texture":"#14"},"down":{"uv":[0,0,0.175,0.3],"rotation":90,"texture":"#14"}}},{"from":[9.1,10.14892,8.0115],"to":[9.3,10.18492,8.3615],"rotation":{"angle":0,"axis":"y","origin":[24.65,7.54892,14.3615]},"faces":{"north":{"uv":[0,0,0.1,0.425],"texture":"#14"},"east":{"uv":[0,0,0.1,0.425],"texture":"#14"},"south":{"uv":[0,0,0.1,0.425],"texture":"#14"},"west":{"uv":[0,0,0.1,0.425],"texture":"#14"},"up":{"uv":[0,0,0.1,0.425],"rotation":180,"texture":"#14"},"down":{"uv":[0,0,0.1,0.425],"rotation":180,"texture":"#14"}}},{"from":[9.1,6.59892,8.4615],"to":[9.45,9.79892,8.81151],"rotation":{"angle":0,"axis":"y","origin":[24.65,7.54892,14.3615]},"faces":{"north":{"uv":[0,0,0.175,2.8],"texture":"#14"},"east":{"uv":[0,0,0.175,2.8],"texture":"#14"},"south":{"uv":[0,0,0.175,2.8],"texture":"#14"},"west":{"uv":[0,0,0.175,2.8],"texture":"#14"},"up":{"uv":[0,0,0.175,2.8],"texture":"#14"},"down":{"uv":[0,0,0.175,2.8],"texture":"#14"}}},{"from":[13.3,16.79892,8.4615],"to":[13.639,16.89892,8.81151],"rotation":{"angle":22.5,"axis":"z","origin":[29.05,2.79892,24.26151]},"faces":{"north":{"uv":[0,0,0.175,0.3],"rotation":270,"texture":"#14"},"east":{"uv":[0,0,0.175,0.3],"rotation":270,"texture":"#14"},"south":{"uv":[0,0,0.175,0.3],"rotation":90,"texture":"#14"},"west":{"uv":[0,0,0.175,0.3],"rotation":270,"texture":"#14"},"up":{"uv":[0,0,0.175,0.3],"rotation":90,"texture":"#14"},"down":{"uv":[0,0,0.175,0.3],"rotation":270,"texture":"#14"}}},{"from":[9.25,9.79892,8.4615],"to":[9.45,9.83492,8.81151],"rotation":{"angle":0,"axis":"y","origin":[24.65,7.54892,14.3615]},"faces":{"north":{"uv":[0,0,0.1,0.425],"texture":"#14"},"east":{"uv":[0,0,0.1,0.425],"texture":"#14"},"south":{"uv":[0,0,0.1,0.425],"texture":"#14"},"west":{"uv":[0,0,0.1,0.425],"texture":"#14"},"up":{"uv":[0,0,0.1,0.425],"texture":"#14"},"down":{"uv":[0,0,0.1,0.425],"texture":"#14"}}},{"from":[6.25,4.83297,6.90151],"to":[9.75,5.23297,8.97651],"rotation":{"angle":0,"axis":"y","origin":[7.2,8.33297,6.3015]},"faces":{"north":{"uv":[10.5,2,12.25,2.25],"texture":"#7"},"east":{"uv":[10.5,6,11.5,6.25],"texture":"#7"},"south":{"uv":[10.5,2.5,12.25,2.75],"texture":"#7"},"west":{"uv":[10.5,6.5,11.5,6.75],"texture":"#7"},"up":{"uv":[6.25,3,4.5,2],"texture":"#7"},"down":{"uv":[4.75,4.5,3,5.5],"texture":"#7"}}},{"from":[6,4.83297,7.15151],"to":[6.25,9.73297,8.90151],"rotation":{"angle":0,"axis":"y","origin":[4.25,5.03297,8.15151]},"faces":{"north":{"uv":[1,2.5,2,5],"texture":"#7"},"east":{"uv":[1,2.5,2,5],"texture":"#7"},"south":{"uv":[1,2.5,2,5],"texture":"#7"},"west":{"uv":[1,2.5,2,5],"texture":"#7"},"up":{"uv":[1,2.5,2,5],"texture":"#7"},"down":{"uv":[1,2.5,2,5],"texture":"#7"}}},{"from":[6.2775,4.83297,7.00643],"to":[6.5275,9.73297,7.25643],"rotation":{"angle":-22.5,"axis":"y","origin":[6.4025,5.53297,6.50643]},"faces":{"north":{"uv":[2.5,5,2.75,7.5],"texture":"#7"},"east":{"uv":[2.5,5,2.75,7.5],"texture":"#7"},"south":{"uv":[2.5,5,2.75,7.5],"texture":"#7"},"west":{"uv":[2.5,5,2.75,7.5],"texture":"#7"},"up":{"uv":[2.5,5,2.75,7.5],"texture":"#7"},"down":{"uv":[2.5,5,2.75,7.5],"texture":"#7"}}},{"from":[6.14745,4.83297,6.79554],"to":[6.39745,9.73297,7.04554],"rotation":{"angle":-45,"axis":"y","origin":[6.27245,5.53297,6.92054]},"faces":{"north":{"uv":[3.5,5.5,3.75,8],"texture":"#7"},"east":{"uv":[3.5,5.5,3.75,8],"texture":"#7"},"south":{"uv":[3.5,5.5,3.75,8],"texture":"#7"},"west":{"uv":[3.5,5.5,3.75,8],"texture":"#7"},"up":{"uv":[3.5,5.5,3.75,8],"texture":"#7"},"down":{"uv":[3.5,5.5,3.75,8],"texture":"#7"}}},{"from":[6.31077,4.83297,6.68641],"to":[6.56077,9.73297,6.93641],"rotation":{"angle":22.5,"axis":"y","origin":[6.43577,5.53297,6.81141]},"faces":{"north":{"uv":[4,5.5,4.25,8],"texture":"#7"},"east":{"uv":[4,5.5,4.25,8],"texture":"#7"},"south":{"uv":[4,5.5,4.25,8],"texture":"#7"},"west":{"uv":[4,5.5,4.25,8],"texture":"#7"},"up":{"uv":[4,5.5,4.25,8],"texture":"#7"},"down":{"uv":[4,5.5,4.25,8],"texture":"#7"}}},{"from":[6.50342,4.83297,6.64809],"to":[9.49658,9.73297,6.89809],"rotation":{"angle":0,"axis":"y","origin":[6.62842,5.53297,6.77309]},"faces":{"north":{"uv":[0,0,1.5,2.5],"texture":"#7"},"east":{"uv":[0,0,1.5,2.5],"texture":"#7"},"south":{"uv":[0,0,1.5,2.5],"texture":"#7"},"west":{"uv":[0,0,1.5,2.5],"texture":"#7"},"up":{"uv":[0,0,1.5,2.5],"texture":"#7"},"down":{"uv":[0,0,1.5,2.5],"texture":"#7"}}},{"from":[9.75,4.83297,7.15151],"to":[10,9.73297,8.90151],"rotation":{"angle":0,"axis":"y","origin":[11.75,5.03297,8.15151]},"faces":{"north":{"uv":[2,2.5,3,5],"texture":"#7"},"east":{"uv":[2,2.5,3,5],"texture":"#7"},"south":{"uv":[2,2.5,3,5],"texture":"#7"},"west":{"uv":[2,2.5,3,5],"texture":"#7"},"up":{"uv":[2,2.5,3,5],"texture":"#7"},"down":{"uv":[2,2.5,3,5],"texture":"#7"}}},{"from":[9.4725,4.83297,7.00643],"to":[9.7225,9.73297,7.25643],"rotation":{"angle":22.5,"axis":"y","origin":[9.5975,5.53297,6.50643]},"faces":{"north":{"uv":[7,0,7.25,2.5],"texture":"#7"},"east":{"uv":[7,0,7.25,2.5],"texture":"#7"},"south":{"uv":[7,0,7.25,2.5],"texture":"#7"},"west":{"uv":[7,0,7.25,2.5],"texture":"#7"},"up":{"uv":[7,0,7.25,2.5],"texture":"#7"},"down":{"uv":[7,0,7.25,2.5],"texture":"#7"}}},{"from":[9.60255,4.83297,6.79554],"to":[9.85255,9.73297,7.04554],"rotation":{"angle":45,"axis":"y","origin":[9.72755,5.53297,6.92054]},"faces":{"north":{"uv":[0,7.5,0.25,10],"texture":"#7"},"east":{"uv":[7.5,0,7.75,2.5],"texture":"#7"},"south":{"uv":[0.5,7.5,0.75,10],"texture":"#7"},"west":{"uv":[1,7.5,1.25,10],"texture":"#7"},"up":{"uv":[11.25,8.75,11,8.5],"texture":"#7"},"down":{"uv":[11.25,9,11,9.25],"texture":"#7"}}},{"from":[9.43923,4.83297,6.68641],"to":[9.68923,9.73297,6.93641],"rotation":{"angle":-22.5,"axis":"y","origin":[9.56423,5.53297,6.81141]},"faces":{"north":{"uv":[1.5,7.5,1.75,10],"texture":"#7"},"east":{"uv":[2,7.5,2.25,10],"texture":"#7"},"south":{"uv":[2.5,7.5,2.75,10],"texture":"#7"},"west":{"uv":[7.5,2.5,7.75,5],"texture":"#7"},"up":{"uv":[11.25,9.75,11,9.5],"texture":"#7"},"down":{"uv":[11.25,10,11,10.25],"texture":"#7"}}},{"from":[6.2775,4.83297,8.79741],"to":[6.5275,9.73297,8.94741],"rotation":{"angle":22.5,"axis":"y","origin":[6.4025,5.53297,9.54741]},"faces":{"north":{"uv":[7.5,7.5,7.75,10],"texture":"#7"},"east":{"uv":[7.5,7.5,7.75,10],"texture":"#7"},"south":{"uv":[7.5,7.5,7.75,10],"texture":"#7"},"west":{"uv":[7.5,7.5,7.75,10],"texture":"#7"},"up":{"uv":[7.5,7.5,7.75,10],"texture":"#7"},"down":{"uv":[7.5,7.5,7.75,10],"texture":"#7"}}},{"from":[6.10918,4.83297,8.91592],"to":[6.35918,9.73297,9.06592],"rotation":{"angle":45,"axis":"y","origin":[6.23418,5.53297,9.04092]},"faces":{"north":{"uv":[3.5,8,3.75,10.5],"texture":"#7"},"east":{"uv":[3.5,8,3.75,10.5],"texture":"#7"},"south":{"uv":[3.5,8,3.75,10.5],"texture":"#7"},"west":{"uv":[3.5,8,3.75,10.5],"texture":"#7"},"up":{"uv":[3.5,8,3.75,10.5],"texture":"#7"},"down":{"uv":[3.5,8,3.75,10.5],"texture":"#7"}}},{"from":[6.20179,4.83297,8.95433],"to":[6.35179,9.73297,9.20433],"rotation":{"angle":-22.5,"axis":"y","origin":[6.32679,5.53297,9.07933]},"faces":{"north":{"uv":[4,8,4.25,10.5],"texture":"#7"},"east":{"uv":[4.5,8,4.75,10.5],"texture":"#7"},"south":{"uv":[5,8,5.25,10.5],"texture":"#7"},"west":{"uv":[8,5,8.25,7.5],"texture":"#7"},"up":{"uv":[11.75,0.75,11.5,0.5],"texture":"#7"},"down":{"uv":[11.75,1,11.5,1.25],"texture":"#7"}}},{"from":[6.30205,4.83297,8.95439],"to":[6.44522,9.73297,9.20439],"rotation":{"angle":0,"axis":"y","origin":[7.79863,7.40797,9.07939]},"faces":{"north":{"uv":[5.5,8,5.75,10.5],"texture":"#7"},"east":{"uv":[6,8,6.25,10.5],"texture":"#7"},"south":{"uv":[8,7.5,8.25,10],"texture":"#7"},"west":{"uv":[8.5,0,8.75,2.5],"texture":"#7"},"up":{"uv":[11.75,1.75,11.5,1.5],"texture":"#7"},"down":{"uv":[11.75,3,11.5,3.25],"texture":"#7"}}},{"from":[6.5091,7.40768,8.95439],"to":[6.6591,8.80085,9.20439],"rotation":{"angle":22.5,"axis":"z","origin":[4.2091,8.72926,9.07939]},"faces":{"north":{"uv":[10.5,10,10.75,10.75],"texture":"#7"},"east":{"uv":[11,0,11.25,0.75],"texture":"#7"},"south":{"uv":[11,1,11.25,1.75],"texture":"#7"},"west":{"uv":[11,3,11.25,3.75],"texture":"#7"},"up":{"uv":[11.75,3.75,11.5,3.5],"texture":"#7"},"down":{"uv":[11.75,4,11.5,4.25],"texture":"#7"}}},{"from":[6.44522,4.83297,8.95439],"to":[6.5925,9.35729,9.20439],"rotation":{"angle":0,"axis":"z","origin":[6.5175,8.56071,9.07939]},"faces":{"north":{"uv":[2,10,2.25,12.25],"texture":"#7"},"east":{"uv":[2.5,10,2.75,12.25],"texture":"#7"},"south":{"uv":[10,2.5,10.25,4.75],"texture":"#7"},"west":{"uv":[10,5,10.25,7.25],"texture":"#7"},"up":{"uv":[11.75,4.75,11.5,4.5],"texture":"#7"},"down":{"uv":[5.25,11.5,5,11.75],"texture":"#7"}}},{"from":[6.5925,4.83297,8.95439],"to":[6.8175,8.68229,9.20439],"rotation":{"angle":0,"axis":"z","origin":[6.7175,8.56071,9.07939]},"faces":{"north":{"uv":[5.5,0,5.75,2],"texture":"#7"},"east":{"uv":[6,0,6.25,2],"texture":"#7"},"south":{"uv":[8,10,8.25,12],"texture":"#7"},"west":{"uv":[8.5,10,8.75,12],"texture":"#7"},"up":{"uv":[5.75,11.75,5.5,11.5],"texture":"#7"},"down":{"uv":[6.25,11.5,6,11.75],"texture":"#7"}}},{"from":[6.5925,8.63297,8.95439],"to":[6.7425,8.98229,9.20439],"rotation":{"angle":0,"axis":"z","origin":[6.7175,8.66071,9.07939]},"faces":{"north":{"uv":[11.5,6,11.75,6.25],"texture":"#7"},"east":{"uv":[11.5,6.5,11.75,6.75],"texture":"#7"},"south":{"uv":[11.5,7,11.75,7.25],"texture":"#7"},"west":{"uv":[11.5,7.5,11.75,7.75],"texture":"#7"},"up":{"uv":[11.75,8.25,11.5,8],"texture":"#7"},"down":{"uv":[11.75,8.5,11.5,8.75],"texture":"#7"}}},{"from":[6.77836,4.83297,8.95439],"to":[9.1825,8.44585,9.20439],"rotation":{"angle":0,"axis":"z","origin":[6.95336,8.12427,9.07939]},"faces":{"north":{"uv":[4,0,5.25,1.75],"texture":"#7"},"east":{"uv":[4,0,5.25,1.75],"texture":"#7"},"south":{"uv":[4,0,5.25,1.75],"texture":"#7"},"west":{"uv":[4,0,5.25,1.75],"texture":"#7"},"up":{"uv":[4,0,5.25,1.75],"texture":"#7"},"down":{"uv":[4,0,5.25,1.75],"texture":"#7"}}},{"from":[9.1825,4.83297,8.95439],"to":[9.4075,8.68229,9.20439],"rotation":{"angle":0,"axis":"z","origin":[9.2825,8.56071,9.07939]},"faces":{"north":{"uv":[9,10,9.25,12],"texture":"#7"},"east":{"uv":[9.5,10,9.75,12],"texture":"#7"},"south":{"uv":[10,10,10.25,12],"texture":"#7"},"west":{"uv":[10.5,0,10.75,2],"texture":"#7"},"up":{"uv":[11.75,9.25,11.5,9],"texture":"#7"},"down":{"uv":[11.75,9.5,11.5,9.75],"texture":"#7"}}},{"from":[9.2575,8.63297,8.95439],"to":[9.4075,8.98229,9.20439],"rotation":{"angle":0,"axis":"z","origin":[9.2825,8.66071,9.07939]},"faces":{"north":{"uv":[11.5,10,11.75,10.25],"texture":"#7"},"east":{"uv":[10.5,11.5,10.75,11.75],"texture":"#7"},"south":{"uv":[11.5,10.5,11.75,10.75],"texture":"#7"},"west":{"uv":[11,11.5,11.25,11.75],"texture":"#7"},"up":{"uv":[11.75,11.25,11.5,11],"texture":"#7"},"down":{"uv":[11.75,11.5,11.5,11.75],"texture":"#7"}}},{"from":[9.4075,4.83297,8.95439],"to":[9.55478,9.35729,9.20439],"rotation":{"angle":0,"axis":"z","origin":[9.4825,8.56071,9.07939]},"faces":{"north":{"uv":[6.5,10,6.75,12.25],"texture":"#7"},"east":{"uv":[7,10,7.25,12.25],"texture":"#7"},"south":{"uv":[7.5,10,7.75,12.25],"texture":"#7"},"west":{"uv":[10,7.5,10.25,9.75],"texture":"#7"},"up":{"uv":[12.25,0.25,12,0],"texture":"#7"},"down":{"uv":[12.25,0.5,12,0.75],"texture":"#7"}}},{"from":[9.3409,7.40768,8.95439],"to":[9.4909,8.80085,9.20439],"rotation":{"angle":-22.5,"axis":"z","origin":[11.7909,8.72926,9.07939]},"faces":{"north":{"uv":[3.5,11,3.75,11.75],"texture":"#7"},"east":{"uv":[4,11,4.25,11.75],"texture":"#7"},"south":{"uv":[11,4,11.25,4.75],"texture":"#7"},"west":{"uv":[4.5,11,4.75,11.75],"texture":"#7"},"up":{"uv":[12.25,1.25,12,1],"texture":"#7"},"down":{"uv":[12.25,1.5,12,1.75],"texture":"#7"}}},{"from":[9.55478,4.83297,8.95439],"to":[9.69795,9.73297,9.20439],"rotation":{"angle":0,"axis":"y","origin":[8.20137,7.40797,9.07939]},"faces":{"north":{"uv":[8.5,2.5,8.75,5],"texture":"#7"},"east":{"uv":[8.5,5,8.75,7.5],"texture":"#7"},"south":{"uv":[8.5,7.5,8.75,10],"texture":"#7"},"west":{"uv":[9,0,9.25,2.5],"texture":"#7"},"up":{"uv":[12.25,3.25,12,3],"texture":"#7"},"down":{"uv":[3.75,12,3.5,12.25],"texture":"#7"}}},{"from":[9.64821,4.83297,8.95433],"to":[9.79821,9.73297,9.20433],"rotation":{"angle":22.5,"axis":"y","origin":[9.67321,5.53297,9.07933]},"faces":{"north":{"uv":[9,7.5,9.25,10],"texture":"#7"},"east":{"uv":[9,7.5,9.25,10],"texture":"#7"},"south":{"uv":[9,7.5,9.25,10],"texture":"#7"},"west":{"uv":[9,7.5,9.25,10],"texture":"#7"},"up":{"uv":[9,7.5,9.25,10],"texture":"#7"},"down":{"uv":[9,7.5,9.25,10],"texture":"#7"}}},{"from":[9.64082,4.83297,8.91592],"to":[9.89082,9.73297,9.06592],"rotation":{"angle":-45,"axis":"y","origin":[9.76582,5.53297,9.04092]},"faces":{"north":{"uv":[9.5,5,9.75,7.5],"texture":"#7"},"east":{"uv":[9.5,5,9.75,7.5],"texture":"#7"},"south":{"uv":[9.5,5,9.75,7.5],"texture":"#7"},"west":{"uv":[9.5,5,9.75,7.5],"texture":"#7"},"up":{"uv":[9.5,5,9.75,7.5],"texture":"#7"},"down":{"uv":[9.5,5,9.75,7.5],"texture":"#7"}}},{"from":[9.4725,4.83297,8.79741],"to":[9.7225,9.73297,8.94741],"rotation":{"angle":-22.5,"axis":"y","origin":[9.5975,5.53297,9.54741]},"faces":{"north":{"uv":[0.5,10,0.75,12.5],"texture":"#7"},"east":{"uv":[0.5,10,0.75,12.5],"texture":"#7"},"south":{"uv":[0.5,10,0.75,12.5],"texture":"#7"},"west":{"uv":[0.5,10,0.75,12.5],"texture":"#7"},"up":{"uv":[0.5,10,0.75,12.5],"texture":"#7"},"down":{"uv":[0.5,10,0.75,12.5],"texture":"#7"}}},{"name":"hexadecagon","from":[7.76131,8.00448,9.20192],"to":[8.23869,8.20448,9.25192],"rotation":{"angle":-45,"axis":"z","origin":[8,7.00448,8.95192]},"faces":{"north":{"uv":[3.88065,10.1,4.11935,10.2],"texture":"#23"},"east":{"uv":[3.88065,10.1,4.11935,10.2],"texture":"#23"},"south":{"uv":[3.88065,10.1,4.11935,10.2],"texture":"#23"},"west":{"uv":[3.88065,10.1,4.11935,10.2],"texture":"#23"},"up":{"uv":[3.88065,10.1,4.11935,10.2],"texture":"#23"},"down":{"uv":[3.88065,10.1,4.11935,10.2],"texture":"#23"}}},{"name":"hexadecagon","from":[7.76131,5.80448,9.20192],"to":[8.23869,6.00448,9.25192],"rotation":{"angle":-45,"axis":"z","origin":[8,7.00448,8.95192]},"faces":{"north":{"uv":[3.88065,11.2,4.11935,11.3],"texture":"#23"},"east":{"uv":[3.88065,11.2,4.11935,11.3],"texture":"#23"},"south":{"uv":[3.88065,11.2,4.11935,11.3],"texture":"#23"},"west":{"uv":[3.88065,11.2,4.11935,11.3],"texture":"#23"},"up":{"uv":[3.88065,11.2,4.11935,11.3],"texture":"#23"},"down":{"uv":[3.88065,11.2,4.11935,11.3],"texture":"#23"}}},{"name":"hexadecagon","from":[7.76131,8.00448,9.20192],"to":[8.23869,8.20448,9.25192],"rotation":{"angle":-22.5,"axis":"z","origin":[8,7.00448,8.95192]},"faces":{"north":{"uv":[3.88065,10.1,4.11935,10.2],"texture":"#23"},"east":{"uv":[3.88065,10.1,4.11935,10.2],"texture":"#23"},"south":{"uv":[3.88065,10.1,4.11935,10.2],"texture":"#23"},"west":{"uv":[3.88065,10.1,4.11935,10.2],"texture":"#23"},"up":{"uv":[3.88065,10.1,4.11935,10.2],"texture":"#23"},"down":{"uv":[3.88065,10.1,4.11935,10.2],"texture":"#23"}}},{"name":"hexadecagon","from":[7.76131,5.80448,9.20192],"to":[8.23869,6.00448,9.25192],"rotation":{"angle":-22.5,"axis":"z","origin":[8,7.00448,8.95192]},"faces":{"north":{"uv":[3.88065,11.2,4.11935,11.3],"texture":"#23"},"east":{"uv":[3.88065,11.2,4.11935,11.3],"texture":"#23"},"south":{"uv":[3.88065,11.2,4.11935,11.3],"texture":"#23"},"west":{"uv":[3.88065,11.2,4.11935,11.3],"texture":"#23"},"up":{"uv":[3.88065,11.2,4.11935,11.3],"texture":"#23"},"down":{"uv":[3.88065,11.2,4.11935,11.3],"texture":"#23"}}},{"name":"hexadecagon","from":[7.76131,8.00448,9.20192],"to":[8.23869,8.20448,9.25192],"rotation":{"angle":0,"axis":"z","origin":[8,7.00448,8.95192]},"faces":{"north":{"uv":[3.88065,10.1,4.11935,10.2],"texture":"#23"},"east":{"uv":[3.88065,10.1,4.11935,10.2],"texture":"#23"},"south":{"uv":[3.88065,10.1,4.11935,10.2],"texture":"#23"},"west":{"uv":[3.88065,10.1,4.11935,10.2],"texture":"#23"},"up":{"uv":[3.88065,10.1,4.11935,10.2],"texture":"#23"},"down":{"uv":[3.88065,10.1,4.11935,10.2],"texture":"#23"}}},{"name":"hexadecagon","from":[7.76131,5.80448,9.20192],"to":[8.23869,6.00448,9.25192],"rotation":{"angle":0,"axis":"z","origin":[8,7.00448,8.95192]},"faces":{"north":{"uv":[3.88065,11.2,4.11935,11.3],"texture":"#23"},"east":{"uv":[3.88065,11.2,4.11935,11.3],"texture":"#23"},"south":{"uv":[3.88065,11.2,4.11935,11.3],"texture":"#23"},"west":{"uv":[3.88065,11.2,4.11935,11.3],"texture":"#23"},"up":{"uv":[3.88065,11.2,4.11935,11.3],"texture":"#23"},"down":{"uv":[3.88065,11.2,4.11935,11.3],"texture":"#23"}}},{"name":"hexadecagon","from":[7.76131,5.80448,9.20192],"to":[8.23869,6.00448,9.25192],"rotation":{"angle":22.5,"axis":"z","origin":[8,7.00448,8.95192]},"faces":{"north":{"uv":[3.88065,11.2,4.11935,11.3],"texture":"#23"},"east":{"uv":[3.88065,11.2,4.11935,11.3],"texture":"#23"},"south":{"uv":[3.88065,11.2,4.11935,11.3],"texture":"#23"},"west":{"uv":[3.88065,11.2,4.11935,11.3],"texture":"#23"},"up":{"uv":[3.88065,11.2,4.11935,11.3],"texture":"#23"},"down":{"uv":[3.88065,11.2,4.11935,11.3],"texture":"#23"}}},{"name":"hexadecagon","from":[7.76131,8.00448,9.20192],"to":[8.23869,8.20448,9.25192],"rotation":{"angle":22.5,"axis":"z","origin":[8,7.00448,8.95192]},"faces":{"north":{"uv":[3.88065,10.1,4.11935,10.2],"texture":"#23"},"east":{"uv":[3.88065,10.1,4.11935,10.2],"texture":"#23"},"south":{"uv":[3.88065,10.1,4.11935,10.2],"texture":"#23"},"west":{"uv":[3.88065,10.1,4.11935,10.2],"texture":"#23"},"up":{"uv":[3.88065,10.1,4.11935,10.2],"texture":"#23"},"down":{"uv":[3.88065,10.1,4.11935,10.2],"texture":"#23"}}},{"name":"hexadecagon","from":[7.76131,8.00448,9.20192],"to":[8.23869,8.20448,9.25192],"rotation":{"angle":45,"axis":"z","origin":[8,7.00448,8.95192]},"faces":{"north":{"uv":[3.88065,10.1,4.11935,10.2],"texture":"#23"},"east":{"uv":[3.88065,10.1,4.11935,10.2],"texture":"#23"},"south":{"uv":[3.88065,10.1,4.11935,10.2],"texture":"#23"},"west":{"uv":[3.88065,10.1,4.11935,10.2],"texture":"#23"},"up":{"uv":[3.88065,10.1,4.11935,10.2],"texture":"#23"},"down":{"uv":[3.88065,10.1,4.11935,10.2],"texture":"#23"}}},{"name":"hexadecagon","from":[7.76131,5.80448,9.20192],"to":[8.23869,6.00448,9.25192],"rotation":{"angle":45,"axis":"z","origin":[8,7.00448,8.95192]},"faces":{"north":{"uv":[3.88065,11.2,4.11935,11.3],"texture":"#23"},"east":{"uv":[3.88065,11.2,4.11935,11.3],"texture":"#23"},"south":{"uv":[3.88065,11.2,4.11935,11.3],"texture":"#23"},"west":{"uv":[3.88065,11.2,4.11935,11.3],"texture":"#23"},"up":{"uv":[3.88065,11.2,4.11935,11.3],"texture":"#23"},"down":{"uv":[3.88065,11.2,4.11935,11.3],"texture":"#23"}}},{"name":"hexadecagon","from":[9,6.76579,9.20192],"to":[9.2,7.24317,9.25192],"rotation":{"angle":-22.5,"axis":"z","origin":[8,7.00448,8.95192]},"faces":{"north":{"uv":[4.5,10.58065,4.6,10.81935],"texture":"#23"},"east":{"uv":[4.5,10.58065,4.6,10.81935],"texture":"#23"},"south":{"uv":[4.5,10.58065,4.6,10.81935],"texture":"#23"},"west":{"uv":[4.5,10.58065,4.6,10.81935],"texture":"#23"},"up":{"uv":[4.5,10.58065,4.6,10.81935],"texture":"#23"},"down":{"uv":[4.5,10.58065,4.6,10.81935],"texture":"#23"}}},{"name":"hexadecagon","from":[6.8,6.76579,9.20192],"to":[7,7.24317,9.25192],"rotation":{"angle":-22.5,"axis":"z","origin":[8,7.00448,8.95192]},"faces":{"north":{"uv":[3.4,10.58065,3.5,10.81935],"texture":"#23"},"east":{"uv":[3.4,10.58065,3.5,10.81935],"texture":"#23"},"south":{"uv":[3.4,10.58065,3.5,10.81935],"texture":"#23"},"west":{"uv":[3.4,10.58065,3.5,10.81935],"texture":"#23"},"up":{"uv":[3.4,10.58065,3.5,10.81935],"texture":"#23"},"down":{"uv":[3.4,10.58065,3.5,10.81935],"texture":"#23"}}},{"name":"hexadecagon","from":[9,6.76579,9.20192],"to":[9.2,7.24317,9.25192],"rotation":{"angle":0,"axis":"z","origin":[8,7.00448,8.95192]},"faces":{"north":{"uv":[4.5,10.58065,4.6,10.81935],"texture":"#23"},"east":{"uv":[4.5,10.58065,4.6,10.81935],"texture":"#23"},"south":{"uv":[4.5,10.58065,4.6,10.81935],"texture":"#23"},"west":{"uv":[4.5,10.58065,4.6,10.81935],"texture":"#23"},"up":{"uv":[4.5,10.58065,4.6,10.81935],"texture":"#23"},"down":{"uv":[4.5,10.58065,4.6,10.81935],"texture":"#23"}}},{"name":"hexadecagon","from":[6.8,6.76579,9.20192],"to":[7,7.24317,9.25192],"rotation":{"angle":0,"axis":"z","origin":[8,7.00448,8.95192]},"faces":{"north":{"uv":[3.4,10.58065,3.5,10.81935],"texture":"#23"},"east":{"uv":[3.4,10.58065,3.5,10.81935],"texture":"#23"},"south":{"uv":[3.4,10.58065,3.5,10.81935],"texture":"#23"},"west":{"uv":[3.4,10.58065,3.5,10.81935],"texture":"#23"},"up":{"uv":[3.4,10.58065,3.5,10.81935],"texture":"#23"},"down":{"uv":[3.4,10.58065,3.5,10.81935],"texture":"#23"}}},{"name":"hexadecagon","from":[9,6.76579,9.20192],"to":[9.2,7.24317,9.25192],"rotation":{"angle":22.5,"axis":"z","origin":[8,7.00448,8.95192]},"faces":{"north":{"uv":[4.5,10.58065,4.6,10.81935],"texture":"#23"},"east":{"uv":[4.5,10.58065,4.6,10.81935],"texture":"#23"},"south":{"uv":[4.5,10.58065,4.6,10.81935],"texture":"#23"},"west":{"uv":[4.5,10.58065,4.6,10.81935],"texture":"#23"},"up":{"uv":[4.5,10.58065,4.6,10.81935],"texture":"#23"},"down":{"uv":[4.5,10.58065,4.6,10.81935],"texture":"#23"}}},{"name":"hexadecagon","from":[6.8,6.76579,9.20192],"to":[7,7.24317,9.25192],"rotation":{"angle":22.5,"axis":"z","origin":[8,7.00448,8.95192]},"faces":{"north":{"uv":[3.4,10.58065,3.5,10.81935],"texture":"#23"},"east":{"uv":[3.4,10.58065,3.5,10.81935],"texture":"#23"},"south":{"uv":[3.4,10.58065,3.5,10.81935],"texture":"#23"},"west":{"uv":[3.4,10.58065,3.5,10.81935],"texture":"#23"},"up":{"uv":[3.4,10.58065,3.5,10.81935],"texture":"#23"},"down":{"uv":[3.4,10.58065,3.5,10.81935],"texture":"#23"}}},{"name":"hexadecagon","from":[7.85201,6.26048,9.20192],"to":[8.14799,6.48448,9.25192],"rotation":{"angle":-45,"axis":"z","origin":[8,7.00448,8.95192]},"faces":{"north":{"uv":[3.88065,11.2,4.11935,11.3],"texture":"#23"},"east":{"uv":[3.88065,11.2,4.11935,11.3],"texture":"#23"},"south":{"uv":[3.88065,11.2,4.11935,11.3],"texture":"#23"},"west":{"uv":[3.88065,11.2,4.11935,11.3],"texture":"#23"},"up":{"uv":[3.88065,11.2,4.11935,11.3],"texture":"#23"},"down":{"uv":[3.88065,11.2,4.11935,11.3],"texture":"#23"}}},{"name":"hexadecagon","from":[7.85201,7.52448,9.20192],"to":[8.14799,7.74848,9.25192],"rotation":{"angle":-22.5,"axis":"z","origin":[8,7.00448,8.95192]},"faces":{"north":{"uv":[3.88065,10.1,4.11935,10.2],"texture":"#23"},"east":{"uv":[3.88065,10.1,4.11935,10.2],"texture":"#23"},"south":{"uv":[3.88065,10.1,4.11935,10.2],"texture":"#23"},"west":{"uv":[3.88065,10.1,4.11935,10.2],"texture":"#23"},"up":{"uv":[3.88065,10.1,4.11935,10.2],"texture":"#23"},"down":{"uv":[3.88065,10.1,4.11935,10.2],"texture":"#23"}}},{"name":"hexadecagon","from":[7.85201,6.26048,9.20192],"to":[8.14799,6.48448,9.25192],"rotation":{"angle":-22.5,"axis":"z","origin":[8,7.00448,8.95192]},"faces":{"north":{"uv":[3.88065,11.2,4.11935,11.3],"texture":"#23"},"east":{"uv":[3.88065,11.2,4.11935,11.3],"texture":"#23"},"south":{"uv":[3.88065,11.2,4.11935,11.3],"texture":"#23"},"west":{"uv":[3.88065,11.2,4.11935,11.3],"texture":"#23"},"up":{"uv":[3.88065,11.2,4.11935,11.3],"texture":"#23"},"down":{"uv":[3.88065,11.2,4.11935,11.3],"texture":"#23"}}},{"name":"hexadecagon","from":[7.85201,7.52448,9.20192],"to":[8.14799,7.74848,9.25192],"rotation":{"angle":0,"axis":"z","origin":[8,7.00448,8.95192]},"faces":{"north":{"uv":[3.88065,10.1,4.11935,10.2],"texture":"#23"},"east":{"uv":[3.88065,10.1,4.11935,10.2],"texture":"#23"},"south":{"uv":[3.88065,10.1,4.11935,10.2],"texture":"#23"},"west":{"uv":[3.88065,10.1,4.11935,10.2],"texture":"#23"},"up":{"uv":[3.88065,10.1,4.11935,10.2],"texture":"#23"},"down":{"uv":[3.88065,10.1,4.11935,10.2],"texture":"#23"}}},{"name":"hexadecagon","from":[7.85201,6.26048,9.20192],"to":[8.14799,6.48448,9.25192],"rotation":{"angle":0,"axis":"z","origin":[8,7.00448,8.95192]},"faces":{"north":{"uv":[3.88065,11.2,4.11935,11.3],"texture":"#23"},"east":{"uv":[3.88065,11.2,4.11935,11.3],"texture":"#23"},"south":{"uv":[3.88065,11.2,4.11935,11.3],"texture":"#23"},"west":{"uv":[3.88065,11.2,4.11935,11.3],"texture":"#23"},"up":{"uv":[3.88065,11.2,4.11935,11.3],"texture":"#23"},"down":{"uv":[3.88065,11.2,4.11935,11.3],"texture":"#23"}}},{"name":"hexadecagon","from":[7.85201,6.26048,9.20192],"to":[8.14799,6.48448,9.25192],"rotation":{"angle":22.5,"axis":"z","origin":[8,7.00448,8.95192]},"faces":{"north":{"uv":[3.88065,11.2,4.11935,11.3],"texture":"#23"},"east":{"uv":[3.88065,11.2,4.11935,11.3],"texture":"#23"},"south":{"uv":[3.88065,11.2,4.11935,11.3],"texture":"#23"},"west":{"uv":[3.88065,11.2,4.11935,11.3],"texture":"#23"},"up":{"uv":[3.88065,11.2,4.11935,11.3],"texture":"#23"},"down":{"uv":[3.88065,11.2,4.11935,11.3],"texture":"#23"}}},{"name":"hexadecagon","from":[7.85201,7.52448,9.20192],"to":[8.14799,7.74848,9.25192],"rotation":{"angle":22.5,"axis":"z","origin":[8,7.00448,8.95192]},"faces":{"north":{"uv":[3.88065,10.1,4.11935,10.2],"texture":"#23"},"east":{"uv":[3.88065,10.1,4.11935,10.2],"texture":"#23"},"south":{"uv":[3.88065,10.1,4.11935,10.2],"texture":"#23"},"west":{"uv":[3.88065,10.1,4.11935,10.2],"texture":"#23"},"up":{"uv":[3.88065,10.1,4.11935,10.2],"texture":"#23"},"down":{"uv":[3.88065,10.1,4.11935,10.2],"texture":"#23"}}},{"name":"hexadecagon","from":[7.85201,7.52448,9.20192],"to":[8.14799,7.74848,9.25192],"rotation":{"angle":45,"axis":"z","origin":[8,7.00448,8.95192]},"faces":{"north":{"uv":[3.88065,10.1,4.11935,10.2],"texture":"#23"},"east":{"uv":[3.88065,10.1,4.11935,10.2],"texture":"#23"},"south":{"uv":[3.88065,10.1,4.11935,10.2],"texture":"#23"},"west":{"uv":[3.88065,10.1,4.11935,10.2],"texture":"#23"},"up":{"uv":[3.88065,10.1,4.11935,10.2],"texture":"#23"},"down":{"uv":[3.88065,10.1,4.11935,10.2],"texture":"#23"}}},{"name":"hexadecagon","from":[7.256,6.85649,9.20192],"to":[7.48,7.15247,9.25192],"rotation":{"angle":-22.5,"axis":"z","origin":[8,7.00448,8.95192]},"faces":{"north":{"uv":[3.4,10.58065,3.5,10.81935],"texture":"#23"},"east":{"uv":[3.4,10.58065,3.5,10.81935],"texture":"#23"},"south":{"uv":[3.4,10.58065,3.5,10.81935],"texture":"#23"},"west":{"uv":[3.4,10.58065,3.5,10.81935],"texture":"#23"},"up":{"uv":[3.4,10.58065,3.5,10.81935],"texture":"#23"},"down":{"uv":[3.4,10.58065,3.5,10.81935],"texture":"#23"}}},{"name":"hexadecagon","from":[7.256,6.85649,9.20192],"to":[7.48,7.15247,9.25192],"rotation":{"angle":0,"axis":"z","origin":[8,7.00448,8.95192]},"faces":{"north":{"uv":[3.4,10.58065,3.5,10.81935],"texture":"#23"},"east":{"uv":[3.4,10.58065,3.5,10.81935],"texture":"#23"},"south":{"uv":[3.4,10.58065,3.5,10.81935],"texture":"#23"},"west":{"uv":[3.4,10.58065,3.5,10.81935],"texture":"#23"},"up":{"uv":[3.4,10.58065,3.5,10.81935],"texture":"#23"},"down":{"uv":[3.4,10.58065,3.5,10.81935],"texture":"#23"}}},{"name":"hexadecagon","from":[7.256,6.85649,9.20192],"to":[7.48,7.15247,9.25192],"rotation":{"angle":22.5,"axis":"z","origin":[8,7.00448,8.95192]},"faces":{"north":{"uv":[3.4,10.58065,3.5,10.81935],"texture":"#23"},"east":{"uv":[3.4,10.58065,3.5,10.81935],"texture":"#23"},"south":{"uv":[3.4,10.58065,3.5,10.81935],"texture":"#23"},"west":{"uv":[3.4,10.58065,3.5,10.81935],"texture":"#23"},"up":{"uv":[3.4,10.58065,3.5,10.81935],"texture":"#23"},"down":{"uv":[3.4,10.58065,3.5,10.81935],"texture":"#23"}}}],"gui_light":"front"}