{"parent":"item/weapons/diamond_axe","textures":{"layer0":"item/weapons/diamond_axe"},"overrides":[{"predicate":{"custom_model_data":50},"model":"item/ar/assault_rifle"},{"predicate":{"custom_model_data":150},"model":"item/ar/carbine_rifle"},{"predicate":{"custom_model_data":250},"model":"item/ar/bullpup_rifle"},{"predicate":{"custom_model_data":350},"model":"item/ar/special_carbine"},{"predicate":{"custom_model_data":450},"model":"item/ar/advanced_rifle"},{"predicate":{"custom_model_data":550},"model":"item/ar/m4"},{"predicate":{"custom_model_data":650},"model":"item/smg/micro_smg"},{"predicate":{"custom_model_data":750},"model":"item/smg/smg"},{"predicate":{"custom_model_data":850},"model":"item/smg/assault_smg"},{"predicate":{"custom_model_data":950},"model":"item/smg/combat_pdw"},{"predicate":{"custom_model_data":1050},"model":"item/smg/gusenberg_sweeper"},{"predicate":{"custom_model_data":1150},"model":"item/smg/lego_smg"},{"predicate":{"custom_model_data":1250},"model":"item/mg/mg"},{"predicate":{"custom_model_data":1350},"model":"item/mg/combat_mg"},{"predicate":{"custom_model_data":1450},"model":"item/pistol/pistol"},{"predicate":{"custom_model_data":1550},"model":"item/pistol/combat_pistol"},{"predicate":{"custom_model_data":1650},"model":"item/pistol/heavy_pistol"},{"predicate":{"custom_model_data":1750},"model":"item/pistol/heavy_revolver"},{"predicate":{"custom_model_data":1850},"model":"item/pistol/marksman_pistol"},{"predicate":{"custom_model_data":1950},"model":"item/pistol/machine_pistol"},{"predicate":{"custom_model_data":2050},"model":"item/sniper/sniper"},{"predicate":{"custom_model_data":2150},"model":"item/sniper/heavy_sniper"},{"predicate":{"custom_model_data":2250},"model":"item/sniper/assault_sniper"},{"predicate":{"custom_model_data":2350},"model":"item/sniper/railgun"},{"predicate":{"custom_model_data":2400},"model":"item/pistol/stun_gun"},{"predicate":{"custom_model_data":2700},"model":"item/shotgun/sawed_off_shotgun"},{"predicate":{"custom_model_data":2800},"model":"item/launcher/rpg"},{"predicate":{"custom_model_data":2900},"model":"item/mg/browning_m2"},{"predicate":{"custom_model_data":3000},"model":"item/shotgun/pump_shotgun"},{"predicate":{"custom_model_data":3100},"model":"item/launcher/net_launcher"},{"predicate":{"custom_model_data":3200},"model":"item/shotgun/musket"},{"predicate":{"custom_model_data":3300},"model":"item/mg/minigun"},{"predicate":{"custom_model_data":3400},"model":"item/launcher/homing_launcher"},{"predicate":{"custom_model_data":3500},"model":"item/shotgun/heavy_shotgun"},{"predicate":{"custom_model_data":3700},"model":"item/launcher/grenade_launcher"},{"predicate":{"custom_model_data":3800},"model":"item/mg/minigun/gold"},{"predicate":{"custom_model_data":3900},"model":"item/shotgun/flamethrower"},{"predicate":{"custom_model_data":4000},"model":"item/shotgun/assault_shotgun"},{"predicate":{"custom_model_data":4100},"model":"item/pistol/pumpkin_deagle"},{"predicate":{"custom_model_data":4600},"model":"item/launcher/grenade_launcher/clausinator"},{"predicate":{"custom_model_data":4700},"model":"item/smg/micro_smg/gold"},{"predicate":{"custom_model_data":4800},"model":"item/smg/gusenberg_sweeper/gold"},{"predicate":{"custom_model_data":5010},"model":"item/shotgun/musket/gold"},{"predicate":{"custom_model_data":5020},"model":"item/ar/advanced_rifle/gold"}]}