{"display":{"thirdperson_righthand":{"rotation":[23,180,0],"translation":[0,-1.391,2.7826],"scale":[0.5,0.5,0.5]},"thirdperson_lefthand":{"rotation":[23,180,0],"translation":[0,-1.391,2.7826],"scale":[0.5,0.5,0.5]},"firstperson_righthand":{"rotation":[-3,180,9],"translation":[3.4782,0.6956,0],"scale":[0.7,0.7,0.7]},"firstperson_lefthand":{"rotation":[-3,180,9],"translation":[3.4782,0.6956,0],"scale":[0.7,0.7,0.7]},"gui":{"translation":[0,-4.173,0]},"head":{"rotation":[0,-180,0],"translation":[0,0.6956,4.1739],"scale":[1.75,1.75,1.75]},"ground":{"rotation":[-28,-25,-39],"translation":[0,-2.086,0]},"fixed":{"rotation":[-42,180,0],"translation":[0,-1.391,2.7826]}},"textures":{"particle":"christmas_models/rudolf_hat","mesh_atlas":"christmas_models/rudolf_hat"},"elements":[{"faces":{"down":{"uv":[14.75,15,15.5,16],"texture":"#mesh_atlas"},"up":{"uv":[14,16,14.75,15],"texture":"#mesh_atlas"},"north":{"uv":[14.75,8.75,14,9],"texture":"#mesh_atlas"},"south":{"uv":[13.25,8.75,14,9],"texture":"#mesh_atlas"},"west":{"uv":[8,10.5,9,10.75],"texture":"#mesh_atlas"},"east":{"uv":[10,10.5,9,10.75],"texture":"#mesh_atlas"}},"from":[0.5,11.5,6.5],"to":[2,12,8.5]},{"faces":{"down":{"uv":[15.5,14.75,16,16],"texture":"#mesh_atlas"},"up":{"uv":[0,10.75,0.5,9.5],"texture":"#mesh_atlas"},"north":{"uv":[16,13.75,15.5,14],"texture":"#mesh_atlas"},"south":{"uv":[1.75,0,2.25,0.25],"texture":"#mesh_atlas"},"west":{"uv":[3,12.25,4.25,12.5],"texture":"#mesh_atlas"},"east":{"uv":[15.5,12.5,14.25,12.75],"texture":"#mesh_atlas"}},"from":[0.5,12,7],"to":[1.5,12.5,9.5]},{"faces":{"down":{"uv":[0,8.25,0.5,9.5],"texture":"#mesh_atlas"},"up":{"uv":[0,8.25,0.5,7],"texture":"#mesh_atlas"},"north":{"uv":[3,11.25,2.5,11.5],"texture":"#mesh_atlas"},"south":{"uv":[15.5,12.5,16,12.75],"texture":"#mesh_atlas"},"west":{"uv":[13,12.5,14.25,12.75],"texture":"#mesh_atlas"},"east":{"uv":[13,12.5,11.75,12.75],"texture":"#mesh_atlas"}},"from":[0.5,12.5,8],"to":[1.5,13,10.5]},{"faces":{"down":{"uv":[15.5,12.25,16,12.5],"texture":"#mesh_atlas"},"up":{"uv":[15.5,12.25,16,12],"texture":"#mesh_atlas"},"north":{"uv":[0.5,0,0,1],"texture":"#mesh_atlas"},"south":{"uv":[0,1,0.5,2],"texture":"#mesh_atlas"},"west":{"uv":[2.5,11.5,2.75,12.5],"texture":"#mesh_atlas"},"east":{"uv":[3,11.5,2.75,12.5],"texture":"#mesh_atlas"}},"from":[0.5,13,8.5],"to":[1.5,15,9]},{"faces":{"down":{"uv":[15.5,11.75,16,12],"texture":"#mesh_atlas"},"up":{"uv":[15.5,11.25,16,11],"texture":"#mesh_atlas"},"north":{"uv":[2.25,5.25,1.75,6],"texture":"#mesh_atlas"},"south":{"uv":[0.75,7.5,1.25,8.25],"texture":"#mesh_atlas"},"west":{"uv":[6.5,1.25,6.75,2],"texture":"#mesh_atlas"},"east":{"uv":[6.75,2,6.5,2.75],"texture":"#mesh_atlas"}},"from":[0.5,13,9],"to":[1.5,14.5,9.5]},{"faces":{"down":{"uv":[0.75,7,1.5,7.5],"texture":"#mesh_atlas"},"up":{"uv":[0.75,7,1.5,6.5],"texture":"#mesh_atlas"},"north":{"uv":[1.5,6,0.75,6.5],"texture":"#mesh_atlas"},"south":{"uv":[0.75,5.5,1.5,6],"texture":"#mesh_atlas"},"west":{"uv":[1.75,0.25,2.25,0.75],"texture":"#mesh_atlas"},"east":{"uv":[2.75,10.75,2.25,11.25],"texture":"#mesh_atlas"}},"from":[0.5,13,9.5],"to":[2,14,10.5]},{"faces":{"down":{"uv":[4.5,0.25,5,0.5],"texture":"#mesh_atlas"},"up":{"uv":[4.5,0.25,5,0],"texture":"#mesh_atlas"},"north":{"uv":[1.75,7.5,1.25,8.25],"texture":"#mesh_atlas"},"south":{"uv":[0.75,4.75,1.25,5.5],"texture":"#mesh_atlas"},"west":{"uv":[6.5,2.75,6.75,3.5],"texture":"#mesh_atlas"},"east":{"uv":[6.75,3.5,6.5,4.25],"texture":"#mesh_atlas"}},"from":[0.5,13.5,8],"to":[1.5,15,8.5]},{"faces":{"down":{"uv":[15.5,10.25,16,10.5],"texture":"#mesh_atlas"},"up":{"uv":[15.5,10.25,16,10],"texture":"#mesh_atlas"},"north":{"uv":[1.75,4.75,1.25,5.5],"texture":"#mesh_atlas"},"south":{"uv":[0.75,4,1.25,4.75],"texture":"#mesh_atlas"},"west":{"uv":[6.5,7.25,6.75,8],"texture":"#mesh_atlas"},"east":{"uv":[6.75,8,6.5,8.75],"texture":"#mesh_atlas"}},"from":[0.5,14,7.5],"to":[1.5,15.5,8]},{"faces":{"down":{"uv":[15.5,9.25,16,9.5],"texture":"#mesh_atlas"},"up":{"uv":[15.5,9.25,16,9],"texture":"#mesh_atlas"},"north":{"uv":[2.75,9.25,2.25,9.75],"texture":"#mesh_atlas"},"south":{"uv":[2.25,8.75,2.75,9.25],"texture":"#mesh_atlas"},"west":{"uv":[11,14.75,11.25,15.25],"texture":"#mesh_atlas"},"east":{"uv":[14,14.75,13.75,15.25],"texture":"#mesh_atlas"}},"from":[0.5,14.5,7],"to":[1.5,15.5,7.5]},{"faces":{"down":{"uv":[9.5,8.75,10.25,9],"texture":"#mesh_atlas"},"up":{"uv":[8.75,9,9.5,8.75],"texture":"#mesh_atlas"},"north":{"uv":[1.5,3.5,0.75,4],"texture":"#mesh_atlas"},"south":{"uv":[0.75,3,1.5,3.5],"texture":"#mesh_atlas"},"west":{"uv":[1.5,7,1.75,7.5],"texture":"#mesh_atlas"},"east":{"uv":[1.75,6.5,1.5,7],"texture":"#mesh_atlas"}},"from":[0.5,15,6.5],"to":[2,16,7]},{"faces":{"down":{"uv":[3,11.25,4,11.5],"texture":"#mesh_atlas"},"up":{"uv":[3,11.25,4,11],"texture":"#mesh_atlas"},"north":{"uv":[4,10.75,3,11],"texture":"#mesh_atlas"},"south":{"uv":[3,10.5,4,10.75],"texture":"#mesh_atlas"},"west":{"uv":[15.75,14.25,16,14.5],"texture":"#mesh_atlas"},"east":{"uv":[16,14,15.75,14.25],"texture":"#mesh_atlas"}},"from":[1,11,6],"to":[3,11.5,6.5]},{"faces":{"down":{"uv":[14,9.25,14.75,9.5],"texture":"#mesh_atlas"},"up":{"uv":[13.25,9.5,14,9.25],"texture":"#mesh_atlas"},"north":{"uv":[13.25,9.25,12.5,9.5],"texture":"#mesh_atlas"},"south":{"uv":[10.25,10,11,10.25],"texture":"#mesh_atlas"},"west":{"uv":[15.75,13.25,16,13.5],"texture":"#mesh_atlas"},"east":{"uv":[16,13,15.75,13.25],"texture":"#mesh_atlas"}},"from":[1,11,6.5],"to":[2.5,11.5,7]},{"faces":{"down":{"uv":[15.5,8.75,16,9],"texture":"#mesh_atlas"},"up":{"uv":[7,8.75,7.5,8.5],"texture":"#mesh_atlas"},"north":{"uv":[8,8.5,7.5,8.75],"texture":"#mesh_atlas"},"south":{"uv":[8,8.5,8.5,8.75],"texture":"#mesh_atlas"},"west":{"uv":[15.75,12.75,16,13],"texture":"#mesh_atlas"},"east":{"uv":[4.25,11.25,4,11.5],"texture":"#mesh_atlas"}},"from":[1,11,7],"to":[2,11.5,7.5]},{"faces":{"down":{"uv":[1.5,0,1.75,0.5],"texture":"#mesh_atlas"},"up":{"uv":[2.75,11.25,3,10.75],"texture":"#mesh_atlas"},"north":{"uv":[4.25,11,4,11.25],"texture":"#mesh_atlas"},"south":{"uv":[4,10.75,4.25,11],"texture":"#mesh_atlas"},"west":{"uv":[9.5,8.5,10,8.75],"texture":"#mesh_atlas"},"east":{"uv":[10.5,8.5,10,8.75],"texture":"#mesh_atlas"}},"from":[1,11,7.5],"to":[1.5,11.5,8.5]},{"faces":{"down":{"uv":[10.5,8.5,11,8.75],"texture":"#mesh_atlas"},"up":{"uv":[11,8.75,11.5,8.5],"texture":"#mesh_atlas"},"north":{"uv":[2.75,5.75,2.25,6.25],"texture":"#mesh_atlas"},"south":{"uv":[2.25,5.25,2.75,5.75],"texture":"#mesh_atlas"},"west":{"uv":[2.75,10.25,3,10.75],"texture":"#mesh_atlas"},"east":{"uv":[3,9.75,2.75,10.25],"texture":"#mesh_atlas"}},"from":[1,11.5,5.5],"to":[2,12.5,6]},{"faces":{"down":{"uv":[11.5,8.5,12,8.75],"texture":"#mesh_atlas"},"up":{"uv":[12,8.75,12.5,8.5],"texture":"#mesh_atlas"},"north":{"uv":[13,8.5,12.5,8.75],"texture":"#mesh_atlas"},"south":{"uv":[13,8.5,13.5,8.75],"texture":"#mesh_atlas"},"west":{"uv":[4,10.5,4.25,10.75],"texture":"#mesh_atlas"},"east":{"uv":[4.25,10.25,4,10.5],"texture":"#mesh_atlas"}},"from":[1,11.5,6],"to":[2,12,6.5]},{"faces":{"down":{"uv":[2.75,8.25,3,8.75],"texture":"#mesh_atlas"},"up":{"uv":[2.75,6.25,3,5.75],"texture":"#mesh_atlas"},"north":{"uv":[4.25,10,4,10.25],"texture":"#mesh_atlas"},"south":{"uv":[4,9.75,4.25,10],"texture":"#mesh_atlas"},"west":{"uv":[13.5,8.5,14,8.75],"texture":"#mesh_atlas"},"east":{"uv":[14.5,8.5,14,8.75],"texture":"#mesh_atlas"}},"from":[1,11.5,8.5],"to":[1.5,12,9.5]},{"faces":{"down":{"uv":[14.5,8.5,15,8.75],"texture":"#mesh_atlas"},"up":{"uv":[15,8.75,15.5,8.5],"texture":"#mesh_atlas"},"north":{"uv":[16,8.5,15.5,8.75],"texture":"#mesh_atlas"},"south":{"uv":[7,8.25,7.5,8.5],"texture":"#mesh_atlas"},"west":{"uv":[4,9.5,4.25,9.75],"texture":"#mesh_atlas"},"east":{"uv":[4.25,9.25,4,9.5],"texture":"#mesh_atlas"}},"from":[1,12,5],"to":[2,12.5,5.5]},{"faces":{"down":{"uv":[2.75,3.25,3,3.75],"texture":"#mesh_atlas"},"up":{"uv":[2.75,3.25,3,2.75],"texture":"#mesh_atlas"},"north":{"uv":[4.25,9,4,9.25],"texture":"#mesh_atlas"},"south":{"uv":[4,8.75,4.25,9],"texture":"#mesh_atlas"},"west":{"uv":[7,8,7.5,8.25],"texture":"#mesh_atlas"},"east":{"uv":[7.5,7.75,7,8],"texture":"#mesh_atlas"}},"from":[1,12,6],"to":[1.5,12.5,7]},{"faces":{"down":{"uv":[2.25,4.75,2.75,5.25],"texture":"#mesh_atlas"},"up":{"uv":[2.25,4.75,2.75,4.25],"texture":"#mesh_atlas"},"north":{"uv":[7.5,7.5,7,7.75],"texture":"#mesh_atlas"},"south":{"uv":[7,7.25,7.5,7.5],"texture":"#mesh_atlas"},"west":{"uv":[7,7,7.5,7.25],"texture":"#mesh_atlas"},"east":{"uv":[7.5,6.75,7,7],"texture":"#mesh_atlas"}},"from":[1,12,9.5],"to":[2,12.5,10.5]},{"faces":{"down":{"uv":[3,8,4,8.25],"texture":"#mesh_atlas"},"up":{"uv":[3,8,4,7.75],"texture":"#mesh_atlas"},"north":{"uv":[1.75,12.75,0.75,13.25],"texture":"#mesh_atlas"},"south":{"uv":[0.75,11.75,1.75,12.25],"texture":"#mesh_atlas"},"west":{"uv":[2.75,1.25,3,1.75],"texture":"#mesh_atlas"},"east":{"uv":[3,0.75,2.75,1.25],"texture":"#mesh_atlas"}},"from":[1,12.5,10.5],"to":[3,13.5,11]},{"faces":{"down":{"uv":[10.75,9.75,11.5,10],"texture":"#mesh_atlas"},"up":{"uv":[8.5,10,9.25,9.75],"texture":"#mesh_atlas"},"north":{"uv":[8.5,9.75,7.75,10],"texture":"#mesh_atlas"},"south":{"uv":[7,9.75,7.75,10],"texture":"#mesh_atlas"},"west":{"uv":[13.25,3.5,13.5,3.75],"texture":"#mesh_atlas"},"east":{"uv":[13.25,3.5,13,3.75],"texture":"#mesh_atlas"}},"from":[1,13.5,10.5],"to":[2.5,14,11]},{"faces":{"down":{"uv":[12.75,3.5,13,3.75],"texture":"#mesh_atlas"},"up":{"uv":[12.5,3.75,12.75,3.5],"texture":"#mesh_atlas"},"north":{"uv":[12.25,0.25,12,0.5],"texture":"#mesh_atlas"},"south":{"uv":[12,0.5,12.25,0.75],"texture":"#mesh_atlas"},"west":{"uv":[12,0.75,12.25,1],"texture":"#mesh_atlas"},"east":{"uv":[12.25,1,12,1.25],"texture":"#mesh_atlas"}},"from":[1,14,9.5],"to":[1.5,14.5,10]},{"faces":{"down":{"uv":[11.75,1.5,12,1.75],"texture":"#mesh_atlas"},"up":{"uv":[11.75,2,12,1.75],"texture":"#mesh_atlas"},"north":{"uv":[15.5,4,15.25,4.25],"texture":"#mesh_atlas"},"south":{"uv":[15,4,15.25,4.25],"texture":"#mesh_atlas"},"west":{"uv":[14.75,4,15,4.25],"texture":"#mesh_atlas"},"east":{"uv":[14.75,4,14.5,4.25],"texture":"#mesh_atlas"}},"from":[1,14.5,6.5],"to":[1.5,15,7]},{"faces":{"down":{"uv":[7,6.5,7.5,6.75],"texture":"#mesh_atlas"},"up":{"uv":[7,6.5,7.5,6.25],"texture":"#mesh_atlas"},"north":{"uv":[2.25,12,1.75,12.75],"texture":"#mesh_atlas"},"south":{"uv":[1.75,11.25,2.25,12],"texture":"#mesh_atlas"},"west":{"uv":[4.5,4.25,4.75,5],"texture":"#mesh_atlas"},"east":{"uv":[5,5,4.75,5.75],"texture":"#mesh_atlas"}},"from":[1,15,6],"to":[2,16.5,6.5]},{"faces":{"down":{"uv":[5,3.5,5.75,3.75],"texture":"#mesh_atlas"},"up":{"uv":[5,5.75,5.75,5.5],"texture":"#mesh_atlas"},"north":{"uv":[5.75,5.75,5,6],"texture":"#mesh_atlas"},"south":{"uv":[5,6,5.75,6.25],"texture":"#mesh_atlas"},"west":{"uv":[14.25,4,14.5,4.25],"texture":"#mesh_atlas"},"east":{"uv":[14.25,4,14,4.25],"texture":"#mesh_atlas"}},"from":[1,15.5,5.5],"to":[2.5,16,6]},{"faces":{"down":{"uv":[13.75,4,14,4.25],"texture":"#mesh_atlas"},"up":{"uv":[13.5,4.25,13.75,4],"texture":"#mesh_atlas"},"north":{"uv":[13.5,4,13.25,4.25],"texture":"#mesh_atlas"},"south":{"uv":[13,4,13.25,4.25],"texture":"#mesh_atlas"},"west":{"uv":[11.5,0.25,11.75,0.5],"texture":"#mesh_atlas"},"east":{"uv":[11.75,0.5,11.5,0.75],"texture":"#mesh_atlas"}},"from":[1,15.5,7],"to":[1.5,16,7.5]},{"faces":{"down":{"uv":[5,6.75,5.75,7],"texture":"#mesh_atlas"},"up":{"uv":[5,7.25,5.75,7],"texture":"#mesh_atlas"},"north":{"uv":[10.5,13,9.75,13.5],"texture":"#mesh_atlas"},"south":{"uv":[10.5,13,11.25,13.5],"texture":"#mesh_atlas"},"west":{"uv":[2.75,0.25,3,0.75],"texture":"#mesh_atlas"},"east":{"uv":[4.25,5.5,4,6],"texture":"#mesh_atlas"}},"from":[1,15.5,11],"to":[2.5,16.5,11.5]},{"faces":{"down":{"uv":[5,7.75,5.75,8],"texture":"#mesh_atlas"},"up":{"uv":[5,8.25,5.75,8],"texture":"#mesh_atlas"},"north":{"uv":[5.75,8.25,5,8.5],"texture":"#mesh_atlas"},"south":{"uv":[5,8.5,5.75,8.75],"texture":"#mesh_atlas"},"west":{"uv":[14.75,4.25,15,4.5],"texture":"#mesh_atlas"},"east":{"uv":[14.75,4.25,14.5,4.5],"texture":"#mesh_atlas"}},"from":[1,16,10.5],"to":[2.5,16.5,11]},{"faces":{"down":{"uv":[7,6,7.5,6.25],"texture":"#mesh_atlas"},"up":{"uv":[7,6,7.5,5.75],"texture":"#mesh_atlas"},"north":{"uv":[7.5,5.5,7,5.75],"texture":"#mesh_atlas"},"south":{"uv":[7,5.25,7.5,5.5],"texture":"#mesh_atlas"},"west":{"uv":[13.75,4.25,14,4.5],"texture":"#mesh_atlas"},"east":{"uv":[13.75,4.25,13.5,4.5],"texture":"#mesh_atlas"}},"from":[1.5,10.5,6],"to":[2.5,11,6.5]},{"faces":{"down":{"uv":[13.25,4.25,13.5,4.5],"texture":"#mesh_atlas"},"up":{"uv":[13.5,5,13.75,4.75],"texture":"#mesh_atlas"},"north":{"uv":[13.25,4.25,13,4.5],"texture":"#mesh_atlas"},"south":{"uv":[12.75,4.25,13,4.5],"texture":"#mesh_atlas"},"west":{"uv":[12.5,4.25,12.75,4.5],"texture":"#mesh_atlas"},"east":{"uv":[12.5,4.25,12.25,4.5],"texture":"#mesh_atlas"}},"from":[1.5,10.5,6.5],"to":[2,11,7]},{"faces":{"down":{"uv":[3,6.75,4,7],"texture":"#mesh_atlas"},"up":{"uv":[3,6.75,4,6.5],"texture":"#mesh_atlas"},"north":{"uv":[4,6.25,3,6.5],"texture":"#mesh_atlas"},"south":{"uv":[3,6,4,6.25],"texture":"#mesh_atlas"},"west":{"uv":[12,4.25,12.25,4.5],"texture":"#mesh_atlas"},"east":{"uv":[13.5,4.5,13.25,4.75],"texture":"#mesh_atlas"}},"from":[1.5,11,5.5],"to":[3.5,11.5,6]},{"faces":{"down":{"uv":[13,4.5,13.25,4.75],"texture":"#mesh_atlas"},"up":{"uv":[12.25,4.75,12.5,4.5],"texture":"#mesh_atlas"},"north":{"uv":[4.25,5,4,5.5],"texture":"#mesh_atlas"},"south":{"uv":[4,4.5,4.25,5],"texture":"#mesh_atlas"},"west":{"uv":[4,4,4.25,4.5],"texture":"#mesh_atlas"},"east":{"uv":[4.25,3.5,4,4],"texture":"#mesh_atlas"}},"from":[1.5,11.5,4.5],"to":[2,12.5,5]},{"faces":{"down":{"uv":[12,4.5,12.25,4.75],"texture":"#mesh_atlas"},"up":{"uv":[11,1.5,11.25,1.25],"texture":"#mesh_atlas"},"north":{"uv":[11.25,1.5,11,1.75],"texture":"#mesh_atlas"},"south":{"uv":[11,1.75,11.25,2],"texture":"#mesh_atlas"},"west":{"uv":[11,2,11.25,2.25],"texture":"#mesh_atlas"},"east":{"uv":[11.25,3.75,11,4],"texture":"#mesh_atlas"}},"from":[1.5,11.5,5],"to":[2,12,5.5]},{"faces":{"down":{"uv":[7,5,7.5,5.25],"texture":"#mesh_atlas"},"up":{"uv":[7,5,7.5,4.75],"texture":"#mesh_atlas"},"north":{"uv":[7.5,4.5,7,4.75],"texture":"#mesh_atlas"},"south":{"uv":[7,4.25,7.5,4.5],"texture":"#mesh_atlas"},"west":{"uv":[11,4,11.25,4.25],"texture":"#mesh_atlas"},"east":{"uv":[11.25,4.25,11,4.5],"texture":"#mesh_atlas"}},"from":[1.5,12,4],"to":[2.5,12.5,4.5]},{"faces":{"down":{"uv":[6,0.25,6.25,1],"texture":"#mesh_atlas"},"up":{"uv":[4.5,8,4.75,7.25],"texture":"#mesh_atlas"},"north":{"uv":[11.25,4.5,11,4.75],"texture":"#mesh_atlas"},"south":{"uv":[14.75,4.75,15,5],"texture":"#mesh_atlas"},"west":{"uv":[7.25,10.25,8,10.5],"texture":"#mesh_atlas"},"east":{"uv":[7.25,10.25,6.5,10.5],"texture":"#mesh_atlas"}},"from":[1.5,12,8],"to":[2,12.5,9.5]},{"faces":{"down":{"uv":[14.5,4.75,14.75,5],"texture":"#mesh_atlas"},"up":{"uv":[14.25,5,14.5,4.75],"texture":"#mesh_atlas"},"north":{"uv":[14.25,4.75,14,5],"texture":"#mesh_atlas"},"south":{"uv":[12.75,4.75,13,5],"texture":"#mesh_atlas"},"west":{"uv":[12.5,4.75,12.75,5],"texture":"#mesh_atlas"},"east":{"uv":[12,4.75,11.75,5],"texture":"#mesh_atlas"}},"from":[1.5,12,10.5],"to":[2,12.5,11]},{"faces":{"down":{"uv":[3,3.5,3.25,4.5],"texture":"#mesh_atlas"},"up":{"uv":[3.25,4.5,3.5,3.5],"texture":"#mesh_atlas"},"north":{"uv":[11.75,4.75,11.5,5],"texture":"#mesh_atlas"},"south":{"uv":[11.25,4.75,11.5,5],"texture":"#mesh_atlas"},"west":{"uv":[3,3.25,4,3.5],"texture":"#mesh_atlas"},"east":{"uv":[4,3,3,3.25],"texture":"#mesh_atlas"}},"from":[1.5,12.5,8.5],"to":[2,13,10.5]},{"faces":{"down":{"uv":[8,12.25,9.25,12.5],"texture":"#mesh_atlas"},"up":{"uv":[8,12,9.25,11.75],"texture":"#mesh_atlas"},"north":{"uv":[7,12.75,5.75,13],"texture":"#mesh_atlas"},"south":{"uv":[8,12.5,9.25,12.75],"texture":"#mesh_atlas"},"west":{"uv":[11,4.75,11.25,5],"texture":"#mesh_atlas"},"east":{"uv":[11,0.5,10.75,0.75],"texture":"#mesh_atlas"}},"from":[1.5,12.5,11],"to":[4,13,11.5]},{"faces":{"down":{"uv":[3,2.75,4,3],"texture":"#mesh_atlas"},"up":{"uv":[3,2.75,4,2.5],"texture":"#mesh_atlas"},"north":{"uv":[4,2.25,3,2.5],"texture":"#mesh_atlas"},"south":{"uv":[3,2,4,2.25],"texture":"#mesh_atlas"},"west":{"uv":[10.75,0.75,11,1],"texture":"#mesh_atlas"},"east":{"uv":[11,1,10.75,1.25],"texture":"#mesh_atlas"}},"from":[1.5,13,11],"to":[3.5,13.5,11.5]},{"faces":{"down":{"uv":[9.5,9,10.25,9.25],"texture":"#mesh_atlas"},"up":{"uv":[8.75,9.25,9.5,9],"texture":"#mesh_atlas"},"north":{"uv":[5.75,1.75,5,2],"texture":"#mesh_atlas"},"south":{"uv":[5,3,5.75,3.25],"texture":"#mesh_atlas"},"west":{"uv":[10.75,1.25,11,1.5],"texture":"#mesh_atlas"},"east":{"uv":[11,2,10.75,2.25],"texture":"#mesh_atlas"}},"from":[1.5,13.5,11],"to":[3,14,11.5]},{"faces":{"down":{"uv":[3,1.75,4,2],"texture":"#mesh_atlas"},"up":{"uv":[3,1.75,4,1.5],"texture":"#mesh_atlas"},"north":{"uv":[4,1.25,3,1.5],"texture":"#mesh_atlas"},"south":{"uv":[3,1,4,1.25],"texture":"#mesh_atlas"},"west":{"uv":[10.75,2.25,11,2.5],"texture":"#mesh_atlas"},"east":{"uv":[11,3.5,10.75,3.75],"texture":"#mesh_atlas"}},"from":[1.5,14,11.5],"to":[3.5,14.5,12]},{"faces":{"down":{"uv":[3.5,3.5,4,4],"texture":"#mesh_atlas"},"up":{"uv":[3,1,3.5,0.5],"texture":"#mesh_atlas"},"north":{"uv":[3.5,0,3,0.5],"texture":"#mesh_atlas"},"south":{"uv":[3.5,0.5,4,1],"texture":"#mesh_atlas"},"west":{"uv":[3.5,0,4,0.5],"texture":"#mesh_atlas"},"east":{"uv":[4.75,11.25,4.25,11.75],"texture":"#mesh_atlas"}},"from":[1.5,14.5,11],"to":[2.5,15.5,12]},{"faces":{"down":{"uv":[10.75,3.75,11,4],"texture":"#mesh_atlas"},"up":{"uv":[10.75,4.25,11,4],"texture":"#mesh_atlas"},"north":{"uv":[11,4.25,10.75,4.5],"texture":"#mesh_atlas"},"south":{"uv":[15.75,5.25,16,5.5],"texture":"#mesh_atlas"},"west":{"uv":[15.5,5.25,15.75,5.5],"texture":"#mesh_atlas"},"east":{"uv":[15.5,5.25,15.25,5.5],"texture":"#mesh_atlas"}},"from":[1.5,15,5.5],"to":[2,15.5,6]},{"faces":{"down":{"uv":[15,5.25,15.25,5.5],"texture":"#mesh_atlas"},"up":{"uv":[13.25,5.5,13.5,5.25],"texture":"#mesh_atlas"},"north":{"uv":[13.25,5.25,13,5.5],"texture":"#mesh_atlas"},"south":{"uv":[12.75,5.25,13,5.5],"texture":"#mesh_atlas"},"west":{"uv":[12.5,5.25,12.75,5.5],"texture":"#mesh_atlas"},"east":{"uv":[11.5,5.25,11.25,5.5],"texture":"#mesh_atlas"}},"from":[1.5,15,7],"to":[2,15.5,7.5]},{"faces":{"down":{"uv":[7,4,7.5,4.25],"texture":"#mesh_atlas"},"up":{"uv":[7,4,7.5,3.75],"texture":"#mesh_atlas"},"north":{"uv":[7.5,3.5,7,3.75],"texture":"#mesh_atlas"},"south":{"uv":[7,3.25,7.5,3.5],"texture":"#mesh_atlas"},"west":{"uv":[11,5.25,11.25,5.5],"texture":"#mesh_atlas"},"east":{"uv":[10.5,0,10.25,0.25],"texture":"#mesh_atlas"}},"from":[1.5,15,12],"to":[2.5,15.5,12.5]},{"faces":{"down":{"uv":[10.25,0.25,10.5,0.5],"texture":"#mesh_atlas"},"up":{"uv":[10.25,0.75,10.5,0.5],"texture":"#mesh_atlas"},"north":{"uv":[4.25,0.5,4,1],"texture":"#mesh_atlas"},"south":{"uv":[4,0,4.25,0.5],"texture":"#mesh_atlas"},"west":{"uv":[6.25,0,6.5,0.5],"texture":"#mesh_atlas"},"east":{"uv":[6.75,0,6.5,0.5],"texture":"#mesh_atlas"}},"from":[1.5,15.5,5],"to":[2,16.5,5.5]},{"faces":{"down":{"uv":[10.25,0.75,10.5,1],"texture":"#mesh_atlas"},"up":{"uv":[10.25,1.25,10.5,1],"texture":"#mesh_atlas"},"north":{"uv":[10.5,1.25,10.25,1.5],"texture":"#mesh_atlas"},"south":{"uv":[10.25,3.5,10.5,3.75],"texture":"#mesh_atlas"},"west":{"uv":[10.25,3.75,10.5,4],"texture":"#mesh_atlas"},"east":{"uv":[10.5,4,10.25,4.25],"texture":"#mesh_atlas"}},"from":[1.5,15.5,10.5],"to":[2,16,11]},{"faces":{"down":{"uv":[7,3,7.5,3.25],"texture":"#mesh_atlas"},"up":{"uv":[7,3,7.5,2.75],"texture":"#mesh_atlas"},"north":{"uv":[7.5,2.5,7,2.75],"texture":"#mesh_atlas"},"south":{"uv":[7,2.25,7.5,2.5],"texture":"#mesh_atlas"},"west":{"uv":[10.25,4.25,10.5,4.5],"texture":"#mesh_atlas"},"east":{"uv":[10.5,5,10.25,5.25],"texture":"#mesh_atlas"}},"from":[1.5,15.5,11.5],"to":[2.5,16,12]},{"faces":{"down":{"uv":[13.25,10,14,10.25],"texture":"#mesh_atlas"},"up":{"uv":[6.25,10,7,9.75],"texture":"#mesh_atlas"},"north":{"uv":[8,9,7.25,9.25],"texture":"#mesh_atlas"},"south":{"uv":[8,9,8.75,9.25],"texture":"#mesh_atlas"},"west":{"uv":[10.25,5.25,10.5,5.5],"texture":"#mesh_atlas"},"east":{"uv":[10.25,0.75,10,1],"texture":"#mesh_atlas"}},"from":[1.5,16,4.5],"to":[3,16.5,5]},{"faces":{"down":{"uv":[10,1,10.25,1.25],"texture":"#mesh_atlas"},"up":{"uv":[10,1.5,10.25,1.25],"texture":"#mesh_atlas"},"north":{"uv":[10.25,1.5,10,1.75],"texture":"#mesh_atlas"},"south":{"uv":[10,1.75,10.25,2],"texture":"#mesh_atlas"},"west":{"uv":[10,2,10.25,2.25],"texture":"#mesh_atlas"},"east":{"uv":[10.25,4.25,10,4.5],"texture":"#mesh_atlas"}},"from":[1.5,16,5.5],"to":[2,16.5,6]},{"faces":{"down":{"uv":[10,4.5,10.25,4.75],"texture":"#mesh_atlas"},"up":{"uv":[10,5,10.25,4.75],"texture":"#mesh_atlas"},"north":{"uv":[0.75,7,0.5,8.25],"texture":"#mesh_atlas"},"south":{"uv":[0.5,8.25,0.75,9.5],"texture":"#mesh_atlas"},"west":{"uv":[1.75,2,2,3.25],"texture":"#mesh_atlas"},"east":{"uv":[2.25,3.25,2,4.5],"texture":"#mesh_atlas"}},"from":[1.5,16,10],"to":[2,18.5,10.5]},{"faces":{"down":{"uv":[10,5,10.25,5.25],"texture":"#mesh_atlas"},"up":{"uv":[15.25,6,15.5,5.75],"texture":"#mesh_atlas"},"north":{"uv":[15.25,5.75,15,6],"texture":"#mesh_atlas"},"south":{"uv":[14.25,5.75,14.5,6],"texture":"#mesh_atlas"},"west":{"uv":[14,5.75,14.25,6],"texture":"#mesh_atlas"},"east":{"uv":[14,5.75,13.75,6],"texture":"#mesh_atlas"}},"from":[1.5,16,11.5],"to":[2,16.5,12]},{"faces":{"down":{"uv":[7,2,7.5,2.25],"texture":"#mesh_atlas"},"up":{"uv":[7,2,7.5,1.75],"texture":"#mesh_atlas"},"north":{"uv":[13.25,11.25,12.75,11.75],"texture":"#mesh_atlas"},"south":{"uv":[13.25,11.25,13.75,11.75],"texture":"#mesh_atlas"},"west":{"uv":[6.75,5.25,7,5.75],"texture":"#mesh_atlas"},"east":{"uv":[7,4.75,6.75,5.25],"texture":"#mesh_atlas"}},"from":[1.5,16.5,10.5],"to":[2.5,17.5,11]},{"faces":{"down":{"uv":[13.5,5.75,13.75,6],"texture":"#mesh_atlas"},"up":{"uv":[13.25,6,13.5,5.75],"texture":"#mesh_atlas"},"north":{"uv":[13.25,5.75,13,6],"texture":"#mesh_atlas"},"south":{"uv":[12.75,5.75,13,6],"texture":"#mesh_atlas"},"west":{"uv":[12.5,5.75,12.75,6],"texture":"#mesh_atlas"},"east":{"uv":[12.5,5.75,12.25,6],"texture":"#mesh_atlas"}},"from":[1.5,16.5,11],"to":[2,17,11.5]},{"faces":{"down":{"uv":[12,5.75,12.25,6],"texture":"#mesh_atlas"},"up":{"uv":[11.25,6,11.5,5.75],"texture":"#mesh_atlas"},"north":{"uv":[4.5,7.25,4.25,8.25],"texture":"#mesh_atlas"},"south":{"uv":[4.25,6.25,4.5,7.25],"texture":"#mesh_atlas"},"west":{"uv":[4.25,5.25,4.5,6.25],"texture":"#mesh_atlas"},"east":{"uv":[4.5,4.25,4.25,5.25],"texture":"#mesh_atlas"}},"from":[1.5,17,9.5],"to":[2,19,10]},{"faces":{"down":{"uv":[11,5.75,11.25,6],"texture":"#mesh_atlas"},"up":{"uv":[10.75,6,11,5.75],"texture":"#mesh_atlas"},"north":{"uv":[6.75,4.25,6.5,5],"texture":"#mesh_atlas"},"south":{"uv":[6.75,7.25,7,8],"texture":"#mesh_atlas"},"west":{"uv":[6.75,6.5,7,7.25],"texture":"#mesh_atlas"},"east":{"uv":[7,5.75,6.75,6.5],"texture":"#mesh_atlas"}},"from":[1.5,17.5,9],"to":[2,19,9.5]},{"faces":{"down":{"uv":[10.5,5.75,10.75,6],"texture":"#mesh_atlas"},"up":{"uv":[9.75,0.25,10,0],"texture":"#mesh_atlas"},"north":{"uv":[10,0.25,9.75,0.5],"texture":"#mesh_atlas"},"south":{"uv":[9.75,0.5,10,0.75],"texture":"#mesh_atlas"},"west":{"uv":[9.75,0.75,10,1],"texture":"#mesh_atlas"},"east":{"uv":[10,5.5,9.75,5.75],"texture":"#mesh_atlas"}},"from":[1.5,17.5,10.5],"to":[2,18,11]},{"faces":{"down":{"uv":[7,1.5,7.5,1.75],"texture":"#mesh_atlas"},"up":{"uv":[7,1.5,7.5,1.25],"texture":"#mesh_atlas"},"north":{"uv":[7.5,1,7,1.25],"texture":"#mesh_atlas"},"south":{"uv":[7,0.75,7.5,1],"texture":"#mesh_atlas"},"west":{"uv":[9.75,5.75,10,6],"texture":"#mesh_atlas"},"east":{"uv":[15.5,6,15.25,6.25],"texture":"#mesh_atlas"}},"from":[2,10.5,5.5],"to":[3,11,6]},{"faces":{"down":{"uv":[4.5,12.75,5.75,13],"texture":"#mesh_atlas"},"up":{"uv":[9.25,12.5,10.5,12.25],"texture":"#mesh_atlas"},"north":{"uv":[11.75,12,10.5,12.25],"texture":"#mesh_atlas"},"south":{"uv":[11.75,12,13,12.25],"texture":"#mesh_atlas"},"west":{"uv":[15,6,15.25,6.25],"texture":"#mesh_atlas"},"east":{"uv":[13,6,12.75,6.25],"texture":"#mesh_atlas"}},"from":[2,11,5],"to":[4.5,11.5,5.5]},{"faces":{"down":{"uv":[12.5,6,12.75,6.25],"texture":"#mesh_atlas"},"up":{"uv":[12.25,6.25,12.5,6],"texture":"#mesh_atlas"},"north":{"uv":[12.25,6,12,6.25],"texture":"#mesh_atlas"},"south":{"uv":[9.75,6,10,6.25],"texture":"#mesh_atlas"},"west":{"uv":[9.5,0,9.75,0.25],"texture":"#mesh_atlas"},"east":{"uv":[9.75,0.25,9.5,0.5],"texture":"#mesh_atlas"}},"from":[2,12,4.5],"to":[2.5,12.5,5]},{"faces":{"down":{"uv":[9.5,0.5,9.75,0.75],"texture":"#mesh_atlas"},"up":{"uv":[9.5,1.5,9.75,1.25],"texture":"#mesh_atlas"},"north":{"uv":[7,4.25,6.75,4.75],"texture":"#mesh_atlas"},"south":{"uv":[6.75,3.75,7,4.25],"texture":"#mesh_atlas"},"west":{"uv":[6.75,3.25,7,3.75],"texture":"#mesh_atlas"},"east":{"uv":[7,2.75,6.75,3.25],"texture":"#mesh_atlas"}},"from":[2,12.5,10],"to":[2.5,13.5,10.5]},{"faces":{"down":{"uv":[4,14.25,6.25,14.5],"texture":"#mesh_atlas"},"up":{"uv":[1.75,14.5,4,14.25],"texture":"#mesh_atlas"},"north":{"uv":[15,14.5,12.75,14.75],"texture":"#mesh_atlas"},"south":{"uv":[6.25,14.25,8.5,14.5],"texture":"#mesh_atlas"},"west":{"uv":[9.5,1.5,9.75,1.75],"texture":"#mesh_atlas"},"east":{"uv":[9.75,1.75,9.5,2],"texture":"#mesh_atlas"}},"from":[2,12.5,11.5],"to":[6.5,13,12]},{"faces":{"down":{"uv":[3,12,4.25,12.25],"texture":"#mesh_atlas"},"up":{"uv":[14.25,12.5,15.5,12.25],"texture":"#mesh_atlas"},"north":{"uv":[14.25,12.25,13,12.5],"texture":"#mesh_atlas"},"south":{"uv":[11.75,12.25,13,12.5],"texture":"#mesh_atlas"},"west":{"uv":[9.5,2,9.75,2.25],"texture":"#mesh_atlas"},"east":{"uv":[9.75,2.75,9.5,3],"texture":"#mesh_atlas"}},"from":[2,13,11.5],"to":[4.5,13.5,12]},{"faces":{"down":{"uv":[9,13,9.75,13.5],"texture":"#mesh_atlas"},"up":{"uv":[8.25,13.5,9,13],"texture":"#mesh_atlas"},"north":{"uv":[5.75,6.5,5,6.75],"texture":"#mesh_atlas"},"south":{"uv":[5,6.25,5.75,6.5],"texture":"#mesh_atlas"},"west":{"uv":[7,0.5,7.5,0.75],"texture":"#mesh_atlas"},"east":{"uv":[7.5,0.25,7,0.5],"texture":"#mesh_atlas"}},"from":[2,13.5,11.5],"to":[3.5,14,12.5]},{"faces":{"down":{"uv":[7,0,7.5,0.25],"texture":"#mesh_atlas"},"up":{"uv":[7.5,8.5,8,8.25],"texture":"#mesh_atlas"},"north":{"uv":[8.5,8.25,8,8.5],"texture":"#mesh_atlas"},"south":{"uv":[8.5,8.25,9,8.5],"texture":"#mesh_atlas"},"west":{"uv":[9.5,3,9.75,3.25],"texture":"#mesh_atlas"},"east":{"uv":[9.75,3.25,9.5,3.5],"texture":"#mesh_atlas"}},"from":[2,14,11],"to":[3,14.5,11.5]},{"faces":{"down":{"uv":[5,5,5.75,5.25],"texture":"#mesh_atlas"},"up":{"uv":[5,5,5.75,4.75],"texture":"#mesh_atlas"},"north":{"uv":[5.75,4.5,5,4.75],"texture":"#mesh_atlas"},"south":{"uv":[5,4.25,5.75,4.5],"texture":"#mesh_atlas"},"west":{"uv":[9.5,3.5,9.75,3.75],"texture":"#mesh_atlas"},"east":{"uv":[14.5,6.25,14.25,6.5],"texture":"#mesh_atlas"}},"from":[2,14,12],"to":[3.5,14.5,12.5]},{"faces":{"down":{"uv":[9,8.25,9.5,8.5],"texture":"#mesh_atlas"},"up":{"uv":[9.5,8.5,10,8.25],"texture":"#mesh_atlas"},"north":{"uv":[10.5,8.25,10,8.5],"texture":"#mesh_atlas"},"south":{"uv":[10.5,8.25,11,8.5],"texture":"#mesh_atlas"},"west":{"uv":[14,6.25,14.25,6.5],"texture":"#mesh_atlas"},"east":{"uv":[13.5,6.25,13.25,6.5],"texture":"#mesh_atlas"}},"from":[2,14.5,12],"to":[3,15,12.5]},{"faces":{"down":{"uv":[13,6.25,13.25,6.5],"texture":"#mesh_atlas"},"up":{"uv":[12.75,6.5,13,6.25],"texture":"#mesh_atlas"},"north":{"uv":[12.75,6.25,12.5,6.5],"texture":"#mesh_atlas"},"south":{"uv":[11.75,6.25,12,6.5],"texture":"#mesh_atlas"},"west":{"uv":[11.5,6.25,11.75,6.5],"texture":"#mesh_atlas"},"east":{"uv":[11.5,6.25,11.25,6.5],"texture":"#mesh_atlas"}},"from":[2,15.5,4.5],"to":[2.5,16,5]},{"faces":{"down":{"uv":[11,6.25,11.25,6.5],"texture":"#mesh_atlas"},"up":{"uv":[10.25,6.5,10.5,6.25],"texture":"#mesh_atlas"},"north":{"uv":[10.25,6.25,10,6.5],"texture":"#mesh_atlas"},"south":{"uv":[9.75,6.25,10,6.5],"texture":"#mesh_atlas"},"west":{"uv":[9.5,6.25,9.75,6.5],"texture":"#mesh_atlas"},"east":{"uv":[9.5,1,9.25,1.25],"texture":"#mesh_atlas"}},"from":[2,16,4],"to":[2.5,16.5,4.5]},{"faces":{"down":{"uv":[9,1,9.25,1.25],"texture":"#mesh_atlas"},"up":{"uv":[9.25,1.5,9.5,1.25],"texture":"#mesh_atlas"},"north":{"uv":[9.25,1.25,9,1.5],"texture":"#mesh_atlas"},"south":{"uv":[9.25,1.75,9.5,2],"texture":"#mesh_atlas"},"west":{"uv":[9,1.75,9.25,2],"texture":"#mesh_atlas"},"east":{"uv":[9.5,2,9.25,2.25],"texture":"#mesh_atlas"}},"from":[2,16,5],"to":[2.5,16.5,5.5]},{"faces":{"down":{"uv":[9,2,9.25,2.25],"texture":"#mesh_atlas"},"up":{"uv":[9.25,2.5,9.5,2.25],"texture":"#mesh_atlas"},"north":{"uv":[4.75,2.75,4.5,3.5],"texture":"#mesh_atlas"},"south":{"uv":[4.75,2.75,5,3.5],"texture":"#mesh_atlas"},"west":{"uv":[4.5,2,4.75,2.75],"texture":"#mesh_atlas"},"east":{"uv":[5,2,4.75,2.75],"texture":"#mesh_atlas"}},"from":[2,16.5,10],"to":[2.5,18,10.5]},{"faces":{"down":{"uv":[9,2.25,9.25,2.5],"texture":"#mesh_atlas"},"up":{"uv":[9.25,2.75,9.5,2.5],"texture":"#mesh_atlas"},"north":{"uv":[4.75,0.5,4.5,1.25],"texture":"#mesh_atlas"},"south":{"uv":[4.75,0.5,5,1.25],"texture":"#mesh_atlas"},"west":{"uv":[5.75,9.25,6,10],"texture":"#mesh_atlas"},"east":{"uv":[6,8.5,5.75,9.25],"texture":"#mesh_atlas"}},"from":[2,17.5,9.5],"to":[2.5,19,10]},{"faces":{"down":{"uv":[9,2.5,9.25,2.75],"texture":"#mesh_atlas"},"up":{"uv":[9.25,4.25,9.5,4],"texture":"#mesh_atlas"},"north":{"uv":[6,7,5.75,7.75],"texture":"#mesh_atlas"},"south":{"uv":[5.75,6.25,6,7],"texture":"#mesh_atlas"},"west":{"uv":[5.75,5.5,6,6.25],"texture":"#mesh_atlas"},"east":{"uv":[6,4.75,5.75,5.5],"texture":"#mesh_atlas"}},"from":[2,18,9],"to":[2.5,19.5,9.5]},{"faces":{"down":{"uv":[9,4,9.25,4.25],"texture":"#mesh_atlas"},"up":{"uv":[9.25,4.5,9.5,4.25],"texture":"#mesh_atlas"},"north":{"uv":[6,2.5,5.75,3.25],"texture":"#mesh_atlas"},"south":{"uv":[5.75,1.75,6,2.5],"texture":"#mesh_atlas"},"west":{"uv":[5.75,1,6,1.75],"texture":"#mesh_atlas"},"east":{"uv":[6,0.25,5.75,1],"texture":"#mesh_atlas"}},"from":[2,18.5,8.5],"to":[2.5,20,9]},{"faces":{"down":{"uv":[9,4.25,9.25,4.5],"texture":"#mesh_atlas"},"up":{"uv":[9.25,5,9.5,4.75],"texture":"#mesh_atlas"},"north":{"uv":[9.25,4.75,9,5],"texture":"#mesh_atlas"},"south":{"uv":[9.25,5,9.5,5.25],"texture":"#mesh_atlas"},"west":{"uv":[9,5,9.25,5.25],"texture":"#mesh_atlas"},"east":{"uv":[9,0,8.75,0.25],"texture":"#mesh_atlas"}},"from":[2,19,8],"to":[2.5,19.5,8.5]},{"faces":{"down":{"uv":[11,8.25,11.5,8.5],"texture":"#mesh_atlas"},"up":{"uv":[11.5,8.5,12,8.25],"texture":"#mesh_atlas"},"north":{"uv":[12.5,8.25,12,8.5],"texture":"#mesh_atlas"},"south":{"uv":[12.5,8.25,13,8.5],"texture":"#mesh_atlas"},"west":{"uv":[8.75,0.25,9,0.5],"texture":"#mesh_atlas"},"east":{"uv":[9,0.5,8.75,0.75],"texture":"#mesh_atlas"}},"from":[2.5,10.5,5],"to":[3.5,11,5.5]},{"faces":{"down":{"uv":[6.75,11.75,8,12],"texture":"#mesh_atlas"},"up":{"uv":[5.5,12,6.75,11.75],"texture":"#mesh_atlas"},"north":{"uv":[5.5,11.75,4.25,12],"texture":"#mesh_atlas"},"south":{"uv":[3,11.75,4.25,12],"texture":"#mesh_atlas"},"west":{"uv":[8.75,0.75,9,1],"texture":"#mesh_atlas"},"east":{"uv":[8,0,7.75,0.25],"texture":"#mesh_atlas"}},"from":[2.5,11,4.5],"to":[5,11.5,5]},{"faces":{"down":{"uv":[10.5,14,12.25,14.25],"texture":"#mesh_atlas"},"up":{"uv":[12.25,14.25,14,14],"texture":"#mesh_atlas"},"north":{"uv":[10.5,14,8.75,14.25],"texture":"#mesh_atlas"},"south":{"uv":[5.25,14,7,14.25],"texture":"#mesh_atlas"},"west":{"uv":[15.75,7.75,16,8],"texture":"#mesh_atlas"},"east":{"uv":[7,0,6.75,0.25],"texture":"#mesh_atlas"}},"from":[2.5,12.5,12],"to":[6,13,12.5]},{"faces":{"down":{"uv":[8,12,9.25,12.25],"texture":"#mesh_atlas"},"up":{"uv":[6.75,12.5,8,12.25],"texture":"#mesh_atlas"},"north":{"uv":[6.75,12.25,5.5,12.5],"texture":"#mesh_atlas"},"south":{"uv":[3,12.5,4.25,12.75],"texture":"#mesh_atlas"},"west":{"uv":[6,0,6.25,0.25],"texture":"#mesh_atlas"},"east":{"uv":[4.5,0,4.25,0.25],"texture":"#mesh_atlas"}},"from":[2.5,13,12],"to":[5,13.5,12.5]},{"faces":{"down":{"uv":[15.75,11.25,16,11.5],"texture":"#mesh_atlas"},"up":{"uv":[15.75,11.75,16,11.5],"texture":"#mesh_atlas"},"north":{"uv":[7,2.25,6.75,2.75],"texture":"#mesh_atlas"},"south":{"uv":[6.75,1.75,7,2.25],"texture":"#mesh_atlas"},"west":{"uv":[6.75,1.25,7,1.75],"texture":"#mesh_atlas"},"east":{"uv":[7,0.75,6.75,1.25],"texture":"#mesh_atlas"}},"from":[2.5,14.5,11.5],"to":[3,15.5,12]},{"faces":{"down":{"uv":[10.5,14.25,12.25,14.5],"texture":"#mesh_atlas"},"up":{"uv":[7,14.25,8.75,14],"texture":"#mesh_atlas"},"north":{"uv":[5.25,14,3.5,14.25],"texture":"#mesh_atlas"},"south":{"uv":[14,14,15.75,14.25],"texture":"#mesh_atlas"},"west":{"uv":[4,1,4.25,1.25],"texture":"#mesh_atlas"},"east":{"uv":[4.25,1.75,4,2],"texture":"#mesh_atlas"}},"from":[3,12,11.5],"to":[6.5,12.5,12]},{"faces":{"down":{"uv":[4,2,4.25,2.25],"texture":"#mesh_atlas"},"up":{"uv":[4,2.5,4.25,2.25],"texture":"#mesh_atlas"},"north":{"uv":[4.25,2.5,4,2.75],"texture":"#mesh_atlas"},"south":{"uv":[4,3.25,4.25,3.5],"texture":"#mesh_atlas"},"west":{"uv":[4,6,4.25,6.25],"texture":"#mesh_atlas"},"east":{"uv":[4.25,6.25,4,6.5],"texture":"#mesh_atlas"}},"from":[3.5,10.5,4.5],"to":[4,11,5]},{"faces":{"down":{"uv":[7.25,9.25,8,9.5],"texture":"#mesh_atlas"},"up":{"uv":[8,9.5,8.75,9.25],"texture":"#mesh_atlas"},"north":{"uv":[9.5,9.25,8.75,9.5],"texture":"#mesh_atlas"},"south":{"uv":[9.5,9.25,10.25,9.5],"texture":"#mesh_atlas"},"west":{"uv":[4,6.5,4.25,6.75],"texture":"#mesh_atlas"},"east":{"uv":[4.25,7.25,4,7.5],"texture":"#mesh_atlas"}},"from":[3.5,11.5,4.5],"to":[5,12,5]},{"faces":{"down":{"uv":[9.5,13.75,11,14],"texture":"#mesh_atlas"},"up":{"uv":[8,14,9.5,13.75],"texture":"#mesh_atlas"},"north":{"uv":[8,13.75,6.5,14],"texture":"#mesh_atlas"},"south":{"uv":[5,13.75,6.5,14],"texture":"#mesh_atlas"},"west":{"uv":[4,7.5,4.25,7.75],"texture":"#mesh_atlas"},"east":{"uv":[4.25,8,4,8.25],"texture":"#mesh_atlas"}},"from":[3.5,12,12],"to":[6.5,12.5,12.5]},{"faces":{"down":{"uv":[11,10.75,12,11],"texture":"#mesh_atlas"},"up":{"uv":[12,11,13,10.75],"texture":"#mesh_atlas"},"north":{"uv":[14,10.75,13,11],"texture":"#mesh_atlas"},"south":{"uv":[14,10.75,15,11],"texture":"#mesh_atlas"},"west":{"uv":[11.5,1.75,11.75,2],"texture":"#mesh_atlas"},"east":{"uv":[11.75,2,11.5,2.25],"texture":"#mesh_atlas"}},"from":[3.5,12.5,12.5],"to":[5.5,13,13]},{"faces":{"down":{"uv":[13,8.25,13.5,8.5],"texture":"#mesh_atlas"},"up":{"uv":[13.5,8.5,14,8.25],"texture":"#mesh_atlas"},"north":{"uv":[14.5,8.25,14,8.5],"texture":"#mesh_atlas"},"south":{"uv":[14.5,8.25,15,8.5],"texture":"#mesh_atlas"},"west":{"uv":[15.75,4.25,16,4.5],"texture":"#mesh_atlas"},"east":{"uv":[15.75,4.25,15.5,4.5],"texture":"#mesh_atlas"}},"from":[3.5,13,12.5],"to":[4.5,13.5,13]},{"faces":{"down":{"uv":[15,8.25,15.5,8.5],"texture":"#mesh_atlas"},"up":{"uv":[15.5,8.5,16,8.25],"texture":"#mesh_atlas"},"north":{"uv":[8,8,7.5,8.25],"texture":"#mesh_atlas"},"south":{"uv":[8,8,8.5,8.25],"texture":"#mesh_atlas"},"west":{"uv":[11.25,1,11.5,1.25],"texture":"#mesh_atlas"},"east":{"uv":[11.5,1.25,11.25,1.5],"texture":"#mesh_atlas"}},"from":[3.5,13.5,12],"to":[4.5,14,12.5]},{"faces":{"down":{"uv":[11.25,2,11.5,2.25],"texture":"#mesh_atlas"},"up":{"uv":[11.25,2.5,11.5,2.25],"texture":"#mesh_atlas"},"north":{"uv":[11.25,0.75,11,1],"texture":"#mesh_atlas"},"south":{"uv":[11,1,11.25,1.25],"texture":"#mesh_atlas"},"west":{"uv":[11,2.75,11.25,3],"texture":"#mesh_atlas"},"east":{"uv":[11.25,3,11,3.25],"texture":"#mesh_atlas"}},"from":[4,11,4],"to":[4.5,11.5,4.5]},{"faces":{"down":{"uv":[14.25,12,15.5,12.25],"texture":"#mesh_atlas"},"up":{"uv":[7,13,8.25,12.75],"texture":"#mesh_atlas"},"north":{"uv":[9.5,12.75,8.25,13],"texture":"#mesh_atlas"},"south":{"uv":[9.5,12.75,10.75,13],"texture":"#mesh_atlas"},"west":{"uv":[15.25,4.75,15.5,5],"texture":"#mesh_atlas"},"east":{"uv":[15.25,4.75,15,5],"texture":"#mesh_atlas"}},"from":[4,11.5,12],"to":[6.5,12,12.5]},{"faces":{"down":{"uv":[15,10.75,16,11],"texture":"#mesh_atlas"},"up":{"uv":[5,10.75,6,10.5],"texture":"#mesh_atlas"},"north":{"uv":[7,10.5,6,10.75],"texture":"#mesh_atlas"},"south":{"uv":[7,10.5,8,10.75],"texture":"#mesh_atlas"},"west":{"uv":[13.75,4.75,14,5],"texture":"#mesh_atlas"},"east":{"uv":[4.25,7.75,4,8],"texture":"#mesh_atlas"}},"from":[4,12,12.5],"to":[6,12.5,13]},{"faces":{"down":{"uv":[13.25,12.75,14.5,13],"texture":"#mesh_atlas"},"up":{"uv":[4.25,12.75,5.5,12.5],"texture":"#mesh_atlas"},"north":{"uv":[10.5,12.5,9.25,12.75],"texture":"#mesh_atlas"},"south":{"uv":[10.5,12.5,11.75,12.75],"texture":"#mesh_atlas"},"west":{"uv":[13.25,4.75,13.5,5],"texture":"#mesh_atlas"},"east":{"uv":[13.25,4.75,13,5],"texture":"#mesh_atlas"}},"from":[4.5,11.5,11.5],"to":[7,12,12]},{"faces":{"down":{"uv":[8.75,14.75,10,15.25],"texture":"#mesh_atlas"},"up":{"uv":[7.5,15.25,8.75,14.75],"texture":"#mesh_atlas"},"north":{"uv":[15.5,11.75,14.25,12],"texture":"#mesh_atlas"},"south":{"uv":[3,11.5,4.25,11.75],"texture":"#mesh_atlas"},"west":{"uv":[8.5,8,9,8.25],"texture":"#mesh_atlas"},"east":{"uv":[9.5,8,9,8.25],"texture":"#mesh_atlas"}},"from":[5,11,11.5],"to":[7.5,11.5,12.5]},{"faces":{"down":{"uv":[9.5,8,10,8.25],"texture":"#mesh_atlas"},"up":{"uv":[10,8.25,10.5,8],"texture":"#mesh_atlas"},"north":{"uv":[11,8,10.5,8.25],"texture":"#mesh_atlas"},"south":{"uv":[11,8,11.5,8.25],"texture":"#mesh_atlas"},"west":{"uv":[10.75,0,11,0.25],"texture":"#mesh_atlas"},"east":{"uv":[11,0.25,10.75,0.5],"texture":"#mesh_atlas"}},"from":[5,11.5,12.5],"to":[6,12,13]},{"faces":{"down":{"uv":[3.5,13.75,5,14],"texture":"#mesh_atlas"},"up":{"uv":[14.25,13.5,15.75,13.25],"texture":"#mesh_atlas"},"north":{"uv":[5.5,14.75,4,15.25],"texture":"#mesh_atlas"},"south":{"uv":[2.5,14.75,4,15.25],"texture":"#mesh_atlas"},"west":{"uv":[6.75,0.25,7,0.75],"texture":"#mesh_atlas"},"east":{"uv":[7.75,7.5,7.5,8],"texture":"#mesh_atlas"}},"from":[5.5,10,12],"to":[8.5,11,12.5]},{"faces":{"down":{"uv":[1.75,14.5,4.5,14.75],"texture":"#mesh_atlas"},"up":{"uv":[10,14.75,12.75,14.5],"texture":"#mesh_atlas"},"north":{"uv":[10,14.5,7.25,14.75],"texture":"#mesh_atlas"},"south":{"uv":[4.5,14.5,7.25,14.75],"texture":"#mesh_atlas"},"west":{"uv":[10.75,1.5,11,1.75],"texture":"#mesh_atlas"},"east":{"uv":[11,1.75,10.75,2],"texture":"#mesh_atlas"}},"from":[5.5,10.5,11.5],"to":[11,11,12]},{"faces":{"down":{"uv":[8,8.75,8.75,9],"texture":"#mesh_atlas"},"up":{"uv":[7.25,9,8,8.75],"texture":"#mesh_atlas"},"north":{"uv":[12.5,9.25,11.75,9.5],"texture":"#mesh_atlas"},"south":{"uv":[13.75,9.5,14.5,9.75],"texture":"#mesh_atlas"},"west":{"uv":[10.75,2.5,11,2.75],"texture":"#mesh_atlas"},"east":{"uv":[11,2.75,10.75,3],"texture":"#mesh_atlas"}},"from":[5.5,11,11],"to":[7,11.5,11.5]},{"faces":{"down":{"uv":[11.5,8,12,8.25],"texture":"#mesh_atlas"},"up":{"uv":[12,8.25,12.5,8],"texture":"#mesh_atlas"},"north":{"uv":[1.25,8.25,0.75,9.25],"texture":"#mesh_atlas"},"south":{"uv":[0,3,0.5,4],"texture":"#mesh_atlas"},"west":{"uv":[2.25,6.25,2.5,7.25],"texture":"#mesh_atlas"},"east":{"uv":[2.75,6.25,2.5,7.25],"texture":"#mesh_atlas"}},"from":[5.5,11.5,11],"to":[6.5,13.5,11.5]},{"faces":{"down":{"uv":[12.5,8,13,8.25],"texture":"#mesh_atlas"},"up":{"uv":[13,8.25,13.5,8],"texture":"#mesh_atlas"},"north":{"uv":[1.25,0.5,0.75,1.25],"texture":"#mesh_atlas"},"south":{"uv":[1.25,0.5,1.75,1.25],"texture":"#mesh_atlas"},"west":{"uv":[6.25,8,6.5,8.75],"texture":"#mesh_atlas"},"east":{"uv":[6.5,8.75,6.25,9.5],"texture":"#mesh_atlas"}},"from":[5.5,13,10.5],"to":[6.5,14.5,11]},{"faces":{"down":{"uv":[13.5,8,14,8.25],"texture":"#mesh_atlas"},"up":{"uv":[14,8.25,14.5,8],"texture":"#mesh_atlas"},"north":{"uv":[15,8,14.5,8.25],"texture":"#mesh_atlas"},"south":{"uv":[15,8,15.5,8.25],"texture":"#mesh_atlas"},"west":{"uv":[10.75,3,11,3.25],"texture":"#mesh_atlas"},"east":{"uv":[11,3.25,10.75,3.5],"texture":"#mesh_atlas"}},"from":[5.5,14.5,10],"to":[6.5,15,10.5]},{"faces":{"down":{"uv":[5.5,14.75,7.5,15],"texture":"#mesh_atlas"},"up":{"uv":[8.5,14.5,10.5,14.25],"texture":"#mesh_atlas"},"north":{"uv":[7.5,15.5,5.5,16],"texture":"#mesh_atlas"},"south":{"uv":[5.5,15,7.5,15.5],"texture":"#mesh_atlas"},"west":{"uv":[7.5,7,7.75,7.5],"texture":"#mesh_atlas"},"east":{"uv":[7.75,6.5,7.5,7],"texture":"#mesh_atlas"}},"from":[6,9.5,11.5],"to":[10,10.5,12]},{"faces":{"down":{"uv":[3,10,4,10.25],"texture":"#mesh_atlas"},"up":{"uv":[3,10,4,9.75],"texture":"#mesh_atlas"},"north":{"uv":[4,9.5,3,9.75],"texture":"#mesh_atlas"},"south":{"uv":[3,9.25,4,9.5],"texture":"#mesh_atlas"},"west":{"uv":[14.25,5,14.5,5.25],"texture":"#mesh_atlas"},"east":{"uv":[14.25,5,14,5.25],"texture":"#mesh_atlas"}},"from":[6,9.5,12],"to":[8,10,12.5]},{"faces":{"down":{"uv":[13.75,5,14,5.25],"texture":"#mesh_atlas"},"up":{"uv":[11.5,5.5,11.75,5.25],"texture":"#mesh_atlas"},"north":{"uv":[7.75,6,7.5,6.5],"texture":"#mesh_atlas"},"south":{"uv":[7.5,5.5,7.75,6],"texture":"#mesh_atlas"},"west":{"uv":[7.5,5,7.75,5.5],"texture":"#mesh_atlas"},"east":{"uv":[7.75,4.5,7.5,5],"texture":"#mesh_atlas"}},"from":[6,10,12.5],"to":[6.5,11,13]},{"faces":{"down":{"uv":[14.5,9.75,15.25,10],"texture":"#mesh_atlas"},"up":{"uv":[13,10,13.75,9.75],"texture":"#mesh_atlas"},"north":{"uv":[13,9.75,12.25,10],"texture":"#mesh_atlas"},"south":{"uv":[11.5,9.75,12.25,10],"texture":"#mesh_atlas"},"west":{"uv":[10.75,5.25,11,5.5],"texture":"#mesh_atlas"},"east":{"uv":[10.75,5.25,10.5,5.5],"texture":"#mesh_atlas"}},"from":[6,10.5,11],"to":[7.5,11,11.5]},{"faces":{"down":{"uv":[10.25,2,10.5,2.25],"texture":"#mesh_atlas"},"up":{"uv":[10,4.25,10.25,4],"texture":"#mesh_atlas"},"north":{"uv":[7.75,4,7.5,4.5],"texture":"#mesh_atlas"},"south":{"uv":[7.5,3.5,7.75,4],"texture":"#mesh_atlas"},"west":{"uv":[7.5,3,7.75,3.5],"texture":"#mesh_atlas"},"east":{"uv":[7.75,2.5,7.5,3],"texture":"#mesh_atlas"}},"from":[6,12,10.5],"to":[6.5,13,11]},{"faces":{"down":{"uv":[10,5.25,10.25,5.5],"texture":"#mesh_atlas"},"up":{"uv":[10,6,10.25,5.75],"texture":"#mesh_atlas"},"north":{"uv":[10,3,9.75,3.25],"texture":"#mesh_atlas"},"south":{"uv":[9.75,3.75,10,4],"texture":"#mesh_atlas"},"west":{"uv":[15.75,6,16,6.25],"texture":"#mesh_atlas"},"east":{"uv":[15.75,6,15.5,6.25],"texture":"#mesh_atlas"}},"from":[6,13,11.5],"to":[6.5,13.5,12]},{"faces":{"down":{"uv":[14.25,6,14.5,6.25],"texture":"#mesh_atlas"},"up":{"uv":[9.5,5.25,9.75,5],"texture":"#mesh_atlas"},"north":{"uv":[15.5,6.25,15.25,6.5],"texture":"#mesh_atlas"},"south":{"uv":[15,6.25,15.25,6.5],"texture":"#mesh_atlas"},"west":{"uv":[14.75,6.25,15,6.5],"texture":"#mesh_atlas"},"east":{"uv":[10.75,6.25,10.5,6.5],"texture":"#mesh_atlas"}},"from":[6,13.5,11],"to":[6.5,14,11.5]},{"faces":{"down":{"uv":[14.25,13,15.75,13.25],"texture":"#mesh_atlas"},"up":{"uv":[3,13,4.5,12.75],"texture":"#mesh_atlas"},"north":{"uv":[4,15.25,2.5,16],"texture":"#mesh_atlas"},"south":{"uv":[4,15.25,5.5,16],"texture":"#mesh_atlas"},"west":{"uv":[6.25,7.25,6.5,8],"texture":"#mesh_atlas"},"east":{"uv":[5,8.25,4.75,9],"texture":"#mesh_atlas"}},"from":[6.5,8,11.5],"to":[9.5,9.5,12]},{"faces":{"down":{"uv":[4.75,13.5,6.25,13.75],"texture":"#mesh_atlas"},"up":{"uv":[3.25,13.75,4.75,13.5],"texture":"#mesh_atlas"},"north":{"uv":[15.25,13.5,13.75,13.75],"texture":"#mesh_atlas"},"south":{"uv":[12.25,13.5,13.75,13.75],"texture":"#mesh_atlas"},"west":{"uv":[9.25,0.25,9.5,0.5],"texture":"#mesh_atlas"},"east":{"uv":[9.25,0.25,9,0.5],"texture":"#mesh_atlas"}},"from":[6.5,8.5,12],"to":[9.5,9,12.5]},{"faces":{"down":{"uv":[11.75,10,12.5,10.25],"texture":"#mesh_atlas"},"up":{"uv":[12.5,10.25,13.25,10],"texture":"#mesh_atlas"},"north":{"uv":[10,9.75,9.25,10],"texture":"#mesh_atlas"},"south":{"uv":[10,9.75,10.75,10],"texture":"#mesh_atlas"},"west":{"uv":[9.25,0.5,9.5,0.75],"texture":"#mesh_atlas"},"east":{"uv":[15.75,4,15.5,4.25],"texture":"#mesh_atlas"}},"from":[6.5,9,12],"to":[8,9.5,12.5]},{"faces":{"down":{"uv":[15.5,8,16,8.25],"texture":"#mesh_atlas"},"up":{"uv":[7.75,8,8.25,7.75],"texture":"#mesh_atlas"},"north":{"uv":[8.75,7.75,8.25,8],"texture":"#mesh_atlas"},"south":{"uv":[8.75,7.75,9.25,8],"texture":"#mesh_atlas"},"west":{"uv":[14.25,4.25,14.5,4.5],"texture":"#mesh_atlas"},"east":{"uv":[14.25,4.25,14,4.5],"texture":"#mesh_atlas"}},"from":[6.5,10,11],"to":[7.5,10.5,11.5]},{"faces":{"down":{"uv":[8.75,15.25,10,16],"texture":"#mesh_atlas"},"up":{"uv":[10,16,11.25,15.25],"texture":"#mesh_atlas"},"north":{"uv":[1.25,14.75,0,16],"texture":"#mesh_atlas"},"south":{"uv":[1.25,14.75,2.5,16],"texture":"#mesh_atlas"},"west":{"uv":[11.25,14.75,12,16],"texture":"#mesh_atlas"},"east":{"uv":[12.75,14.75,12,16],"texture":"#mesh_atlas"}},"from":[7,5,14],"to":[9.5,7.5,15.5]},{"faces":{"down":{"uv":[6.75,12.5,8,12.75],"texture":"#mesh_atlas"},"up":{"uv":[5.5,12.75,6.75,12.5],"texture":"#mesh_atlas"},"north":{"uv":[14,15.25,12.75,16],"texture":"#mesh_atlas"},"south":{"uv":[7.5,15.25,8.75,16],"texture":"#mesh_atlas"},"west":{"uv":[6,7.75,6.25,8.5],"texture":"#mesh_atlas"},"east":{"uv":[6.25,7,6,7.75],"texture":"#mesh_atlas"}},"from":[7,5.5,15.5],"to":[9.5,7,16]},{"faces":{"down":{"uv":[11.25,0,11.5,0.25],"texture":"#mesh_atlas"},"up":{"uv":[13.25,5.25,13.5,5],"texture":"#mesh_atlas"},"north":{"uv":[2.25,0.75,2,2],"texture":"#mesh_atlas"},"south":{"uv":[1.75,0.75,2,2],"texture":"#mesh_atlas"},"west":{"uv":[2,2,2.25,3.25],"texture":"#mesh_atlas"},"east":{"uv":[2,3.25,1.75,4.5],"texture":"#mesh_atlas"}},"from":[7,9,12.5],"to":[7.5,11.5,13]},{"faces":{"down":{"uv":[13,5,13.25,5.25],"texture":"#mesh_atlas"},"up":{"uv":[12.25,5.25,12.5,5],"texture":"#mesh_atlas"},"north":{"uv":[15.75,5.5,15.5,5.75],"texture":"#mesh_atlas"},"south":{"uv":[15.75,5.75,16,6],"texture":"#mesh_atlas"},"west":{"uv":[15.5,5.75,15.75,6],"texture":"#mesh_atlas"},"east":{"uv":[14,6,13.75,6.25],"texture":"#mesh_atlas"}},"from":[7,9.5,11],"to":[7.5,10,11.5]},{"faces":{"down":{"uv":[10,6,10.25,6.25],"texture":"#mesh_atlas"},"up":{"uv":[9.5,2.5,9.75,2.25],"texture":"#mesh_atlas"},"north":{"uv":[4.75,8,4.5,9],"texture":"#mesh_atlas"},"south":{"uv":[4.25,10.25,4.5,11.25],"texture":"#mesh_atlas"},"west":{"uv":[0.5,3,0.75,4],"texture":"#mesh_atlas"},"east":{"uv":[0.75,2,0.5,3],"texture":"#mesh_atlas"}},"from":[7,10,13],"to":[7.5,12,13.5]},{"faces":{"down":{"uv":[9.25,7.75,9.75,8],"texture":"#mesh_atlas"},"up":{"uv":[9.75,8,10.25,7.75],"texture":"#mesh_atlas"},"north":{"uv":[2.75,10.25,2.25,10.75],"texture":"#mesh_atlas"},"south":{"uv":[2.25,9.75,2.75,10.25],"texture":"#mesh_atlas"},"west":{"uv":[7.5,2,7.75,2.5],"texture":"#mesh_atlas"},"east":{"uv":[7.75,1.5,7.5,2],"texture":"#mesh_atlas"}},"from":[7,11,13.5],"to":[8,12,14]},{"faces":{"down":{"uv":[13,9.5,13.75,9.75],"texture":"#mesh_atlas"},"up":{"uv":[12.25,9.75,13,9.5],"texture":"#mesh_atlas"},"north":{"uv":[12.25,9.5,11.5,9.75],"texture":"#mesh_atlas"},"south":{"uv":[10.75,9.5,11.5,9.75],"texture":"#mesh_atlas"},"west":{"uv":[9.5,2.5,9.75,2.75],"texture":"#mesh_atlas"},"east":{"uv":[14,4.5,13.75,4.75],"texture":"#mesh_atlas"}},"from":[7.5,5,15.5],"to":[9,5.5,16]},{"faces":{"down":{"uv":[9.25,9.5,10,9.75],"texture":"#mesh_atlas"},"up":{"uv":[8.5,9.75,9.25,9.5],"texture":"#mesh_atlas"},"north":{"uv":[7,9.5,6.25,9.75],"texture":"#mesh_atlas"},"south":{"uv":[15.25,9.75,16,10],"texture":"#mesh_atlas"},"west":{"uv":[13.5,4.5,13.75,4.75],"texture":"#mesh_atlas"},"east":{"uv":[11.25,3.25,11,3.5],"texture":"#mesh_atlas"}},"from":[7.5,7,15.5],"to":[9,7.5,16]},{"faces":{"down":{"uv":[5,0.75,5.75,1],"texture":"#mesh_atlas"},"up":{"uv":[5,3.5,5.75,3.25],"texture":"#mesh_atlas"},"north":{"uv":[5.75,7.25,5,7.5],"texture":"#mesh_atlas"},"south":{"uv":[5,7.5,5.75,7.75],"texture":"#mesh_atlas"},"west":{"uv":[10,3.75,10.25,4],"texture":"#mesh_atlas"},"east":{"uv":[10,3.25,9.75,3.5],"texture":"#mesh_atlas"}},"from":[7.5,8,11],"to":[9,8.5,11.5]},{"faces":{"down":{"uv":[9.5,4.25,9.75,4.5],"texture":"#mesh_atlas"},"up":{"uv":[14.5,4.75,14.75,4.5],"texture":"#mesh_atlas"},"north":{"uv":[0.75,1,0.5,2],"texture":"#mesh_atlas"},"south":{"uv":[0.5,0,0.75,1],"texture":"#mesh_atlas"},"west":{"uv":[2.5,7.25,2.75,8.25],"texture":"#mesh_atlas"},"east":{"uv":[3,7.25,2.75,8.25],"texture":"#mesh_atlas"}},"from":[7.5,10,12.5],"to":[8,12,13]},{"faces":{"down":{"uv":[12.25,14.25,14,14.5],"texture":"#mesh_atlas"},"up":{"uv":[1.75,14.25,3.5,14],"texture":"#mesh_atlas"},"north":{"uv":[15.75,14.25,14,14.5],"texture":"#mesh_atlas"},"south":{"uv":[1.75,13.75,3.5,14],"texture":"#mesh_atlas"},"west":{"uv":[10.25,5.75,10.5,6],"texture":"#mesh_atlas"},"east":{"uv":[10.25,5.5,10,5.75],"texture":"#mesh_atlas"}},"from":[7.5,11,12],"to":[11,11.5,12.5]},{"faces":{"down":{"uv":[4.5,11,5.5,11.25],"texture":"#mesh_atlas"},"up":{"uv":[3,9,4,8.75],"texture":"#mesh_atlas"},"north":{"uv":[1.75,11.25,0.75,11.75],"texture":"#mesh_atlas"},"south":{"uv":[12.75,14.75,13.75,15.25],"texture":"#mesh_atlas"},"west":{"uv":[7.5,1,7.75,1.5],"texture":"#mesh_atlas"},"east":{"uv":[7.75,0.5,7.5,1],"texture":"#mesh_atlas"}},"from":[7.5,11,13],"to":[9.5,12,13.5]},{"faces":{"down":{"uv":[10,9.5,10.75,9.75],"texture":"#mesh_atlas"},"up":{"uv":[6.5,9,7.25,8.75],"texture":"#mesh_atlas"},"north":{"uv":[15.5,9,14.75,9.25],"texture":"#mesh_atlas"},"south":{"uv":[14,9,14.75,9.25],"texture":"#mesh_atlas"},"west":{"uv":[14,6,14.25,6.25],"texture":"#mesh_atlas"},"east":{"uv":[10,3.5,9.75,3.75],"texture":"#mesh_atlas"}},"from":[7.5,12,13],"to":[9,12.5,13.5]},{"faces":{"down":{"uv":[10.75,7.75,11.25,8],"texture":"#mesh_atlas"},"up":{"uv":[11.25,8,11.75,7.75],"texture":"#mesh_atlas"},"north":{"uv":[5,9,4.5,9.5],"texture":"#mesh_atlas"},"south":{"uv":[4.5,9.5,5,10],"texture":"#mesh_atlas"},"west":{"uv":[7.5,0,7.75,0.5],"texture":"#mesh_atlas"},"east":{"uv":[8,7.25,7.75,7.75],"texture":"#mesh_atlas"}},"from":[8,9.5,11],"to":[9,10.5,11.5]},{"faces":{"down":{"uv":[13.25,9,14,9.25],"texture":"#mesh_atlas"},"up":{"uv":[12.5,9.25,13.25,9],"texture":"#mesh_atlas"},"north":{"uv":[12.5,9,11.75,9.25],"texture":"#mesh_atlas"},"south":{"uv":[14.75,10,15.5,10.25],"texture":"#mesh_atlas"},"west":{"uv":[13.5,5,13.75,5.25],"texture":"#mesh_atlas"},"east":{"uv":[11.25,3.5,11,3.75],"texture":"#mesh_atlas"}},"from":[8,11,12.5],"to":[9.5,11.5,13]},{"faces":{"down":{"uv":[11.75,7.75,12.25,8],"texture":"#mesh_atlas"},"up":{"uv":[12.25,8,12.75,7.75],"texture":"#mesh_atlas"},"north":{"uv":[13.25,7.75,12.75,8],"texture":"#mesh_atlas"},"south":{"uv":[13.25,7.75,13.75,8],"texture":"#mesh_atlas"},"west":{"uv":[14.75,4.5,15,4.75],"texture":"#mesh_atlas"},"east":{"uv":[11.5,0.25,11.25,0.5],"texture":"#mesh_atlas"}},"from":[8,11.5,12.5],"to":[9,12,13]},{"faces":{"down":{"uv":[14,10,14.75,10.25],"texture":"#mesh_atlas"},"up":{"uv":[5,10,5.75,9.75],"texture":"#mesh_atlas"},"north":{"uv":[5.75,10,5,10.25],"texture":"#mesh_atlas"},"south":{"uv":[11.5,10.5,12.25,10.75],"texture":"#mesh_atlas"},"west":{"uv":[15.75,4,16,4.25],"texture":"#mesh_atlas"},"east":{"uv":[12,3.75,11.75,4],"texture":"#mesh_atlas"}},"from":[8,11.5,13.5],"to":[9.5,12,14]},{"faces":{"down":{"uv":[11.75,3.5,12,3.75],"texture":"#mesh_atlas"},"up":{"uv":[9,3.5,9.25,3.25],"texture":"#mesh_atlas"},"north":{"uv":[9.5,3.25,9.25,3.5],"texture":"#mesh_atlas"},"south":{"uv":[9,3,9.25,3.25],"texture":"#mesh_atlas"},"west":{"uv":[9.25,3,9.5,3.25],"texture":"#mesh_atlas"},"east":{"uv":[9.25,0.5,9,0.75],"texture":"#mesh_atlas"}},"from":[8,12,13.5],"to":[8.5,12.5,14]},{"faces":{"down":{"uv":[13,12,14.25,12.25],"texture":"#mesh_atlas"},"up":{"uv":[4.25,12.25,5.5,12],"texture":"#mesh_atlas"},"north":{"uv":[6.75,12,5.5,12.25],"texture":"#mesh_atlas"},"south":{"uv":[10.75,12.75,12,13],"texture":"#mesh_atlas"},"west":{"uv":[10.75,6.25,11,6.5],"texture":"#mesh_atlas"},"east":{"uv":[14.75,6.25,14.5,6.5],"texture":"#mesh_atlas"}},"from":[8.5,10.5,12],"to":[11,11,12.5]},{"faces":{"down":{"uv":[13.25,10.25,14,10.5],"texture":"#mesh_atlas"},"up":{"uv":[14,10.5,14.75,10.25],"texture":"#mesh_atlas"},"north":{"uv":[15.5,10.25,14.75,10.5],"texture":"#mesh_atlas"},"south":{"uv":[5,9,5.75,9.25],"texture":"#mesh_atlas"},"west":{"uv":[9.5,4.75,9.75,5],"texture":"#mesh_atlas"},"east":{"uv":[9.75,4.5,9.5,4.75],"texture":"#mesh_atlas"}},"from":[8.5,10.5,12.5],"to":[10,11,13]},{"faces":{"down":{"uv":[13.75,7.75,14.25,8],"texture":"#mesh_atlas"},"up":{"uv":[14.25,8,14.75,7.75],"texture":"#mesh_atlas"},"north":{"uv":[15.25,7.75,14.75,8],"texture":"#mesh_atlas"},"south":{"uv":[15.25,7.75,15.75,8],"texture":"#mesh_atlas"},"west":{"uv":[10.25,6,10.5,6.25],"texture":"#mesh_atlas"},"east":{"uv":[13.75,6,13.5,6.25],"texture":"#mesh_atlas"}},"from":[8.5,11,13.5],"to":[9.5,11.5,14]},{"faces":{"down":{"uv":[8,7.5,8.5,7.75],"texture":"#mesh_atlas"},"up":{"uv":[8.5,7.75,9,7.5],"texture":"#mesh_atlas"},"north":{"uv":[2.25,9,1.75,9.75],"texture":"#mesh_atlas"},"south":{"uv":[1.75,4.5,2.25,5.25],"texture":"#mesh_atlas"},"west":{"uv":[4.75,7.25,5,8],"texture":"#mesh_atlas"},"east":{"uv":[4.75,6.5,4.5,7.25],"texture":"#mesh_atlas"}},"from":[9,9,12],"to":[10,10.5,12.5]},{"faces":{"down":{"uv":[9,7.5,9.5,7.75],"texture":"#mesh_atlas"},"up":{"uv":[9.5,7.75,10,7.5],"texture":"#mesh_atlas"},"north":{"uv":[2.75,0.75,2.25,1.25],"texture":"#mesh_atlas"},"south":{"uv":[2.25,1.25,2.75,1.75],"texture":"#mesh_atlas"},"west":{"uv":[7.75,6.75,8,7.25],"texture":"#mesh_atlas"},"east":{"uv":[8,6.25,7.75,6.75],"texture":"#mesh_atlas"}},"from":[9,9.5,12.5],"to":[10,10.5,13]},{"faces":{"down":{"uv":[10,7.5,10.5,7.75],"texture":"#mesh_atlas"},"up":{"uv":[10.5,7.75,11,7.5],"texture":"#mesh_atlas"},"north":{"uv":[2.75,1.75,2.25,2.25],"texture":"#mesh_atlas"},"south":{"uv":[2.25,3.75,2.75,4.25],"texture":"#mesh_atlas"},"west":{"uv":[7.75,5.75,8,6.25],"texture":"#mesh_atlas"},"east":{"uv":[8,5.25,7.75,5.75],"texture":"#mesh_atlas"}},"from":[9,10,11],"to":[10,11,11.5]},{"faces":{"down":{"uv":[15.75,5.5,16,5.75],"texture":"#mesh_atlas"},"up":{"uv":[10.25,5,10.5,4.75],"texture":"#mesh_atlas"},"north":{"uv":[10.5,4.5,10.25,4.75],"texture":"#mesh_atlas"},"south":{"uv":[10.25,2.75,10.5,3],"texture":"#mesh_atlas"},"west":{"uv":[10.25,2.5,10.5,2.75],"texture":"#mesh_atlas"},"east":{"uv":[10.5,2.25,10.25,2.5],"texture":"#mesh_atlas"}},"from":[9,10.5,13],"to":[9.5,11,13.5]},{"faces":{"down":{"uv":[3,7.5,4,7.75],"texture":"#mesh_atlas"},"up":{"uv":[3,8.5,4,8.25],"texture":"#mesh_atlas"},"north":{"uv":[4,8.5,3,8.75],"texture":"#mesh_atlas"},"south":{"uv":[3,9,4,9.25],"texture":"#mesh_atlas"},"west":{"uv":[11.75,5.25,12,5.5],"texture":"#mesh_atlas"},"east":{"uv":[10.75,5,10.5,5.25],"texture":"#mesh_atlas"}},"from":[9,11,11.5],"to":[11,11.5,12]},{"faces":{"down":{"uv":[10.5,4.75,10.75,5],"texture":"#mesh_atlas"},"up":{"uv":[12,5.25,12.25,5],"texture":"#mesh_atlas"},"north":{"uv":[8,4.75,7.75,5.25],"texture":"#mesh_atlas"},"south":{"uv":[7.75,4.25,8,4.75],"texture":"#mesh_atlas"},"west":{"uv":[7.75,3.75,8,4.25],"texture":"#mesh_atlas"},"east":{"uv":[8,3.25,7.75,3.75],"texture":"#mesh_atlas"}},"from":[9.5,8.5,11.5],"to":[10,9.5,12]},{"faces":{"down":{"uv":[7,9.5,7.75,9.75],"texture":"#mesh_atlas"},"up":{"uv":[7.75,9.75,8.5,9.5],"texture":"#mesh_atlas"},"north":{"uv":[0.75,10.75,0,11.75],"texture":"#mesh_atlas"},"south":{"uv":[0,11.75,0.75,12.75],"texture":"#mesh_atlas"},"west":{"uv":[2.75,6.25,3,7.25],"texture":"#mesh_atlas"},"east":{"uv":[2.5,7.25,2.25,8.25],"texture":"#mesh_atlas"}},"from":[9.5,11,11],"to":[11,13,11.5]},{"faces":{"down":{"uv":[3,10.25,4,10.5],"texture":"#mesh_atlas"},"up":{"uv":[15,14.75,16,14.5],"texture":"#mesh_atlas"},"north":{"uv":[1.75,13.25,0.75,14],"texture":"#mesh_atlas"},"south":{"uv":[0.75,14,1.75,14.75],"texture":"#mesh_atlas"},"west":{"uv":[6.5,0.5,6.75,1.25],"texture":"#mesh_atlas"},"east":{"uv":[7,8,6.75,8.75],"texture":"#mesh_atlas"}},"from":[9.5,11.5,11.5],"to":[11.5,13,12]},{"faces":{"down":{"uv":[12.5,8.75,13.25,9],"texture":"#mesh_atlas"},"up":{"uv":[11.75,9,12.5,8.75],"texture":"#mesh_atlas"},"north":{"uv":[11.75,8.75,11,9],"texture":"#mesh_atlas"},"south":{"uv":[10.25,8.75,11,9],"texture":"#mesh_atlas"},"west":{"uv":[15.5,4.75,15.75,5],"texture":"#mesh_atlas"},"east":{"uv":[16,4.75,15.75,5],"texture":"#mesh_atlas"}},"from":[9.5,11.5,12],"to":[11,12,12.5]},{"faces":{"down":{"uv":[11,7.5,11.5,7.75],"texture":"#mesh_atlas"},"up":{"uv":[11.5,7.75,12,7.5],"texture":"#mesh_atlas"},"north":{"uv":[1.25,2.25,0.75,3],"texture":"#mesh_atlas"},"south":{"uv":[1.25,2.25,1.75,3],"texture":"#mesh_atlas"},"west":{"uv":[6.25,0.5,6.5,1.25],"texture":"#mesh_atlas"},"east":{"uv":[6.5,1.25,6.25,2],"texture":"#mesh_atlas"}},"from":[9.5,12.5,10.5],"to":[10.5,14,11]},{"faces":{"down":{"uv":[12,7.5,12.5,7.75],"texture":"#mesh_atlas"},"up":{"uv":[12.5,7.75,13,7.5],"texture":"#mesh_atlas"},"north":{"uv":[13.5,7.5,13,7.75],"texture":"#mesh_atlas"},"south":{"uv":[13.5,7.5,14,7.75],"texture":"#mesh_atlas"},"west":{"uv":[15,4.5,15.25,4.75],"texture":"#mesh_atlas"},"east":{"uv":[15.5,4.5,15.25,4.75],"texture":"#mesh_atlas"}},"from":[9.5,13,11],"to":[10.5,13.5,11.5]},{"faces":{"down":{"uv":[15.5,4.5,15.75,4.75],"texture":"#mesh_atlas"},"up":{"uv":[15.75,4.75,16,4.5],"texture":"#mesh_atlas"},"north":{"uv":[6.5,2,6.25,2.75],"texture":"#mesh_atlas"},"south":{"uv":[6.25,2.75,6.5,3.5],"texture":"#mesh_atlas"},"west":{"uv":[6.25,3.5,6.5,4.25],"texture":"#mesh_atlas"},"east":{"uv":[6.5,4.25,6.25,5],"texture":"#mesh_atlas"}},"from":[9.5,13.5,10],"to":[10,15,10.5]},{"faces":{"down":{"uv":[11.25,0.75,11.5,1],"texture":"#mesh_atlas"},"up":{"uv":[11.25,0.75,11.5,0.5],"texture":"#mesh_atlas"},"north":{"uv":[8,2.75,7.75,3.25],"texture":"#mesh_atlas"},"south":{"uv":[7.75,2.25,8,2.75],"texture":"#mesh_atlas"},"west":{"uv":[7.75,1.75,8,2.25],"texture":"#mesh_atlas"},"east":{"uv":[8,1.25,7.75,1.75],"texture":"#mesh_atlas"}},"from":[9.5,13.5,11],"to":[10,14.5,11.5]},{"faces":{"down":{"uv":[15,4.25,15.25,4.5],"texture":"#mesh_atlas"},"up":{"uv":[15.25,4.5,15.5,4.25],"texture":"#mesh_atlas"},"north":{"uv":[4.5,0.25,4.25,1.25],"texture":"#mesh_atlas"},"south":{"uv":[4.25,1.25,4.5,2.25],"texture":"#mesh_atlas"},"west":{"uv":[4.25,2.25,4.5,3.25],"texture":"#mesh_atlas"},"east":{"uv":[4.5,3.25,4.25,4.25],"texture":"#mesh_atlas"}},"from":[9.5,14,10.5],"to":[10,16,11]},{"faces":{"down":{"uv":[11.5,1,11.75,1.25],"texture":"#mesh_atlas"},"up":{"uv":[11.5,1,11.75,0.75],"texture":"#mesh_atlas"},"north":{"uv":[11.75,0,11.5,0.25],"texture":"#mesh_atlas"},"south":{"uv":[11.75,4,12,4.25],"texture":"#mesh_atlas"},"west":{"uv":[12,4,12.25,4.25],"texture":"#mesh_atlas"},"east":{"uv":[12.5,4,12.25,4.25],"texture":"#mesh_atlas"}},"from":[9.5,15,11],"to":[10,15.5,11.5]},{"faces":{"down":{"uv":[12.5,4,12.75,4.25],"texture":"#mesh_atlas"},"up":{"uv":[12.75,4.25,13,4],"texture":"#mesh_atlas"},"north":{"uv":[8,0.75,7.75,1.25],"texture":"#mesh_atlas"},"south":{"uv":[7.75,0.25,8,0.75],"texture":"#mesh_atlas"},"west":{"uv":[8,7,8.25,7.5],"texture":"#mesh_atlas"},"east":{"uv":[8.25,6.5,8,7],"texture":"#mesh_atlas"}},"from":[10,9.5,12],"to":[10.5,10.5,12.5]},{"faces":{"down":{"uv":[11.75,2.75,12,3],"texture":"#mesh_atlas"},"up":{"uv":[11.75,2.75,12,2.5],"texture":"#mesh_atlas"},"north":{"uv":[12,2.25,11.75,2.5],"texture":"#mesh_atlas"},"south":{"uv":[11.75,2,12,2.25],"texture":"#mesh_atlas"},"west":{"uv":[13.5,3.75,13.75,4],"texture":"#mesh_atlas"},"east":{"uv":[14,3.75,13.75,4],"texture":"#mesh_atlas"}},"from":[10,10,11.5],"to":[10.5,10.5,12]},{"faces":{"down":{"uv":[14.5,3.75,14.75,4],"texture":"#mesh_atlas"},"up":{"uv":[14.75,4,15,3.75],"texture":"#mesh_atlas"},"north":{"uv":[12.25,2.5,12,2.75],"texture":"#mesh_atlas"},"south":{"uv":[12,2.25,12.25,2.5],"texture":"#mesh_atlas"},"west":{"uv":[12,2,12.25,2.25],"texture":"#mesh_atlas"},"east":{"uv":[12.25,1.75,12,2],"texture":"#mesh_atlas"}},"from":[10,10.5,11],"to":[10.5,11,11.5]},{"faces":{"down":{"uv":[14,3.5,14.25,3.75],"texture":"#mesh_atlas"},"up":{"uv":[14.25,3.75,14.5,3.5],"texture":"#mesh_atlas"},"north":{"uv":[14.75,3.5,14.5,3.75],"texture":"#mesh_atlas"},"south":{"uv":[14.75,3.5,15,3.75],"texture":"#mesh_atlas"},"west":{"uv":[4,8.5,4.25,8.75],"texture":"#mesh_atlas"},"east":{"uv":[4.25,8.25,4,8.5],"texture":"#mesh_atlas"}},"from":[10,12,10.5],"to":[10.5,12.5,11]},{"faces":{"down":{"uv":[6.5,9,7.25,9.25],"texture":"#mesh_atlas"},"up":{"uv":[5,9,5.75,8.75],"texture":"#mesh_atlas"},"north":{"uv":[15.5,9.25,14.75,9.5],"texture":"#mesh_atlas"},"south":{"uv":[11,9.25,11.75,9.5],"texture":"#mesh_atlas"},"west":{"uv":[4,7,4.25,7.25],"texture":"#mesh_atlas"},"east":{"uv":[4.25,6.75,4,7],"texture":"#mesh_atlas"}},"from":[10,12,12],"to":[11.5,12.5,12.5]},{"faces":{"down":{"uv":[10.25,9.25,11,9.5],"texture":"#mesh_atlas"},"up":{"uv":[6.5,9.5,7.25,9.25],"texture":"#mesh_atlas"},"north":{"uv":[16,9.5,15.25,9.75],"texture":"#mesh_atlas"},"south":{"uv":[14.5,9.5,15.25,9.75],"texture":"#mesh_atlas"},"west":{"uv":[4,3,4.25,3.25],"texture":"#mesh_atlas"},"east":{"uv":[4.25,2.75,4,3],"texture":"#mesh_atlas"}},"from":[10.5,12.5,12],"to":[12,13,12.5]},{"faces":{"down":{"uv":[11,13.75,12.5,14],"texture":"#mesh_atlas"},"up":{"uv":[12.5,14,14,13.75],"texture":"#mesh_atlas"},"north":{"uv":[15.5,13.75,14,14],"texture":"#mesh_atlas"},"south":{"uv":[1.75,13.5,3.25,13.75],"texture":"#mesh_atlas"},"west":{"uv":[4,1.5,4.25,1.75],"texture":"#mesh_atlas"},"east":{"uv":[4.25,1.25,4,1.5],"texture":"#mesh_atlas"}},"from":[10.5,13,11.5],"to":[13.5,13.5,12]},{"faces":{"down":{"uv":[4.25,12.25,5.5,12.5],"texture":"#mesh_atlas"},"up":{"uv":[11.75,12,13,11.75],"texture":"#mesh_atlas"},"north":{"uv":[14.25,11.75,13,12],"texture":"#mesh_atlas"},"south":{"uv":[14.5,12.75,15.75,13],"texture":"#mesh_atlas"},"west":{"uv":[4.75,8,5,8.25],"texture":"#mesh_atlas"},"east":{"uv":[6,0,5.75,0.25],"texture":"#mesh_atlas"}},"from":[11,11,4],"to":[13.5,11.5,4.5]},{"faces":{"down":{"uv":[10,10.75,11,11],"texture":"#mesh_atlas"},"up":{"uv":[9,11,10,10.75],"texture":"#mesh_atlas"},"north":{"uv":[9,10.75,8,11],"texture":"#mesh_atlas"},"south":{"uv":[7,10.75,8,11],"texture":"#mesh_atlas"},"west":{"uv":[15.75,7.25,16,7.5],"texture":"#mesh_atlas"},"east":{"uv":[16,7,15.75,7.25],"texture":"#mesh_atlas"}},"from":[11,11.5,4],"to":[13,12,4.5]},{"faces":{"down":{"uv":[8.75,1.25,9,1.5],"texture":"#mesh_atlas"},"up":{"uv":[8.75,1.25,9,1],"texture":"#mesh_atlas"},"north":{"uv":[6.25,1.75,6,2.5],"texture":"#mesh_atlas"},"south":{"uv":[6,5.5,6.25,6.25],"texture":"#mesh_atlas"},"west":{"uv":[6,6.25,6.25,7],"texture":"#mesh_atlas"},"east":{"uv":[6.25,8.5,6,9.25],"texture":"#mesh_atlas"}},"from":[11,12,11],"to":[11.5,13.5,11.5]},{"faces":{"down":{"uv":[6,10.75,7,11],"texture":"#mesh_atlas"},"up":{"uv":[5,11,6,10.75],"texture":"#mesh_atlas"},"north":{"uv":[15.5,11,14.5,11.25],"texture":"#mesh_atlas"},"south":{"uv":[13.5,11,14.5,11.25],"texture":"#mesh_atlas"},"west":{"uv":[9,4.5,9.25,4.75],"texture":"#mesh_atlas"},"east":{"uv":[9.5,4.5,9.25,4.75],"texture":"#mesh_atlas"}},"from":[11,13,12],"to":[13,13.5,12.5]},{"faces":{"down":{"uv":[6.25,13.5,7.75,13.75],"texture":"#mesh_atlas"},"up":{"uv":[7.75,13.75,9.25,13.5],"texture":"#mesh_atlas"},"north":{"uv":[10.75,13.5,9.25,13.75],"texture":"#mesh_atlas"},"south":{"uv":[10.75,13.5,12.25,13.75],"texture":"#mesh_atlas"},"west":{"uv":[9,3.75,9.25,4],"texture":"#mesh_atlas"},"east":{"uv":[9.5,3.75,9.25,4],"texture":"#mesh_atlas"}},"from":[11,13.5,11.5],"to":[14,14,12]},{"faces":{"down":{"uv":[9,3.5,9.25,3.75],"texture":"#mesh_atlas"},"up":{"uv":[9.25,3.75,9.5,3.5],"texture":"#mesh_atlas"},"north":{"uv":[8.25,6,8,6.5],"texture":"#mesh_atlas"},"south":{"uv":[8,5.5,8.25,6],"texture":"#mesh_atlas"},"west":{"uv":[8,5,8.25,5.5],"texture":"#mesh_atlas"},"east":{"uv":[8.25,4.5,8,5],"texture":"#mesh_atlas"}},"from":[11.5,12,11.5],"to":[12,13,12]},{"faces":{"down":{"uv":[9,2.75,9.25,3],"texture":"#mesh_atlas"},"up":{"uv":[9.25,3,9.5,2.75],"texture":"#mesh_atlas"},"north":{"uv":[6,7.75,5.75,8.5],"texture":"#mesh_atlas"},"south":{"uv":[4.75,1.25,5,2],"texture":"#mesh_atlas"},"west":{"uv":[4.5,1.25,4.75,2],"texture":"#mesh_atlas"},"east":{"uv":[5,3.5,4.75,4.25],"texture":"#mesh_atlas"}},"from":[11.5,12.5,11],"to":[12,14,11.5]},{"faces":{"down":{"uv":[9.5,10,10.25,10.25],"texture":"#mesh_atlas"},"up":{"uv":[8.75,10.25,9.5,10],"texture":"#mesh_atlas"},"north":{"uv":[8.75,10,8,10.25],"texture":"#mesh_atlas"},"south":{"uv":[7.25,10,8,10.25],"texture":"#mesh_atlas"},"west":{"uv":[9,1.5,9.25,1.75],"texture":"#mesh_atlas"},"east":{"uv":[9.5,1.5,9.25,1.75],"texture":"#mesh_atlas"}},"from":[11.5,13.5,12],"to":[13,14,12.5]},{"faces":{"down":{"uv":[6.5,10,7.25,10.25],"texture":"#mesh_atlas"},"up":{"uv":[5.75,10.25,6.5,10],"texture":"#mesh_atlas"},"north":{"uv":[5.75,0,5,0.25],"texture":"#mesh_atlas"},"south":{"uv":[14.75,8.75,15.5,9],"texture":"#mesh_atlas"},"west":{"uv":[9,0.75,9.25,1],"texture":"#mesh_atlas"},"east":{"uv":[9.5,0.75,9.25,1],"texture":"#mesh_atlas"}},"from":[11.5,19,7],"to":[13,19.5,7.5]},{"faces":{"down":{"uv":[14,7.5,14.5,7.75],"texture":"#mesh_atlas"},"up":{"uv":[14.5,7.75,15,7.5],"texture":"#mesh_atlas"},"north":{"uv":[15.5,7.5,15,7.75],"texture":"#mesh_atlas"},"south":{"uv":[15.5,7.5,16,7.75],"texture":"#mesh_atlas"},"west":{"uv":[9,0,9.25,0.25],"texture":"#mesh_atlas"},"east":{"uv":[9.5,0,9.25,0.25],"texture":"#mesh_atlas"}},"from":[12,12.5,11.5],"to":[13,13,12]},{"faces":{"down":{"uv":[12.5,11,13.5,11.25],"texture":"#mesh_atlas"},"up":{"uv":[11.5,11.25,12.5,11],"texture":"#mesh_atlas"},"north":{"uv":[1.75,12.25,0.75,12.75],"texture":"#mesh_atlas"},"south":{"uv":[10,14.75,11,15.25],"texture":"#mesh_atlas"},"west":{"uv":[8,4,8.25,4.5],"texture":"#mesh_atlas"},"east":{"uv":[8.25,3.5,8,4],"texture":"#mesh_atlas"}},"from":[12,13,11],"to":[14,14,11.5]},{"faces":{"down":{"uv":[10.5,11,11.5,11.25],"texture":"#mesh_atlas"},"up":{"uv":[9.5,11.25,10.5,11],"texture":"#mesh_atlas"},"north":{"uv":[9.5,11,8.5,11.25],"texture":"#mesh_atlas"},"south":{"uv":[7.5,11,8.5,11.25],"texture":"#mesh_atlas"},"west":{"uv":[12,6.25,12.25,6.5],"texture":"#mesh_atlas"},"east":{"uv":[12.5,6.25,12.25,6.5],"texture":"#mesh_atlas"}},"from":[12,14,11.5],"to":[14,14.5,12]},{"faces":{"down":{"uv":[5,2,5.75,2.25],"texture":"#mesh_atlas"},"up":{"uv":[5,2.5,5.75,2.25],"texture":"#mesh_atlas"},"north":{"uv":[5.75,2.5,5,2.75],"texture":"#mesh_atlas"},"south":{"uv":[5,2.75,5.75,3],"texture":"#mesh_atlas"},"west":{"uv":[13.5,6.25,13.75,6.5],"texture":"#mesh_atlas"},"east":{"uv":[14,6.25,13.75,6.5],"texture":"#mesh_atlas"}},"from":[12,18,8],"to":[13.5,18.5,8.5]},{"faces":{"down":{"uv":[4.5,10,5,10.5],"texture":"#mesh_atlas"},"up":{"uv":[4.5,11,5,10.5],"texture":"#mesh_atlas"},"north":{"uv":[8.75,7.25,8.25,7.5],"texture":"#mesh_atlas"},"south":{"uv":[8.75,7.25,9.25,7.5],"texture":"#mesh_atlas"},"west":{"uv":[9.25,7.25,9.75,7.5],"texture":"#mesh_atlas"},"east":{"uv":[10.25,7.25,9.75,7.5],"texture":"#mesh_atlas"}},"from":[12,18.5,7],"to":[13,19,8]},{"faces":{"down":{"uv":[15.5,6.25,15.75,6.5],"texture":"#mesh_atlas"},"up":{"uv":[15.75,6.5,16,6.25],"texture":"#mesh_atlas"},"north":{"uv":[9.75,6,9.5,6.25],"texture":"#mesh_atlas"},"south":{"uv":[9.5,5.75,9.75,6],"texture":"#mesh_atlas"},"west":{"uv":[9.5,5.5,9.75,5.75],"texture":"#mesh_atlas"},"east":{"uv":[9.75,5.25,9.5,5.5],"texture":"#mesh_atlas"}},"from":[12,19,6.5],"to":[12.5,19.5,7]},{"faces":{"down":{"uv":[10.25,7.25,10.75,7.5],"texture":"#mesh_atlas"},"up":{"uv":[10.75,7.5,11.25,7.25],"texture":"#mesh_atlas"},"north":{"uv":[11.75,7.25,11.25,7.5],"texture":"#mesh_atlas"},"south":{"uv":[11.75,7.25,12.25,7.5],"texture":"#mesh_atlas"},"west":{"uv":[9.5,4,9.75,4.25],"texture":"#mesh_atlas"},"east":{"uv":[9.75,3.75,9.5,4],"texture":"#mesh_atlas"}},"from":[12,19,7.5],"to":[13,19.5,8]},{"faces":{"down":{"uv":[5,4,5.75,4.25],"texture":"#mesh_atlas"},"up":{"uv":[5,5.5,5.75,5.25],"texture":"#mesh_atlas"},"north":{"uv":[8.25,13,7.5,13.5],"texture":"#mesh_atlas"},"south":{"uv":[11.25,13,12,13.5],"texture":"#mesh_atlas"},"west":{"uv":[8,3,8.25,3.5],"texture":"#mesh_atlas"},"east":{"uv":[8.25,2.5,8,3],"texture":"#mesh_atlas"}},"from":[12.5,11,4.5],"to":[14,12,5]},{"faces":{"down":{"uv":[10.5,12.25,11.75,12.5],"texture":"#mesh_atlas"},"up":{"uv":[6.75,12.25,8,12],"texture":"#mesh_atlas"},"north":{"uv":[10.5,12,9.25,12.25],"texture":"#mesh_atlas"},"south":{"uv":[12,12.75,13.25,13],"texture":"#mesh_atlas"},"west":{"uv":[9.5,1,9.75,1.25],"texture":"#mesh_atlas"},"east":{"uv":[9.75,0.75,9.5,1],"texture":"#mesh_atlas"}},"from":[12.5,13.5,10.5],"to":[15,14,11]},{"faces":{"down":{"uv":[6.5,11,7.5,11.25],"texture":"#mesh_atlas"},"up":{"uv":[5.5,11.25,6.5,11],"texture":"#mesh_atlas"},"north":{"uv":[1.75,10.75,0.75,11.25],"texture":"#mesh_atlas"},"south":{"uv":[0.75,10.25,1.75,10.75],"texture":"#mesh_atlas"},"west":{"uv":[8,2,8.25,2.5],"texture":"#mesh_atlas"},"east":{"uv":[8.25,1.5,8,2],"texture":"#mesh_atlas"}},"from":[12.5,14,11],"to":[14.5,15,11.5]},{"faces":{"down":{"uv":[10.5,6,10.75,6.25],"texture":"#mesh_atlas"},"up":{"uv":[10.75,6.25,11,6],"texture":"#mesh_atlas"},"north":{"uv":[11.25,6,11,6.25],"texture":"#mesh_atlas"},"south":{"uv":[11.25,6,11.5,6.25],"texture":"#mesh_atlas"},"west":{"uv":[11.5,6,11.75,6.25],"texture":"#mesh_atlas"},"east":{"uv":[12,6,11.75,6.25],"texture":"#mesh_atlas"}},"from":[12.5,14,12],"to":[13,14.5,12.5]},{"faces":{"down":{"uv":[10.25,10.25,11,10.5],"texture":"#mesh_atlas"},"up":{"uv":[9.5,10.5,10.25,10.25],"texture":"#mesh_atlas"},"north":{"uv":[9.5,10.25,8.75,10.5],"texture":"#mesh_atlas"},"south":{"uv":[8,10.25,8.75,10.5],"texture":"#mesh_atlas"},"west":{"uv":[13,6,13.25,6.25],"texture":"#mesh_atlas"},"east":{"uv":[13.5,6,13.25,6.25],"texture":"#mesh_atlas"}},"from":[12.5,14.5,11.5],"to":[14,15,12]},{"faces":{"down":{"uv":[12.25,7.25,12.75,7.5],"texture":"#mesh_atlas"},"up":{"uv":[12.75,7.5,13.25,7.25],"texture":"#mesh_atlas"},"north":{"uv":[13.75,7.25,13.25,7.5],"texture":"#mesh_atlas"},"south":{"uv":[13.75,7.25,14.25,7.5],"texture":"#mesh_atlas"},"west":{"uv":[14.5,6,14.75,6.25],"texture":"#mesh_atlas"},"east":{"uv":[15,6,14.75,6.25],"texture":"#mesh_atlas"}},"from":[12.5,16.5,3],"to":[13.5,17,3.5]},{"faces":{"down":{"uv":[1.25,4,1.75,4.75],"texture":"#mesh_atlas"},"up":{"uv":[1.75,13.5,2.25,12.75],"texture":"#mesh_atlas"},"north":{"uv":[14.75,7.25,14.25,7.5],"texture":"#mesh_atlas"},"south":{"uv":[14.75,7.25,15.25,7.5],"texture":"#mesh_atlas"},"west":{"uv":[13.75,10.5,14.5,10.75],"texture":"#mesh_atlas"},"east":{"uv":[11.5,10.5,10.75,10.75],"texture":"#mesh_atlas"}},"from":[12.5,17.5,8],"to":[13.5,18,9.5]},{"faces":{"down":{"uv":[9.75,5.25,10,5.5],"texture":"#mesh_atlas"},"up":{"uv":[9.75,5.25,10,5],"texture":"#mesh_atlas"},"north":{"uv":[10,4.75,9.75,5],"texture":"#mesh_atlas"},"south":{"uv":[9.75,4.5,10,4.75],"texture":"#mesh_atlas"},"west":{"uv":[9.75,4.25,10,4.5],"texture":"#mesh_atlas"},"east":{"uv":[10,4,9.75,4.25],"texture":"#mesh_atlas"}},"from":[12.5,18,7.5],"to":[13,18.5,8]},{"faces":{"down":{"uv":[15.25,7.25,15.75,7.5],"texture":"#mesh_atlas"},"up":{"uv":[8.25,7.25,8.75,7],"texture":"#mesh_atlas"},"north":{"uv":[8.75,6.75,8.25,7],"texture":"#mesh_atlas"},"south":{"uv":[8.25,6.5,8.75,6.75],"texture":"#mesh_atlas"},"west":{"uv":[9.75,2.75,10,3],"texture":"#mesh_atlas"},"east":{"uv":[10,2.5,9.75,2.75],"texture":"#mesh_atlas"}},"from":[12.5,18,8.5],"to":[13.5,18.5,9]},{"faces":{"down":{"uv":[9.75,2.25,10,2.5],"texture":"#mesh_atlas"},"up":{"uv":[9.75,2.25,10,2],"texture":"#mesh_atlas"},"north":{"uv":[10,1.75,9.75,2],"texture":"#mesh_atlas"},"south":{"uv":[9.75,1.5,10,1.75],"texture":"#mesh_atlas"},"west":{"uv":[9.75,1.25,10,1.5],"texture":"#mesh_atlas"},"east":{"uv":[10,1,9.75,1.25],"texture":"#mesh_atlas"}},"from":[12.5,18.5,8],"to":[13,19,8.5]},{"faces":{"down":{"uv":[10,10.5,10.75,10.75],"texture":"#mesh_atlas"},"up":{"uv":[2.25,0.25,3,0],"texture":"#mesh_atlas"},"north":{"uv":[3,13,2.25,13.5],"texture":"#mesh_atlas"},"south":{"uv":[6,13,6.75,13.5],"texture":"#mesh_atlas"},"west":{"uv":[8,1,8.25,1.5],"texture":"#mesh_atlas"},"east":{"uv":[8.25,0.5,8,1],"texture":"#mesh_atlas"}},"from":[13,11,5],"to":[14.5,12,5.5]},{"faces":{"down":{"uv":[14.75,11.25,15.75,11.5],"texture":"#mesh_atlas"},"up":{"uv":[14.75,11.75,15.75,11.5],"texture":"#mesh_atlas"},"north":{"uv":[14.75,11.25,13.75,11.5],"texture":"#mesh_atlas"},"south":{"uv":[13.75,11.5,14.75,11.75],"texture":"#mesh_atlas"},"west":{"uv":[11.5,5.75,11.75,6],"texture":"#mesh_atlas"},"east":{"uv":[12,5.75,11.75,6],"texture":"#mesh_atlas"}},"from":[13,14,10.5],"to":[15,14.5,11]},{"faces":{"down":{"uv":[11,9,11.75,9.25],"texture":"#mesh_atlas"},"up":{"uv":[10.25,9.25,11,9],"texture":"#mesh_atlas"},"north":{"uv":[0.75,12.75,0,13.75],"texture":"#mesh_atlas"},"south":{"uv":[0,13.75,0.75,14.75],"texture":"#mesh_atlas"},"west":{"uv":[4.25,8.25,4.5,9.25],"texture":"#mesh_atlas"},"east":{"uv":[4.5,9.25,4.25,10.25],"texture":"#mesh_atlas"}},"from":[13,14.5,10.5],"to":[14.5,16.5,11]},{"faces":{"down":{"uv":[13.75,9.75,14.5,10],"texture":"#mesh_atlas"},"up":{"uv":[11,10.25,11.75,10],"texture":"#mesh_atlas"},"north":{"uv":[5.75,0.25,5,0.5],"texture":"#mesh_atlas"},"south":{"uv":[5,0.5,5.75,0.75],"texture":"#mesh_atlas"},"west":{"uv":[14.5,5.75,14.75,6],"texture":"#mesh_atlas"},"east":{"uv":[15,5.75,14.75,6],"texture":"#mesh_atlas"}},"from":[13,15,11],"to":[14.5,15.5,11.5]},{"faces":{"down":{"uv":[12.25,11.25,12.75,11.75],"texture":"#mesh_atlas"},"up":{"uv":[11.75,11.75,12.25,11.25],"texture":"#mesh_atlas"},"north":{"uv":[8.75,6.25,8.25,6.5],"texture":"#mesh_atlas"},"south":{"uv":[8.25,6,8.75,6.25],"texture":"#mesh_atlas"},"west":{"uv":[8.25,5.75,8.75,6],"texture":"#mesh_atlas"},"east":{"uv":[8.75,5.5,8.25,5.75],"texture":"#mesh_atlas"}},"from":[13,16,3.5],"to":[14,16.5,4.5]},{"faces":{"down":{"uv":[5,1.5,5.75,1.75],"texture":"#mesh_atlas"},"up":{"uv":[11.75,10.5,12.5,10.25],"texture":"#mesh_atlas"},"north":{"uv":[3.75,13,3,13.5],"texture":"#mesh_atlas"},"south":{"uv":[3.75,13,4.5,13.5],"texture":"#mesh_atlas"},"west":{"uv":[8,0,8.25,0.5],"texture":"#mesh_atlas"},"east":{"uv":[8.5,5,8.25,5.5],"texture":"#mesh_atlas"}},"from":[13,16,10],"to":[14.5,17,10.5]},{"faces":{"down":{"uv":[10,3.5,10.25,3.75],"texture":"#mesh_atlas"},"up":{"uv":[10,3.5,10.25,3.25],"texture":"#mesh_atlas"},"north":{"uv":[10.25,3,10,3.25],"texture":"#mesh_atlas"},"south":{"uv":[10,2.75,10.25,3],"texture":"#mesh_atlas"},"west":{"uv":[10,2.5,10.25,2.75],"texture":"#mesh_atlas"},"east":{"uv":[10.25,2.25,10,2.5],"texture":"#mesh_atlas"}},"from":[13,16.5,3.5],"to":[13.5,17,4]},{"faces":{"down":{"uv":[11.25,11.25,11.75,11.75],"texture":"#mesh_atlas"},"up":{"uv":[10.75,11.75,11.25,11.25],"texture":"#mesh_atlas"},"north":{"uv":[10.75,11.25,10.25,11.75],"texture":"#mesh_atlas"},"south":{"uv":[9.75,11.25,10.25,11.75],"texture":"#mesh_atlas"},"west":{"uv":[9.25,11.25,9.75,11.75],"texture":"#mesh_atlas"},"east":{"uv":[9.25,11.25,8.75,11.75],"texture":"#mesh_atlas"}},"from":[13,16.5,9],"to":[14,17.5,10]},{"faces":{"down":{"uv":[10,0.5,10.25,0.75],"texture":"#mesh_atlas"},"up":{"uv":[10,0.5,10.25,0.25],"texture":"#mesh_atlas"},"north":{"uv":[10.25,0,10,0.25],"texture":"#mesh_atlas"},"south":{"uv":[10.25,5.5,10.5,5.75],"texture":"#mesh_atlas"},"west":{"uv":[10.5,5.5,10.75,5.75],"texture":"#mesh_atlas"},"east":{"uv":[11,5.5,10.75,5.75],"texture":"#mesh_atlas"}},"from":[13,17,8.5],"to":[13.5,17.5,9]},{"faces":{"down":{"uv":[11,5.5,11.25,5.75],"texture":"#mesh_atlas"},"up":{"uv":[11.25,5.75,11.5,5.5],"texture":"#mesh_atlas"},"north":{"uv":[11.75,5.5,11.5,5.75],"texture":"#mesh_atlas"},"south":{"uv":[11.75,5.5,12,5.75],"texture":"#mesh_atlas"},"west":{"uv":[12,5.5,12.25,5.75],"texture":"#mesh_atlas"},"east":{"uv":[12.5,5.5,12.25,5.75],"texture":"#mesh_atlas"}},"from":[13,17.5,9.5],"to":[13.5,18,10]},{"faces":{"down":{"uv":[12.5,5.5,12.75,5.75],"texture":"#mesh_atlas"},"up":{"uv":[12.75,5.75,13,5.5],"texture":"#mesh_atlas"},"north":{"uv":[13.25,5.5,13,5.75],"texture":"#mesh_atlas"},"south":{"uv":[13.25,5.5,13.5,5.75],"texture":"#mesh_atlas"},"west":{"uv":[13.5,5.5,13.75,5.75],"texture":"#mesh_atlas"},"east":{"uv":[14,5.5,13.75,5.75],"texture":"#mesh_atlas"}},"from":[13,18,9],"to":[13.5,18.5,9.5]},{"faces":{"down":{"uv":[14,5.5,14.25,5.75],"texture":"#mesh_atlas"},"up":{"uv":[14.25,5.75,14.5,5.5],"texture":"#mesh_atlas"},"north":{"uv":[14.75,5.5,14.5,5.75],"texture":"#mesh_atlas"},"south":{"uv":[14.75,5.5,15,5.75],"texture":"#mesh_atlas"},"west":{"uv":[15,5.5,15.25,5.75],"texture":"#mesh_atlas"},"east":{"uv":[15.5,5.5,15.25,5.75],"texture":"#mesh_atlas"}},"from":[13,18.5,7.5],"to":[13.5,19,8]},{"faces":{"down":{"uv":[8.25,4.75,8.75,5],"texture":"#mesh_atlas"},"up":{"uv":[8.25,4.75,8.75,4.5],"texture":"#mesh_atlas"},"north":{"uv":[8.75,11.25,8.25,11.75],"texture":"#mesh_atlas"},"south":{"uv":[7.75,11.25,8.25,11.75],"texture":"#mesh_atlas"},"west":{"uv":[8.5,5,8.75,5.5],"texture":"#mesh_atlas"},"east":{"uv":[8.5,4,8.25,4.5],"texture":"#mesh_atlas"}},"from":[13.5,11,5.5],"to":[14.5,12,6]},{"faces":{"down":{"uv":[6.75,11.25,7.75,11.5],"texture":"#mesh_atlas"},"up":{"uv":[6.75,11.75,7.75,11.5],"texture":"#mesh_atlas"},"north":{"uv":[6.75,11.25,5.75,11.5],"texture":"#mesh_atlas"},"south":{"uv":[5.75,11.5,6.75,11.75],"texture":"#mesh_atlas"},"west":{"uv":[10.25,3.25,10.5,3.5],"texture":"#mesh_atlas"},"east":{"uv":[10.5,3,10.25,3.25],"texture":"#mesh_atlas"}},"from":[13.5,11.5,6],"to":[15.5,12,6.5]},{"faces":{"down":{"uv":[8.25,3.75,8.75,4],"texture":"#mesh_atlas"},"up":{"uv":[8.25,3.75,8.75,3.5],"texture":"#mesh_atlas"},"north":{"uv":[8.75,3.25,8.25,3.5],"texture":"#mesh_atlas"},"south":{"uv":[8.25,3,8.75,3.25],"texture":"#mesh_atlas"},"west":{"uv":[10.25,1.75,10.5,2],"texture":"#mesh_atlas"},"east":{"uv":[10.5,1.5,10.25,1.75],"texture":"#mesh_atlas"}},"from":[13.5,13,10.5],"to":[14.5,13.5,11]},{"faces":{"down":{"uv":[5,1,5.75,1.25],"texture":"#mesh_atlas"},"up":{"uv":[5,1.5,5.75,1.25],"texture":"#mesh_atlas"},"north":{"uv":[0.75,6.25,0,7],"texture":"#mesh_atlas"},"south":{"uv":[0,4,0.75,4.75],"texture":"#mesh_atlas"},"west":{"uv":[6.25,6.5,6.5,7.25],"texture":"#mesh_atlas"},"east":{"uv":[6.5,5.75,6.25,6.5],"texture":"#mesh_atlas"}},"from":[13.5,13.5,10],"to":[15,15,10.5]},{"faces":{"down":{"uv":[8.25,2.75,8.75,3],"texture":"#mesh_atlas"},"up":{"uv":[8.25,2.75,8.75,2.5],"texture":"#mesh_atlas"},"north":{"uv":[5.75,11.25,5.25,11.75],"texture":"#mesh_atlas"},"south":{"uv":[4.75,11.25,5.25,11.75],"texture":"#mesh_atlas"},"west":{"uv":[8.5,4,8.75,4.5],"texture":"#mesh_atlas"},"east":{"uv":[8.5,2,8.25,2.5],"texture":"#mesh_atlas"}},"from":[13.5,15,10],"to":[14.5,16,10.5]},{"faces":{"down":{"uv":[12,5.25,12.25,5.5],"texture":"#mesh_atlas"},"up":{"uv":[12.25,5.5,12.5,5.25],"texture":"#mesh_atlas"},"north":{"uv":[6.5,5,6.25,5.75],"texture":"#mesh_atlas"},"south":{"uv":[6.5,6.5,6.75,7.25],"texture":"#mesh_atlas"},"west":{"uv":[6.5,5.75,6.75,6.5],"texture":"#mesh_atlas"},"east":{"uv":[6.75,5,6.5,5.75],"texture":"#mesh_atlas"}},"from":[13.5,15.5,4.5],"to":[14,17,5]},{"faces":{"down":{"uv":[13.5,5.25,13.75,5.5],"texture":"#mesh_atlas"},"up":{"uv":[13.75,5.5,14,5.25],"texture":"#mesh_atlas"},"north":{"uv":[14.25,5.25,14,5.5],"texture":"#mesh_atlas"},"south":{"uv":[14.25,5.25,14.5,5.5],"texture":"#mesh_atlas"},"west":{"uv":[14.5,5.25,14.75,5.5],"texture":"#mesh_atlas"},"east":{"uv":[15,5.25,14.75,5.5],"texture":"#mesh_atlas"}},"from":[13.5,15.5,11],"to":[14,16,11.5]},{"faces":{"down":{"uv":[5.25,13,6,13.5],"texture":"#mesh_atlas"},"up":{"uv":[4.5,13.5,5.25,13],"texture":"#mesh_atlas"},"north":{"uv":[14.75,14.75,14,15],"texture":"#mesh_atlas"},"south":{"uv":[12.25,10.5,13,10.75],"texture":"#mesh_atlas"},"west":{"uv":[8.25,1.75,8.75,2],"texture":"#mesh_atlas"},"east":{"uv":[8.75,1.5,8.25,1.75],"texture":"#mesh_atlas"}},"from":[13.5,16,5],"to":[15,16.5,6]},{"faces":{"down":{"uv":[10.5,4.5,10.75,4.75],"texture":"#mesh_atlas"},"up":{"uv":[10.5,4.5,10.75,4.25],"texture":"#mesh_atlas"},"north":{"uv":[10.75,4,10.5,4.25],"texture":"#mesh_atlas"},"south":{"uv":[10.5,3.75,10.75,4],"texture":"#mesh_atlas"},"west":{"uv":[10.5,3.5,10.75,3.75],"texture":"#mesh_atlas"},"east":{"uv":[10.75,3.25,10.5,3.5],"texture":"#mesh_atlas"}},"from":[13.5,16,9.5],"to":[14,16.5,10]},{"faces":{"down":{"uv":[10.5,3,10.75,3.25],"texture":"#mesh_atlas"},"up":{"uv":[10.5,3,10.75,2.75],"texture":"#mesh_atlas"},"north":{"uv":[10.75,2.5,10.5,2.75],"texture":"#mesh_atlas"},"south":{"uv":[10.5,2.25,10.75,2.5],"texture":"#mesh_atlas"},"west":{"uv":[10.5,2,10.75,2.25],"texture":"#mesh_atlas"},"east":{"uv":[10.75,1.75,10.5,2],"texture":"#mesh_atlas"}},"from":[13.5,16.5,4],"to":[14,17,4.5]},{"faces":{"down":{"uv":[10.5,1.5,10.75,1.75],"texture":"#mesh_atlas"},"up":{"uv":[10.5,1.5,10.75,1.25],"texture":"#mesh_atlas"},"north":{"uv":[10.75,1,10.5,1.25],"texture":"#mesh_atlas"},"south":{"uv":[10.5,0.75,10.75,1],"texture":"#mesh_atlas"},"west":{"uv":[10.5,0.5,10.75,0.75],"texture":"#mesh_atlas"},"east":{"uv":[10.75,0.25,10.5,0.5],"texture":"#mesh_atlas"}},"from":[13.5,16.5,10.5],"to":[14,17,11]},{"faces":{"down":{"uv":[10.5,0,10.75,0.25],"texture":"#mesh_atlas"},"up":{"uv":[10.75,5.25,11,5],"texture":"#mesh_atlas"},"north":{"uv":[11.25,5,11,5.25],"texture":"#mesh_atlas"},"south":{"uv":[11.25,5,11.5,5.25],"texture":"#mesh_atlas"},"west":{"uv":[11.5,5,11.75,5.25],"texture":"#mesh_atlas"},"east":{"uv":[12,5,11.75,5.25],"texture":"#mesh_atlas"}},"from":[13.5,17,10],"to":[14,17.5,10.5]},{"faces":{"down":{"uv":[8.5,2,8.75,2.5],"texture":"#mesh_atlas"},"up":{"uv":[8.25,1.5,8.5,1],"texture":"#mesh_atlas"},"north":{"uv":[12.75,5,12.5,5.25],"texture":"#mesh_atlas"},"south":{"uv":[12.75,5,13,5.25],"texture":"#mesh_atlas"},"west":{"uv":[8.25,0.75,8.75,1],"texture":"#mesh_atlas"},"east":{"uv":[8.75,0.5,8.25,0.75],"texture":"#mesh_atlas"}},"from":[13.5,17.5,8.5],"to":[14,18,9.5]},{"faces":{"down":{"uv":[8.25,0.25,8.75,0.5],"texture":"#mesh_atlas"},"up":{"uv":[8.25,0.25,8.75,0],"texture":"#mesh_atlas"},"north":{"uv":[9.25,7,8.75,7.25],"texture":"#mesh_atlas"},"south":{"uv":[9.25,7,9.75,7.25],"texture":"#mesh_atlas"},"west":{"uv":[14.5,5,14.75,5.25],"texture":"#mesh_atlas"},"east":{"uv":[15,5,14.75,5.25],"texture":"#mesh_atlas"}},"from":[14,11,6],"to":[15,11.5,6.5]},{"faces":{"down":{"uv":[15,5,15.25,5.25],"texture":"#mesh_atlas"},"up":{"uv":[15.25,5.25,15.5,5],"texture":"#mesh_atlas"},"north":{"uv":[15.75,5,15.5,5.25],"texture":"#mesh_atlas"},"south":{"uv":[15.75,5,16,5.25],"texture":"#mesh_atlas"},"west":{"uv":[10.75,4.75,11,5],"texture":"#mesh_atlas"},"east":{"uv":[11,4.5,10.75,4.75],"texture":"#mesh_atlas"}},"from":[14,11.5,4.5],"to":[14.5,12,5]},{"faces":{"down":{"uv":[12.5,10.25,13.25,10.5],"texture":"#mesh_atlas"},"up":{"uv":[5,4,5.75,3.75],"texture":"#mesh_atlas"},"north":{"uv":[1.5,0,0.75,0.5],"texture":"#mesh_atlas"},"south":{"uv":[2.25,12.5,3,13],"texture":"#mesh_atlas"},"west":{"uv":[8.5,1,8.75,1.5],"texture":"#mesh_atlas"},"east":{"uv":[9,6.5,8.75,7],"texture":"#mesh_atlas"}},"from":[14,11.5,6.5],"to":[15.5,12.5,7]},{"faces":{"down":{"uv":[9.75,7,10.25,7.25],"texture":"#mesh_atlas"},"up":{"uv":[10.25,7.25,10.75,7],"texture":"#mesh_atlas"},"north":{"uv":[4,4,3.5,4.5],"texture":"#mesh_atlas"},"south":{"uv":[3.5,4.5,4,5],"texture":"#mesh_atlas"},"west":{"uv":[8.75,6,9,6.5],"texture":"#mesh_atlas"},"east":{"uv":[9,5.5,8.75,6],"texture":"#mesh_atlas"}},"from":[14,12,5],"to":[15,13,5.5]},{"faces":{"down":{"uv":[12,13,12.75,13.5],"texture":"#mesh_atlas"},"up":{"uv":[6.75,13.5,7.5,13],"texture":"#mesh_atlas"},"north":{"uv":[15.5,14.75,14.75,15],"texture":"#mesh_atlas"},"south":{"uv":[15.25,13.5,16,13.75],"texture":"#mesh_atlas"},"west":{"uv":[10.75,7,11.25,7.25],"texture":"#mesh_atlas"},"east":{"uv":[11.75,7,11.25,7.25],"texture":"#mesh_atlas"}},"from":[14,12,5.5],"to":[15.5,12.5,6.5]},{"faces":{"down":{"uv":[13,10.5,13.75,10.75],"texture":"#mesh_atlas"},"up":{"uv":[14.5,10.75,15.25,10.5],"texture":"#mesh_atlas"},"north":{"uv":[16,10.5,15.25,10.75],"texture":"#mesh_atlas"},"south":{"uv":[5,10.25,5.75,10.5],"texture":"#mesh_atlas"},"west":{"uv":[12,4.75,12.25,5],"texture":"#mesh_atlas"},"east":{"uv":[12.5,4.75,12.25,5],"texture":"#mesh_atlas"}},"from":[14,12,7],"to":[15.5,12.5,7.5]},{"faces":{"down":{"uv":[3.5,5,4,5.5],"texture":"#mesh_atlas"},"up":{"uv":[3.5,6,4,5.5],"texture":"#mesh_atlas"},"north":{"uv":[12.25,7,11.75,7.25],"texture":"#mesh_atlas"},"south":{"uv":[12.25,7,12.75,7.25],"texture":"#mesh_atlas"},"west":{"uv":[10.25,7.75,10.75,8],"texture":"#mesh_atlas"},"east":{"uv":[13.25,7,12.75,7.25],"texture":"#mesh_atlas"}},"from":[14,12.5,4],"to":[15,13,5]},{"faces":{"down":{"uv":[0.75,1.25,1.5,1.75],"texture":"#mesh_atlas"},"up":{"uv":[0.75,2.25,1.5,1.75],"texture":"#mesh_atlas"},"north":{"uv":[6.5,10.25,5.75,10.5],"texture":"#mesh_atlas"},"south":{"uv":[11,10.25,11.75,10.5],"texture":"#mesh_atlas"},"west":{"uv":[13.25,7,13.75,7.25],"texture":"#mesh_atlas"},"east":{"uv":[14.25,7,13.75,7.25],"texture":"#mesh_atlas"}},"from":[14,13,8.5],"to":[15.5,13.5,9.5]},{"faces":{"down":{"uv":[14.25,7,14.75,7.25],"texture":"#mesh_atlas"},"up":{"uv":[14.75,7.25,15.25,7],"texture":"#mesh_atlas"},"north":{"uv":[1.75,8.25,1.25,9.25],"texture":"#mesh_atlas"},"south":{"uv":[0,2,0.5,3],"texture":"#mesh_atlas"},"west":{"uv":[3.25,4.5,3.5,5.5],"texture":"#mesh_atlas"},"east":{"uv":[3.25,4.5,3,5.5],"texture":"#mesh_atlas"}},"from":[14,13,9.5],"to":[15,15,10]},{"faces":{"down":{"uv":[15.25,7,15.75,7.25],"texture":"#mesh_atlas"},"up":{"uv":[9,7,9.5,6.75],"texture":"#mesh_atlas"},"north":{"uv":[10,6.75,9.5,7],"texture":"#mesh_atlas"},"south":{"uv":[10,6.75,10.5,7],"texture":"#mesh_atlas"},"west":{"uv":[11,2.5,11.25,2.75],"texture":"#mesh_atlas"},"east":{"uv":[11.25,2.25,11,2.5],"texture":"#mesh_atlas"}},"from":[14,13,10],"to":[15,13.5,10.5]},{"faces":{"down":{"uv":[5,9.5,5.75,9.75],"texture":"#mesh_atlas"},"up":{"uv":[5,9.5,5.75,9.25],"texture":"#mesh_atlas"},"north":{"uv":[14.25,13,13.5,13.5],"texture":"#mesh_atlas"},"south":{"uv":[12.75,13,13.5,13.5],"texture":"#mesh_atlas"},"west":{"uv":[8.75,5,9,5.5],"texture":"#mesh_atlas"},"east":{"uv":[9,4.5,8.75,5],"texture":"#mesh_atlas"}},"from":[14,13.5,9],"to":[15.5,14.5,9.5]},{"faces":{"down":{"uv":[11,0.5,11.25,0.75],"texture":"#mesh_atlas"},"up":{"uv":[11,0.5,11.25,0.25],"texture":"#mesh_atlas"},"north":{"uv":[11.25,0,11,0.25],"texture":"#mesh_atlas"},"south":{"uv":[11.25,4.5,11.5,4.75],"texture":"#mesh_atlas"},"west":{"uv":[11.5,4.5,11.75,4.75],"texture":"#mesh_atlas"},"east":{"uv":[12,4.5,11.75,4.75],"texture":"#mesh_atlas"}},"from":[14,13.5,11],"to":[14.5,14,11.5]},{"faces":{"down":{"uv":[0.5,9.5,0.75,10.75],"texture":"#mesh_atlas"},"up":{"uv":[2.25,12.5,2.5,11.25],"texture":"#mesh_atlas"},"north":{"uv":[12.75,4.5,12.5,4.75],"texture":"#mesh_atlas"},"south":{"uv":[12.75,4.5,13,4.75],"texture":"#mesh_atlas"},"west":{"uv":[10.5,11.75,11.75,12],"texture":"#mesh_atlas"},"east":{"uv":[10.5,11.75,9.25,12],"texture":"#mesh_atlas"}},"from":[14,15.5,5],"to":[14.5,16,7.5]},{"faces":{"down":{"uv":[8.75,4,9,4.5],"texture":"#mesh_atlas"},"up":{"uv":[8.75,4,9,3.5],"texture":"#mesh_atlas"},"north":{"uv":[14.25,4.5,14,4.75],"texture":"#mesh_atlas"},"south":{"uv":[14.25,4.5,14.5,4.75],"texture":"#mesh_atlas"},"west":{"uv":[10.5,6.75,11,7],"texture":"#mesh_atlas"},"east":{"uv":[11.5,6.75,11,7],"texture":"#mesh_atlas"}},"from":[14,16,4],"to":[14.5,16.5,5]},{"faces":{"down":{"uv":[11.5,6.75,12,7],"texture":"#mesh_atlas"},"up":{"uv":[12,7,12.5,6.75],"texture":"#mesh_atlas"},"north":{"uv":[13,6.75,12.5,7],"texture":"#mesh_atlas"},"south":{"uv":[13,6.75,13.5,7],"texture":"#mesh_atlas"},"west":{"uv":[11.25,4.25,11.5,4.5],"texture":"#mesh_atlas"},"east":{"uv":[11.5,4,11.25,4.25],"texture":"#mesh_atlas"}},"from":[14,16,6],"to":[15,16.5,6.5]},{"faces":{"down":{"uv":[11.25,3.75,11.5,4],"texture":"#mesh_atlas"},"up":{"uv":[11.25,3.75,11.5,3.5],"texture":"#mesh_atlas"},"north":{"uv":[11.5,3.25,11.25,3.5],"texture":"#mesh_atlas"},"south":{"uv":[11.25,3,11.5,3.25],"texture":"#mesh_atlas"},"west":{"uv":[11.25,2.75,11.5,3],"texture":"#mesh_atlas"},"east":{"uv":[11.5,2.5,11.25,2.75],"texture":"#mesh_atlas"}},"from":[14,16.5,9.5],"to":[14.5,17,10]},{"faces":{"down":{"uv":[8.75,3,9,3.5],"texture":"#mesh_atlas"},"up":{"uv":[8.75,3,9,2.5],"texture":"#mesh_atlas"},"north":{"uv":[11.5,1.75,11.25,2],"texture":"#mesh_atlas"},"south":{"uv":[11.25,1.5,11.5,1.75],"texture":"#mesh_atlas"},"west":{"uv":[13.5,6.75,14,7],"texture":"#mesh_atlas"},"east":{"uv":[14.5,6.75,14,7],"texture":"#mesh_atlas"}},"from":[14.5,11.5,5],"to":[15,12,6]},{"faces":{"down":{"uv":[14.5,6.75,15,7],"texture":"#mesh_atlas"},"up":{"uv":[15,7,15.5,6.75],"texture":"#mesh_atlas"},"north":{"uv":[16,6.75,15.5,7],"texture":"#mesh_atlas"},"south":{"uv":[9,6.5,9.5,6.75],"texture":"#mesh_atlas"},"west":{"uv":[11.5,4.25,11.75,4.5],"texture":"#mesh_atlas"},"east":{"uv":[12,4.25,11.75,4.5],"texture":"#mesh_atlas"}},"from":[14.5,11.5,7],"to":[15.5,12,7.5]},{"faces":{"down":{"uv":[3,5.5,3.5,6],"texture":"#mesh_atlas"},"up":{"uv":[2.25,0.75,2.75,0.25],"texture":"#mesh_atlas"},"north":{"uv":[2.25,6,1.75,6.75],"texture":"#mesh_atlas"},"south":{"uv":[1.75,6.75,2.25,7.5],"texture":"#mesh_atlas"},"west":{"uv":[1.75,7.5,2.25,8.25],"texture":"#mesh_atlas"},"east":{"uv":[2.25,8.25,1.75,9],"texture":"#mesh_atlas"}},"from":[14.5,12,7.5],"to":[15.5,13.5,8.5]},{"faces":{"down":{"uv":[1.25,9.25,1.75,10.25],"texture":"#mesh_atlas"},"up":{"uv":[0.75,10.25,1.25,9.25],"texture":"#mesh_atlas"},"north":{"uv":[10,6.5,9.5,6.75],"texture":"#mesh_atlas"},"south":{"uv":[10,6.5,10.5,6.75],"texture":"#mesh_atlas"},"west":{"uv":[3,7,4,7.25],"texture":"#mesh_atlas"},"east":{"uv":[4,7.25,3,7.5],"texture":"#mesh_atlas"}},"from":[14.5,12.5,5.5],"to":[15.5,13,7.5]},{"faces":{"down":{"uv":[10.5,6.5,11,6.75],"texture":"#mesh_atlas"},"up":{"uv":[11,6.75,11.5,6.5],"texture":"#mesh_atlas"},"north":{"uv":[12,6.5,11.5,6.75],"texture":"#mesh_atlas"},"south":{"uv":[12,6.5,12.5,6.75],"texture":"#mesh_atlas"},"west":{"uv":[11.5,4,11.75,4.25],"texture":"#mesh_atlas"},"east":{"uv":[11.75,3.75,11.5,4],"texture":"#mesh_atlas"}},"from":[14.5,12.5,8.5],"to":[15.5,13,9]},{"faces":{"down":{"uv":[11.5,3.5,11.75,3.75],"texture":"#mesh_atlas"},"up":{"uv":[11.5,3.5,11.75,3.25],"texture":"#mesh_atlas"},"north":{"uv":[11.75,3,11.5,3.25],"texture":"#mesh_atlas"},"south":{"uv":[11.5,2.75,11.75,3],"texture":"#mesh_atlas"},"west":{"uv":[11.5,2.5,11.75,2.75],"texture":"#mesh_atlas"},"east":{"uv":[11.75,2.25,11.5,2.5],"texture":"#mesh_atlas"}},"from":[14.5,12.5,9],"to":[15,13,9.5]},{"faces":{"down":{"uv":[8.75,2,9,2.5],"texture":"#mesh_atlas"},"up":{"uv":[8.75,2,9,1.5],"texture":"#mesh_atlas"},"north":{"uv":[11.75,1.5,11.5,1.75],"texture":"#mesh_atlas"},"south":{"uv":[11.5,1.25,11.75,1.5],"texture":"#mesh_atlas"},"west":{"uv":[12.5,6.5,13,6.75],"texture":"#mesh_atlas"},"east":{"uv":[13.5,6.5,13,6.75],"texture":"#mesh_atlas"}},"from":[14.5,13,4.5],"to":[15,13.5,5.5]},{"faces":{"down":{"uv":[2.25,2.25,2.75,2.75],"texture":"#mesh_atlas"},"up":{"uv":[2.25,3.25,2.75,2.75],"texture":"#mesh_atlas"},"north":{"uv":[14,6.5,13.5,6.75],"texture":"#mesh_atlas"},"south":{"uv":[14,6.5,14.5,6.75],"texture":"#mesh_atlas"},"west":{"uv":[14.5,6.5,15,6.75],"texture":"#mesh_atlas"},"east":{"uv":[15.5,6.5,15,6.75],"texture":"#mesh_atlas"}},"from":[14.5,13.5,8],"to":[15.5,14,9]},{"faces":{"down":{"uv":[15.5,6.5,16,6.75],"texture":"#mesh_atlas"},"up":{"uv":[9,6.5,9.5,6.25],"texture":"#mesh_atlas"},"north":{"uv":[2.25,9.75,1.75,10.5],"texture":"#mesh_atlas"},"south":{"uv":[1.75,10.5,2.25,11.25],"texture":"#mesh_atlas"},"west":{"uv":[4.75,6.5,5,7.25],"texture":"#mesh_atlas"},"east":{"uv":[4.75,5.75,4.5,6.5],"texture":"#mesh_atlas"}},"from":[14.5,14,8.5],"to":[15.5,15.5,9]},{"faces":{"down":{"uv":[4.75,5.75,5,6.5],"texture":"#mesh_atlas"},"up":{"uv":[4.5,5.75,4.75,5],"texture":"#mesh_atlas"},"north":{"uv":[5,4.25,4.75,5],"texture":"#mesh_atlas"},"south":{"uv":[4.5,3.5,4.75,4.25],"texture":"#mesh_atlas"},"west":{"uv":[0,5.5,0.75,6.25],"texture":"#mesh_atlas"},"east":{"uv":[0.75,4.75,0,5.5],"texture":"#mesh_atlas"}},"from":[14.5,14.5,7],"to":[15,16,8.5]},{"faces":{"down":{"uv":[9,6,9.5,6.25],"texture":"#mesh_atlas"},"up":{"uv":[9,6,9.5,5.75],"texture":"#mesh_atlas"},"north":{"uv":[9.5,5.5,9,5.75],"texture":"#mesh_atlas"},"south":{"uv":[9,5.25,9.5,5.5],"texture":"#mesh_atlas"},"west":{"uv":[11.75,3.25,12,3.5],"texture":"#mesh_atlas"},"east":{"uv":[12,3,11.75,3.25],"texture":"#mesh_atlas"}},"from":[14.5,14.5,9],"to":[15.5,15,9.5]},{"faces":{"down":{"uv":[1.5,6,1.75,6.5],"texture":"#mesh_atlas"},"up":{"uv":[1.5,6,1.75,5.5],"texture":"#mesh_atlas"},"north":{"uv":[1.75,3.5,1.5,4],"texture":"#mesh_atlas"},"south":{"uv":[1.5,3,1.75,3.5],"texture":"#mesh_atlas"},"west":{"uv":[2.25,3.25,2.75,3.75],"texture":"#mesh_atlas"},"east":{"uv":[2.75,8.25,2.25,8.75],"texture":"#mesh_atlas"}},"from":[14.5,15,6],"to":[15,16,7]},{"faces":{"down":{"uv":[11.75,1.25,12,1.5],"texture":"#mesh_atlas"},"up":{"uv":[11.75,1.25,12,1],"texture":"#mesh_atlas"},"north":{"uv":[12,0.75,11.75,1],"texture":"#mesh_atlas"},"south":{"uv":[11.75,0.5,12,0.75],"texture":"#mesh_atlas"},"west":{"uv":[11.75,0.25,12,0.5],"texture":"#mesh_atlas"},"east":{"uv":[12,0,11.75,0.25],"texture":"#mesh_atlas"}},"from":[14.5,15.5,5.5],"to":[15,16,6]},{"faces":{"down":{"uv":[12,3.75,12.25,4],"texture":"#mesh_atlas"},"up":{"uv":[12.25,4,12.5,3.75],"texture":"#mesh_atlas"},"north":{"uv":[12.75,3.75,12.5,4],"texture":"#mesh_atlas"},"south":{"uv":[12.75,3.75,13,4],"texture":"#mesh_atlas"},"west":{"uv":[13,3.75,13.25,4],"texture":"#mesh_atlas"},"east":{"uv":[13.5,3.75,13.25,4],"texture":"#mesh_atlas"}},"from":[14.5,16,6.5],"to":[15,16.5,7]},{"faces":{"down":{"uv":[1.5,1.75,1.75,2.25],"texture":"#mesh_atlas"},"up":{"uv":[1.5,1.75,1.75,1.25],"texture":"#mesh_atlas"},"north":{"uv":[14.25,3.75,14,4],"texture":"#mesh_atlas"},"south":{"uv":[14.25,3.75,14.5,4],"texture":"#mesh_atlas"},"west":{"uv":[8.5,8.5,9,8.75],"texture":"#mesh_atlas"},"east":{"uv":[9.5,8.5,9,8.75],"texture":"#mesh_atlas"}},"from":[15,13,6.5],"to":[15.5,13.5,7.5]},{"faces":{"down":{"uv":[15,3.75,15.25,4],"texture":"#mesh_atlas"},"up":{"uv":[15.25,4,15.5,3.75],"texture":"#mesh_atlas"},"north":{"uv":[15.75,3.75,15.5,4],"texture":"#mesh_atlas"},"south":{"uv":[15.75,3.75,16,4],"texture":"#mesh_atlas"},"west":{"uv":[12,3.5,12.25,3.75],"texture":"#mesh_atlas"},"east":{"uv":[12.25,3.25,12,3.5],"texture":"#mesh_atlas"}},"from":[15,13.5,7.5],"to":[15.5,14,8]},{"faces":{"down":{"uv":[12,3,12.25,3.25],"texture":"#mesh_atlas"},"up":{"uv":[12,3,12.25,2.75],"texture":"#mesh_atlas"},"north":{"uv":[3,9.25,2.75,9.75],"texture":"#mesh_atlas"},"south":{"uv":[2.75,8.75,3,9.25],"texture":"#mesh_atlas"},"west":{"uv":[2.75,5.25,3,5.75],"texture":"#mesh_atlas"},"east":{"uv":[3,4.75,2.75,5.25],"texture":"#mesh_atlas"}},"from":[15,13.5,9.5],"to":[15.5,14.5,10]},{"faces":{"down":{"uv":[12,1.5,12.25,1.75],"texture":"#mesh_atlas"},"up":{"uv":[12,1.5,12.25,1.25],"texture":"#mesh_atlas"},"north":{"uv":[6,4,5.75,4.75],"texture":"#mesh_atlas"},"south":{"uv":[5.75,3.25,6,4],"texture":"#mesh_atlas"},"west":{"uv":[6,9.25,6.25,10],"texture":"#mesh_atlas"},"east":{"uv":[6.25,4.75,6,5.5],"texture":"#mesh_atlas"}},"from":[15,14,8],"to":[15.5,15.5,8.5]},{"faces":{"down":{"uv":[12,0,12.25,0.25],"texture":"#mesh_atlas"},"up":{"uv":[12.25,3.75,12.5,3.5],"texture":"#mesh_atlas"},"north":{"uv":[6.25,4,6,4.75],"texture":"#mesh_atlas"},"south":{"uv":[6,3.25,6.25,4],"texture":"#mesh_atlas"},"west":{"uv":[6,2.5,6.25,3.25],"texture":"#mesh_atlas"},"east":{"uv":[6.25,1,6,1.75],"texture":"#mesh_atlas"}},"from":[15,14.5,7.5],"to":[15.5,16,8]},{"faces":{"down":{"uv":[13.5,3.5,13.75,3.75],"texture":"#mesh_atlas"},"up":{"uv":[13.75,3.75,14,3.5],"texture":"#mesh_atlas"},"north":{"uv":[3,4.25,2.75,4.75],"texture":"#mesh_atlas"},"south":{"uv":[2.75,3.75,3,4.25],"texture":"#mesh_atlas"},"west":{"uv":[2.75,2.25,3,2.75],"texture":"#mesh_atlas"},"east":{"uv":[3,1.75,2.75,2.25],"texture":"#mesh_atlas"}},"from":[15,15,7],"to":[15.5,16,7.5]},{"faces":{"down":{"uv":[15,3.5,15.25,3.75],"texture":"#mesh_atlas"},"up":{"uv":[15.25,3.75,15.5,3.5],"texture":"#mesh_atlas"},"north":{"uv":[15.75,3.5,15.5,3.75],"texture":"#mesh_atlas"},"south":{"uv":[15.75,3.5,16,3.75],"texture":"#mesh_atlas"},"west":{"uv":[12.25,3.25,12.5,3.5],"texture":"#mesh_atlas"},"east":{"uv":[12.5,3,12.25,3.25],"texture":"#mesh_atlas"}},"from":[15,15.5,6.5],"to":[15.5,16,7]}],"gui_light":"front"}