{
	"format_version": "1.21.6",
	"credit": "Made with Blockbench",
	"texture_size": [32, 32],
	"textures": {
		"0": "item/flans/weapons/smg/assault_smg",
		"particle": "item/flans/weapons/smg/assault_smg"
	},
	"elements": [
		{
			"name": "assault_smg_0",
			"from": [3, 15, 0],
			"to": [4, 16, 1],
			"faces": {
				"north": {"uv": [4, 0, 3, 1], "texture": "#0"},
				"east": {"uv": [3, 0, 4, 1], "texture": "#0"},
				"south": {"uv": [3, 0, 4, 1], "texture": "#0"},
				"west": {"uv": [3, 0, 4, 1], "texture": "#0"},
				"up": {"uv": [3, 0, 4, 1], "texture": "#0"},
				"down": {"uv": [3, 0, 4, 1], "texture": "#0"}
			}
		},
		{
			"name": "assault_smg_1",
			"from": [5, 9, 0],
			"to": [6, 16, 1],
			"faces": {
				"north": {"uv": [6, 0, 5, 7], "texture": "#0"},
				"east": {"uv": [5, 0, 6, 7], "texture": "#0"},
				"south": {"uv": [5, 0, 6, 7], "texture": "#0"},
				"west": {"uv": [5, 0, 6, 7], "texture": "#0"},
				"up": {"uv": [5, 0, 6, 1], "texture": "#0"},
				"down": {"uv": [5, 6, 6, 7], "texture": "#0"}
			}
		},
		{
			"name": "assault_smg_2",
			"from": [4, 11, 0],
			"to": [5, 15, 1],
			"faces": {
				"north": {"uv": [5, 1, 4, 5], "texture": "#0"},
				"east": {"uv": [4, 1, 5, 5], "texture": "#0"},
				"south": {"uv": [4, 1, 5, 5], "texture": "#0"},
				"west": {"uv": [4, 1, 5, 5], "texture": "#0"},
				"up": {"uv": [4, 1, 5, 2], "texture": "#0"},
				"down": {"uv": [4, 4, 5, 5], "texture": "#0"}
			}
		},
		{
			"name": "assault_smg_3",
			"from": [6, 6, 0],
			"to": [7, 15, 1],
			"faces": {
				"north": {"uv": [7, 1, 6, 10], "texture": "#0"},
				"east": {"uv": [6, 1, 7, 10], "texture": "#0"},
				"south": {"uv": [6, 1, 7, 10], "texture": "#0"},
				"west": {"uv": [6, 1, 7, 10], "texture": "#0"},
				"up": {"uv": [6, 1, 7, 2], "texture": "#0"},
				"down": {"uv": [6, 9, 7, 10], "texture": "#0"}
			}
		},
		{
			"name": "assault_smg_4",
			"from": [2, 13, 0],
			"to": [3, 14, 1],
			"faces": {
				"north": {"uv": [3, 2, 2, 3], "texture": "#0"},
				"east": {"uv": [2, 2, 3, 3], "texture": "#0"},
				"south": {"uv": [2, 2, 3, 3], "texture": "#0"},
				"west": {"uv": [2, 2, 3, 3], "texture": "#0"},
				"up": {"uv": [2, 2, 3, 3], "texture": "#0"},
				"down": {"uv": [2, 2, 3, 3], "texture": "#0"}
			}
		},
		{
			"name": "assault_smg_5",
			"from": [7, 4, 0],
			"to": [8, 14, 1],
			"faces": {
				"north": {"uv": [8, 2, 7, 12], "texture": "#0"},
				"east": {"uv": [7, 2, 8, 12], "texture": "#0"},
				"south": {"uv": [7, 2, 8, 12], "texture": "#0"},
				"west": {"uv": [7, 2, 8, 12], "texture": "#0"},
				"up": {"uv": [7, 2, 8, 3], "texture": "#0"},
				"down": {"uv": [7, 11, 8, 12], "texture": "#0"}
			}
		},
		{
			"name": "assault_smg_6",
			"from": [9, 11, 0],
			"to": [10, 14, 1],
			"faces": {
				"north": {"uv": [10, 2, 9, 5], "texture": "#0"},
				"east": {"uv": [9, 2, 10, 5], "texture": "#0"},
				"south": {"uv": [9, 2, 10, 5], "texture": "#0"},
				"west": {"uv": [9, 2, 10, 5], "texture": "#0"},
				"up": {"uv": [9, 2, 10, 3], "texture": "#0"},
				"down": {"uv": [9, 4, 10, 5], "texture": "#0"}
			}
		},
		{
			"name": "assault_smg_7",
			"from": [3, 12, 0],
			"to": [4, 13, 1],
			"faces": {
				"north": {"uv": [4, 3, 3, 4], "texture": "#0"},
				"east": {"uv": [3, 3, 4, 4], "texture": "#0"},
				"south": {"uv": [3, 3, 4, 4], "texture": "#0"},
				"west": {"uv": [3, 3, 4, 4], "texture": "#0"},
				"up": {"uv": [3, 3, 4, 4], "texture": "#0"},
				"down": {"uv": [3, 3, 4, 4], "texture": "#0"}
			}
		},
		{
			"name": "assault_smg_8",
			"from": [8, 3, 0],
			"to": [9, 13, 1],
			"faces": {
				"north": {"uv": [9, 3, 8, 13], "texture": "#0"},
				"east": {"uv": [8, 3, 9, 13], "texture": "#0"},
				"south": {"uv": [8, 3, 9, 13], "texture": "#0"},
				"west": {"uv": [8, 3, 9, 13], "texture": "#0"},
				"up": {"uv": [8, 3, 9, 4], "texture": "#0"},
				"down": {"uv": [8, 12, 9, 13], "texture": "#0"}
			}
		},
		{
			"name": "assault_smg_9",
			"from": [10, 12, 0],
			"to": [11, 13, 1],
			"faces": {
				"north": {"uv": [11, 3, 10, 4], "texture": "#0"},
				"east": {"uv": [10, 3, 11, 4], "texture": "#0"},
				"south": {"uv": [10, 3, 11, 4], "texture": "#0"},
				"west": {"uv": [10, 3, 11, 4], "texture": "#0"},
				"up": {"uv": [10, 3, 11, 4], "texture": "#0"},
				"down": {"uv": [10, 3, 11, 4], "texture": "#0"}
			}
		},
		{
			"name": "assault_smg_10",
			"from": [2, 11, 0],
			"to": [3, 12, 1],
			"faces": {
				"north": {"uv": [3, 4, 2, 5], "texture": "#0"},
				"east": {"uv": [2, 4, 3, 5], "texture": "#0"},
				"south": {"uv": [2, 4, 3, 5], "texture": "#0"},
				"west": {"uv": [2, 4, 3, 5], "texture": "#0"},
				"up": {"uv": [2, 4, 3, 5], "texture": "#0"},
				"down": {"uv": [2, 4, 3, 5], "texture": "#0"}
			}
		},
		{
			"name": "assault_smg_11",
			"from": [4, 6, 0],
			"to": [5, 10, 1],
			"faces": {
				"north": {"uv": [5, 6, 4, 10], "texture": "#0"},
				"east": {"uv": [4, 6, 5, 10], "texture": "#0"},
				"south": {"uv": [4, 6, 5, 10], "texture": "#0"},
				"west": {"uv": [4, 6, 5, 10], "texture": "#0"},
				"up": {"uv": [4, 6, 5, 7], "texture": "#0"},
				"down": {"uv": [4, 9, 5, 10], "texture": "#0"}
			}
		},
		{
			"name": "assault_smg_12",
			"from": [9, 6, 0],
			"to": [10, 10, 1],
			"faces": {
				"north": {"uv": [10, 6, 9, 10], "texture": "#0"},
				"east": {"uv": [9, 6, 10, 10], "texture": "#0"},
				"south": {"uv": [9, 6, 10, 10], "texture": "#0"},
				"west": {"uv": [9, 6, 10, 10], "texture": "#0"},
				"up": {"uv": [9, 6, 10, 7], "texture": "#0"},
				"down": {"uv": [9, 9, 10, 10], "texture": "#0"}
			}
		},
		{
			"name": "assault_smg_13",
			"from": [3, 7, 0],
			"to": [4, 9, 1],
			"faces": {
				"north": {"uv": [4, 7, 3, 9], "texture": "#0"},
				"east": {"uv": [3, 7, 4, 9], "texture": "#0"},
				"south": {"uv": [3, 7, 4, 9], "texture": "#0"},
				"west": {"uv": [3, 7, 4, 9], "texture": "#0"},
				"up": {"uv": [3, 7, 4, 8], "texture": "#0"},
				"down": {"uv": [3, 8, 4, 9], "texture": "#0"}
			}
		},
		{
			"name": "assault_smg_14",
			"from": [10, 5, 0],
			"to": [11, 9, 1],
			"faces": {
				"north": {"uv": [11, 7, 10, 11], "texture": "#0"},
				"east": {"uv": [10, 7, 11, 11], "texture": "#0"},
				"south": {"uv": [10, 7, 11, 11], "texture": "#0"},
				"west": {"uv": [10, 7, 11, 11], "texture": "#0"},
				"up": {"uv": [10, 7, 11, 8], "texture": "#0"},
				"down": {"uv": [10, 10, 11, 11], "texture": "#0"}
			}
		},
		{
			"name": "assault_smg_15",
			"from": [5, 7, 0],
			"to": [6, 8, 1],
			"faces": {
				"north": {"uv": [6, 8, 5, 9], "texture": "#0"},
				"east": {"uv": [5, 8, 6, 9], "texture": "#0"},
				"south": {"uv": [5, 8, 6, 9], "texture": "#0"},
				"west": {"uv": [5, 8, 6, 9], "texture": "#0"},
				"up": {"uv": [5, 8, 6, 9], "texture": "#0"},
				"down": {"uv": [5, 8, 6, 9], "texture": "#0"}
			}
		},
		{
			"name": "assault_smg_16",
			"from": [11, 1, 0],
			"to": [12, 8, 1],
			"faces": {
				"north": {"uv": [12, 8, 11, 15], "texture": "#0"},
				"east": {"uv": [11, 8, 12, 15], "texture": "#0"},
				"south": {"uv": [11, 8, 12, 15], "texture": "#0"},
				"west": {"uv": [11, 8, 12, 15], "texture": "#0"},
				"up": {"uv": [11, 8, 12, 9], "texture": "#0"},
				"down": {"uv": [11, 14, 12, 15], "texture": "#0"}
			}
		},
		{
			"name": "assault_smg_17",
			"from": [12, 0, 0],
			"to": [13, 7, 1],
			"faces": {
				"north": {"uv": [13, 9, 12, 16], "texture": "#0"},
				"east": {"uv": [12, 9, 13, 16], "texture": "#0"},
				"south": {"uv": [12, 9, 13, 16], "texture": "#0"},
				"west": {"uv": [12, 9, 13, 16], "texture": "#0"},
				"up": {"uv": [12, 9, 13, 10], "texture": "#0"},
				"down": {"uv": [12, 15, 13, 16], "texture": "#0"}
			}
		},
		{
			"name": "assault_smg_18",
			"from": [13, 1, 0],
			"to": [14, 6, 1],
			"faces": {
				"north": {"uv": [14, 10, 13, 15], "texture": "#0"},
				"east": {"uv": [13, 10, 14, 15], "texture": "#0"},
				"south": {"uv": [13, 10, 14, 15], "texture": "#0"},
				"west": {"uv": [13, 10, 14, 15], "texture": "#0"},
				"up": {"uv": [13, 10, 14, 11], "texture": "#0"},
				"down": {"uv": [13, 14, 14, 15], "texture": "#0"}
			}
		},
		{
			"name": "assault_smg_19",
			"from": [14, 2, 0],
			"to": [15, 5, 1],
			"faces": {
				"north": {"uv": [15, 11, 14, 14], "texture": "#0"},
				"east": {"uv": [14, 11, 15, 14], "texture": "#0"},
				"south": {"uv": [14, 11, 15, 14], "texture": "#0"},
				"west": {"uv": [14, 11, 15, 14], "texture": "#0"},
				"up": {"uv": [14, 11, 15, 12], "texture": "#0"},
				"down": {"uv": [14, 13, 15, 14], "texture": "#0"}
			}
		},
		{
			"name": "assault_smg_20",
			"from": [9, 2, 0],
			"to": [11, 4, 1],
			"faces": {
				"north": {"uv": [11, 12, 9, 14], "texture": "#0"},
				"east": {"uv": [10, 12, 11, 14], "texture": "#0"},
				"south": {"uv": [9, 12, 11, 14], "texture": "#0"},
				"west": {"uv": [9, 12, 10, 14], "texture": "#0"},
				"up": {"uv": [9, 12, 11, 13], "texture": "#0"},
				"down": {"uv": [9, 13, 11, 14], "texture": "#0"}
			}
		},
		{
			"name": "assault_smg_21",
			"from": [15, 3, 0],
			"to": [16, 4, 1],
			"faces": {
				"north": {"uv": [16, 12, 15, 13], "texture": "#0"},
				"east": {"uv": [15, 12, 16, 13], "texture": "#0"},
				"south": {"uv": [15, 12, 16, 13], "texture": "#0"},
				"west": {"uv": [15, 12, 16, 13], "texture": "#0"},
				"up": {"uv": [15, 12, 16, 13], "texture": "#0"},
				"down": {"uv": [15, 12, 16, 13], "texture": "#0"}
			}
		}
	],
	"gui_light": "front",
	"display": {
		"thirdperson_righthand": {
			"rotation": [-40, -90, 0],
			"translation": [-5.75, 1.25, -2.25],
			"scale": [0.8, 0.8, 0.8]
		},
		"thirdperson_lefthand": {
			"rotation": [-40, 90, 0],
			"translation": [5.75, 1.25, -2.5],
			"scale": [0.8, 0.8, 0.8]
		},
		"firstperson_righthand": {
			"rotation": [1, -90, 35],
			"translation": [-5, 3.75, -2.5],
			"scale": [0.8, 0.8, 0.8]
		},
		"firstperson_lefthand": {
			"rotation": [0, 90, -35],
			"translation": [6, 4, -1.5],
			"scale": [0.8, 0.8, 0.8]
		},
		"ground": {
			"translation": [0, 3.5, 1.5],
			"scale": [0.8, 0.8, 0.8]
		},
		"gui": {
			"rotation": [14, -180, 0],
			"translation": [0.31, 1.75, 0]
		},
		"head": {
			"translation": [0, 13, 2]
		},
		"fixed": {
			"rotation": [1, -3, 90],
			"translation": [-0.25, -0.25, 7.5]
		}
	},
	"groups": [
		{
			"name": "assault_smg",
			"origin": [8, 8, 8],
			"color": 0,
			"children": [0, 1, 2, 3, 4, 5, 6, 7, 8, 9, 10, 11, 12, 13, 14, 15, 16, 17, 18, 19, 20, 21]
		}
	]
}