{
	"format_version": "1.21.6",
	"credit": "Made with Blockbench",
	"texture_size": [64, 64],
	"textures": {
		"0": "item/flans/weapons/special/minigun",
		"particle": "item/flans/weapons/special/minigun"
	},
	"elements": [
		{
			"name": "minigun_0",
			"from": [2, 10, 0],
			"to": [3, 15, 1],
			"faces": {
				"north": {"uv": [3, 1, 2, 6], "texture": "#0"},
				"east": {"uv": [2, 1, 3, 6], "texture": "#0"},
				"south": {"uv": [2, 1, 3, 6], "texture": "#0"},
				"west": {"uv": [2, 1, 3, 6], "texture": "#0"},
				"up": {"uv": [2, 1, 3, 2], "texture": "#0"},
				"down": {"uv": [2, 5, 3, 6], "texture": "#0"}
			}
		},
		{
			"name": "minigun_1",
			"from": [1, 11, 0],
			"to": [2, 14, 1],
			"faces": {
				"north": {"uv": [2, 2, 1, 5], "texture": "#0"},
				"east": {"uv": [1, 2, 2, 5], "texture": "#0"},
				"south": {"uv": [1, 2, 2, 5], "texture": "#0"},
				"west": {"uv": [1, 2, 2, 5], "texture": "#0"},
				"up": {"uv": [1, 2, 2, 3], "texture": "#0"},
				"down": {"uv": [1, 4, 2, 5], "texture": "#0"}
			}
		},
		{
			"name": "minigun_2",
			"from": [3, 9, 0],
			"to": [4, 14, 1],
			"faces": {
				"north": {"uv": [4, 2, 3, 7], "texture": "#0"},
				"east": {"uv": [3, 2, 4, 7], "texture": "#0"},
				"south": {"uv": [3, 2, 4, 7], "texture": "#0"},
				"west": {"uv": [3, 2, 4, 7], "texture": "#0"},
				"up": {"uv": [3, 2, 4, 3], "texture": "#0"},
				"down": {"uv": [3, 6, 4, 7], "texture": "#0"}
			}
		},
		{
			"name": "minigun_3",
			"from": [0, 12, 0],
			"to": [1, 13, 1],
			"faces": {
				"north": {"uv": [1, 3, 0, 4], "texture": "#0"},
				"east": {"uv": [0, 3, 1, 4], "texture": "#0"},
				"south": {"uv": [0, 3, 1, 4], "texture": "#0"},
				"west": {"uv": [0, 3, 1, 4], "texture": "#0"},
				"up": {"uv": [0, 3, 1, 4], "texture": "#0"},
				"down": {"uv": [0, 3, 1, 4], "texture": "#0"}
			}
		},
		{
			"name": "minigun_4",
			"from": [4, 8, 0],
			"to": [5, 13, 1],
			"faces": {
				"north": {"uv": [5, 3, 4, 8], "texture": "#0"},
				"east": {"uv": [4, 3, 5, 8], "texture": "#0"},
				"south": {"uv": [4, 3, 5, 8], "texture": "#0"},
				"west": {"uv": [4, 3, 5, 8], "texture": "#0"},
				"up": {"uv": [4, 3, 5, 4], "texture": "#0"},
				"down": {"uv": [4, 7, 5, 8], "texture": "#0"}
			}
		},
		{
			"name": "minigun_5",
			"from": [5, 7, 0],
			"to": [6, 12, 1],
			"faces": {
				"north": {"uv": [6, 4, 5, 9], "texture": "#0"},
				"east": {"uv": [5, 4, 6, 9], "texture": "#0"},
				"south": {"uv": [5, 4, 6, 9], "texture": "#0"},
				"west": {"uv": [5, 4, 6, 9], "texture": "#0"},
				"up": {"uv": [5, 4, 6, 5], "texture": "#0"},
				"down": {"uv": [5, 8, 6, 9], "texture": "#0"}
			}
		},
		{
			"name": "minigun_6",
			"from": [6, 6, 0],
			"to": [7, 11, 1],
			"faces": {
				"north": {"uv": [7, 5, 6, 10], "texture": "#0"},
				"east": {"uv": [6, 5, 7, 10], "texture": "#0"},
				"south": {"uv": [6, 5, 7, 10], "texture": "#0"},
				"west": {"uv": [6, 5, 7, 10], "texture": "#0"},
				"up": {"uv": [6, 5, 7, 6], "texture": "#0"},
				"down": {"uv": [6, 9, 7, 10], "texture": "#0"}
			}
		},
		{
			"name": "minigun_7",
			"from": [7, 5, 0],
			"to": [8, 10, 1],
			"faces": {
				"north": {"uv": [8, 6, 7, 11], "texture": "#0"},
				"east": {"uv": [7, 6, 8, 11], "texture": "#0"},
				"south": {"uv": [7, 6, 8, 11], "texture": "#0"},
				"west": {"uv": [7, 6, 8, 11], "texture": "#0"},
				"up": {"uv": [7, 6, 8, 7], "texture": "#0"},
				"down": {"uv": [7, 10, 8, 11], "texture": "#0"}
			}
		},
		{
			"name": "minigun_8",
			"from": [11, 7, 0],
			"to": [12, 10, 1],
			"faces": {
				"north": {"uv": [12, 6, 11, 9], "texture": "#0"},
				"east": {"uv": [11, 6, 12, 9], "texture": "#0"},
				"south": {"uv": [11, 6, 12, 9], "texture": "#0"},
				"west": {"uv": [11, 6, 12, 9], "texture": "#0"},
				"up": {"uv": [11, 6, 12, 7], "texture": "#0"},
				"down": {"uv": [11, 8, 12, 9], "texture": "#0"}
			}
		},
		{
			"name": "minigun_9",
			"from": [8, 2, 0],
			"to": [9, 9, 1],
			"faces": {
				"north": {"uv": [9, 7, 8, 14], "texture": "#0"},
				"east": {"uv": [8, 7, 9, 14], "texture": "#0"},
				"south": {"uv": [8, 7, 9, 14], "texture": "#0"},
				"west": {"uv": [8, 7, 9, 14], "texture": "#0"},
				"up": {"uv": [8, 7, 9, 8], "texture": "#0"},
				"down": {"uv": [8, 13, 9, 14], "texture": "#0"}
			}
		},
		{
			"name": "minigun_10",
			"from": [10, 0, 0],
			"to": [11, 9, 1],
			"faces": {
				"north": {"uv": [11, 7, 10, 16], "texture": "#0"},
				"east": {"uv": [10, 7, 11, 16], "texture": "#0"},
				"south": {"uv": [10, 7, 11, 16], "texture": "#0"},
				"west": {"uv": [10, 7, 11, 16], "texture": "#0"},
				"up": {"uv": [10, 7, 11, 8], "texture": "#0"},
				"down": {"uv": [10, 15, 11, 16], "texture": "#0"}
			}
		},
		{
			"name": "minigun_11",
			"from": [12, 8, 0],
			"to": [13, 9, 1],
			"faces": {
				"north": {"uv": [13, 7, 12, 8], "texture": "#0"},
				"east": {"uv": [12, 7, 13, 8], "texture": "#0"},
				"south": {"uv": [12, 7, 13, 8], "texture": "#0"},
				"west": {"uv": [12, 7, 13, 8], "texture": "#0"},
				"up": {"uv": [12, 7, 13, 8], "texture": "#0"},
				"down": {"uv": [12, 7, 13, 8], "texture": "#0"}
			}
		},
		{
			"name": "minigun_12",
			"from": [9, 1, 0],
			"to": [10, 8, 1],
			"faces": {
				"north": {"uv": [10, 8, 9, 15], "texture": "#0"},
				"east": {"uv": [9, 8, 10, 15], "texture": "#0"},
				"south": {"uv": [9, 8, 10, 15], "texture": "#0"},
				"west": {"uv": [9, 8, 10, 15], "texture": "#0"},
				"up": {"uv": [9, 8, 10, 9], "texture": "#0"},
				"down": {"uv": [9, 14, 10, 15], "texture": "#0"}
			}
		},
		{
			"name": "minigun_13",
			"from": [12, 0, 0],
			"to": [13, 7, 1],
			"faces": {
				"north": {"uv": [13, 9, 12, 16], "texture": "#0"},
				"east": {"uv": [12, 9, 13, 16], "texture": "#0"},
				"south": {"uv": [12, 9, 13, 16], "texture": "#0"},
				"west": {"uv": [12, 9, 13, 16], "texture": "#0"},
				"up": {"uv": [12, 9, 13, 10], "texture": "#0"},
				"down": {"uv": [12, 15, 13, 16], "texture": "#0"}
			}
		},
		{
			"name": "minigun_14",
			"from": [11, 1, 0],
			"to": [12, 6, 1],
			"faces": {
				"north": {"uv": [12, 10, 11, 15], "texture": "#0"},
				"east": {"uv": [11, 10, 12, 15], "texture": "#0"},
				"south": {"uv": [11, 10, 12, 15], "texture": "#0"},
				"west": {"uv": [11, 10, 12, 15], "texture": "#0"},
				"up": {"uv": [11, 10, 12, 11], "texture": "#0"},
				"down": {"uv": [11, 14, 12, 15], "texture": "#0"}
			}
		},
		{
			"name": "minigun_15",
			"from": [13, 1, 0],
			"to": [14, 6, 1],
			"faces": {
				"north": {"uv": [14, 10, 13, 15], "texture": "#0"},
				"east": {"uv": [13, 10, 14, 15], "texture": "#0"},
				"south": {"uv": [13, 10, 14, 15], "texture": "#0"},
				"west": {"uv": [13, 10, 14, 15], "texture": "#0"},
				"up": {"uv": [13, 10, 14, 11], "texture": "#0"},
				"down": {"uv": [13, 14, 14, 15], "texture": "#0"}
			}
		},
		{
			"name": "minigun_16",
			"from": [14, 2, 0],
			"to": [15, 5, 1],
			"faces": {
				"north": {"uv": [15, 11, 14, 14], "texture": "#0"},
				"east": {"uv": [14, 11, 15, 14], "texture": "#0"},
				"south": {"uv": [14, 11, 15, 14], "texture": "#0"},
				"west": {"uv": [14, 11, 15, 14], "texture": "#0"},
				"up": {"uv": [14, 11, 15, 12], "texture": "#0"},
				"down": {"uv": [14, 13, 15, 14], "texture": "#0"}
			}
		},
		{
			"name": "minigun_17",
			"from": [7, 3, 0],
			"to": [8, 4, 1],
			"faces": {
				"north": {"uv": [8, 12, 7, 13], "texture": "#0"},
				"east": {"uv": [7, 12, 8, 13], "texture": "#0"},
				"south": {"uv": [7, 12, 8, 13], "texture": "#0"},
				"west": {"uv": [7, 12, 8, 13], "texture": "#0"},
				"up": {"uv": [7, 12, 8, 13], "texture": "#0"},
				"down": {"uv": [7, 12, 8, 13], "texture": "#0"}
			}
		},
		{
			"name": "minigun_18",
			"from": [15, 3, 0],
			"to": [16, 4, 1],
			"faces": {
				"north": {"uv": [16, 12, 15, 13], "texture": "#0"},
				"east": {"uv": [15, 12, 16, 13], "texture": "#0"},
				"south": {"uv": [15, 12, 16, 13], "texture": "#0"},
				"west": {"uv": [15, 12, 16, 13], "texture": "#0"},
				"up": {"uv": [15, 12, 16, 13], "texture": "#0"},
				"down": {"uv": [15, 12, 16, 13], "texture": "#0"}
			}
		}
	],
	"gui_light": "front",
	"display": {
		"thirdperson_righthand": {
			"rotation": [25, -90, 0],
			"translation": [-7.25, 0.5, -3.5]
		},
		"thirdperson_lefthand": {
			"rotation": [25, 90, 0],
			"translation": [7.75, 0.5, -3.75]
		},
		"firstperson_righthand": {
			"rotation": [1, -90, 35],
			"translation": [-5, 3.75, -2.5],
			"scale": [0.8, 0.8, 0.8]
		},
		"firstperson_lefthand": {
			"rotation": [0, 90, -35],
			"translation": [6, 4, -1.5],
			"scale": [0.8, 0.8, 0.8]
		},
		"ground": {
			"translation": [0, 3.5, 1.5]
		},
		"gui": {
			"rotation": [14, -180, 0],
			"translation": [0.31, 1.75, 0]
		},
		"head": {
			"translation": [0, 13, 2]
		},
		"fixed": {
			"rotation": [1, -3, 90],
			"translation": [-0.25, -0.25, 7.5]
		}
	},
	"groups": [
		{
			"name": "minigun",
			"origin": [8, 8, 8],
			"color": 0,
			"children": [0, 1, 2, 3, 4, 5, 6, 7, 8, 9, 10, 11, 12, 13, 14, 15, 16, 17, 18]
		}
	]
}