{"credit":"Made with Blockbench","textures":{"0":"guns/gravguard","particle":"guns/gravguard"},"elements":[{"name":"leather_boots_overlay_0","from":[5.5,9.5,8.025],"to":[6.5,10,9],"rotation":{"angle":0,"axis":"y","origin":[0,0,8.025]},"faces":{"north":{"uv":[6.5,6,5.5,6.5],"texture":"#0"},"east":{"uv":[6,6,6.5,6.5],"texture":"#0"},"south":{"uv":[5.5,6,6.5,6.5],"texture":"#0"},"west":{"uv":[5.5,6,6,6.5],"texture":"#0"},"up":{"uv":[5.5,6,6.5,6.5],"texture":"#0"},"down":{"uv":[5.5,6,6.5,6.5],"texture":"#0"}}},{"name":"leather_boots_overlay_1","from":[8.5,9.5,8.025],"to":[9,10,9],"rotation":{"angle":0,"axis":"y","origin":[0,0,8.025]},"faces":{"north":{"uv":[9,6,8.5,6.5],"texture":"#0"},"east":{"uv":[8.5,6,9,6.5],"texture":"#0"},"south":{"uv":[8.5,6,9,6.5],"texture":"#0"},"west":{"uv":[8.5,6,9,6.5],"texture":"#0"},"up":{"uv":[8.5,6,9,6.5],"texture":"#0"},"down":{"uv":[8.5,6,9,6.5],"texture":"#0"}}},{"name":"leather_boots_overlay_2","from":[6.5,9,8.025],"to":[7,9.5,9],"rotation":{"angle":0,"axis":"y","origin":[0,0,8.025]},"faces":{"north":{"uv":[7,6.5,6.5,7],"texture":"#0"},"east":{"uv":[6.5,6.5,7,7],"texture":"#0"},"south":{"uv":[6.5,6.5,7,7],"texture":"#0"},"west":{"uv":[6.5,6.5,7,7],"texture":"#0"},"up":{"uv":[6.5,6.5,7,7],"texture":"#0"},"down":{"uv":[6.5,6.5,7,7],"texture":"#0"}}},{"name":"leather_boots_overlay_3","from":[9,8.5,8.025],"to":[9.5,9.5,9],"rotation":{"angle":0,"axis":"y","origin":[0,0,8.025]},"faces":{"north":{"uv":[9.5,6.5,9,7.5],"texture":"#0"},"east":{"uv":[9,6.5,9.5,7.5],"texture":"#0"},"south":{"uv":[9,6.5,9.5,7.5],"texture":"#0"},"west":{"uv":[9,6.5,9.5,7.5],"texture":"#0"},"up":{"uv":[9,6.5,9.5,7],"texture":"#0"},"down":{"uv":[9,7,9.5,7.5],"texture":"#0"}}},{"name":"leather_boots_overlay_4","from":[5,8.5,8.025],"to":[6,9,9],"rotation":{"angle":0,"axis":"y","origin":[0,0,8.025]},"faces":{"north":{"uv":[6,7,5,7.5],"texture":"#0"},"east":{"uv":[5.5,7,6,7.5],"texture":"#0"},"south":{"uv":[5,7,6,7.5],"texture":"#0"},"west":{"uv":[5,7,5.5,7.5],"texture":"#0"},"up":{"uv":[5,7,6,7.5],"texture":"#0"},"down":{"uv":[5,7,6,7.5],"texture":"#0"}}},{"name":"leather_boots_overlay_5","from":[9.5,8.5,8.025],"to":[10,9,9],"rotation":{"angle":0,"axis":"y","origin":[0,0,8.025]},"faces":{"north":{"uv":[10,7,9.5,7.5],"texture":"#0"},"east":{"uv":[9.5,7,10,7.5],"texture":"#0"},"south":{"uv":[9.5,7,10,7.5],"texture":"#0"},"west":{"uv":[9.5,7,10,7.5],"texture":"#0"},"up":{"uv":[9.5,7,10,7.5],"texture":"#0"},"down":{"uv":[9.5,7,10,7.5],"texture":"#0"}}},{"name":"leather_boots_overlay_6","from":[5.5,8,8.025],"to":[6.5,8.5,9],"rotation":{"angle":0,"axis":"y","origin":[0,0,8.025]},"faces":{"north":{"uv":[6.5,7.5,5.5,8],"texture":"#0"},"east":{"uv":[6,7.5,6.5,8],"texture":"#0"},"south":{"uv":[5.5,7.5,6.5,8],"texture":"#0"},"west":{"uv":[5.5,7.5,6,8],"texture":"#0"},"up":{"uv":[5.5,7.5,6.5,8],"texture":"#0"},"down":{"uv":[5.5,7.5,6.5,8],"texture":"#0"}}},{"name":"leather_boots_overlay_7","from":[8,8,8.025],"to":[8.5,8.5,9],"rotation":{"angle":0,"axis":"y","origin":[0,0,8.025]},"faces":{"north":{"uv":[8.5,7.5,8,8],"texture":"#0"},"east":{"uv":[8,7.5,8.5,8],"texture":"#0"},"south":{"uv":[8,7.5,8.5,8],"texture":"#0"},"west":{"uv":[8,7.5,8.5,8],"texture":"#0"},"up":{"uv":[8,7.5,8.5,8],"texture":"#0"},"down":{"uv":[8,7.5,8.5,8],"texture":"#0"}}},{"name":"leather_boots_overlay_8","from":[10,7.5,8.025],"to":[10.5,8.5,9],"rotation":{"angle":0,"axis":"y","origin":[0,0,8.025]},"faces":{"north":{"uv":[10.5,7.5,10,8.5],"texture":"#0"},"east":{"uv":[10,7.5,10.5,8.5],"texture":"#0"},"south":{"uv":[10,7.5,10.5,8.5],"texture":"#0"},"west":{"uv":[10,7.5,10.5,8.5],"texture":"#0"},"up":{"uv":[10,7.5,10.5,8],"texture":"#0"},"down":{"uv":[10,8,10.5,8.5],"texture":"#0"}}},{"name":"leather_boots_overlay_9","from":[13,8,8.025],"to":[13.5,8.5,9],"rotation":{"angle":0,"axis":"y","origin":[0,0,8.025]},"faces":{"north":{"uv":[13.5,7.5,13,8],"texture":"#0"},"east":{"uv":[13,7.5,13.5,8],"texture":"#0"},"south":{"uv":[13,7.5,13.5,8],"texture":"#0"},"west":{"uv":[13,7.5,13.5,8],"texture":"#0"},"up":{"uv":[13,7.5,13.5,8],"texture":"#0"},"down":{"uv":[13,7.5,13.5,8],"texture":"#0"}}},{"name":"leather_boots_overlay_10","from":[6,7.5,8.025],"to":[7,8,9],"rotation":{"angle":0,"axis":"y","origin":[0,0,8.025]},"faces":{"north":{"uv":[7,8,6,8.5],"texture":"#0"},"east":{"uv":[6.5,8,7,8.5],"texture":"#0"},"south":{"uv":[6,8,7,8.5],"texture":"#0"},"west":{"uv":[6,8,6.5,8.5],"texture":"#0"},"up":{"uv":[6,8,7,8.5],"texture":"#0"},"down":{"uv":[6,8,7,8.5],"texture":"#0"}}},{"name":"leather_boots_overlay_11","from":[8.5,7.5,8.025],"to":[9.5,8,9],"rotation":{"angle":0,"axis":"y","origin":[0,0,8.025]},"faces":{"north":{"uv":[9.5,8,8.5,8.5],"texture":"#0"},"east":{"uv":[9,8,9.5,8.5],"texture":"#0"},"south":{"uv":[8.5,8,9.5,8.5],"texture":"#0"},"west":{"uv":[8.5,8,9,8.5],"texture":"#0"},"up":{"uv":[8.5,8,9.5,8.5],"texture":"#0"},"down":{"uv":[8.5,8,9.5,8.5],"texture":"#0"}}},{"name":"leather_boots_overlay_12","from":[10.5,7.5,8.025],"to":[11.5,8,9],"rotation":{"angle":0,"axis":"y","origin":[0,0,8.025]},"faces":{"north":{"uv":[11.5,8,10.5,8.5],"texture":"#0"},"east":{"uv":[11,8,11.5,8.5],"texture":"#0"},"south":{"uv":[10.5,8,11.5,8.5],"texture":"#0"},"west":{"uv":[10.5,8,11,8.5],"texture":"#0"},"up":{"uv":[10.5,8,11.5,8.5],"texture":"#0"},"down":{"uv":[10.5,8,11.5,8.5],"texture":"#0"}}},{"name":"leather_boots_overlay_13","from":[13.5,7,8.025],"to":[14,8,9],"rotation":{"angle":0,"axis":"y","origin":[0,0,8.025]},"faces":{"north":{"uv":[14,8,13.5,9],"texture":"#0"},"east":{"uv":[13.5,8,14,9],"texture":"#0"},"south":{"uv":[13.5,8,14,9],"texture":"#0"},"west":{"uv":[13.5,8,14,9],"texture":"#0"},"up":{"uv":[13.5,8,14,8.5],"texture":"#0"},"down":{"uv":[13.5,8.5,14,9],"texture":"#0"}}},{"name":"leather_boots_overlay_14","from":[13,6.5,8.025],"to":[13.5,7.5,9],"rotation":{"angle":0,"axis":"y","origin":[0,0,8.025]},"faces":{"north":{"uv":[13.5,8.5,13,9.5],"texture":"#0"},"east":{"uv":[13,8.5,13.5,9.5],"texture":"#0"},"south":{"uv":[13,8.5,13.5,9.5],"texture":"#0"},"west":{"uv":[13,8.5,13.5,9.5],"texture":"#0"},"up":{"uv":[13,8.5,13.5,9],"texture":"#0"},"down":{"uv":[13,9,13.5,9.5],"texture":"#0"}}},{"name":"leather_boots_overlay_15","from":[1.5,6,8.025],"to":[3,7,9],"rotation":{"angle":0,"axis":"y","origin":[0,0,8.025]},"faces":{"north":{"uv":[3,9,1.5,10],"texture":"#0"},"east":{"uv":[2.5,9,3,10],"texture":"#0"},"south":{"uv":[1.5,9,3,10],"texture":"#0"},"west":{"uv":[1.5,9,2,10],"texture":"#0"},"up":{"uv":[1.5,9,3,9.5],"texture":"#0"},"down":{"uv":[1.5,9.5,3,10],"texture":"#0"}}},{"name":"leather_boots_overlay_16","from":[4,5.5,8.025],"to":[4.5,7,9],"rotation":{"angle":0,"axis":"y","origin":[0,0,8.025]},"faces":{"north":{"uv":[4.5,9,4,10.5],"texture":"#0"},"east":{"uv":[4,9,4.5,10.5],"texture":"#0"},"south":{"uv":[4,9,4.5,10.5],"texture":"#0"},"west":{"uv":[4,9,4.5,10.5],"texture":"#0"},"up":{"uv":[4,9,4.5,9.5],"texture":"#0"},"down":{"uv":[4,10,4.5,10.5],"texture":"#0"}}},{"name":"leather_boots_overlay_17","from":[10.5,6,8.025],"to":[13,7,9],"rotation":{"angle":0,"axis":"y","origin":[0,0,8.025]},"faces":{"north":{"uv":[13,9,10.5,10],"texture":"#0"},"east":{"uv":[12.5,9,13,10],"texture":"#0"},"south":{"uv":[10.5,9,13,10],"texture":"#0"},"west":{"uv":[10.5,9,11,10],"texture":"#0"},"up":{"uv":[10.5,9,13,9.5],"texture":"#0"},"down":{"uv":[10.5,9.5,13,10],"texture":"#0"}}},{"name":"leather_boots_overlay_18","from":[3,5.5,8.025],"to":[4,6.5,9],"rotation":{"angle":0,"axis":"y","origin":[0,0,8.025]},"faces":{"north":{"uv":[4,9.5,3,10.5],"texture":"#0"},"east":{"uv":[3.5,9.5,4,10.5],"texture":"#0"},"south":{"uv":[3,9.5,4,10.5],"texture":"#0"},"west":{"uv":[3,9.5,3.5,10.5],"texture":"#0"},"up":{"uv":[3,9.5,4,10],"texture":"#0"},"down":{"uv":[3,10,4,10.5],"texture":"#0"}}},{"name":"leather_boots_overlay_19","from":[4.5,5.5,8.025],"to":[7,6.5,9],"rotation":{"angle":0,"axis":"y","origin":[0,0,8.025]},"faces":{"north":{"uv":[7,9.5,4.5,10.5],"texture":"#0"},"east":{"uv":[6.5,9.5,7,10.5],"texture":"#0"},"south":{"uv":[4.5,9.5,7,10.5],"texture":"#0"},"west":{"uv":[4.5,9.5,5,10.5],"texture":"#0"},"up":{"uv":[4.5,9.5,7,10],"texture":"#0"},"down":{"uv":[4.5,10,7,10.5],"texture":"#0"}}},{"name":"leather_boots_overlay_20","from":[8,5.5,8.025],"to":[10.5,6.5,9],"rotation":{"angle":0,"axis":"y","origin":[0,0,8.025]},"faces":{"north":{"uv":[10.5,9.5,8,10.5],"texture":"#0"},"east":{"uv":[10,9.5,10.5,10.5],"texture":"#0"},"south":{"uv":[8,9.5,10.5,10.5],"texture":"#0"},"west":{"uv":[8,9.5,8.5,10.5],"texture":"#0"},"up":{"uv":[8,9.5,10.5,10],"texture":"#0"},"down":{"uv":[8,10,10.5,10.5],"texture":"#0"}}},{"name":"leather_boots_overlay_21","from":[2.5,5.5,8.025],"to":[3,6,9],"rotation":{"angle":0,"axis":"y","origin":[0,0,8.025]},"faces":{"north":{"uv":[3,10,2.5,10.5],"texture":"#0"},"east":{"uv":[2.5,10,3,10.5],"texture":"#0"},"south":{"uv":[2.5,10,3,10.5],"texture":"#0"},"west":{"uv":[2.5,10,3,10.5],"texture":"#0"},"up":{"uv":[2.5,10,3,10.5],"texture":"#0"},"down":{"uv":[2.5,10,3,10.5],"texture":"#0"}}},{"name":"leather_boots_overlay_22","from":[7,5.5,8.025],"to":[8,6,9],"rotation":{"angle":0,"axis":"y","origin":[0,0,8.025]},"faces":{"north":{"uv":[8,10,7,10.5],"texture":"#0"},"east":{"uv":[7.5,10,8,10.5],"texture":"#0"},"south":{"uv":[7,10,8,10.5],"texture":"#0"},"west":{"uv":[7,10,7.5,10.5],"texture":"#0"},"up":{"uv":[7,10,8,10.5],"texture":"#0"},"down":{"uv":[7,10,8,10.5],"texture":"#0"}}},{"name":"leather_boots_overlay_23","from":[10.5,5.5,8.025],"to":[11.5,6,9],"rotation":{"angle":0,"axis":"y","origin":[0,0,8.025]},"faces":{"north":{"uv":[11.5,10,10.5,10.5],"texture":"#0"},"east":{"uv":[11,10,11.5,10.5],"texture":"#0"},"south":{"uv":[10.5,10,11.5,10.5],"texture":"#0"},"west":{"uv":[10.5,10,11,10.5],"texture":"#0"},"up":{"uv":[10.5,10,11.5,10.5],"texture":"#0"},"down":{"uv":[10.5,10,11.5,10.5],"texture":"#0"}}},{"name":"leather_boots_0","from":[6.5,9.5,8.025],"to":[7.5,11,9],"rotation":{"angle":0,"axis":"y","origin":[0,0,8.025]},"faces":{"north":{"uv":[7.5,5,6.5,6.5],"texture":"#0"},"east":{"uv":[7,5,7.5,6.5],"texture":"#0"},"south":{"uv":[6.5,5,7.5,6.5],"texture":"#0"},"west":{"uv":[6.5,5,7,6.5],"texture":"#0"},"up":{"uv":[6.5,5,7.5,5.5],"texture":"#0"},"down":{"uv":[6.5,6,7.5,6.5],"texture":"#0"}}},{"name":"leather_boots_1","from":[9.5,9,8.025],"to":[10.5,11,9],"rotation":{"angle":0,"axis":"y","origin":[0,0,8.025]},"faces":{"north":{"uv":[10.5,5,9.5,7],"texture":"#0"},"east":{"uv":[10,5,10.5,7],"texture":"#0"},"south":{"uv":[9.5,5,10.5,7],"texture":"#0"},"west":{"uv":[9.5,5,10,7],"texture":"#0"},"up":{"uv":[9.5,5,10.5,5.5],"texture":"#0"},"down":{"uv":[9.5,6.5,10.5,7],"texture":"#0"}}},{"name":"leather_boots_2","from":[6,10,8.025],"to":[6.5,10.5,9],"rotation":{"angle":0,"axis":"y","origin":[0,0,8.025]},"faces":{"north":{"uv":[6.5,5.5,6,6],"texture":"#0"},"east":{"uv":[6,5.5,6.5,6],"texture":"#0"},"south":{"uv":[6,5.5,6.5,6],"texture":"#0"},"west":{"uv":[6,5.5,6.5,6],"texture":"#0"},"up":{"uv":[6,5.5,6.5,6],"texture":"#0"},"down":{"uv":[6,5.5,6.5,6],"texture":"#0"}}},{"name":"leather_boots_3","from":[9,9.5,8.025],"to":[9.5,10.5,9],"rotation":{"angle":0,"axis":"y","origin":[0,0,8.025]},"faces":{"north":{"uv":[9.5,5.5,9,6.5],"texture":"#0"},"east":{"uv":[9,5.5,9.5,6.5],"texture":"#0"},"south":{"uv":[9,5.5,9.5,6.5],"texture":"#0"},"west":{"uv":[9,5.5,9.5,6.5],"texture":"#0"},"up":{"uv":[9,5.5,9.5,6],"texture":"#0"},"down":{"uv":[9,6,9.5,6.5],"texture":"#0"}}},{"name":"leather_boots_4","from":[10.5,8,8.025],"to":[11,10.5,9],"rotation":{"angle":0,"axis":"y","origin":[0,0,8.025]},"faces":{"north":{"uv":[11,5.5,10.5,8],"texture":"#0"},"east":{"uv":[10.5,5.5,11,8],"texture":"#0"},"south":{"uv":[10.5,5.5,11,8],"texture":"#0"},"west":{"uv":[10.5,5.5,11,8],"texture":"#0"},"up":{"uv":[10.5,5.5,11,6],"texture":"#0"},"down":{"uv":[10.5,7.5,11,8],"texture":"#0"}}},{"name":"leather_boots_5","from":[7.5,6,8.025],"to":[8,10,9],"rotation":{"angle":0,"axis":"y","origin":[0,0,8.025]},"faces":{"north":{"uv":[8,6,7.5,10],"texture":"#0"},"east":{"uv":[7.5,6,8,10],"texture":"#0"},"south":{"uv":[7.5,6,8,10],"texture":"#0"},"west":{"uv":[7.5,6,8,10],"texture":"#0"},"up":{"uv":[7.5,6,8,6.5],"texture":"#0"},"down":{"uv":[7.5,9.5,8,10],"texture":"#0"}}},{"name":"leather_boots_6","from":[5,9,8.025],"to":[6.5,9.5,9],"rotation":{"angle":0,"axis":"y","origin":[0,0,8.025]},"faces":{"north":{"uv":[6.5,6.5,5,7],"texture":"#0"},"east":{"uv":[6,6.5,6.5,7],"texture":"#0"},"south":{"uv":[5,6.5,6.5,7],"texture":"#0"},"west":{"uv":[5,6.5,5.5,7],"texture":"#0"},"up":{"uv":[5,6.5,6.5,7],"texture":"#0"},"down":{"uv":[5,6.5,6.5,7],"texture":"#0"}}},{"name":"leather_boots_7","from":[7,6,8.025],"to":[7.5,9.5,9],"rotation":{"angle":0,"axis":"y","origin":[0,0,8.025]},"faces":{"north":{"uv":[7.5,6.5,7,10],"texture":"#0"},"east":{"uv":[7,6.5,7.5,10],"texture":"#0"},"south":{"uv":[7,6.5,7.5,10],"texture":"#0"},"west":{"uv":[7,6.5,7.5,10],"texture":"#0"},"up":{"uv":[7,6.5,7.5,7],"texture":"#0"},"down":{"uv":[7,9.5,7.5,10],"texture":"#0"}}},{"name":"leather_boots_8","from":[8,8.5,8.025],"to":[9,9.5,9],"rotation":{"angle":0,"axis":"y","origin":[0,0,8.025]},"faces":{"north":{"uv":[9,6.5,8,7.5],"texture":"#0"},"east":{"uv":[8.5,6.5,9,7.5],"texture":"#0"},"south":{"uv":[8,6.5,9,7.5],"texture":"#0"},"west":{"uv":[8,6.5,8.5,7.5],"texture":"#0"},"up":{"uv":[8,6.5,9,7],"texture":"#0"},"down":{"uv":[8,7,9,7.5],"texture":"#0"}}},{"name":"leather_boots_9","from":[11,8,8.025],"to":[12.5,9.5,9],"rotation":{"angle":0,"axis":"y","origin":[0,0,8.025]},"faces":{"north":{"uv":[12.5,6.5,11,8],"texture":"#0"},"east":{"uv":[12,6.5,12.5,8],"texture":"#0"},"south":{"uv":[11,6.5,12.5,8],"texture":"#0"},"west":{"uv":[11,6.5,11.5,8],"texture":"#0"},"up":{"uv":[11,6.5,12.5,7],"texture":"#0"},"down":{"uv":[11,7.5,12.5,8],"texture":"#0"}}},{"name":"leather_boots_10","from":[4.5,6.5,8.025],"to":[5,9,9],"rotation":{"angle":0,"axis":"y","origin":[0,0,8.025]},"faces":{"north":{"uv":[5,7,4.5,9.5],"texture":"#0"},"east":{"uv":[4.5,7,5,9.5],"texture":"#0"},"south":{"uv":[4.5,7,5,9.5],"texture":"#0"},"west":{"uv":[4.5,7,5,9.5],"texture":"#0"},"up":{"uv":[4.5,7,5,7.5],"texture":"#0"},"down":{"uv":[4.5,9,5,9.5],"texture":"#0"}}},{"name":"leather_boots_11","from":[6,8.5,8.025],"to":[7,9,9],"rotation":{"angle":0,"axis":"y","origin":[0,0,8.025]},"faces":{"north":{"uv":[7,7,6,7.5],"texture":"#0"},"east":{"uv":[6.5,7,7,7.5],"texture":"#0"},"south":{"uv":[6,7,7,7.5],"texture":"#0"},"west":{"uv":[6,7,6.5,7.5],"texture":"#0"},"up":{"uv":[6,7,7,7.5],"texture":"#0"},"down":{"uv":[6,7,7,7.5],"texture":"#0"}}},{"name":"leather_boots_12","from":[10,8.5,8.025],"to":[10.5,9,9],"rotation":{"angle":0,"axis":"y","origin":[0,0,8.025]},"faces":{"north":{"uv":[10.5,7,10,7.5],"texture":"#0"},"east":{"uv":[10,7,10.5,7.5],"texture":"#0"},"south":{"uv":[10,7,10.5,7.5],"texture":"#0"},"west":{"uv":[10,7,10.5,7.5],"texture":"#0"},"up":{"uv":[10,7,10.5,7.5],"texture":"#0"},"down":{"uv":[10,7,10.5,7.5],"texture":"#0"}}},{"name":"leather_boots_13","from":[12.5,7,8.025],"to":[13,9,9],"rotation":{"angle":0,"axis":"y","origin":[0,0,8.025]},"faces":{"north":{"uv":[13,7,12.5,9],"texture":"#0"},"east":{"uv":[12.5,7,13,9],"texture":"#0"},"south":{"uv":[12.5,7,13,9],"texture":"#0"},"west":{"uv":[12.5,7,13,9],"texture":"#0"},"up":{"uv":[12.5,7,13,7.5],"texture":"#0"},"down":{"uv":[12.5,8.5,13,9],"texture":"#0"}}},{"name":"leather_boots_14","from":[4,7,8.025],"to":[4.5,8.5,9],"rotation":{"angle":0,"axis":"y","origin":[0,0,8.025]},"faces":{"north":{"uv":[4.5,7.5,4,9],"texture":"#0"},"east":{"uv":[4,7.5,4.5,9],"texture":"#0"},"south":{"uv":[4,7.5,4.5,9],"texture":"#0"},"west":{"uv":[4,7.5,4.5,9],"texture":"#0"},"up":{"uv":[4,7.5,4.5,8],"texture":"#0"},"down":{"uv":[4,8.5,4.5,9],"texture":"#0"}}},{"name":"leather_boots_15","from":[5,6.5,8.025],"to":[5.5,8.5,9],"rotation":{"angle":0,"axis":"y","origin":[0,0,8.025]},"faces":{"north":{"uv":[5.5,7.5,5,9.5],"texture":"#0"},"east":{"uv":[5,7.5,5.5,9.5],"texture":"#0"},"south":{"uv":[5,7.5,5.5,9.5],"texture":"#0"},"west":{"uv":[5,7.5,5.5,9.5],"texture":"#0"},"up":{"uv":[5,7.5,5.5,8],"texture":"#0"},"down":{"uv":[5,9,5.5,9.5],"texture":"#0"}}},{"name":"leather_boots_16","from":[6.5,8,8.025],"to":[7,8.5,9],"rotation":{"angle":0,"axis":"y","origin":[0,0,8.025]},"faces":{"north":{"uv":[7,7.5,6.5,8],"texture":"#0"},"east":{"uv":[6.5,7.5,7,8],"texture":"#0"},"south":{"uv":[6.5,7.5,7,8],"texture":"#0"},"west":{"uv":[6.5,7.5,7,8],"texture":"#0"},"up":{"uv":[6.5,7.5,7,8],"texture":"#0"},"down":{"uv":[6.5,7.5,7,8],"texture":"#0"}}},{"name":"leather_boots_17","from":[8.5,8,8.025],"to":[10,8.5,9],"rotation":{"angle":0,"axis":"y","origin":[0,0,8.025]},"faces":{"north":{"uv":[10,7.5,8.5,8],"texture":"#0"},"east":{"uv":[9.5,7.5,10,8],"texture":"#0"},"south":{"uv":[8.5,7.5,10,8],"texture":"#0"},"west":{"uv":[8.5,7.5,9,8],"texture":"#0"},"up":{"uv":[8.5,7.5,10,8],"texture":"#0"},"down":{"uv":[8.5,7.5,10,8],"texture":"#0"}}},{"name":"leather_boots_18","from":[2.5,7,8.025],"to":[4,8,9],"rotation":{"angle":0,"axis":"y","origin":[0,0,8.025]},"faces":{"north":{"uv":[4,8,2.5,9],"texture":"#0"},"east":{"uv":[3.5,8,4,9],"texture":"#0"},"south":{"uv":[2.5,8,4,9],"texture":"#0"},"west":{"uv":[2.5,8,3,9],"texture":"#0"},"up":{"uv":[2.5,8,4,8.5],"texture":"#0"},"down":{"uv":[2.5,8.5,4,9],"texture":"#0"}}},{"name":"leather_boots_19","from":[5.5,6.5,8.025],"to":[6,8,9],"rotation":{"angle":0,"axis":"y","origin":[0,0,8.025]},"faces":{"north":{"uv":[6,8,5.5,9.5],"texture":"#0"},"east":{"uv":[5.5,8,6,9.5],"texture":"#0"},"south":{"uv":[5.5,8,6,9.5],"texture":"#0"},"west":{"uv":[5.5,8,6,9.5],"texture":"#0"},"up":{"uv":[5.5,8,6,8.5],"texture":"#0"},"down":{"uv":[5.5,9,6,9.5],"texture":"#0"}}},{"name":"leather_boots_20","from":[8,6.5,8.025],"to":[8.5,8,9],"rotation":{"angle":0,"axis":"y","origin":[0,0,8.025]},"faces":{"north":{"uv":[8.5,8,8,9.5],"texture":"#0"},"east":{"uv":[8,8,8.5,9.5],"texture":"#0"},"south":{"uv":[8,8,8.5,9.5],"texture":"#0"},"west":{"uv":[8,8,8.5,9.5],"texture":"#0"},"up":{"uv":[8,8,8.5,8.5],"texture":"#0"},"down":{"uv":[8,9,8.5,9.5],"texture":"#0"}}},{"name":"leather_boots_21","from":[9.5,6.5,8.025],"to":[10,8,9],"rotation":{"angle":0,"axis":"y","origin":[0,0,8.025]},"faces":{"north":{"uv":[10,8,9.5,9.5],"texture":"#0"},"east":{"uv":[9.5,8,10,9.5],"texture":"#0"},"south":{"uv":[9.5,8,10,9.5],"texture":"#0"},"west":{"uv":[9.5,8,10,9.5],"texture":"#0"},"up":{"uv":[9.5,8,10,8.5],"texture":"#0"},"down":{"uv":[9.5,9,10,9.5],"texture":"#0"}}},{"name":"leather_boots_22","from":[11.5,7,8.025],"to":[12.5,8,9],"rotation":{"angle":0,"axis":"y","origin":[0,0,8.025]},"faces":{"north":{"uv":[12.5,8,11.5,9],"texture":"#0"},"east":{"uv":[12,8,12.5,9],"texture":"#0"},"south":{"uv":[11.5,8,12.5,9],"texture":"#0"},"west":{"uv":[11.5,8,12,9],"texture":"#0"},"up":{"uv":[11.5,8,12.5,8.5],"texture":"#0"},"down":{"uv":[11.5,8.5,12.5,9],"texture":"#0"}}},{"name":"leather_boots_23","from":[13,7.5,8.025],"to":[13.5,8,9],"rotation":{"angle":0,"axis":"y","origin":[0,0,8.025]},"faces":{"north":{"uv":[13.5,8,13,8.5],"texture":"#0"},"east":{"uv":[13,8,13.5,8.5],"texture":"#0"},"south":{"uv":[13,8,13.5,8.5],"texture":"#0"},"west":{"uv":[13,8,13.5,8.5],"texture":"#0"},"up":{"uv":[13,8,13.5,8.5],"texture":"#0"},"down":{"uv":[13,8,13.5,8.5],"texture":"#0"}}},{"name":"leather_boots_24","from":[2,7,8.025],"to":[2.5,7.5,9],"rotation":{"angle":0,"axis":"y","origin":[0,0,8.025]},"faces":{"north":{"uv":[2.5,8.5,2,9],"texture":"#0"},"east":{"uv":[2,8.5,2.5,9],"texture":"#0"},"south":{"uv":[2,8.5,2.5,9],"texture":"#0"},"west":{"uv":[2,8.5,2.5,9],"texture":"#0"},"up":{"uv":[2,8.5,2.5,9],"texture":"#0"},"down":{"uv":[2,8.5,2.5,9],"texture":"#0"}}},{"name":"leather_boots_25","from":[6,6.5,8.025],"to":[7,7.5,9],"rotation":{"angle":0,"axis":"y","origin":[0,0,8.025]},"faces":{"north":{"uv":[7,8.5,6,9.5],"texture":"#0"},"east":{"uv":[6.5,8.5,7,9.5],"texture":"#0"},"south":{"uv":[6,8.5,7,9.5],"texture":"#0"},"west":{"uv":[6,8.5,6.5,9.5],"texture":"#0"},"up":{"uv":[6,8.5,7,9],"texture":"#0"},"down":{"uv":[6,9,7,9.5],"texture":"#0"}}},{"name":"leather_boots_26","from":[8.5,6.5,8.025],"to":[9.5,7.5,9],"rotation":{"angle":0,"axis":"y","origin":[0,0,8.025]},"faces":{"north":{"uv":[9.5,8.5,8.5,9.5],"texture":"#0"},"east":{"uv":[9,8.5,9.5,9.5],"texture":"#0"},"south":{"uv":[8.5,8.5,9.5,9.5],"texture":"#0"},"west":{"uv":[8.5,8.5,9,9.5],"texture":"#0"},"up":{"uv":[8.5,8.5,9.5,9],"texture":"#0"},"down":{"uv":[8.5,9,9.5,9.5],"texture":"#0"}}},{"name":"leather_boots_27","from":[10,7,8.025],"to":[11.5,7.5,9],"rotation":{"angle":0,"axis":"y","origin":[0,0,8.025]},"faces":{"north":{"uv":[11.5,8.5,10,9],"texture":"#0"},"east":{"uv":[11,8.5,11.5,9],"texture":"#0"},"south":{"uv":[10,8.5,11.5,9],"texture":"#0"},"west":{"uv":[10,8.5,10.5,9],"texture":"#0"},"up":{"uv":[10,8.5,11.5,9],"texture":"#0"},"down":{"uv":[10,8.5,11.5,9],"texture":"#0"}}},{"name":"leather_boots_28","from":[3,6.5,8.025],"to":[4,7,9],"rotation":{"angle":0,"axis":"y","origin":[0,0,8.025]},"faces":{"north":{"uv":[4,9,3,9.5],"texture":"#0"},"east":{"uv":[3.5,9,4,9.5],"texture":"#0"},"south":{"uv":[3,9,4,9.5],"texture":"#0"},"west":{"uv":[3,9,3.5,9.5],"texture":"#0"},"up":{"uv":[3,9,4,9.5],"texture":"#0"},"down":{"uv":[3,9,4,9.5],"texture":"#0"}}},{"name":"leather_boots_29","from":[10,6.5,8.025],"to":[10.5,7,9],"rotation":{"angle":0,"axis":"y","origin":[0,0,8.025]},"faces":{"north":{"uv":[10.5,9,10,9.5],"texture":"#0"},"east":{"uv":[10,9,10.5,9.5],"texture":"#0"},"south":{"uv":[10,9,10.5,9.5],"texture":"#0"},"west":{"uv":[10,9,10.5,9.5],"texture":"#0"},"up":{"uv":[10,9,10.5,9.5],"texture":"#0"},"down":{"uv":[10,9,10.5,9.5],"texture":"#0"}}}],"display":{"thirdperson_righthand":{"translation":[0,1.5,-0.25],"scale":[0.46,0.46,0.46]},"thirdperson_lefthand":{"translation":[0,1.5,-0.25],"scale":[0.46,0.46,0.46]},"firstperson_righthand":{"rotation":[-5,-90,0],"translation":[0.5,3.75,0],"scale":[0.69,0.69,0.69]},"firstperson_lefthand":{"rotation":[-5,90,0],"translation":[0.5,3.75,0],"scale":[0.69,0.69,0.69]},"gui":{"translation":[0.25,-0.25,0],"scale":[1.21,1.21,1.21]}},"groups":[{"name":"leather_boots_overlay","origin":[8,8,8],"color":0,"children":[0,1,2,3,4,5,6,7,8,9,10,11,12,13,14,15,16,17,18,19,20,21,22,23,{"name":"leather_boots","origin":[8,8,8],"color":0,"children":[24,25,26,27,28,29,30,31,32,33,34,35,36,37,38,39,40,41,42,43,44,45,46,47,48,49,50,51,52,53]}]}]}