{"credit":"Made with Blockbench","textures":{"0":"item/rpskins/texture","1":"guns/holo"},"elements":[{"from":[7.10836,4.28821,7.30941],"to":[10.22724,4.51099,9.203],"rotation":{"angle":0,"axis":"y","origin":[-27.75629,-9.72445,-27.53294]},"faces":{"north":{"uv":[0,1,2.5,2],"texture":"#0"},"east":{"uv":[0,1,2.5,2],"texture":"#0"},"south":{"uv":[0,1,2.5,2],"texture":"#0"},"west":{"uv":[0,1,2.5,2],"texture":"#0"},"up":{"uv":[0,1,2.5,2],"texture":"#0"},"down":{"uv":[0,1,2.5,2],"texture":"#0"}}},{"from":[7.10836,3.95407,8.75744],"to":[10.22724,4.28821,9.09159],"rotation":{"angle":0,"axis":"y","origin":[-27.75629,-9.83586,-27.53294]},"faces":{"north":{"uv":[0,1.5,2.5,3],"texture":"#0"},"east":{"uv":[0,1.5,2.5,3],"texture":"#0"},"south":{"uv":[0,1.5,2.5,3],"texture":"#0"},"west":{"uv":[0,1.5,2.5,3],"texture":"#0"},"up":{"uv":[0,1.5,2.5,3],"texture":"#0"},"down":{"uv":[0,1.5,2.5,3],"texture":"#0"}}},{"from":[7.10836,3.95407,7.42078],"to":[10.22724,4.28821,7.75497],"rotation":{"angle":0,"axis":"y","origin":[-27.75629,-9.83586,-28.8696]},"faces":{"north":{"uv":[0,1.5,2.5,3],"texture":"#0"},"east":{"uv":[0,1.5,2.5,3],"texture":"#0"},"south":{"uv":[0,1.5,2.5,3],"texture":"#0"},"west":{"uv":[0,1.5,2.5,3],"texture":"#0"},"up":{"uv":[0,1.5,2.5,3],"texture":"#0"},"down":{"uv":[0,1.5,2.5,3],"texture":"#0"}}},{"from":[7.10836,4.51099,7.08664],"to":[10.22724,4.73376,9.42577],"rotation":{"angle":0,"axis":"y","origin":[-27.75629,-9.61309,-27.53294]},"faces":{"north":{"uv":[3.5,8,7,9],"texture":"#0"},"east":{"uv":[4,0,5.5,1],"texture":"#0"},"south":{"uv":[3.5,8,7,9],"texture":"#0"},"west":{"uv":[3.5,8,7,9],"texture":"#0"},"up":{"uv":[3.5,8,7,9],"texture":"#0"},"down":{"uv":[3.5,8,7,9],"texture":"#0"}}},{"from":[7.4425,4.51099,7.46533],"to":[7.55391,4.62235,7.50989],"rotation":{"angle":0,"axis":"y","origin":[-27.75629,-9.61309,-27.64435]},"faces":{"north":{"uv":[6,0,6.5,0.5],"texture":"#0"},"east":{"uv":[2,6,2.5,6.5],"texture":"#0"},"south":{"uv":[6,0,6.5,0.5],"texture":"#0"},"west":{"uv":[2,6,2.5,6.5],"texture":"#0"},"up":{"uv":[6.5,2.5,6,2],"texture":"#0"},"down":{"uv":[6.5,2,6,2.5],"texture":"#0"}}},{"from":[7.4425,4.51099,8.75744],"to":[7.55391,4.62235,9.24755],"rotation":{"angle":0,"axis":"y","origin":[-27.75629,-9.61309,-26.08491]},"faces":{"north":{"uv":[6,0,6.5,0.5],"texture":"#0"},"east":{"uv":[2,6,2.5,6.5],"texture":"#0"},"south":{"uv":[6,0,6.5,0.5],"texture":"#0"},"west":{"uv":[2,6,2.5,6.5],"texture":"#0"},"up":{"uv":[6.5,2.5,6,2],"texture":"#0"},"down":{"uv":[6.5,2,6,2.5],"texture":"#0"}}},{"from":[7.55391,4.73376,7.08664],"to":[10.22724,4.95654,9.42577],"rotation":{"angle":0,"axis":"y","origin":[-27.75629,-9.61309,-27.53294]},"faces":{"north":{"uv":[3.5,7,6.5,8],"texture":"#0"},"east":{"uv":[4,0,5.5,1],"texture":"#0"},"south":{"uv":[3.5,7,6.5,8],"texture":"#0"},"west":{"uv":[3.5,7,6.5,8],"texture":"#0"},"up":{"uv":[3.5,7,6.5,8],"texture":"#0"},"down":{"uv":[3.5,7,6.5,8],"texture":"#0"}}},{"from":[9.11335,4.95654,7.08664],"to":[10.00446,6.071,9.42577],"rotation":{"angle":0,"axis":"y","origin":[-27.75629,-9.61309,-27.53294]},"faces":{"north":{"uv":[4,5.25,5.25,7],"texture":"#0"},"east":{"uv":[4,5.25,5.25,7],"texture":"#0"},"south":{"uv":[4,5.25,5.25,7],"texture":"#0"},"west":{"uv":[4,5.25,5.25,7],"texture":"#0"},"up":{"uv":[4,5.25,5.25,7],"texture":"#0"},"down":{"uv":[4,5.25,5.25,7],"texture":"#0"}}},{"from":[8.44502,6.071,7.198],"to":[10.00446,7.29626,7.42078],"rotation":{"angle":0,"axis":"y","origin":[-27.75629,-8.49862,-27.86713]},"faces":{"north":{"uv":[4,0,5.375,1],"texture":"#0"},"east":{"uv":[4,0,5.375,1],"texture":"#0"},"south":{"uv":[4,0,5.375,1],"texture":"#0"},"west":{"uv":[4,0,5.375,1],"texture":"#0"},"up":{"uv":[4,0,5.375,1],"texture":"#0"},"down":{"uv":[4,0,5.375,1],"texture":"#0"}}},{"from":[8.44502,6.071,9.09163],"to":[10.00446,7.29626,9.31436],"rotation":{"angle":0,"axis":"y","origin":[-27.75629,-8.49862,-27.1988]},"faces":{"north":{"uv":[4,0,5.375,1],"texture":"#0"},"east":{"uv":[4,0,5.375,1],"texture":"#0"},"south":{"uv":[4,0,5.375,1],"texture":"#0"},"west":{"uv":[4,0,5.375,1],"texture":"#0"},"up":{"uv":[4,0,5.375,1],"texture":"#0"},"down":{"uv":[4,0,5.375,1],"texture":"#0"}}},{"from":[8.44502,6.071,9.31436],"to":[10.00446,7.1715,9.42577],"rotation":{"angle":0,"axis":"y","origin":[-27.75629,-8.49862,-27.1988]},"faces":{"north":{"uv":[4,0,5.375,1],"texture":"#0"},"east":{"uv":[4,0,5.375,1],"texture":"#0"},"south":{"uv":[4,0,5.5125,1],"texture":"#0"},"west":{"uv":[4,0,5.375,1],"texture":"#0"},"up":{"uv":[4,0,5.375,1],"texture":"#0"},"down":{"uv":[4,0,5.375,1],"texture":"#0"}}},{"from":[8.44502,6.071,7.08664],"to":[10.00446,7.1715,7.198],"rotation":{"angle":0,"axis":"y","origin":[-27.75629,-8.49862,-29.42657]},"faces":{"north":{"uv":[4,0,5.375,1],"texture":"#0"},"east":{"uv":[4,0,5.375,1],"texture":"#0"},"south":{"uv":[4,0,5.375,1],"texture":"#0"},"west":{"uv":[4,0,5.375,1],"texture":"#0"},"up":{"uv":[4,0,5.375,1],"texture":"#0"},"down":{"uv":[4,0,5.375,1],"texture":"#0"}}},{"from":[8.44502,7.29626,7.42078],"to":[10.00446,7.51903,9.09159],"rotation":{"angle":0,"axis":"y","origin":[-27.75629,-8.05311,-27.31016]},"faces":{"north":{"uv":[4,0,5.375,0.5],"texture":"#0"},"east":{"uv":[4,0,5.375,0.5],"texture":"#0"},"south":{"uv":[4,0,5.375,0.5],"texture":"#0"},"west":{"uv":[4,0,5.375,0.5],"texture":"#0"},"up":{"uv":[4,0,5.375,0.5],"texture":"#0"},"down":{"uv":[4,0,5.375,0.5],"texture":"#0"}}},{"from":[8.44502,7.29626,7.30941],"to":[10.00446,7.40762,7.42078],"rotation":{"angle":0,"axis":"y","origin":[-27.75629,-8.05311,-27.31016]},"faces":{"north":{"uv":[4,0,5.375,0.5],"texture":"#0"},"east":{"uv":[4,0,5.375,0.5],"texture":"#0"},"south":{"uv":[4,0,5.375,0.5],"texture":"#0"},"west":{"uv":[4,0,5.375,0.5],"texture":"#0"},"up":{"uv":[4,0,5.375,0.5],"texture":"#0"},"down":{"uv":[4,0,5.375,0.5],"texture":"#0"}}},{"from":[8.44502,7.29626,9.09159],"to":[10.00446,7.40762,9.203],"rotation":{"angle":0,"axis":"y","origin":[-27.75629,-8.05311,-25.52795]},"faces":{"north":{"uv":[4,0,5.375,0.5],"texture":"#0"},"east":{"uv":[4,0,5.375,0.5],"texture":"#0"},"south":{"uv":[4,0,5.375,0.5],"texture":"#0"},"west":{"uv":[4,0,5.375,0.5],"texture":"#0"},"up":{"uv":[4,0,5.375,0.5],"texture":"#0"},"down":{"uv":[4,0,5.375,0.5],"texture":"#0"}}},{"from":[8.44502,7.18485,8.98022],"to":[10.00446,7.29626,9.09163],"rotation":{"angle":0,"axis":"y","origin":[-27.75629,-8.16448,-25.63936]},"faces":{"north":{"uv":[4,0,5.375,0.5],"texture":"#0"},"east":{"uv":[4,0,5.375,0.5],"texture":"#0"},"south":{"uv":[4,0,5.375,0.5],"texture":"#0"},"west":{"uv":[4,0,5.375,0.5],"texture":"#0"},"up":{"uv":[4,0,5.375,0.5],"texture":"#0"},"down":{"uv":[4,0,5.375,0.5],"texture":"#0"}}},{"from":[8.44502,7.18485,7.42078],"to":[10.00446,7.29626,7.53219],"rotation":{"angle":0,"axis":"y","origin":[-27.75629,-8.16448,-27.1988]},"faces":{"north":{"uv":[4,0,5.375,0.5],"texture":"#0"},"east":{"uv":[4,0,5.375,0.5],"texture":"#0"},"south":{"uv":[4,0,5.375,0.5],"texture":"#0"},"west":{"uv":[4,0,5.375,0.5],"texture":"#0"},"up":{"uv":[4,0,5.375,0.5],"texture":"#0"},"down":{"uv":[4,0,5.375,0.5],"texture":"#0"}}},{"from":[8.44502,7.51903,7.53219],"to":[10.00446,7.63044,8.98022],"rotation":{"angle":0,"axis":"y","origin":[-27.75629,-7.9417,-27.31016]},"faces":{"north":{"uv":[4,0,5.375,1],"texture":"#0"},"east":{"uv":[4,0,5.375,1],"texture":"#0"},"south":{"uv":[4,0,5.375,1],"texture":"#0"},"west":{"uv":[4,0,5.375,1],"texture":"#0"},"up":{"uv":[4,0,5.375,1],"texture":"#0"},"down":{"uv":[4,0,5.375,1],"texture":"#0"}}},{"from":[10.00446,6.071,9.09163],"to":[10.22724,6.50317,9.31436],"rotation":{"angle":0,"axis":"y","origin":[-27.53352,-8.49862,-27.1988]},"faces":{"north":{"uv":[6,2,6.5,3.5],"texture":"#0"},"east":{"uv":[6,2,6.5,3.5],"texture":"#0"},"south":{"uv":[6,2,6.5,3.5],"texture":"#0"},"west":{"uv":[6,2,6.5,3.5],"texture":"#0"},"up":{"uv":[6,2,6.5,3.5],"texture":"#0"},"down":{"uv":[6,2,6.5,3.5],"texture":"#0"}}},{"from":[10.00446,6.071,7.198],"to":[10.22724,6.50317,7.42078],"rotation":{"angle":0,"axis":"y","origin":[-27.53352,-8.49862,-27.86713]},"faces":{"north":{"uv":[6,2,6.5,3.5],"texture":"#0"},"east":{"uv":[6,2,6.5,3.5],"texture":"#0"},"south":{"uv":[6,2,6.5,3.5],"texture":"#0"},"west":{"uv":[6,2,6.5,3.5],"texture":"#0"},"up":{"uv":[6,2,6.5,3.5],"texture":"#0"},"down":{"uv":[6,2,6.5,3.5],"texture":"#0"}}},{"from":[31.44454,-15.84584,9.09163],"to":[31.66732,-15.52504,9.31436],"rotation":{"angle":45,"axis":"z","origin":[-6.0355,-30.55361,-27.1988]},"faces":{"north":{"uv":[6,2,6.5,3.5],"texture":"#0"},"east":{"uv":[6,2,6.5,3.5],"texture":"#0"},"south":{"uv":[6,2,6.5,3.5],"texture":"#0"},"west":{"uv":[6,2,6.5,3.5],"texture":"#0"},"up":{"uv":[6,2,6.5,3.5],"texture":"#0"},"down":{"uv":[6,2,6.5,3.5],"texture":"#0"}}},{"from":[31.44454,-15.84584,7.198],"to":[31.66732,-15.52504,7.42078],"rotation":{"angle":45,"axis":"z","origin":[-6.0355,-30.55361,-27.86713]},"faces":{"north":{"uv":[6,2,6.5,3.5],"texture":"#0"},"east":{"uv":[6,2,6.5,3.5],"texture":"#0"},"south":{"uv":[6,2,6.5,3.5],"texture":"#0"},"west":{"uv":[6,2,6.5,3.5],"texture":"#0"},"up":{"uv":[6,2,6.5,3.5],"texture":"#0"},"down":{"uv":[6,2,6.5,3.5],"texture":"#0"}}},{"from":[5.7717,5.17932,7.42078],"to":[8.33361,5.84818,8.98022],"rotation":{"angle":0,"axis":"y","origin":[-29.20432,-9.61309,-27.53294]},"faces":{"north":{"uv":[6,0,6.5,0.5],"texture":"#0"},"east":{"uv":[2,6,2.5,6.5],"texture":"#0"},"south":{"uv":[6,0,6.5,0.5],"texture":"#0"},"west":{"uv":[2,6,2.5,6.5],"texture":"#0"},"up":{"uv":[6.5,2.5,6,2],"texture":"#0"},"down":{"uv":[6.5,2,6,2.5],"texture":"#0"}}},{"from":[5.88306,5.84818,7.53219],"to":[8.33361,5.9462,8.86885],"rotation":{"angle":0,"axis":"y","origin":[-29.20432,-9.72392,-27.53294]},"faces":{"north":{"uv":[6,0,6.5,0.5],"texture":"#0"},"east":{"uv":[2,6,2.5,6.5],"texture":"#0"},"south":{"uv":[6,0,6.5,0.5],"texture":"#0"},"west":{"uv":[2,6,2.5,6.5],"texture":"#0"},"up":{"uv":[6.5,2.5,6,2],"texture":"#0"},"down":{"uv":[6.5,2,6,2.5],"texture":"#0"}}},{"from":[5.7717,5.06791,7.42078],"to":[7.77669,5.17932,8.98022],"rotation":{"angle":0,"axis":"y","origin":[-29.20432,-9.72445,-27.53294]},"faces":{"north":{"uv":[6,0,6.5,0.5],"texture":"#0"},"east":{"uv":[2,6,2.5,6.5],"texture":"#0"},"south":{"uv":[6,0,6.5,0.5],"texture":"#0"},"west":{"uv":[2,6,2.5,6.5],"texture":"#0"},"up":{"uv":[6.5,2.5,6,2],"texture":"#0"},"down":{"uv":[6.5,2,6,2.5],"texture":"#0"}}},{"from":[5.66029,5.17932,7.42078],"to":[5.7717,5.83484,8.98022],"rotation":{"angle":0,"axis":"y","origin":[-29.53851,-9.61309,-27.53294]},"faces":{"north":{"uv":[6,0,6.5,0.5],"texture":"#0"},"east":{"uv":[2,6,2.5,6.5],"texture":"#0"},"south":{"uv":[6,0,6.5,0.5],"texture":"#0"},"west":{"uv":[8,4,8.5,4.5],"texture":"#0"},"up":{"uv":[6.5,2.5,6,2],"texture":"#0"},"down":{"uv":[6.5,2,6,2.5],"texture":"#0"}}},{"from":[10.00446,4.95654,7.08664],"to":[10.22724,6.071,9.42577],"rotation":{"angle":0,"axis":"y","origin":[-27.75629,-9.61309,-27.53294]},"faces":{"north":{"uv":[3.5,5,4.5,7.5],"texture":"#0"},"east":{"uv":[6,8,6.5,8.5],"texture":"#0"},"south":{"uv":[3.5,5,4.5,7.5],"texture":"#0"},"west":{"uv":[6,8,6.5,8.5],"texture":"#0"},"up":{"uv":[3.5,5,4.5,7.5],"texture":"#0"},"down":{"uv":[6.5,8,6,8.5],"texture":"#0"}}},{"from":[10.22724,4.95654,7.30941],"to":[10.22724,5.50012,9.203],"rotation":{"angle":0,"axis":"y","origin":[-27.53352,-9.61309,-27.53294]},"faces":{"north":{"uv":[4,0,5,0.5],"texture":"#0"},"east":{"uv":[4,0,5.5,1],"texture":"#0"},"south":{"uv":[4,0,5,0.5],"texture":"#0"},"west":{"uv":[4,0,5,0.5],"texture":"#0"},"up":{"uv":[4,0,5,0.5],"texture":"#0"},"down":{"uv":[4,0,5,0.5],"texture":"#0"}}},{"from":[10.22724,5.73624,7.42078],"to":[10.33861,5.95959,9.09159],"rotation":{"angle":0,"axis":"y","origin":[-27.42211,-9.2789,-27.53294]},"faces":{"north":{"uv":[8,6,8.5,6.5],"texture":"#0"},"east":{"uv":[7.5,6,9,6.5],"texture":"#0"},"south":{"uv":[8,6,8.5,6.5],"texture":"#0"},"west":{"uv":[8,6,8.5,6.5],"texture":"#0"},"up":{"uv":[8.5,6.5,8,6],"texture":"#0"},"down":{"uv":[8.5,6,8,6.5],"texture":"#0"}}},{"from":[10.22724,4.51099,7.198],"to":[10.33861,5.95959,7.42078],"rotation":{"angle":0,"axis":"y","origin":[-27.42211,-9.2789,-27.53294]},"faces":{"north":{"uv":[2,4,2.5,5],"texture":"#0"},"east":{"uv":[2,4,2.5,5.5],"texture":"#0"},"south":{"uv":[2,4,2.5,5],"texture":"#0"},"west":{"uv":[2,4,2.5,5],"texture":"#0"},"up":{"uv":[2.5,5,2,4],"texture":"#0"},"down":{"uv":[2.5,4,2,5],"texture":"#0"}}},{"from":[10.22724,4.51099,9.09159],"to":[10.33861,5.95959,9.31436],"rotation":{"angle":0,"axis":"y","origin":[-27.42211,-9.2789,-25.63936]},"faces":{"north":{"uv":[2,4,2.5,5],"texture":"#0"},"east":{"uv":[2,4,2.5,5.5],"texture":"#0"},"south":{"uv":[2,4,2.5,5],"texture":"#0"},"west":{"uv":[2,4,2.5,5],"texture":"#0"},"up":{"uv":[2.5,5,2,4],"texture":"#0"},"down":{"uv":[2.5,4,2,5],"texture":"#0"}}},{"from":[10.33861,5.4021,8.75744],"to":[10.33861,5.62487,8.98022],"rotation":{"angle":0,"axis":"y","origin":[-27.42211,-9.39031,-25.9735]},"faces":{"north":{"uv":[8,8,10,10],"texture":"#0"},"east":{"uv":[8,8,12,12],"texture":"#0"},"south":{"uv":[8,8,10,10],"texture":"#0"},"west":{"uv":[8,8,10,10],"texture":"#0"},"up":{"uv":[8,8,10,10],"texture":"#0"},"down":{"uv":[8,8,10,10],"texture":"#0"}}},{"from":[10.33861,4.62235,8.75744],"to":[10.33861,4.84518,8.98022],"rotation":{"angle":0,"axis":"y","origin":[-27.42211,-10.17005,-25.9735]},"faces":{"north":{"uv":[8,8,10,10],"texture":"#0"},"east":{"uv":[8,8,12,12],"texture":"#0"},"south":{"uv":[8,8,10,10],"texture":"#0"},"west":{"uv":[8,8,10,10],"texture":"#0"},"up":{"uv":[8,8,10,10],"texture":"#0"},"down":{"uv":[8,8,10,10],"texture":"#0"}}},{"from":[10.33861,4.62235,7.53219],"to":[10.33861,4.84518,7.75497],"rotation":{"angle":0,"axis":"y","origin":[-27.42211,-10.17005,-27.1988]},"faces":{"north":{"uv":[8,8,10,10],"texture":"#0"},"east":{"uv":[8,8,12,12],"texture":"#0"},"south":{"uv":[8,8,10,10],"texture":"#0"},"west":{"uv":[8,8,10,10],"texture":"#0"},"up":{"uv":[8,8,10,10],"texture":"#0"},"down":{"uv":[8,8,10,10],"texture":"#0"}}},{"from":[10.33861,5.4021,7.53219],"to":[10.33861,5.62487,7.75497],"rotation":{"angle":0,"axis":"y","origin":[-27.42211,-9.39031,-27.1988]},"faces":{"north":{"uv":[8,8,10,10],"texture":"#0"},"east":{"uv":[8,8,12,12],"texture":"#0"},"south":{"uv":[8,8,10,10],"texture":"#0"},"west":{"uv":[8,8,10,10],"texture":"#0"},"up":{"uv":[8,8,10,10],"texture":"#0"},"down":{"uv":[8,8,10,10],"texture":"#0"}}},{"from":[8.77917,4.95654,7.08664],"to":[9.11335,6.071,9.42577],"rotation":{"angle":0,"axis":"y","origin":[-27.75629,-9.61309,-27.53294]},"faces":{"north":{"uv":[5,5,5.5,7],"texture":"#0"},"east":{"uv":[5,5,5.5,7],"texture":"#0"},"south":{"uv":[5,5,5.5,7],"texture":"#0"},"west":{"uv":[5,5,5.5,7],"texture":"#0"},"up":{"uv":[5,5,5.5,7],"texture":"#0"},"down":{"uv":[5,5,5.5,7],"texture":"#0"}}},{"from":[8.44502,4.95654,7.08664],"to":[8.77917,6.071,9.42577],"rotation":{"angle":0,"axis":"y","origin":[-28.09044,-9.61309,-27.53294]},"faces":{"north":{"uv":[5.5,5,6,7],"texture":"#0"},"east":{"uv":[5.5,5,6,7],"texture":"#0"},"south":{"uv":[5.5,5,6,7],"texture":"#0"},"west":{"uv":[5.5,5,6,7],"texture":"#0"},"up":{"uv":[5.5,5,6,7],"texture":"#0"},"down":{"uv":[5.5,5,6,7],"texture":"#0"}}},{"from":[8.11083,4.95654,7.08664],"to":[8.44502,5.61095,9.42577],"rotation":{"angle":0,"axis":"y","origin":[-28.42463,-9.61309,-27.53294]},"faces":{"north":{"uv":[6,6,7,7],"texture":"#0"},"east":{"uv":[6,6,7,7],"texture":"#0"},"south":{"uv":[6,6,7,7],"texture":"#0"},"west":{"uv":[6,6,7,7],"texture":"#0"},"up":{"uv":[6,6,7,7],"texture":"#0"},"down":{"uv":[6,6,7,7],"texture":"#0"}}},{"from":[7.77722,4.95654,7.08664],"to":[8.11083,5.38818,9.42577],"rotation":{"angle":0,"axis":"y","origin":[-28.6474,-9.61309,-27.53294]},"faces":{"north":{"uv":[6.4875,5.9375,7.9875,6.9375],"texture":"#0"},"east":{"uv":[6.4875,5.9375,7.9875,6.9375],"texture":"#0"},"south":{"uv":[6.4875,5.9375,7.9875,6.9375],"texture":"#0"},"west":{"uv":[6.4875,5.9375,7.9875,6.9375],"texture":"#0"},"up":{"uv":[6.4875,5.9375,7.9875,6.9375],"texture":"#0"},"down":{"uv":[6.4875,5.9375,7.9875,6.9375],"texture":"#0"}}},{"from":[27.50939,-16,7.198],"to":[29.40355,-15.70769,9.31436],"rotation":{"angle":45,"axis":"z","origin":[-7.37216,-30.10859,-27.53294]},"faces":{"north":{"uv":[1.5,7,3.5,8.5],"texture":"#0"},"east":{"uv":[1.5,7,3.5,8.5],"texture":"#0"},"south":{"uv":[1.5,7,3.5,8.5],"texture":"#0"},"west":{"uv":[1.5,7,3.5,8.5],"texture":"#0"},"up":{"uv":[1.5,7,3.5,8.5],"texture":"#0"},"down":{"uv":[1.5,7,3.5,8.5],"texture":"#0"}}},{"name":"hexadecagon","from":[8.60959,6.47896,8.0665],"to":[8.60959,6.8957,8.48767],"rotation":{"angle":0,"axis":"y","origin":[8.44334,6.57472,8.27709]},"faces":{"north":{"uv":[0,0,16,16],"texture":"#1"},"east":{"uv":[0,0,16,16],"texture":"#1"},"south":{"uv":[0,0,16,16],"texture":"#1"},"west":{"uv":[0,0,16,16],"texture":"#1"},"up":{"uv":[0,0,16,16],"texture":"#1"},"down":{"uv":[0,0,16,16],"texture":"#1"}}}],"display":{"thirdperson_righthand":{"rotation":[0,90,0],"translation":[-0.25,2.75,0]},"thirdperson_lefthand":{"rotation":[0,-90,0],"translation":[0.25,3.25,0]},"firstperson_righthand":{"rotation":[0,90,0],"translation":[0,6.75,1],"scale":[1.36,1.36,1.36]},"firstperson_lefthand":{"rotation":[0,-90,0],"translation":[0,6.75,1],"scale":[1.36,1.36,1.36]},"ground":{"translation":[0,1.75,0],"scale":[1.54,1.54,1.54]},"gui":{"rotation":[0,-180,-45],"translation":[-3.25,5.75,0],"scale":[2.59,2.59,2.59]},"fixed":{"translation":[-0.75,4,0],"scale":[2.44,2.44,2.44]}},"groups":[{"name":"holo","origin":[1.65,0.075,0],"color":0,"children":[0,1,2,3,4,5,6,7,8,9,10,11,12,13,14,15,16,17,18,19,20,21,22,23,24,25,26,27,28,29,30,31,32,33,34,35,36,37,38,39,{"name":"reddot","origin":[8,8,8],"color":0,"children":[40]}]}]}