{"credit":"Made with Blockbench","textures":{"0":"guns/2-metal-dark","1":"guns/reddot"},"elements":[{"from":[8.64397,4.42534,7.57069],"to":[9.9319,4.5079,8.8256],"rotation":{"angle":0,"axis":"y","origin":[-14.20864,-6.90189,-18.4192]},"faces":{"north":{"uv":[6.125,3.25,7,3.375],"texture":"#0"},"east":{"uv":[7.75,3.25,8.125,3.375],"texture":"#0"},"south":{"uv":[6.125,3.25,7,3.375],"texture":"#0"},"west":{"uv":[7.75,3.25,8.125,3.375],"texture":"#0"},"up":{"uv":[7.275,6.25,14,7.6],"texture":"#0"},"down":{"uv":[6.125,7.75,7,8.125],"texture":"#0"}}},{"from":[8.14861,4.42534,7.57069],"to":[8.6935,4.5079,7.83488],"rotation":{"angle":0,"axis":"y","origin":[-14.53888,-6.90189,-18.4192]},"faces":{"north":{"uv":[6.125,3.25,7,3.375],"texture":"#0"},"east":{"uv":[7.75,3.25,8.125,3.375],"texture":"#0"},"south":{"uv":[6.125,3.25,7,3.375],"texture":"#0"},"west":{"uv":[7.75,3.25,8.125,3.375],"texture":"#0"},"up":{"uv":[6.725,5.4,10.55,7.55],"texture":"#0"},"down":{"uv":[6.125,7.75,7,8.125],"texture":"#0"}}},{"from":[8.14861,4.42534,8.56141],"to":[8.6935,4.5079,8.8256],"rotation":{"angle":0,"axis":"y","origin":[-14.53888,-6.90189,-17.42848]},"faces":{"north":{"uv":[6.125,3.25,7,3.375],"texture":"#0"},"east":{"uv":[7.75,3.25,8.125,3.375],"texture":"#0"},"south":{"uv":[6.125,3.25,7,3.375],"texture":"#0"},"west":{"uv":[7.75,3.25,8.125,3.375],"texture":"#0"},"up":{"uv":[6.725,5.4,10.55,7.55],"texture":"#0"},"down":{"uv":[6.125,7.75,7,8.125],"texture":"#0"}}},{"from":[9.9319,4.26022,7.65325],"to":[9.98144,4.59046,8.74304],"rotation":{"angle":0,"axis":"y","origin":[-14.12608,-6.90189,-18.4192]},"faces":{"north":{"uv":[7.275,6.25,14,7.6],"texture":"#0"},"east":{"uv":[7.275,6.25,14,7.6],"texture":"#0"},"south":{"uv":[7.275,6.25,14,7.6],"texture":"#0"},"west":{"uv":[7.275,6.25,14,7.6],"texture":"#0"},"up":{"uv":[7.275,6.25,14,7.6],"texture":"#0"},"down":{"uv":[7.275,6.25,14,7.6],"texture":"#0"}}},{"from":[9.9319,4.59046,7.73581],"to":[9.98144,4.67302,8.66048],"rotation":{"angle":0,"axis":"y","origin":[-14.12608,-6.81933,-18.4192]},"faces":{"north":{"uv":[6.125,3.25,7,3.375],"texture":"#0"},"east":{"uv":[7.75,3.25,8.125,3.375],"texture":"#0"},"south":{"uv":[6.125,3.25,7,3.375],"texture":"#0"},"west":{"uv":[7.75,3.25,8.125,3.375],"texture":"#0"},"up":{"uv":[6.125,7.75,7,8.125],"texture":"#0"},"down":{"uv":[6.125,7.75,7,8.125],"texture":"#0"}}},{"from":[7.07533,4.42534,7.57069],"to":[7.70278,4.59046,8.8256],"rotation":{"angle":0,"axis":"y","origin":[-15.77728,-6.90189,-18.4192]},"faces":{"north":{"uv":[6.025,0.6,6.55,2.825],"rotation":180,"texture":"#0"},"east":{"uv":[6.025,0.6,6.55,2.825],"rotation":180,"texture":"#0"},"south":{"uv":[6.025,0.6,6.55,2.825],"rotation":180,"texture":"#0"},"west":{"uv":[6.025,0.6,6.55,2.825],"rotation":180,"texture":"#0"},"up":{"uv":[6.025,0.6,6.55,2.825],"rotation":180,"texture":"#0"},"down":{"uv":[6.025,0.6,6.55,2.825],"rotation":180,"texture":"#0"}}},{"from":[9.22189,4.5079,7.57069],"to":[9.9319,4.67302,8.8256],"rotation":{"angle":0,"axis":"y","origin":[-14.20864,-6.81933,-18.4192]},"faces":{"north":{"uv":[5,6.25,10.225,7],"texture":"#0"},"east":{"uv":[5,6.25,10.225,7],"texture":"#0"},"south":{"uv":[5,6.25,10.225,7],"texture":"#0"},"west":{"uv":[5,6.25,10.225,7],"texture":"#0"},"up":{"uv":[5,6.25,10.225,7],"texture":"#0"},"down":{"uv":[5,6.25,10.225,7],"texture":"#0"}}},{"from":[9.13933,4.5079,7.65325],"to":[9.27142,4.59046,8.74304],"rotation":{"angle":0,"axis":"y","origin":[-14.2912,-6.81933,-18.4192]},"faces":{"north":{"uv":[7.275,6.25,14,7.6],"texture":"#0"},"east":{"uv":[7.275,6.25,14,7.6],"texture":"#0"},"south":{"uv":[7.275,6.25,14,7.6],"texture":"#0"},"west":{"uv":[7.275,6.25,14,7.6],"texture":"#0"},"up":{"uv":[7.275,6.25,14,7.6],"texture":"#0"},"down":{"uv":[7.275,6.25,14,7.6],"texture":"#0"}}},{"from":[6.82765,3.74835,7.57069],"to":[9.9319,4.17766,8.8256],"rotation":{"angle":0,"axis":"y","origin":[-13.71328,-7.14957,-18.4192]},"faces":{"north":{"uv":[7.275,6.25,14,7.6],"texture":"#0"},"east":{"uv":[7.275,6.25,14,7.6],"texture":"#0"},"south":{"uv":[7.275,6.25,14,7.6],"texture":"#0"},"west":{"uv":[7.275,6.25,14,7.6],"texture":"#0"},"up":{"uv":[7.275,6.25,14,7.6],"texture":"#0"},"down":{"uv":[7.275,6.25,14,7.6],"texture":"#0"}}},{"from":[7.07533,3.50067,7.73581],"to":[9.18886,3.76486,7.91744],"rotation":{"angle":0,"axis":"y","origin":[-13.71328,-7.39725,-18.33664]},"faces":{"north":{"uv":[7.275,6.25,14,7.6],"texture":"#0"},"east":{"uv":[7.275,6.25,14,7.6],"texture":"#0"},"south":{"uv":[7.275,6.25,14,7.6],"texture":"#0"},"west":{"uv":[7.275,6.25,14,7.6],"texture":"#0"},"up":{"uv":[7.275,6.25,14,7.6],"texture":"#0"},"down":{"uv":[7.275,6.25,14,7.6],"texture":"#0"}}},{"from":[7.07533,3.50067,8.47885],"to":[9.18886,3.76486,8.66048],"rotation":{"angle":0,"axis":"y","origin":[-13.71328,-7.39725,-18.50176]},"faces":{"north":{"uv":[7.275,6.25,14,7.6],"texture":"#0"},"east":{"uv":[7.275,6.25,14,7.6],"texture":"#0"},"south":{"uv":[7.275,6.25,14,7.6],"texture":"#0"},"west":{"uv":[7.275,6.25,14,7.6],"texture":"#0"},"up":{"uv":[7.275,6.25,14,7.6],"texture":"#0"},"down":{"uv":[7.275,6.25,14,7.6],"texture":"#0"}}},{"from":[6.99277,4.17766,7.57069],"to":[10.42726,4.42534,8.8256],"rotation":{"angle":0,"axis":"y","origin":[-13.71328,-6.98445,-18.4192]},"faces":{"north":{"uv":[7.275,6.25,14,7.6],"texture":"#0"},"east":{"uv":[7.275,6.25,14,7.6],"texture":"#0"},"south":{"uv":[7.275,6.25,14,7.6],"texture":"#0"},"west":{"uv":[7.275,6.25,14,7.6],"texture":"#0"},"up":{"uv":[7.275,6.25,14,7.6],"texture":"#0"},"down":{"uv":[7.275,6.25,14,7.6],"texture":"#0"}}},{"from":[6.74509,3.74835,7.57069],"to":[6.87718,4.01254,8.8256],"rotation":{"angle":0,"axis":"y","origin":[-13.71328,-7.14957,-18.4192]},"faces":{"north":{"uv":[6.125,3.25,7,3.375],"texture":"#0"},"east":{"uv":[7.75,3.25,8.125,3.375],"texture":"#0"},"south":{"uv":[6.125,3.25,7,3.375],"texture":"#0"},"west":{"uv":[7.75,3.25,8.125,3.375],"texture":"#0"},"up":{"uv":[6.125,7.75,7,8.125],"texture":"#0"},"down":{"uv":[6.125,7.75,7,8.125],"texture":"#0"}}},{"from":[7.32301,4.0951,7.32301],"to":[7.53766,4.34278,7.57069],"rotation":{"angle":0,"axis":"y","origin":[-13.71328,-7.06701,-18.58432]},"faces":{"north":{"uv":[6.125,3.25,7,3.375],"texture":"#0"},"east":{"uv":[7.75,3.25,8.125,3.375],"texture":"#0"},"south":{"uv":[6.125,3.25,7,3.375],"texture":"#0"},"west":{"uv":[7.75,3.25,8.125,3.375],"texture":"#0"},"up":{"uv":[6.125,7.75,7,8.125],"texture":"#0"},"down":{"uv":[6.125,7.75,7,8.125],"texture":"#0"}}},{"from":[7.15789,3.92998,6.99277],"to":[7.78534,4.5079,7.32301],"rotation":{"angle":0,"axis":"y","origin":[-13.71328,-7.06701,-18.58432]},"faces":{"north":{"uv":[6.125,3.25,7,3.375],"texture":"#0"},"east":{"uv":[7.75,3.25,8.125,3.375],"texture":"#0"},"south":{"uv":[6.125,3.25,7,3.375],"texture":"#0"},"west":{"uv":[7.75,3.25,8.125,3.375],"texture":"#0"},"up":{"uv":[6.125,7.75,7,8.125],"texture":"#0"},"down":{"uv":[6.125,7.75,7,8.125],"texture":"#0"}}},{"from":[7.24045,4.01254,6.91021],"to":[7.70278,4.42534,7.07533],"rotation":{"angle":0,"axis":"y","origin":[-13.71328,-7.06701,-18.66688]},"faces":{"north":{"uv":[6.125,3.25,7,3.375],"texture":"#0"},"east":{"uv":[7.75,3.25,8.125,3.375],"texture":"#0"},"south":{"uv":[6.125,3.25,7,3.375],"texture":"#0"},"west":{"uv":[7.75,3.25,8.125,3.375],"texture":"#0"},"up":{"uv":[6.125,7.75,7,8.125],"texture":"#0"},"down":{"uv":[6.125,7.75,7,8.125],"texture":"#0"}}},{"from":[8.14861,4.42534,8.08256],"to":[8.36326,4.5079,8.29722],"rotation":{"angle":0,"axis":"y","origin":[-14.12608,-6.98445,-18.33664]},"faces":{"north":{"uv":[0.275,14.375,0.7,14.625],"texture":"#0"},"east":{"uv":[0.275,14.375,0.7,14.625],"texture":"#0"},"south":{"uv":[0.275,14.375,0.7,14.625],"texture":"#0"},"west":{"uv":[0.275,14.375,0.7,14.625],"texture":"#0"},"up":{"uv":[0.275,14.375,0.7,14.625],"texture":"#0"},"down":{"uv":[0.275,14.375,0.7,14.625],"texture":"#0"}}},{"from":[10.42726,4.17766,7.73581],"to":[10.4768,4.26022,8.66048],"rotation":{"angle":0,"axis":"y","origin":[-13.63072,-7.23213,-18.4192]},"faces":{"north":{"uv":[6.125,3.25,7,3.375],"texture":"#0"},"east":{"uv":[7.75,3.25,10.125,4.375],"texture":"#0"},"south":{"uv":[6.125,3.25,7,3.375],"texture":"#0"},"west":{"uv":[7.75,3.25,8.125,3.375],"texture":"#0"},"up":{"uv":[6.125,7.75,7,8.125],"texture":"#0"},"down":{"uv":[6.125,7.75,7,8.125],"texture":"#0"}}},{"from":[7.07533,6.40678,7.57069],"to":[7.70278,6.65446,8.8256],"rotation":{"angle":0,"axis":"y","origin":[-15.77728,-4.83789,-18.4192]},"faces":{"north":{"uv":[6.025,0.6,6.55,2.825],"rotation":180,"texture":"#0"},"east":{"uv":[6.025,0.6,6.55,2.825],"rotation":180,"texture":"#0"},"south":{"uv":[6.025,0.6,6.55,2.825],"rotation":180,"texture":"#0"},"west":{"uv":[6.025,0.6,6.55,2.825],"rotation":180,"texture":"#0"},"up":{"uv":[6.025,0.6,6.55,2.825],"rotation":180,"texture":"#0"},"down":{"uv":[6.025,0.6,6.55,2.825],"rotation":180,"texture":"#0"}}},{"from":[7.07533,5.18159,9.2351],"to":[7.70278,5.84207,9.48278],"rotation":{"angle":0,"axis":"y","origin":[-15.77728,31.81875,-1.98976]},"faces":{"north":{"uv":[6.025,0.6,6.55,2.825],"rotation":180,"texture":"#0"},"east":{"uv":[6.025,0.6,6.55,2.825],"rotation":180,"texture":"#0"},"south":{"uv":[6.025,0.6,6.55,2.825],"rotation":180,"texture":"#0"},"west":{"uv":[6.025,0.6,6.55,2.825],"rotation":180,"texture":"#0"},"up":{"uv":[6.025,0.6,6.55,2.825],"rotation":180,"texture":"#0"},"down":{"uv":[6.025,0.6,6.55,2.825],"rotation":180,"texture":"#0"}}},{"from":[7.07533,5.17499,6.93332],"to":[7.70278,5.83547,7.181],"rotation":{"angle":0,"axis":"y","origin":[-15.77728,31.81875,-4.384]},"faces":{"north":{"uv":[6.025,0.6,6.55,2.825],"rotation":180,"texture":"#0"},"east":{"uv":[6.025,0.6,6.55,2.825],"rotation":180,"texture":"#0"},"south":{"uv":[6.025,0.6,6.55,2.825],"rotation":180,"texture":"#0"},"west":{"uv":[6.025,0.6,6.55,2.825],"rotation":180,"texture":"#0"},"up":{"uv":[6.025,0.6,6.55,2.825],"rotation":180,"texture":"#0"},"down":{"uv":[6.025,0.6,6.55,2.825],"rotation":180,"texture":"#0"}}},{"name":"hexadecagon","from":[7.12856,5.39129,8.09907],"to":[7.12856,5.63138,8.33916],"rotation":{"angle":0,"axis":"y","origin":[7.12856,5.60004,8.18659]},"faces":{"north":{"uv":[0,0,16,16],"texture":"#1"},"east":{"uv":[0,0,16,16],"texture":"#1"},"south":{"uv":[0,0,16,16],"texture":"#1"},"west":{"uv":[0,0,16,16],"texture":"#1"},"up":{"uv":[0,0,16,16],"texture":"#1"},"down":{"uv":[0,0,16,16],"texture":"#1"}}},{"from":[7.07533,28.09034,8.31373],"to":[7.70278,28.33802,9.04026],"rotation":{"angle":45,"axis":"x","origin":[-15.77728,16.87539,-17.5936]},"faces":{"north":{"uv":[6.025,0.6,6.55,2.825],"rotation":180,"texture":"#0"},"east":{"uv":[6.025,0.6,6.55,2.825],"rotation":180,"texture":"#0"},"south":{"uv":[6.025,0.6,6.55,2.825],"rotation":180,"texture":"#0"},"west":{"uv":[6.025,0.6,6.55,2.825],"rotation":180,"texture":"#0"},"up":{"uv":[6.025,0.6,6.55,2.825],"rotation":180,"texture":"#0"},"down":{"uv":[6.025,0.6,6.55,2.825],"rotation":180,"texture":"#0"}}},{"from":[7.07533,-0.5811,-0.08097],"to":[7.70278,-0.25086,0.16671],"rotation":{"angle":-22.5,"axis":"x","origin":[-15.77728,26.03955,-11.31904]},"faces":{"north":{"uv":[6.025,0.6,6.55,2.825],"rotation":180,"texture":"#0"},"east":{"uv":[6.025,0.6,6.55,2.825],"rotation":180,"texture":"#0"},"south":{"uv":[6.025,0.6,6.55,2.825],"rotation":180,"texture":"#0"},"west":{"uv":[6.025,0.6,6.55,2.825],"rotation":180,"texture":"#0"},"up":{"uv":[6.025,0.6,6.55,2.825],"rotation":180,"texture":"#0"},"down":{"uv":[6.025,0.6,6.55,2.825],"rotation":180,"texture":"#0"}}},{"from":[7.07533,-9.06166,22.7287],"to":[7.70278,-8.81398,23.47174],"rotation":{"angle":-45,"axis":"x","origin":[-15.77728,-20.27661,-3.1456]},"faces":{"north":{"uv":[6.025,0.6,6.55,2.825],"rotation":180,"texture":"#0"},"east":{"uv":[6.025,0.6,6.55,2.825],"rotation":180,"texture":"#0"},"south":{"uv":[6.025,0.6,6.55,2.825],"rotation":180,"texture":"#0"},"west":{"uv":[6.025,0.6,6.55,2.825],"rotation":180,"texture":"#0"},"up":{"uv":[6.025,0.6,6.55,2.825],"rotation":180,"texture":"#0"},"down":{"uv":[6.025,0.6,6.55,2.825],"rotation":180,"texture":"#0"}}},{"from":[7.07533,4.65981,30.80968],"to":[7.70278,5.40285,31.05736],"rotation":{"angle":45,"axis":"x","origin":[-15.77728,31.32339,19.5584]},"faces":{"north":{"uv":[6.025,0.6,6.55,2.825],"rotation":180,"texture":"#0"},"east":{"uv":[6.025,0.6,6.55,2.825],"rotation":180,"texture":"#0"},"south":{"uv":[6.025,0.6,6.55,2.825],"rotation":180,"texture":"#0"},"west":{"uv":[6.025,0.6,6.55,2.825],"rotation":180,"texture":"#0"},"up":{"uv":[6.025,0.6,6.55,2.825],"rotation":180,"texture":"#0"},"down":{"uv":[6.025,0.6,6.55,2.825],"rotation":180,"texture":"#0"}}},{"from":[7.07533,7.24889,20.17925],"to":[7.70278,7.57913,20.42693],"rotation":{"angle":22.5,"axis":"x","origin":[-15.77728,33.88275,8.90816]},"faces":{"north":{"uv":[6.025,0.6,6.55,2.825],"rotation":180,"texture":"#0"},"east":{"uv":[6.025,0.6,6.55,2.825],"rotation":180,"texture":"#0"},"south":{"uv":[6.025,0.6,6.55,2.825],"rotation":180,"texture":"#0"},"west":{"uv":[6.025,0.6,6.55,2.825],"rotation":180,"texture":"#0"},"up":{"uv":[6.025,0.6,6.55,2.825],"rotation":180,"texture":"#0"},"down":{"uv":[6.025,0.6,6.55,2.825],"rotation":180,"texture":"#0"}}},{"from":[7.07533,20.04239,22.51735],"to":[7.70278,20.78543,22.76503],"rotation":{"angle":-45,"axis":"x","origin":[-15.77728,-5.82861,34.0064]},"faces":{"north":{"uv":[6.025,0.6,6.55,2.825],"rotation":180,"texture":"#0"},"east":{"uv":[6.025,0.6,6.55,2.825],"rotation":180,"texture":"#0"},"south":{"uv":[6.025,0.6,6.55,2.825],"rotation":180,"texture":"#0"},"west":{"uv":[6.025,0.6,6.55,2.825],"rotation":180,"texture":"#0"},"up":{"uv":[6.025,0.6,6.55,2.825],"rotation":180,"texture":"#0"},"down":{"uv":[6.025,0.6,6.55,2.825],"rotation":180,"texture":"#0"}}},{"from":[7.07533,11.26131,16.10079],"to":[7.70278,11.59155,16.34847],"rotation":{"angle":-22.5,"axis":"x","origin":[-15.77728,-14.66253,27.64928]},"faces":{"north":{"uv":[6.025,0.6,6.55,2.825],"rotation":180,"texture":"#0"},"east":{"uv":[6.025,0.6,6.55,2.825],"rotation":180,"texture":"#0"},"south":{"uv":[6.025,0.6,6.55,2.825],"rotation":180,"texture":"#0"},"west":{"uv":[6.025,0.6,6.55,2.825],"rotation":180,"texture":"#0"},"up":{"uv":[6.025,0.6,6.55,2.825],"rotation":180,"texture":"#0"},"down":{"uv":[6.025,0.6,6.55,2.825],"rotation":180,"texture":"#0"}}},{"from":[7.07533,3.43792,-3.83481],"to":[7.70278,3.76816,-3.58713],"rotation":{"angle":22.5,"axis":"x","origin":[-15.77728,-22.42317,7.5872]},"faces":{"north":{"uv":[6.025,0.6,6.55,2.825],"rotation":180,"texture":"#0"},"east":{"uv":[6.025,0.6,6.55,2.825],"rotation":180,"texture":"#0"},"south":{"uv":[6.025,0.6,6.55,2.825],"rotation":180,"texture":"#0"},"west":{"uv":[6.025,0.6,6.55,2.825],"rotation":180,"texture":"#0"},"up":{"uv":[6.025,0.6,6.55,2.825],"rotation":180,"texture":"#0"},"down":{"uv":[6.025,0.6,6.55,2.825],"rotation":180,"texture":"#0"}}}],"display":{"thirdperson_righthand":{"rotation":[0,-90,0],"translation":[0.25,6.25,0],"scale":[1.46,1.46,1.46]},"thirdperson_lefthand":{"rotation":[0,90,0],"translation":[-0.5,6.25,0],"scale":[1.46,1.46,1.46]},"firstperson_righthand":{"rotation":[0,-90,0],"translation":[-1,11.25,0],"scale":[2,2,2]},"firstperson_lefthand":{"rotation":[0,90,0],"translation":[-1,11.25,0],"scale":[2,2,2]},"ground":{"translation":[0,5.25,0],"scale":[2.28,2.28,2.28]},"gui":{"rotation":[0,180,-45],"translation":[-7.25,7.75,-1.25],"scale":[3.25,3.25,3.25]}},"groups":[{"name":"Redot","origin":[0.8,-4.55,7.85],"color":0,"children":[0,1,2,3,4,5,6,7,8,9,10,11,12,13,14,15,16,17,18,19,20,21,22,23,24,25,26,27,28,29]}]}