{"credit":"Made with Blockbench","textures":{"0":"guns/scrap_metal","particle":"guns/scrap_metal"},"elements":[{"name":"metal","from":[9,3,13.175],"to":[11,15,14.175],"rotation":{"angle":0,"axis":"y","origin":[0,0,13.175]},"faces":{"north":{"uv":[11,1,9,13],"texture":"#0"},"east":{"uv":[10,1,11,13],"texture":"#0"},"south":{"uv":[9,1,11,13],"texture":"#0"},"west":{"uv":[9,1,10,13],"texture":"#0"},"up":{"uv":[9,1,11,2],"texture":"#0"},"down":{"uv":[9,12,11,13],"texture":"#0"}}},{"name":"metal","from":[7,2,13.175],"to":[9,14,14.175],"rotation":{"angle":0,"axis":"y","origin":[0,0,13.175]},"faces":{"north":{"uv":[9,2,7,14],"texture":"#0"},"east":{"uv":[8,2,9,14],"texture":"#0"},"south":{"uv":[7,2,9,14],"texture":"#0"},"west":{"uv":[7,2,8,14],"texture":"#0"},"up":{"uv":[7,2,9,3],"texture":"#0"},"down":{"uv":[7,13,9,14],"texture":"#0"}}},{"name":"metal","from":[11,4,13.175],"to":[12,14,14.175],"rotation":{"angle":0,"axis":"y","origin":[0,0,13.175]},"faces":{"north":{"uv":[12,2,11,12],"texture":"#0"},"east":{"uv":[11,2,12,12],"texture":"#0"},"south":{"uv":[11,2,12,12],"texture":"#0"},"west":{"uv":[11,2,12,12],"texture":"#0"},"up":{"uv":[11,2,12,3],"texture":"#0"},"down":{"uv":[11,11,12,12],"texture":"#0"}}},{"name":"metal","from":[5,1,13.175],"to":[7,13,14.175],"rotation":{"angle":0,"axis":"y","origin":[0,0,13.175]},"faces":{"north":{"uv":[7,3,5,15],"texture":"#0"},"east":{"uv":[6,3,7,15],"texture":"#0"},"south":{"uv":[5,3,7,15],"texture":"#0"},"west":{"uv":[5,3,6,15],"texture":"#0"},"up":{"uv":[5,3,7,4],"texture":"#0"},"down":{"uv":[5,14,7,15],"texture":"#0"}}},{"name":"metal","from":[12,9,13.175],"to":[13,13,14.175],"rotation":{"angle":0,"axis":"y","origin":[0,0,13.175]},"faces":{"north":{"uv":[13,3,12,7],"texture":"#0"},"east":{"uv":[12,3,13,7],"texture":"#0"},"south":{"uv":[12,3,13,7],"texture":"#0"},"west":{"uv":[12,3,13,7],"texture":"#0"},"up":{"uv":[12,3,13,4],"texture":"#0"},"down":{"uv":[12,6,13,7],"texture":"#0"}}},{"name":"metal","from":[3,3,13.175],"to":[5,12,14.175],"rotation":{"angle":0,"axis":"y","origin":[0,0,13.175]},"faces":{"north":{"uv":[5,4,3,13],"texture":"#0"},"east":{"uv":[4,4,5,13],"texture":"#0"},"south":{"uv":[3,4,5,13],"texture":"#0"},"west":{"uv":[3,4,4,13],"texture":"#0"},"up":{"uv":[3,4,5,5],"texture":"#0"},"down":{"uv":[3,12,5,13],"texture":"#0"}}},{"name":"metal","from":[13,9,13.175],"to":[14,12,14.175],"rotation":{"angle":0,"axis":"y","origin":[0,0,13.175]},"faces":{"north":{"uv":[14,4,13,7],"texture":"#0"},"east":{"uv":[13,4,14,7],"texture":"#0"},"south":{"uv":[13,4,14,7],"texture":"#0"},"west":{"uv":[13,4,14,7],"texture":"#0"},"up":{"uv":[13,4,14,5],"texture":"#0"},"down":{"uv":[13,6,14,7],"texture":"#0"}}},{"name":"metal","from":[2,8,13.175],"to":[3,11,14.175],"rotation":{"angle":0,"axis":"y","origin":[0,0,13.175]},"faces":{"north":{"uv":[3,5,2,8],"texture":"#0"},"east":{"uv":[2,5,3,8],"texture":"#0"},"south":{"uv":[2,5,3,8],"texture":"#0"},"west":{"uv":[2,5,3,8],"texture":"#0"},"up":{"uv":[2,5,3,6],"texture":"#0"},"down":{"uv":[2,7,3,8],"texture":"#0"}}},{"name":"metal","from":[14,10,13.175],"to":[15,11,14.175],"rotation":{"angle":0,"axis":"y","origin":[0,0,13.175]},"faces":{"north":{"uv":[15,5,14,6],"texture":"#0"},"east":{"uv":[14,5,15,6],"texture":"#0"},"south":{"uv":[14,5,15,6],"texture":"#0"},"west":{"uv":[14,5,15,6],"texture":"#0"},"up":{"uv":[14,5,15,6],"texture":"#0"},"down":{"uv":[14,5,15,6],"texture":"#0"}}},{"name":"metal","from":[1,9,13.175],"to":[2,10,14.175],"rotation":{"angle":0,"axis":"y","origin":[0,0,13.175]},"faces":{"north":{"uv":[2,6,1,7],"texture":"#0"},"east":{"uv":[1,6,2,7],"texture":"#0"},"south":{"uv":[1,6,2,7],"texture":"#0"},"west":{"uv":[1,6,2,7],"texture":"#0"},"up":{"uv":[1,6,2,7],"texture":"#0"},"down":{"uv":[1,6,2,7],"texture":"#0"}}},{"name":"metal","from":[12,5,13.175],"to":[13,8,14.175],"rotation":{"angle":0,"axis":"y","origin":[0,0,13.175]},"faces":{"north":{"uv":[13,8,12,11],"texture":"#0"},"east":{"uv":[12,8,13,11],"texture":"#0"},"south":{"uv":[12,8,13,11],"texture":"#0"},"west":{"uv":[12,8,13,11],"texture":"#0"},"up":{"uv":[12,8,13,9],"texture":"#0"},"down":{"uv":[12,10,13,11],"texture":"#0"}}},{"name":"metal","from":[2,4,13.175],"to":[3,7,14.175],"rotation":{"angle":0,"axis":"y","origin":[0,0,13.175]},"faces":{"north":{"uv":[3,9,2,12],"texture":"#0"},"east":{"uv":[2,9,3,12],"texture":"#0"},"south":{"uv":[2,9,3,12],"texture":"#0"},"west":{"uv":[2,9,3,12],"texture":"#0"},"up":{"uv":[2,9,3,10],"texture":"#0"},"down":{"uv":[2,11,3,12],"texture":"#0"}}},{"name":"metal","from":[13,6,13.175],"to":[14,7,14.175],"rotation":{"angle":0,"axis":"y","origin":[0,0,13.175]},"faces":{"north":{"uv":[14,9,13,10],"texture":"#0"},"east":{"uv":[13,9,14,10],"texture":"#0"},"south":{"uv":[13,9,14,10],"texture":"#0"},"west":{"uv":[13,9,14,10],"texture":"#0"},"up":{"uv":[13,9,14,10],"texture":"#0"},"down":{"uv":[13,9,14,10],"texture":"#0"}}},{"name":"metal","from":[1,5,13.175],"to":[2,6,14.175],"rotation":{"angle":0,"axis":"y","origin":[0,0,13.175]},"faces":{"north":{"uv":[2,10,1,11],"texture":"#0"},"east":{"uv":[1,10,2,11],"texture":"#0"},"south":{"uv":[1,10,2,11],"texture":"#0"},"west":{"uv":[1,10,2,11],"texture":"#0"},"up":{"uv":[1,10,2,11],"texture":"#0"},"down":{"uv":[1,10,2,11],"texture":"#0"}}},{"name":"metal","from":[4,2,13.175],"to":[5,3,14.175],"rotation":{"angle":0,"axis":"y","origin":[0,0,13.175]},"faces":{"north":{"uv":[5,13,4,14],"texture":"#0"},"east":{"uv":[4,13,5,14],"texture":"#0"},"south":{"uv":[4,13,5,14],"texture":"#0"},"west":{"uv":[4,13,5,14],"texture":"#0"},"up":{"uv":[4,13,5,14],"texture":"#0"},"down":{"uv":[4,13,5,14],"texture":"#0"}}}]}