{"credit":"Made with Blockbench","textures":{"0":"item/rpskins/064064064","particle":"item/rpskins/064064064"},"elements":[{"from":[5,5,8.25],"to":[11,6,8.5],"rotation":{"angle":0,"axis":"y","origin":[7.5,5,7.5]},"faces":{"north":{"uv":[0,0,6,1],"texture":"#0"},"east":{"uv":[0,0,0.25,1],"texture":"#0"},"south":{"uv":[0,0,6,1],"texture":"#0"},"west":{"uv":[0,0,0.25,1],"texture":"#0"},"up":{"uv":[0,0,6,0.25],"texture":"#0"},"down":{"uv":[0,0,6,0.25],"texture":"#0"}}},{"from":[5,5.75,7.75],"to":[11,6,8.25],"rotation":{"angle":0,"axis":"y","origin":[7.5,5.75,7.25]},"faces":{"north":{"uv":[0,0,6,0.25],"texture":"#0"},"east":{"uv":[0,0,0.5,0.25],"texture":"#0"},"south":{"uv":[0,0,6,0.25],"texture":"#0"},"west":{"uv":[0,0,0.5,0.25],"texture":"#0"},"up":{"uv":[0,0,6,0.5],"texture":"#0"},"down":{"uv":[0,0,6,0.5],"texture":"#0"}}},{"from":[5.5,5.25,7.75],"to":[11,5.75,8.25],"rotation":{"angle":0,"axis":"y","origin":[7.5,5.5,7.25]},"faces":{"north":{"uv":[0,0,5.5,0.5],"texture":"#0"},"east":{"uv":[0,0,0.5,0.5],"texture":"#0"},"south":{"uv":[0,0,5.5,0.5],"texture":"#0"},"west":{"uv":[0,0,0.5,0.5],"texture":"#0"},"up":{"uv":[0,0,5.5,0.5],"texture":"#0"},"down":{"uv":[0,0,5.5,0.5],"texture":"#0"}}},{"from":[5,5,7.75],"to":[11,5.25,8.25],"rotation":{"angle":0,"axis":"y","origin":[7.5,5,7.25]},"faces":{"north":{"uv":[0,0,6,0.25],"texture":"#0"},"east":{"uv":[0,0,0.5,0.25],"texture":"#0"},"south":{"uv":[0,0,6,0.25],"texture":"#0"},"west":{"uv":[0,0,0.5,0.25],"texture":"#0"},"up":{"uv":[0,0,6,0.5],"texture":"#0"},"down":{"uv":[0,0,6,0.5],"texture":"#0"}}},{"from":[5,5,7.5],"to":[11,6,7.75],"rotation":{"angle":0,"axis":"y","origin":[7.5,5,7.5]},"faces":{"north":{"uv":[0,0,6,1],"texture":"#0"},"east":{"uv":[0,0,0.25,1],"texture":"#0"},"south":{"uv":[0,0,6,1],"texture":"#0"},"west":{"uv":[0,0,0.25,1],"texture":"#0"},"up":{"uv":[0,0,6,0.25],"texture":"#0"},"down":{"uv":[0,0,6,0.25],"texture":"#0"}}},{"from":[4.95,5.025,7.525],"to":[5,5.975,7.75],"rotation":{"angle":0,"axis":"y","origin":[7.575,5,7.5]},"faces":{"north":{"uv":[0,0,0.05,0.95],"texture":"#0"},"east":{"uv":[0,0,0.225,0.95],"texture":"#0"},"south":{"uv":[0,0,0.05,0.95],"texture":"#0"},"west":{"uv":[0,0,0.225,0.95],"texture":"#0"},"up":{"uv":[0,0,0.05,0.225],"texture":"#0"},"down":{"uv":[0,0,0.05,0.225],"texture":"#0"}}},{"from":[4.95,5.75,7.75],"to":[5,5.975,8.25],"rotation":{"angle":0,"axis":"y","origin":[7.575,5.75,7.25]},"faces":{"north":{"uv":[0,0,0.05,0.225],"texture":"#0"},"east":{"uv":[0,0,0.5,0.225],"texture":"#0"},"south":{"uv":[0,0,0.05,0.225],"texture":"#0"},"west":{"uv":[0,0,0.5,0.225],"texture":"#0"},"up":{"uv":[0,0,0.05,0.5],"texture":"#0"},"down":{"uv":[0,0,0.05,0.5],"texture":"#0"}}},{"from":[4.95,5.025,8.25],"to":[5,5.975,8.475],"rotation":{"angle":0,"axis":"y","origin":[7.575,5,7.5]},"faces":{"north":{"uv":[0,0,0.05,0.95],"texture":"#0"},"east":{"uv":[0,0,0.225,0.95],"texture":"#0"},"south":{"uv":[0,0,0.05,0.95],"texture":"#0"},"west":{"uv":[0,0,0.225,0.95],"texture":"#0"},"up":{"uv":[0,0,0.05,0.225],"texture":"#0"},"down":{"uv":[0,0,0.05,0.225],"texture":"#0"}}},{"from":[4.95,5.025,7.75],"to":[5,5.25,8.25],"rotation":{"angle":0,"axis":"y","origin":[7.575,5,7.25]},"faces":{"north":{"uv":[0,0,0.05,0.225],"texture":"#0"},"east":{"uv":[0,0,0.5,0.225],"texture":"#0"},"south":{"uv":[0,0,0.05,0.225],"texture":"#0"},"west":{"uv":[0,0,0.5,0.225],"texture":"#0"},"up":{"uv":[0,0,0.05,0.5],"texture":"#0"},"down":{"uv":[0,0,0.05,0.5],"texture":"#0"}}},{"from":[5.025,6,7.5],"to":[10.975,6.025,8.5],"rotation":{"angle":0,"axis":"y","origin":[7.5,5.05,7.5]},"faces":{"north":{"uv":[0,0,5.95,0.025],"texture":"#0"},"east":{"uv":[0,0,1,0.025],"texture":"#0"},"south":{"uv":[0,0,5.95,0.025],"texture":"#0"},"west":{"uv":[0,0,1,0.025],"texture":"#0"},"up":{"uv":[0,0,5.95,1],"texture":"#0"},"down":{"uv":[0,0,5.95,1],"texture":"#0"}}},{"from":[5.05,6.025,7.5],"to":[10.95,6.05,8.5],"rotation":{"angle":0,"axis":"y","origin":[7.5,5.075,7.5]},"faces":{"north":{"uv":[0,0,5.9,0.025],"texture":"#0"},"east":{"uv":[0,0,1,0.025],"texture":"#0"},"south":{"uv":[0,0,5.9,0.025],"texture":"#0"},"west":{"uv":[0,0,1,0.025],"texture":"#0"},"up":{"uv":[0,0,5.9,1],"texture":"#0"},"down":{"uv":[0,0,5.9,1],"texture":"#0"}}},{"from":[5.075,6.05,7.5],"to":[10.925,6.075,8.5],"rotation":{"angle":0,"axis":"y","origin":[7.5,5.1,7.5]},"faces":{"north":{"uv":[0,0,5.85,0.025],"texture":"#0"},"east":{"uv":[0,0,1,0.025],"texture":"#0"},"south":{"uv":[0,0,5.85,0.025],"texture":"#0"},"west":{"uv":[0,0,1,0.025],"texture":"#0"},"up":{"uv":[0,0,5.85,1],"texture":"#0"},"down":{"uv":[0,0,5.85,1],"texture":"#0"}}},{"from":[5.025,4.975,7.5],"to":[10.975,5,8.5],"rotation":{"angle":0,"axis":"y","origin":[8.5,5.95,7.5]},"faces":{"north":{"uv":[5.95,0.025,11.9,0.05],"texture":"#0"},"east":{"uv":[1,0.025,2,0.05],"texture":"#0"},"south":{"uv":[5.95,0.025,11.9,0.05],"texture":"#0"},"west":{"uv":[1,0.025,2,0.05],"texture":"#0"},"up":{"uv":[5.95,1,11.9,2],"texture":"#0"},"down":{"uv":[5.95,1,11.9,2],"texture":"#0"}}},{"from":[5.05,4.95,7.5],"to":[10.95,4.975,8.5],"rotation":{"angle":0,"axis":"y","origin":[8.5,5.925,7.5]},"faces":{"north":{"uv":[5.9,0.025,11.8,0.05],"texture":"#0"},"east":{"uv":[1,0.025,2,0.05],"texture":"#0"},"south":{"uv":[5.9,0.025,11.8,0.05],"texture":"#0"},"west":{"uv":[1,0.025,2,0.05],"texture":"#0"},"up":{"uv":[5.9,1,11.8,2],"texture":"#0"},"down":{"uv":[5.9,1,11.8,2],"texture":"#0"}}},{"from":[5.075,4.925,7.5],"to":[10.925,4.95,8.5],"rotation":{"angle":0,"axis":"y","origin":[8.5,5.9,7.5]},"faces":{"north":{"uv":[5.85,0.025,11.7,0.05],"texture":"#0"},"east":{"uv":[1,0.025,2,0.05],"texture":"#0"},"south":{"uv":[5.85,0.025,11.7,0.05],"texture":"#0"},"west":{"uv":[1,0.025,2,0.05],"texture":"#0"},"up":{"uv":[5.85,1,11.7,2],"texture":"#0"},"down":{"uv":[5.85,1,11.7,2],"texture":"#0"}}}],"display":{"thirdperson_righthand":{"rotation":[0,-90,0],"translation":[0,3,0]},"thirdperson_lefthand":{"rotation":[0,90,0],"translation":[0,3,0]},"firstperson_righthand":{"rotation":[0,-90,0],"translation":[0,7.5,-0.25],"scale":[1.58,1.58,1.58]},"firstperson_lefthand":{"rotation":[0,90,0],"translation":[0,7.5,-0.25],"scale":[1.58,1.58,1.58]},"ground":{"scale":[1.71,1.71,1.71]},"gui":{"rotation":[0,180,-40],"translation":[-4.5,5.75,0],"scale":[2.76,2.76,2.76]},"fixed":{"rotation":[0,180,-40],"translation":[-4.5,5.75,0],"scale":[2.76,2.76,2.76]}}}