{"credit":"Made with Blockbench","textures":{"0":"item/rpskins/128128128","1":"item/rpskins/064064064","particle":"item/rpskins/128128128"},"elements":[{"from":[5.4646,1.8284,7.5032],"to":[6.5514,2.2717,8.765],"rotation":{"angle":0,"axis":"y","origin":[-14.155,-0.6455,-14.88]},"faces":{"north":{"uv":[6.75,0.875,7.125,1],"texture":"#0"},"east":{"uv":[7.75,0.875,8.125,1],"texture":"#0"},"south":{"uv":[6.75,0.875,7.125,1],"texture":"#0"},"west":{"uv":[7.75,0.875,8.125,1],"texture":"#0"},"up":{"uv":[6.75,7.75,7.125,8.125],"texture":"#0"},"down":{"uv":[6.75,7.75,7.125,8.125],"texture":"#0"}}},{"from":[5.9828,1.3851,7.5032],"to":[7.8132,1.8284,8.765],"rotation":{"angle":0,"axis":"y","origin":[-13.98,-0.7885,-14.88]},"faces":{"north":{"uv":[6.875,0.75,7.5,0.875],"texture":"#0"},"east":{"uv":[7.75,0.75,8.125,0.875],"texture":"#0"},"south":{"uv":[6.875,0.75,7.5,0.875],"texture":"#0"},"west":{"uv":[7.75,0.75,8.125,0.875],"texture":"#0"},"up":{"uv":[6.875,7.75,7.5,8.125],"texture":"#0"},"down":{"uv":[6.875,7.75,7.5,8.125],"texture":"#0"}}},{"from":[5.8078,2.2717,7.5032],"to":[6.9232,2.6864,8.765],"rotation":{"angle":0,"axis":"y","origin":[-14.155,-0.6455,-14.88]},"faces":{"north":{"uv":[6.875,1,7.25,1.125],"texture":"#0"},"east":{"uv":[7.75,1,8.125,1.125],"texture":"#0"},"south":{"uv":[6.875,1,7.25,1.125],"texture":"#0"},"west":{"uv":[7.75,1,8.125,1.125],"texture":"#0"},"up":{"uv":[6.875,7.75,7.25,8.125],"texture":"#0"},"down":{"uv":[6.875,7.75,7.25,8.125],"texture":"#0"}}},{"from":[6.3546,0.9418,7.5032],"to":[7.4414,1.3851,8.765],"rotation":{"angle":0,"axis":"y","origin":[-13.98,-0.86,-14.88]},"faces":{"north":{"uv":[7,0.625,7.375,0.75],"texture":"#0"},"east":{"uv":[7.75,0.625,8.125,0.75],"texture":"#0"},"south":{"uv":[7,0.625,7.375,0.75],"texture":"#0"},"west":{"uv":[7.75,0.625,8.125,0.75],"texture":"#0"},"up":{"uv":[7,7.75,7.375,8.125],"texture":"#0"},"down":{"uv":[7,7.75,7.375,8.125],"texture":"#0"}}},{"from":[6.1546,2.6864,7.5032],"to":[7.2414,3.2012,8.765],"rotation":{"angle":0,"axis":"y","origin":[-14.18,-0.5025,-14.88]},"faces":{"north":{"uv":[7,1.125,7.375,1.25],"texture":"#0"},"east":{"uv":[7.75,1.125,8.125,1.25],"texture":"#0"},"south":{"uv":[7,1.125,7.375,1.25],"texture":"#0"},"west":{"uv":[7.75,1.125,8.125,1.25],"texture":"#0"},"up":{"uv":[7,7.75,7.375,8.125],"texture":"#0"},"down":{"uv":[7,7.75,7.375,8.125],"texture":"#0"}}},{"from":[6.7264,0.5271,7.5032],"to":[8.185,0.9418,8.765],"rotation":{"angle":0,"axis":"y","origin":[-13.98,-0.9315,-14.88]},"faces":{"north":{"uv":[7.125,0.5,7.625,0.625],"texture":"#0"},"east":{"uv":[7.75,0.5,8.125,0.625],"texture":"#0"},"south":{"uv":[7.125,0.5,7.625,0.625],"texture":"#0"},"west":{"uv":[7.75,0.5,8.125,0.625],"texture":"#0"},"up":{"uv":[7.125,7.75,7.625,8.125],"texture":"#0"},"down":{"uv":[7.125,7.75,7.625,8.125],"texture":"#0"}}},{"from":[6.5514,1.8284,7.3852],"to":[6.9232,2.2717,8.8365],"rotation":{"angle":0,"axis":"y","origin":[-14.155,-0.6455,-14.88]},"faces":{"north":{"uv":[7.125,0.875,7.25,1],"texture":"#1"},"east":{"uv":[7.75,0.875,8.125,1],"texture":"#1"},"south":{"uv":[7.125,0.875,7.25,1],"texture":"#1"},"west":{"uv":[7.75,0.875,8.125,1],"texture":"#1"},"up":{"uv":[7.125,7.75,7.25,8.125],"texture":"#1"},"down":{"uv":[7.125,7.75,7.25,8.125],"texture":"#1"}}},{"from":[6.5014,3.1297,7.5032],"to":[7.2164,3.573,8.765],"rotation":{"angle":0,"axis":"y","origin":[-14.205,-0.5025,-14.88]},"faces":{"north":{"uv":[7.125,1.25,7.375,1.375],"texture":"#0"},"east":{"uv":[7.75,1.25,8.125,1.375],"texture":"#0"},"south":{"uv":[7.125,1.25,7.375,1.375],"texture":"#0"},"west":{"uv":[7.75,1.25,8.125,1.375],"texture":"#0"},"up":{"uv":[7.125,7.75,7.375,8.125],"texture":"#0"},"down":{"uv":[7.125,7.75,7.375,8.125],"texture":"#0"}}},{"from":[7.0232,0.0838,7.5032],"to":[7.7382,0.5271,8.765],"rotation":{"angle":0,"axis":"y","origin":[-14.055,-1.003,-14.88]},"faces":{"north":{"uv":[7.25,0.375,7.5,0.5],"texture":"#0"},"east":{"uv":[7.75,0.375,8.125,0.5],"texture":"#0"},"south":{"uv":[7.25,0.375,7.5,0.5],"texture":"#0"},"west":{"uv":[7.75,0.375,8.125,0.5],"texture":"#0"},"up":{"uv":[7.25,7.75,7.5,8.125],"texture":"#0"},"down":{"uv":[7.25,7.75,7.5,8.125],"texture":"#0"}}},{"from":[6.9232,1.8284,7.5032],"to":[8.01,2.2717,8.765],"rotation":{"angle":0,"axis":"y","origin":[-14.155,-0.6455,-14.88]},"faces":{"north":{"uv":[7.25,0.875,7.625,1],"texture":"#0"},"east":{"uv":[7.75,0.875,8.125,1],"texture":"#0"},"south":{"uv":[7.25,0.875,7.625,1],"texture":"#0"},"west":{"uv":[7.75,0.875,8.125,1],"texture":"#0"},"up":{"uv":[7.25,7.75,7.625,8.125],"texture":"#0"},"down":{"uv":[7.25,7.75,7.625,8.125],"texture":"#0"}}},{"from":[6.9232,2.2717,7.3852],"to":[7.2664,2.6864,8.8365],"rotation":{"angle":0,"axis":"y","origin":[-14.155,-0.6455,-14.88]},"faces":{"north":{"uv":[7.25,1,7.375,1.125],"texture":"#1"},"east":{"uv":[7.75,1,8.125,1.125],"texture":"#1"},"south":{"uv":[7.25,1,7.375,1.125],"texture":"#1"},"west":{"uv":[7.75,1,8.125,1.125],"texture":"#1"},"up":{"uv":[7.25,7.75,7.375,8.125],"texture":"#1"},"down":{"uv":[7.25,7.75,7.375,8.125],"texture":"#1"}}},{"from":[6.6732,3.573,7.5032],"to":[7.3882,4.431,8.765],"rotation":{"angle":0,"axis":"y","origin":[-14.405,-0.3595,-14.88]},"faces":{"north":{"uv":[7.25,1.375,7.5,1.625],"texture":"#0"},"east":{"uv":[7.75,1.375,8.125,1.625],"texture":"#0"},"south":{"uv":[7.25,1.375,7.5,1.625],"texture":"#0"},"west":{"uv":[7.75,1.375,8.125,1.625],"texture":"#0"},"up":{"uv":[7.25,7.75,7.5,8.125],"texture":"#0"},"down":{"uv":[7.25,7.75,7.5,8.125],"texture":"#0"}}},{"from":[7.4414,0.9418,7.3852],"to":[7.8132,1.3851,8.8365],"rotation":{"angle":0,"axis":"y","origin":[-13.98,-0.86,-14.88]},"faces":{"north":{"uv":[7.375,0.625,7.5,0.75],"texture":"#1"},"east":{"uv":[7.75,0.625,8.125,0.75],"texture":"#1"},"south":{"uv":[7.375,0.625,7.5,0.75],"texture":"#1"},"west":{"uv":[7.75,0.625,8.125,0.75],"texture":"#1"},"up":{"uv":[7.375,7.75,7.5,8.125],"texture":"#1"},"down":{"uv":[7.375,7.75,7.5,8.125],"texture":"#1"}}},{"from":[7.2664,2.2717,7.5032],"to":[8.01,2.6864,8.765],"rotation":{"angle":0,"axis":"y","origin":[-14.155,-0.6455,-14.88]},"faces":{"north":{"uv":[7.375,1,7.625,1.125],"texture":"#0"},"east":{"uv":[7.75,1,8.125,1.125],"texture":"#0"},"south":{"uv":[7.375,1,7.625,1.125],"texture":"#0"},"west":{"uv":[7.75,1,8.125,1.125],"texture":"#0"},"up":{"uv":[7.375,7.75,7.625,8.125],"texture":"#0"},"down":{"uv":[7.375,7.75,7.625,8.125],"texture":"#0"}}},{"from":[7.2414,2.6864,7.3852],"to":[7.6132,3.573,8.8365],"rotation":{"angle":0,"axis":"y","origin":[-14.18,-0.5025,-14.88]},"faces":{"north":{"uv":[7.375,1.125,7.5,1.375],"texture":"#1"},"east":{"uv":[7.75,1.125,8.125,1.375],"texture":"#1"},"south":{"uv":[7.375,1.125,7.5,1.375],"texture":"#1"},"west":{"uv":[7.75,1.125,8.125,1.375],"texture":"#1"},"up":{"uv":[7.375,7.75,7.5,8.125],"texture":"#1"},"down":{"uv":[7.375,7.75,7.5,8.125],"texture":"#1"}}},{"from":[6.7914,4.431,7.6282],"to":[7.535,5.6608,8.715],"rotation":{"angle":0,"axis":"y","origin":[-14.63,-0.2165,-14.88]},"faces":{"north":{"uv":[7.375,1.625,7.625,2],"texture":"#0"},"east":{"uv":[7.75,1.625,8.125,2],"texture":"#0"},"south":{"uv":[7.375,1.625,7.625,2],"texture":"#0"},"west":{"uv":[7.75,1.625,8.125,2],"texture":"#0"},"up":{"uv":[7.375,7.75,7.625,8.125],"texture":"#0"},"down":{"uv":[7.375,7.75,7.625,8.125],"texture":"#0"}}},{"from":[7.8132,0.9418,7.5032],"to":[8.5282,1.3851,8.765],"rotation":{"angle":0,"axis":"y","origin":[-13.98,-0.86,-14.88]},"faces":{"north":{"uv":[7.5,0.625,7.75,0.75],"texture":"#0"},"east":{"uv":[7.75,0.625,8.125,0.75],"texture":"#0"},"south":{"uv":[7.5,0.625,7.75,0.75],"texture":"#0"},"west":{"uv":[7.75,0.625,8.125,0.75],"texture":"#0"},"up":{"uv":[7.5,7.75,7.75,8.125],"texture":"#0"},"down":{"uv":[7.5,7.75,7.75,8.125],"texture":"#0"}}},{"from":[7.8132,1.3851,7.3852],"to":[8.185,1.8284,8.8365],"rotation":{"angle":0,"axis":"y","origin":[-13.98,-0.7885,-14.88]},"faces":{"north":{"uv":[7.5,0.75,7.625,0.875],"texture":"#1"},"east":{"uv":[7.75,0.75,8.125,0.875],"texture":"#1"},"south":{"uv":[7.5,0.75,7.625,0.875],"texture":"#1"},"west":{"uv":[7.75,0.75,8.125,0.875],"texture":"#1"},"up":{"uv":[7.5,7.75,7.625,8.125],"texture":"#1"},"down":{"uv":[7.5,7.75,7.625,8.125],"texture":"#1"}}},{"from":[7.6132,2.6864,7.5032],"to":[8.3282,3.573,8.765],"rotation":{"angle":0,"axis":"y","origin":[-14.18,-0.5025,-14.88]},"faces":{"north":{"uv":[7.5,1.125,7.75,1.375],"texture":"#0"},"east":{"uv":[7.75,1.125,8.125,1.375],"texture":"#0"},"south":{"uv":[7.5,1.125,7.75,1.375],"texture":"#0"},"west":{"uv":[7.75,1.125,8.125,1.375],"texture":"#0"},"up":{"uv":[7.5,7.75,7.75,8.125],"texture":"#0"},"down":{"uv":[7.5,7.75,7.75,8.125],"texture":"#0"}}},{"from":[7.3882,3.573,7.3852],"to":[7.76,4.431,8.8365],"rotation":{"angle":0,"axis":"y","origin":[-14.405,-0.3595,-14.88]},"faces":{"north":{"uv":[7.5,1.375,7.625,1.625],"texture":"#1"},"east":{"uv":[7.75,1.375,8.125,1.625],"texture":"#1"},"south":{"uv":[7.5,1.375,7.625,1.625],"texture":"#1"},"west":{"uv":[7.75,1.375,8.125,1.625],"texture":"#1"},"up":{"uv":[7.5,7.75,7.625,8.125],"texture":"#1"},"down":{"uv":[7.5,7.75,7.625,8.125],"texture":"#1"}}},{"from":[6.9132,5.6608,7.6282],"to":[7.6282,6.8906,8.715],"rotation":{"angle":0,"axis":"y","origin":[-14.88,-0.0735,-14.88]},"faces":{"north":{"uv":[7.5,2,7.75,2.375],"texture":"#0"},"east":{"uv":[7.75,2,8.125,2.375],"texture":"#0"},"south":{"uv":[7.5,2,7.75,2.375],"texture":"#0"},"west":{"uv":[7.75,2,8.125,2.375],"texture":"#0"},"up":{"uv":[7.5,7.75,7.75,8.125],"texture":"#0"},"down":{"uv":[7.5,7.75,7.75,8.125],"texture":"#0"}}},{"from":[8.185,1.3851,7.5032],"to":[8.9,1.8284,8.765],"rotation":{"angle":0,"axis":"y","origin":[-13.98,-0.7885,-14.88]},"faces":{"north":{"uv":[7.625,0.75,7.875,0.875],"texture":"#0"},"east":{"uv":[7.75,0.75,8.125,0.875],"texture":"#0"},"south":{"uv":[7.625,0.75,7.875,0.875],"texture":"#0"},"west":{"uv":[7.75,0.75,8.125,0.875],"texture":"#0"},"up":{"uv":[7.625,7.75,7.875,8.125],"texture":"#0"},"down":{"uv":[7.625,7.75,7.875,8.125],"texture":"#0"}}},{"from":[8.01,1.8284,7.3852],"to":[8.3532,2.6864,8.8365],"rotation":{"angle":0,"axis":"y","origin":[-14.155,-0.6455,-14.88]},"faces":{"north":{"uv":[7.625,0.875,7.75,1.125],"texture":"#1"},"east":{"uv":[7.75,0.875,8.125,1.125],"texture":"#1"},"south":{"uv":[7.625,0.875,7.75,1.125],"texture":"#1"},"west":{"uv":[7.75,0.875,8.125,1.125],"texture":"#1"},"up":{"uv":[7.625,7.75,7.75,8.125],"texture":"#1"},"down":{"uv":[7.625,7.75,7.75,8.125],"texture":"#1"}}},{"from":[7.76,3.573,7.5032],"to":[8.475,4.431,8.765],"rotation":{"angle":0,"axis":"y","origin":[-14.405,-0.3595,-14.88]},"faces":{"north":{"uv":[7.625,1.375,7.875,1.625],"texture":"#0"},"east":{"uv":[7.75,1.375,8.125,1.625],"texture":"#0"},"south":{"uv":[7.625,1.375,7.875,1.625],"texture":"#0"},"west":{"uv":[7.75,1.375,8.125,1.625],"texture":"#0"},"up":{"uv":[7.625,7.75,7.875,8.125],"texture":"#0"},"down":{"uv":[7.625,7.75,7.875,8.125],"texture":"#0"}}},{"from":[7.535,4.431,7.4852],"to":[7.8782,5.6608,8.7865],"rotation":{"angle":0,"axis":"y","origin":[-14.63,-0.2165,-14.88]},"faces":{"north":{"uv":[7.625,1.625,7.75,2],"texture":"#1"},"east":{"uv":[7.75,1.625,8.125,2],"texture":"#1"},"south":{"uv":[7.625,1.625,7.75,2],"texture":"#1"},"west":{"uv":[7.75,1.625,8.125,2],"texture":"#1"},"up":{"uv":[7.625,7.75,7.75,8.125],"texture":"#1"},"down":{"uv":[7.625,7.75,7.75,8.125],"texture":"#1"}}},{"from":[8.3532,1.8284,7.5032],"to":[9.0968,2.6864,8.765],"rotation":{"angle":0,"axis":"y","origin":[-14.155,-0.6455,-14.88]},"faces":{"north":{"uv":[7.75,0.875,8,1.125],"texture":"#0"},"east":{"uv":[7.75,0.875,8.125,1.125],"texture":"#0"},"south":{"uv":[7.75,0.875,8,1.125],"texture":"#0"},"west":{"uv":[7.75,0.875,8.125,1.125],"texture":"#0"},"up":{"uv":[7.75,7.75,8,8.125],"texture":"#0"},"down":{"uv":[7.75,7.75,8,8.125],"texture":"#0"}}},{"from":[8.3282,2.6864,7.3852],"to":[8.7,3.573,8.8365],"rotation":{"angle":0,"axis":"y","origin":[-14.18,-0.5025,-14.88]},"faces":{"north":{"uv":[7.75,1.125,7.875,1.375],"texture":"#1"},"east":{"uv":[7.75,1.125,8.125,1.375],"texture":"#1"},"south":{"uv":[7.75,1.125,7.875,1.375],"texture":"#1"},"west":{"uv":[7.75,1.125,8.125,1.375],"texture":"#1"},"up":{"uv":[7.75,7.75,7.875,8.125],"texture":"#1"},"down":{"uv":[7.75,7.75,7.875,8.125],"texture":"#1"}}},{"from":[7.8782,4.431,7.6282],"to":[8.6218,5.6608,8.715],"rotation":{"angle":0,"axis":"y","origin":[-14.63,-0.2165,-14.88]},"faces":{"north":{"uv":[7.75,1.625,8,2],"texture":"#0"},"east":{"uv":[7.75,1.625,8.125,2],"texture":"#0"},"south":{"uv":[7.75,1.625,8,2],"texture":"#0"},"west":{"uv":[7.75,1.625,8.125,2],"texture":"#0"},"up":{"uv":[7.75,7.75,8,8.125],"texture":"#0"},"down":{"uv":[7.75,7.75,8,8.125],"texture":"#0"}}},{"from":[7.6282,5.6608,7.4852],"to":[8,6.8906,8.7865],"rotation":{"angle":0,"axis":"y","origin":[-14.88,-0.0735,-14.88]},"faces":{"north":{"uv":[7.75,2,7.875,2.375],"texture":"#1"},"east":{"uv":[7.75,2,8.125,2.375],"texture":"#1"},"south":{"uv":[7.75,2,7.875,2.375],"texture":"#1"},"west":{"uv":[7.75,2,8.125,2.375],"texture":"#1"},"up":{"uv":[7.75,7.75,7.875,8.125],"texture":"#1"},"down":{"uv":[7.75,7.75,7.875,8.125],"texture":"#1"}}},{"from":[8.7,2.6864,7.5032],"to":[9.415,3.573,8.765],"rotation":{"angle":0,"axis":"y","origin":[-14.18,-0.5025,-14.88]},"faces":{"north":{"uv":[7.875,1.125,8.125,1.375],"texture":"#0"},"east":{"uv":[7.75,1.125,8.125,1.375],"texture":"#0"},"south":{"uv":[7.875,1.125,8.125,1.375],"texture":"#0"},"west":{"uv":[7.75,1.125,8.125,1.375],"texture":"#0"},"up":{"uv":[7.875,7.75,8.125,8.125],"texture":"#0"},"down":{"uv":[7.875,7.75,8.125,8.125],"texture":"#0"}}},{"from":[8.475,3.573,7.3852],"to":[8.8468,4.431,8.8365],"rotation":{"angle":0,"axis":"y","origin":[-14.405,-0.3595,-14.88]},"faces":{"north":{"uv":[7.875,1.375,8,1.625],"texture":"#1"},"east":{"uv":[7.75,1.375,8.125,1.625],"texture":"#1"},"south":{"uv":[7.875,1.375,8,1.625],"texture":"#1"},"west":{"uv":[7.75,1.375,8.125,1.625],"texture":"#1"},"up":{"uv":[7.875,7.75,8,8.125],"texture":"#1"},"down":{"uv":[7.875,7.75,8,8.125],"texture":"#1"}}},{"from":[8,5.6608,7.6282],"to":[8.715,6.8906,8.715],"rotation":{"angle":0,"axis":"y","origin":[-14.88,-0.0735,-14.88]},"faces":{"north":{"uv":[7.875,2,8.125,2.375],"texture":"#0"},"east":{"uv":[7.75,2,8.125,2.375],"texture":"#0"},"south":{"uv":[7.875,2,8.125,2.375],"texture":"#0"},"west":{"uv":[7.75,2,8.125,2.375],"texture":"#0"},"up":{"uv":[7.875,7.75,8.125,8.125],"texture":"#0"},"down":{"uv":[7.875,7.75,8.125,8.125],"texture":"#0"}}},{"from":[8.8468,3.573,7.5032],"to":[9.5618,4.431,8.765],"rotation":{"angle":0,"axis":"y","origin":[-14.405,-0.3595,-14.88]},"faces":{"north":{"uv":[8,1.375,8.25,1.625],"texture":"#0"},"east":{"uv":[7.75,1.375,8.125,1.625],"texture":"#0"},"south":{"uv":[8,1.375,8.25,1.625],"texture":"#0"},"west":{"uv":[7.75,1.375,8.125,1.625],"texture":"#0"},"up":{"uv":[8,7.75,8.25,8.125],"texture":"#0"},"down":{"uv":[8,7.75,8.25,8.125],"texture":"#0"}}},{"from":[8.6218,4.431,7.4852],"to":[8.965,5.6608,8.7865],"rotation":{"angle":0,"axis":"y","origin":[-14.63,-0.2165,-14.88]},"faces":{"north":{"uv":[8,1.625,8.125,2],"texture":"#1"},"east":{"uv":[7.75,1.625,8.125,2],"texture":"#1"},"south":{"uv":[8,1.625,8.125,2],"texture":"#1"},"west":{"uv":[7.75,1.625,8.125,2],"texture":"#1"},"up":{"uv":[8,7.75,8.125,8.125],"texture":"#1"},"down":{"uv":[8,7.75,8.125,8.125],"texture":"#1"}}},{"from":[8.965,4.431,7.6282],"to":[9.7086,5.6608,8.715],"rotation":{"angle":0,"axis":"y","origin":[-14.63,-0.2165,-14.88]},"faces":{"north":{"uv":[8.125,1.625,8.375,2],"texture":"#0"},"east":{"uv":[7.75,1.625,8.125,2],"texture":"#0"},"south":{"uv":[8.125,1.625,8.375,2],"texture":"#0"},"west":{"uv":[7.75,1.625,8.125,2],"texture":"#0"},"up":{"uv":[8.125,7.75,8.375,8.125],"texture":"#0"},"down":{"uv":[8.125,7.75,8.375,8.125],"texture":"#0"}}},{"from":[8.715,5.6608,7.4852],"to":[9.0868,6.8906,8.7865],"rotation":{"angle":0,"axis":"y","origin":[-14.88,-0.0735,-14.88]},"faces":{"north":{"uv":[8.125,2,8.25,2.375],"texture":"#1"},"east":{"uv":[7.75,2,8.125,2.375],"texture":"#1"},"south":{"uv":[8.125,2,8.25,2.375],"texture":"#1"},"west":{"uv":[7.75,2,8.125,2.375],"texture":"#1"},"up":{"uv":[8.125,7.75,8.25,8.125],"texture":"#1"},"down":{"uv":[8.125,7.75,8.25,8.125],"texture":"#1"}}},{"from":[9.0868,5.6608,7.6282],"to":[9.8018,6.8906,8.715],"rotation":{"angle":0,"axis":"y","origin":[-14.88,-0.0735,-14.88]},"faces":{"north":{"uv":[8.25,2,8.5,2.375],"texture":"#0"},"east":{"uv":[7.75,2,8.125,2.375],"texture":"#0"},"south":{"uv":[8.25,2,8.5,2.375],"texture":"#0"},"west":{"uv":[7.75,2,8.125,2.375],"texture":"#0"},"up":{"uv":[8.25,7.75,8.5,8.125],"texture":"#0"},"down":{"uv":[8.25,7.75,8.5,8.125],"texture":"#0"}}}],"display":{"thirdperson_righthand":{"rotation":[90,-90,0],"translation":[0,0.4,3.022],"scale":[0.95,0.95,0.95]},"thirdperson_lefthand":{"rotation":[90,90,0],"translation":[0,0.4,3.022],"scale":[0.95,0.95,0.95]},"firstperson_righthand":{"rotation":[0,-100,0],"translation":[1.525,6.5,0],"scale":[0.98,0.98,0.98]},"firstperson_lefthand":{"rotation":[0,80,0],"translation":[0.93,6.75,-0.1],"scale":[0.98,0.98,0.98]},"ground":{"translation":[0,9.3478,0],"scale":[1.49,1.49,1.49]},"gui":{"rotation":[0,180,0],"translation":[-1.315,9.5652,0],"scale":[2.18,2.18,2.18]},"fixed":{"rotation":[0,-180,0],"translation":[-1.706,11.2065,0],"scale":[2.41,2.41,2.41]}}}