{"credit":"Made with Blockbench","textures":{"0":"item/rpskins/064064064","particle":"item/rpskins/064064064"},"elements":[{"from":[6.31825,1.2261,6.8468],"to":[8.24025,4.92595,9.00905],"rotation":{"angle":0,"axis":"y","origin":[6.31825,1.2261,6.8468]},"faces":{"north":{"uv":[0,0,1,1.925],"texture":"#0"},"east":{"uv":[0,0,1.125,1.925],"texture":"#0"},"south":{"uv":[0,0,1,1.925],"texture":"#0"},"west":{"uv":[0,0,1.125,1.925],"texture":"#0"},"up":{"uv":[0,0,1,1.125],"texture":"#0"},"down":{"uv":[0,0,1,1.125],"texture":"#0"}}},{"from":[8.24025,1.2261,6.9429],"to":[8.2883,4.92595,8.91295],"rotation":{"angle":0,"axis":"y","origin":[6.3663,1.2261,6.8468]},"faces":{"north":{"uv":[0,0,0.025,1.925],"texture":"#0"},"east":{"uv":[0,0,1.025,1.925],"texture":"#0"},"south":{"uv":[0,0,0.025,1.925],"texture":"#0"},"west":{"uv":[0,0,1.025,1.925],"texture":"#0"},"up":{"uv":[0,0,0.025,1.025],"texture":"#0"},"down":{"uv":[0,0,0.025,1.025],"texture":"#0"}}},{"from":[6.2702,1.2261,6.9429],"to":[6.31825,4.92595,8.91295],"rotation":{"angle":0,"axis":"y","origin":[4.39625,1.2261,6.8468]},"faces":{"north":{"uv":[0,0,0.025,1.925],"texture":"#0"},"east":{"uv":[0,0,1.025,1.925],"texture":"#0"},"south":{"uv":[0,0,0.025,1.925],"texture":"#0"},"west":{"uv":[0,0,1.025,1.925],"texture":"#0"},"up":{"uv":[0,0,0.025,1.025],"texture":"#0"},"down":{"uv":[0,0,0.025,1.025],"texture":"#0"}}},{"from":[6.41435,1.2261,9.00905],"to":[8.14415,4.92595,9.0571],"rotation":{"angle":0,"axis":"y","origin":[6.31825,1.2261,6.8468]},"faces":{"north":{"uv":[0,0,0.9,1.925],"texture":"#0"},"east":{"uv":[0,0,0.025,1.925],"texture":"#0"},"south":{"uv":[0,0,0.9,1.925],"texture":"#0"},"west":{"uv":[0,0,0.025,1.925],"texture":"#0"},"up":{"uv":[0,0,0.9,0.025],"texture":"#0"},"down":{"uv":[0,0,0.9,0.025],"texture":"#0"}}},{"from":[6.41435,1.2261,6.79875],"to":[8.14415,4.92595,6.8468],"rotation":{"angle":0,"axis":"y","origin":[6.31825,1.2261,4.6365]},"faces":{"north":{"uv":[0,0,0.9,1.925],"texture":"#0"},"east":{"uv":[0,0,0.025,1.925],"texture":"#0"},"south":{"uv":[0,0,0.9,1.925],"texture":"#0"},"west":{"uv":[0,0,0.025,1.925],"texture":"#0"},"up":{"uv":[0,0,0.9,0.025],"texture":"#0"},"down":{"uv":[0,0,0.9,0.025],"texture":"#0"}}},{"from":[6.4624,4.92595,6.99095],"to":[8.0961,6.07915,8.8649],"rotation":{"angle":0,"axis":"y","origin":[6.31825,2.6676,6.8468]},"faces":{"north":{"uv":[0,0,0.85,0.6],"texture":"#0"},"east":{"uv":[0,0,0.975,0.6],"texture":"#0"},"south":{"uv":[0,0,0.85,0.6],"texture":"#0"},"west":{"uv":[0,0,0.975,0.6],"texture":"#0"},"up":{"uv":[0,0,0.85,0.975],"texture":"#0"},"down":{"uv":[0,0,0.85,0.975],"texture":"#0"}}},{"from":[6.3663,6.07915,6.31825],"to":[8.1922,6.2233,9.5376],"rotation":{"angle":0,"axis":"y","origin":[6.31825,2.33125,6.8468]},"faces":{"north":{"uv":[0,0,0.95,0.075],"texture":"#0"},"east":{"uv":[0,0,1.675,0.075],"texture":"#0"},"south":{"uv":[0,0,0.95,0.075],"texture":"#0"},"west":{"uv":[0,0,1.675,0.075],"texture":"#0"},"up":{"uv":[0,0,0.95,1.675],"texture":"#0"},"down":{"uv":[0,0,0.95,1.675],"texture":"#0"}}},{"from":[6.3663,6.2233,6.31825],"to":[6.5585,6.65575,9.5376],"rotation":{"angle":0,"axis":"y","origin":[6.31825,2.4754,6.8468]},"faces":{"north":{"uv":[0,0,0.1,0.225],"texture":"#0"},"east":{"uv":[0,0,1.675,0.225],"texture":"#0"},"south":{"uv":[0,0,0.1,0.225],"texture":"#0"},"west":{"uv":[0,0,1.675,0.225],"texture":"#0"},"up":{"uv":[0,0,0.1,1.675],"texture":"#0"},"down":{"uv":[0,0,0.1,1.675],"texture":"#0"}}},{"from":[6.5585,6.55965,6.31825],"to":[6.70265,6.65575,9.5376],"rotation":{"angle":0,"axis":"y","origin":[6.4624,2.4754,6.8468]},"faces":{"north":{"uv":[0,0,0.075,0.05],"texture":"#0"},"east":{"uv":[0,0,1.675,0.05],"texture":"#0"},"south":{"uv":[0,0,0.075,0.05],"texture":"#0"},"west":{"uv":[0,0,1.675,0.05],"texture":"#0"},"up":{"uv":[0,0,0.075,1.675],"texture":"#0"},"down":{"uv":[0,0,0.075,1.675],"texture":"#0"}}},{"from":[7.85585,6.55965,6.31825],"to":[8,6.65575,9.5376],"rotation":{"angle":0,"axis":"y","origin":[7.75975,2.4754,6.8468]},"faces":{"north":{"uv":[0,0,0.075,0.05],"texture":"#0"},"east":{"uv":[0,0,1.675,0.05],"texture":"#0"},"south":{"uv":[0,0,0.075,0.05],"texture":"#0"},"west":{"uv":[0,0,1.675,0.05],"texture":"#0"},"up":{"uv":[0,0,0.075,1.675],"texture":"#0"},"down":{"uv":[0,0,0.075,1.675],"texture":"#0"}}},{"from":[8,6.2233,6.31825],"to":[8.1922,6.65575,9.5376],"rotation":{"angle":0,"axis":"y","origin":[7.95195,2.4754,6.8468]},"faces":{"north":{"uv":[0,0,0.1,0.225],"texture":"#0"},"east":{"uv":[0,0,1.675,0.225],"texture":"#0"},"south":{"uv":[0,0,0.1,0.225],"texture":"#0"},"west":{"uv":[0,0,1.675,0.225],"texture":"#0"},"up":{"uv":[0,0,0.1,1.675],"texture":"#0"},"down":{"uv":[0,0,0.1,1.675],"texture":"#0"}}},{"from":[8.1922,6.17525,6.31825],"to":[8.24025,6.6077,9.5376],"rotation":{"angle":0,"axis":"y","origin":[8,2.42735,6.8468]},"faces":{"north":{"uv":[0,0,0.025,0.225],"texture":"#0"},"east":{"uv":[0,0,1.675,0.225],"texture":"#0"},"south":{"uv":[0,0,0.025,0.225],"texture":"#0"},"west":{"uv":[0,0,1.675,0.225],"texture":"#0"},"up":{"uv":[0,0,0.025,1.675],"texture":"#0"},"down":{"uv":[0,0,0.025,1.675],"texture":"#0"}}},{"from":[6.31825,6.17525,6.31825],"to":[6.3663,6.6077,9.5376],"rotation":{"angle":0,"axis":"y","origin":[6.12605,2.42735,6.8468]},"faces":{"north":{"uv":[0,0,0.025,0.225],"texture":"#0"},"east":{"uv":[0,0,1.675,0.225],"texture":"#0"},"south":{"uv":[0,0,0.025,0.225],"texture":"#0"},"west":{"uv":[0,0,1.675,0.225],"texture":"#0"},"up":{"uv":[0,0,0.025,1.675],"texture":"#0"},"down":{"uv":[0,0,0.025,1.675],"texture":"#0"}}},{"from":[6.3663,4.92595,6.89485],"to":[6.4624,5.21425,8.961],"rotation":{"angle":0,"axis":"y","origin":[6.2702,2.6676,6.8468]},"faces":{"north":{"uv":[0,0,0.05,0.15],"texture":"#0"},"east":{"uv":[0,0,1.075,0.15],"texture":"#0"},"south":{"uv":[0,0,0.05,0.15],"texture":"#0"},"west":{"uv":[0,0,1.075,0.15],"texture":"#0"},"up":{"uv":[0,0,0.05,1.075],"texture":"#0"},"down":{"uv":[0,0,0.05,1.075],"texture":"#0"}}},{"from":[8.0961,4.92595,6.89485],"to":[8.1922,5.21425,8.961],"rotation":{"angle":0,"axis":"y","origin":[8,2.6676,6.8468]},"faces":{"north":{"uv":[0,0,0.05,0.15],"texture":"#0"},"east":{"uv":[0,0,1.075,0.15],"texture":"#0"},"south":{"uv":[0,0,0.05,0.15],"texture":"#0"},"west":{"uv":[0,0,1.075,0.15],"texture":"#0"},"up":{"uv":[0,0,0.05,1.075],"texture":"#0"},"down":{"uv":[0,0,0.05,1.075],"texture":"#0"}}},{"from":[6.4624,4.92595,8.8649],"to":[8.0961,5.21425,8.961],"rotation":{"angle":0,"axis":"y","origin":[7.95195,2.6676,6.99095]},"faces":{"north":{"uv":[0,0,0.85,0.15],"texture":"#0"},"east":{"uv":[0,0,0.05,0.15],"texture":"#0"},"south":{"uv":[0,0,0.85,0.15],"texture":"#0"},"west":{"uv":[0,0,0.05,0.15],"texture":"#0"},"up":{"uv":[0,0,0.85,0.05],"texture":"#0"},"down":{"uv":[0,0,0.85,0.05],"texture":"#0"}}},{"from":[6.4624,4.92595,6.89485],"to":[8.0961,5.21425,6.99095],"rotation":{"angle":0,"axis":"y","origin":[7.95195,2.6676,5.0209]},"faces":{"north":{"uv":[0,0,0.85,0.15],"texture":"#0"},"east":{"uv":[0,0,0.05,0.15],"texture":"#0"},"south":{"uv":[0,0,0.85,0.15],"texture":"#0"},"west":{"uv":[0,0,0.05,0.15],"texture":"#0"},"up":{"uv":[0,0,0.85,0.05],"texture":"#0"},"down":{"uv":[0,0,0.85,0.05],"texture":"#0"}}},{"from":[6.41435,1.13,6.9429],"to":[8.14415,1.2261,8.91295],"rotation":{"angle":0,"axis":"y","origin":[6.31825,1.2261,6.8468]},"faces":{"north":{"uv":[0,0,0.9,0.05],"texture":"#0"},"east":{"uv":[0,0,1.025,0.05],"texture":"#0"},"south":{"uv":[0,0,0.9,0.05],"texture":"#0"},"west":{"uv":[0,0,1.025,0.05],"texture":"#0"},"up":{"uv":[0,0,0.9,1.025],"texture":"#0"},"down":{"uv":[0,0,0.9,1.025],"texture":"#0"}}}],"display":{"thirdperson_righthand":{"translation":[0.5,7.75,0],"scale":[1.67,1.67,1.67]},"thirdperson_lefthand":{"translation":[-0.75,7.76,0],"scale":[1.67,1.67,1.67]},"firstperson_righthand":{"translation":[1.25,12,0],"scale":[2.21,2.21,2.21]},"firstperson_lefthand":{"translation":[1.25,12,0],"scale":[2.21,2.21,2.21]},"ground":{"translation":[0,7.75,0],"scale":[2.33,2.33,2.33]},"gui":{"translation":[1.75,11,0],"scale":[2.69,2.69,2.69]}}}