{"credit":"Made with Blockbench","textures":{"0":"item/rpskins/2-032032032","1":"item/rpskins/2-064064064","2":"guns/3-metal-dark"},"elements":[{"from":[7.37538,5.85739,8.72838],"to":[7.62992,6.11195,8.98293],"rotation":{"angle":0,"axis":"y","origin":[-9.033,-1.60274,-7.42544]},"faces":{"north":{"uv":[8.25,3.75,8.375,3.875],"texture":"#0"},"east":{"uv":[8.125,3.75,8.25,3.875],"texture":"#0"},"south":{"uv":[8.25,3.75,8.375,3.875],"texture":"#0"},"west":{"uv":[8.125,3.75,8.25,3.875],"texture":"#0"},"up":{"uv":[8.25,8.125,8.375,8.25],"texture":"#0"},"down":{"uv":[8.25,8.125,8.375,8.25],"texture":"#0"}}},{"from":[8.11943,5.85739,7.49482],"to":[8.37399,6.11195,7.74937],"rotation":{"angle":0,"axis":"y","origin":[-9.033,-1.60274,-7.42544]},"faces":{"north":{"uv":[8.625,3.75,8.75,3.875],"texture":"#0"},"east":{"uv":[7.5,3.75,7.625,3.875],"texture":"#0"},"south":{"uv":[8.625,3.75,8.75,3.875],"texture":"#0"},"west":{"uv":[7.5,3.75,7.625,3.875],"texture":"#0"},"up":{"uv":[8.625,7.5,8.75,7.625],"texture":"#0"},"down":{"uv":[8.625,7.5,8.75,7.625],"texture":"#0"}}},{"from":[8.79128,5.01514,7.874],"to":[9.78878,5.33014,8.399],"rotation":{"angle":0,"axis":"y","origin":[-7.7395,-2.1467,-6.322]},"faces":{"north":{"uv":[1.21563,9,2,9.46562],"texture":"#1"},"east":{"uv":[1.21563,9,2,9.46562],"texture":"#1"},"south":{"uv":[1.21563,9,2,9.46562],"texture":"#1"},"west":{"uv":[1.21563,9,2,9.46562],"texture":"#1"},"up":{"uv":[1.21563,9,2,9.46562],"texture":"#1"},"down":{"uv":[1.21563,9,2,9.46562],"texture":"#1"}}},{"from":[8.79128,4.85764,8.294],"to":[9.78878,5.01514,8.399],"rotation":{"angle":0,"axis":"y","origin":[-7.7395,-2.2517,-6.322]},"faces":{"north":{"uv":[1.21563,9,2,9.46562],"texture":"#1"},"east":{"uv":[1.21563,9,2,9.46562],"texture":"#1"},"south":{"uv":[1.21563,9,2,9.46562],"texture":"#1"},"west":{"uv":[1.21563,9,2,9.46562],"texture":"#1"},"up":{"uv":[1.21563,9,2,9.46562],"texture":"#1"},"down":{"uv":[1.21563,9,2,9.46562],"texture":"#1"}}},{"from":[8.79128,4.85764,7.874],"to":[9.78878,5.01514,7.979],"rotation":{"angle":0,"axis":"y","origin":[-7.7395,-2.2517,-6.7945]},"faces":{"north":{"uv":[1.21563,9,2,9.46562],"texture":"#1"},"east":{"uv":[1.21563,9,2,9.46562],"texture":"#1"},"south":{"uv":[1.21563,9,2,9.46562],"texture":"#1"},"west":{"uv":[1.21563,9,2,9.46562],"texture":"#1"},"up":{"uv":[1.21563,9,2,9.46562],"texture":"#1"},"down":{"uv":[1.21563,9,2,9.46562],"texture":"#1"}}},{"from":[8.79128,5.33014,7.874],"to":[9.57878,5.58214,7.979],"rotation":{"angle":0,"axis":"y","origin":[-7.7395,-1.8842,-6.7945]},"faces":{"north":{"uv":[1.21563,9,2,9.46562],"texture":"#1"},"east":{"uv":[1.21563,9,2,9.46562],"texture":"#1"},"south":{"uv":[1.21563,9,2,9.46562],"texture":"#1"},"west":{"uv":[1.21563,9,2,9.46562],"texture":"#1"},"up":{"uv":[1.21563,9,2,9.46562],"texture":"#1"},"down":{"uv":[1.21563,9,2,9.46562],"texture":"#1"}}},{"from":[8.79128,5.33014,8.294],"to":[9.57878,5.58214,8.399],"rotation":{"angle":0,"axis":"y","origin":[-7.7395,-1.8842,-6.322]},"faces":{"north":{"uv":[1.21563,9,2,9.46562],"texture":"#1"},"east":{"uv":[1.21563,9,2,9.46562],"texture":"#1"},"south":{"uv":[1.21563,9,2,9.46562],"texture":"#1"},"west":{"uv":[1.21563,9,2,9.46562],"texture":"#1"},"up":{"uv":[1.21563,9,2,9.46562],"texture":"#1"},"down":{"uv":[1.21563,9,2,9.46562],"texture":"#1"}}},{"from":[8.79128,5.54014,7.664],"to":[9.57878,5.60104,7.874],"rotation":{"angle":0,"axis":"y","origin":[-7.7395,-1.8842,-6.8995]},"faces":{"north":{"uv":[1.21563,9,2,9.46562],"texture":"#1"},"east":{"uv":[1.21563,9,2,9.46562],"texture":"#1"},"south":{"uv":[1.21563,9,2,9.46562],"texture":"#1"},"west":{"uv":[1.21563,9,2,9.46562],"texture":"#1"},"up":{"uv":[1.21563,9,2,9.46562],"texture":"#1"},"down":{"uv":[1.21563,9,2,9.46562],"texture":"#1"}}},{"from":[8.79128,5.54014,8.399],"to":[9.57878,5.60104,8.609],"rotation":{"angle":0,"axis":"y","origin":[-7.7395,-1.8842,-6.2695]},"faces":{"north":{"uv":[1.21563,9,2,9.46562],"texture":"#1"},"east":{"uv":[1.21563,9,2,9.46562],"texture":"#1"},"south":{"uv":[1.21563,9,2,9.46562],"texture":"#1"},"west":{"uv":[1.21563,9,2,9.46562],"texture":"#1"},"up":{"uv":[1.21563,9,2,9.46562],"texture":"#1"},"down":{"uv":[1.21563,9,2,9.46562],"texture":"#1"}}},{"from":[8.79128,5.59264,8.5565],"to":[9.57878,6.39064,8.609],"rotation":{"angle":0,"axis":"y","origin":[-7.7395,-1.8317,-6.2695]},"faces":{"north":{"uv":[1.21563,9,2.125,9.84062],"texture":"#1"},"east":{"uv":[1.21563,9,2.125,9.84062],"texture":"#1"},"south":{"uv":[1.21563,9,2.125,9.84062],"texture":"#1"},"west":{"uv":[1.21563,9,2.125,9.84062],"texture":"#1"},"up":{"uv":[1.21563,9,2.125,9.84062],"texture":"#1"},"down":{"uv":[1.21563,9,2.125,9.84062],"texture":"#1"}}},{"from":[8.79128,6.38014,7.664],"to":[9.57878,6.39064,8.5565],"rotation":{"angle":0,"axis":"y","origin":[-7.7395,-1.8317,-6.2695]},"faces":{"north":{"uv":[1.21563,9,2,9.46562],"texture":"#1"},"east":{"uv":[1.21563,9,2,9.46562],"texture":"#1"},"south":{"uv":[1.21563,9,2,9.46562],"texture":"#1"},"west":{"uv":[1.21563,9,2,9.46562],"texture":"#1"},"up":{"uv":[1.21563,9,2,9.46562],"texture":"#1"},"down":{"uv":[1.21563,9,2,9.46562],"texture":"#1"}}},{"from":[8.79128,5.59264,7.6115],"to":[9.57878,6.39064,7.664],"rotation":{"angle":0,"axis":"y","origin":[-7.7395,-1.8317,-7.162]},"faces":{"north":{"uv":[1.21563,9,2.125,9.84062],"texture":"#1"},"east":{"uv":[1.21563,9,2.125,9.84062],"texture":"#1"},"south":{"uv":[1.21563,9,2.125,9.84062],"texture":"#1"},"west":{"uv":[1.21563,9,2.125,9.84062],"texture":"#1"},"up":{"uv":[1.21563,9,2.125,9.84062],"texture":"#1"},"down":{"uv":[1.21563,9,2.125,9.84062],"texture":"#1"}}},{"from":[6.37678,5.11334,7.74937],"to":[7.37538,5.36788,8.49342],"rotation":{"angle":0,"axis":"y","origin":[-9.033,-1.60274,-7.42544]},"faces":{"north":{"uv":[7.75,3.375,8.25,3.5],"texture":"#0"},"east":{"uv":[7.625,3.375,8,3.5],"texture":"#0"},"south":{"uv":[7.75,3.375,8.25,3.5],"texture":"#0"},"west":{"uv":[7.625,3.375,8,3.5],"texture":"#0"},"up":{"uv":[7.75,7.625,8.25,8],"texture":"#0"},"down":{"uv":[7.75,7.625,8.25,8],"texture":"#0"}}},{"from":[6.37678,5.36788,7.49482],"to":[7.37538,5.60285,7.74937],"rotation":{"angle":0,"axis":"y","origin":[-9.033,-1.60274,-7.42544]},"faces":{"north":{"uv":[7.75,3.5,8.25,3.625],"texture":"#0"},"east":{"uv":[7.5,3.5,7.625,3.625],"texture":"#0"},"south":{"uv":[7.75,3.5,8.25,3.625],"texture":"#0"},"west":{"uv":[7.5,3.5,7.625,3.625],"texture":"#0"},"up":{"uv":[7.75,7.5,8.25,7.625],"texture":"#0"},"down":{"uv":[7.75,7.5,8.25,7.625],"texture":"#0"}}},{"from":[6.37678,5.36788,8.49342],"to":[7.37538,5.60285,8.72838],"rotation":{"angle":0,"axis":"y","origin":[-9.033,-1.60274,-7.42544]},"faces":{"north":{"uv":[7.75,3.5,8.25,3.625],"texture":"#0"},"east":{"uv":[8,3.5,8.125,3.625],"texture":"#0"},"south":{"uv":[7.75,3.5,8.25,3.625],"texture":"#0"},"west":{"uv":[8,3.5,8.125,3.625],"texture":"#0"},"up":{"uv":[7.75,8,8.25,8.125],"texture":"#0"},"down":{"uv":[7.75,8,8.25,8.125],"texture":"#0"}}},{"from":[6.37678,5.60285,7.24028],"to":[7.37538,6.3469,7.49482],"rotation":{"angle":0,"axis":"y","origin":[-9.033,-1.60274,-7.42544]},"faces":{"north":{"uv":[0.03125,0.3125,0.15625,0.4375],"texture":"#0"},"east":{"uv":[0.03125,0.3125,0.15625,0.4375],"texture":"#0"},"south":{"uv":[0.03125,0.3125,0.15625,0.4375],"texture":"#0"},"west":{"uv":[0.03125,0.3125,0.15625,0.4375],"texture":"#0"},"up":{"uv":[0.03125,0.3125,0.15625,0.4375],"texture":"#0"},"down":{"uv":[0.03125,0.3125,0.15625,0.4375],"texture":"#0"}}},{"from":[6.37678,5.60285,8.72838],"to":[7.37538,6.3469,8.98293],"rotation":{"angle":0,"axis":"y","origin":[-9.033,-1.60274,-7.42544]},"faces":{"north":{"uv":[7.75,3.625,8.25,4],"texture":"#0"},"east":{"uv":[8.125,3.625,8.25,4],"texture":"#0"},"south":{"uv":[7.75,3.625,8.25,4],"texture":"#0"},"west":{"uv":[8.125,3.625,8.25,4],"texture":"#0"},"up":{"uv":[7.75,8.125,8.25,8.25],"texture":"#0"},"down":{"uv":[7.75,8.125,8.25,8.25],"texture":"#0"}}},{"from":[6.37678,6.3469,7.49482],"to":[7.37538,6.60146,7.74937],"rotation":{"angle":0,"axis":"y","origin":[-9.033,-1.60274,-7.42544]},"faces":{"north":{"uv":[7.75,4,8.25,4.125],"texture":"#0"},"east":{"uv":[7.5,4,7.625,4.125],"texture":"#0"},"south":{"uv":[7.75,4,8.25,4.125],"texture":"#0"},"west":{"uv":[7.5,4,7.625,4.125],"texture":"#0"},"up":{"uv":[7.75,7.5,8.25,7.625],"texture":"#0"},"down":{"uv":[7.75,7.5,8.25,7.625],"texture":"#0"}}},{"from":[6.37678,6.3469,8.49342],"to":[7.37538,6.60146,8.72838],"rotation":{"angle":0,"axis":"y","origin":[-9.033,-1.60274,-7.42544]},"faces":{"north":{"uv":[7.75,4,8.25,4.125],"texture":"#0"},"east":{"uv":[8,4,8.125,4.125],"texture":"#0"},"south":{"uv":[7.75,4,8.25,4.125],"texture":"#0"},"west":{"uv":[8,4,8.125,4.125],"texture":"#0"},"up":{"uv":[7.75,8,8.25,8.125],"texture":"#0"},"down":{"uv":[7.75,8,8.25,8.125],"texture":"#0"}}},{"from":[6.37678,6.60146,7.74937],"to":[7.37538,6.856,8.49342],"rotation":{"angle":0,"axis":"y","origin":[-9.033,-1.60274,-7.42544]},"faces":{"north":{"uv":[7.75,4.125,8.25,4.25],"texture":"#0"},"east":{"uv":[7.625,4.125,8,4.25],"texture":"#0"},"south":{"uv":[7.75,4.125,8.25,4.25],"texture":"#0"},"west":{"uv":[7.625,4.125,8,4.25],"texture":"#0"},"up":{"uv":[7.75,7.625,8.25,8],"texture":"#0"},"down":{"uv":[7.75,7.625,8.25,8],"texture":"#0"}}},{"from":[6.88587,5.36788,7.74937],"to":[8.11943,5.36788,8.49342],"rotation":{"angle":0,"axis":"y","origin":[-9.033,-1.60274,-7.42544]},"faces":{"north":{"uv":[8,3.5,8.625,4.125],"texture":"#0"},"east":{"uv":[7.625,3.5,8,4.125],"texture":"#0"},"south":{"uv":[8,3.5,8.625,4.125],"texture":"#0"},"west":{"uv":[7.625,3.5,8,4.125],"texture":"#0"},"up":{"uv":[8,7.625,8.625,8],"texture":"#0"},"down":{"uv":[8,7.625,8.625,8],"texture":"#0"}}},{"from":[8.11943,5.36788,7.74937],"to":[8.11943,5.60308,8.49342],"rotation":{"angle":0,"axis":"y","origin":[-9.033,-1.60274,-7.42544]},"faces":{"north":{"uv":[8,3.5,8.625,4.125],"texture":"#0"},"east":{"uv":[7.625,3.5,8,4.125],"texture":"#0"},"south":{"uv":[8,3.5,8.625,4.125],"texture":"#0"},"west":{"uv":[7.625,3.5,8,4.125],"texture":"#0"},"up":{"uv":[8,7.625,8.625,8],"texture":"#0"},"down":{"uv":[8,7.625,8.625,8],"texture":"#0"}}},{"from":[8.11943,6.3478,7.74937],"to":[8.11943,6.5998,8.49342],"rotation":{"angle":0,"axis":"y","origin":[-9.033,-0.60524,-7.42544]},"faces":{"north":{"uv":[8,3.5,8.625,4.125],"texture":"#0"},"east":{"uv":[7.625,3.5,8,4.125],"texture":"#0"},"south":{"uv":[8,3.5,8.625,4.125],"texture":"#0"},"west":{"uv":[7.625,3.5,8,4.125],"texture":"#0"},"up":{"uv":[8,7.625,8.625,8],"texture":"#0"},"down":{"uv":[8,7.625,8.625,8],"texture":"#0"}}},{"from":[7.35837,5.36788,7.74937],"to":[8.11943,5.60396,7.75842],"rotation":{"angle":0,"axis":"y","origin":[-9.033,-1.60274,-7.42544]},"faces":{"north":{"uv":[8,3.5,8.625,4.125],"texture":"#0"},"east":{"uv":[7.625,3.5,8,4.125],"texture":"#0"},"south":{"uv":[8,3.5,8.625,4.125],"texture":"#0"},"west":{"uv":[7.625,3.5,8,4.125],"texture":"#0"},"up":{"uv":[8,7.625,8.625,8],"texture":"#0"},"down":{"uv":[8,7.625,8.625,8],"texture":"#0"}}},{"from":[7.35837,5.36788,8.48437],"to":[8.11943,5.60396,8.49342],"rotation":{"angle":0,"axis":"y","origin":[-9.033,-1.60274,-7.42544]},"faces":{"north":{"uv":[8,3.5,8.625,4.125],"texture":"#0"},"east":{"uv":[7.625,3.5,8,4.125],"texture":"#0"},"south":{"uv":[8,3.5,8.625,4.125],"texture":"#0"},"west":{"uv":[7.625,3.5,8,4.125],"texture":"#0"},"up":{"uv":[8,7.625,8.625,8],"texture":"#0"},"down":{"uv":[8,7.625,8.625,8],"texture":"#0"}}},{"from":[7.35837,6.3478,8.48437],"to":[8.11943,6.5998,8.49342],"rotation":{"angle":0,"axis":"y","origin":[-9.033,-0.60524,-7.42544]},"faces":{"north":{"uv":[8,3.5,8.625,4.125],"texture":"#0"},"east":{"uv":[7.625,3.5,8,4.125],"texture":"#0"},"south":{"uv":[8,3.5,8.625,4.125],"texture":"#0"},"west":{"uv":[7.625,3.5,8,4.125],"texture":"#0"},"up":{"uv":[8,7.625,8.625,8],"texture":"#0"},"down":{"uv":[8,7.625,8.625,8],"texture":"#0"}}},{"from":[7.35837,6.3478,7.74937],"to":[8.11943,6.5998,7.75842],"rotation":{"angle":0,"axis":"y","origin":[-9.033,-0.60524,-7.42544]},"faces":{"north":{"uv":[8,3.5,8.625,4.125],"texture":"#0"},"east":{"uv":[7.625,3.5,8,4.125],"texture":"#0"},"south":{"uv":[8,3.5,8.625,4.125],"texture":"#0"},"west":{"uv":[7.625,3.5,8,4.125],"texture":"#0"},"up":{"uv":[8,7.625,8.625,8],"texture":"#0"},"down":{"uv":[8,7.625,8.625,8],"texture":"#0"}}},{"from":[6.88587,6.60146,7.74937],"to":[8.11943,6.60146,8.49342],"rotation":{"angle":0,"axis":"y","origin":[-9.033,-1.60274,-7.42544]},"faces":{"north":{"uv":[8,3.5,8.625,4.125],"texture":"#0"},"east":{"uv":[7.625,3.5,8,4.125],"texture":"#0"},"south":{"uv":[8,3.5,8.625,4.125],"texture":"#0"},"west":{"uv":[7.625,3.5,8,4.125],"texture":"#0"},"up":{"uv":[8,7.625,8.625,8],"texture":"#0"},"down":{"uv":[8,7.625,8.625,8],"texture":"#0"}}},{"from":[8.11943,5.60285,7.49482],"to":[8.11943,6.3469,7.74937],"rotation":{"angle":0,"axis":"y","origin":[-9.033,-1.60274,-7.42544]},"faces":{"north":{"uv":[8,3.625,8.625,4],"texture":"#0"},"east":{"uv":[7.5,3.625,7.625,4],"texture":"#0"},"south":{"uv":[8,3.625,8.625,4],"texture":"#0"},"west":{"uv":[7.5,3.625,7.625,4],"texture":"#0"},"up":{"uv":[8,7.5,8.625,7.625],"texture":"#0"},"down":{"uv":[8,7.5,8.625,7.625],"texture":"#0"}}},{"from":[6.88587,5.60285,7.49482],"to":[8.11943,5.60285,7.74937],"rotation":{"angle":0,"axis":"y","origin":[-9.033,-1.60274,-7.42544]},"faces":{"north":{"uv":[8,3.625,8.625,4],"texture":"#0"},"east":{"uv":[7.5,3.625,7.625,4],"texture":"#0"},"south":{"uv":[8,3.625,8.625,4],"texture":"#0"},"west":{"uv":[7.5,3.625,7.625,4],"texture":"#0"},"up":{"uv":[8,7.5,8.625,7.625],"texture":"#0"},"down":{"uv":[8,7.5,8.625,7.625],"texture":"#0"}}},{"from":[6.88587,5.60285,7.49482],"to":[8.11943,6.3469,7.49482],"rotation":{"angle":0,"axis":"y","origin":[-9.033,-1.60274,-7.42544]},"faces":{"north":{"uv":[8,3.625,8.625,4],"texture":"#0"},"east":{"uv":[7.5,3.625,7.625,4],"texture":"#0"},"south":{"uv":[8,3.625,8.625,4],"texture":"#0"},"west":{"uv":[7.5,3.625,7.625,4],"texture":"#0"},"up":{"uv":[8,7.5,8.625,7.625],"texture":"#0"},"down":{"uv":[8,7.5,8.625,7.625],"texture":"#0"}}},{"from":[6.88587,6.3469,7.49482],"to":[8.11943,6.3469,7.74937],"rotation":{"angle":0,"axis":"y","origin":[-9.033,-1.60274,-7.42544]},"faces":{"north":{"uv":[8,3.625,8.625,4],"texture":"#0"},"east":{"uv":[7.5,3.625,7.625,4],"texture":"#0"},"south":{"uv":[8,3.625,8.625,4],"texture":"#0"},"west":{"uv":[7.5,3.625,7.625,4],"texture":"#0"},"up":{"uv":[8,7.5,8.625,7.625],"texture":"#0"},"down":{"uv":[8,7.5,8.625,7.625],"texture":"#0"}}},{"from":[7.37538,5.60285,8.49342],"to":[8.11943,5.85739,8.72838],"rotation":{"angle":0,"axis":"y","origin":[-9.033,-1.60274,-7.42544]},"faces":{"north":{"uv":[8.25,3.625,8.625,3.75],"texture":"#0"},"east":{"uv":[8,3.625,8.125,3.75],"texture":"#0"},"south":{"uv":[8.25,3.625,8.625,3.75],"texture":"#0"},"west":{"uv":[8,3.625,8.125,3.75],"texture":"#0"},"up":{"uv":[8.25,8,8.625,8.125],"texture":"#0"},"down":{"uv":[8.25,8,8.625,8.125],"texture":"#0"}}},{"from":[7.37538,5.85739,7.24028],"to":[7.62992,6.11195,7.49482],"rotation":{"angle":0,"axis":"y","origin":[-9.033,-1.60274,-7.42544]},"faces":{"north":{"uv":[8.25,3.75,8.375,3.875],"texture":"#0"},"east":{"uv":[7.375,3.75,7.5,3.875],"texture":"#0"},"south":{"uv":[8.25,3.75,8.375,3.875],"texture":"#0"},"west":{"uv":[7.375,3.75,7.5,3.875],"texture":"#0"},"up":{"uv":[8.25,7.375,8.375,7.5],"texture":"#0"},"down":{"uv":[8.25,7.375,8.375,7.5],"texture":"#0"}}},{"from":[7.37538,6.11195,8.49342],"to":[8.11943,6.3469,8.72838],"rotation":{"angle":0,"axis":"y","origin":[-9.033,-1.60274,-7.42544]},"faces":{"north":{"uv":[8.25,3.875,8.625,4],"texture":"#0"},"east":{"uv":[8,3.875,8.125,4],"texture":"#0"},"south":{"uv":[8.25,3.875,8.625,4],"texture":"#0"},"west":{"uv":[8,3.875,8.125,4],"texture":"#0"},"up":{"uv":[8.25,8,8.625,8.125],"texture":"#0"},"down":{"uv":[8.25,8,8.625,8.125],"texture":"#0"}}},{"from":[7.37538,6.60146,7.98433],"to":[7.62992,6.856,8.23887],"rotation":{"angle":0,"axis":"y","origin":[-9.033,-1.60274,-7.42544]},"faces":{"north":{"uv":[8.25,4.125,8.375,4.25],"texture":"#0"},"east":{"uv":[7.75,4.125,7.875,4.25],"texture":"#0"},"south":{"uv":[8.25,4.125,8.375,4.25],"texture":"#0"},"west":{"uv":[7.75,4.125,7.875,4.25],"texture":"#0"},"up":{"uv":[8.25,7.75,8.375,7.875],"texture":"#0"},"down":{"uv":[8.25,7.75,8.375,7.875],"texture":"#0"}}},{"from":[7.62992,5.85739,8.49342],"to":[8.37399,6.11195,8.72838],"rotation":{"angle":0,"axis":"y","origin":[-9.033,-1.60274,-7.42544]},"faces":{"north":{"uv":[8.375,3.75,8.75,3.875],"texture":"#0"},"east":{"uv":[8,3.75,8.125,3.875],"texture":"#0"},"south":{"uv":[8.375,3.75,8.75,3.875],"texture":"#0"},"west":{"uv":[8,3.75,8.125,3.875],"texture":"#0"},"up":{"uv":[8.375,8,8.75,8.125],"texture":"#0"},"down":{"uv":[8.375,8,8.75,8.125],"texture":"#0"}}},{"from":[8.11943,5.36788,7.98433],"to":[8.37399,5.60396,8.23887],"rotation":{"angle":0,"axis":"y","origin":[-9.033,-1.60274,-7.42544]},"faces":{"north":{"uv":[8.625,3.5,8.75,4.125],"texture":"#0"},"east":{"uv":[7.75,3.5,7.875,4.125],"texture":"#0"},"south":{"uv":[8.625,3.5,8.75,4.125],"texture":"#0"},"west":{"uv":[7.75,3.5,7.875,4.125],"texture":"#0"},"up":{"uv":[8.625,7.75,8.75,7.875],"texture":"#0"},"down":{"uv":[8.625,7.75,8.75,7.875],"texture":"#0"}}},{"from":[8.11943,6.36538,7.98433],"to":[8.37399,6.60146,8.23887],"rotation":{"angle":0,"axis":"y","origin":[-9.033,-1.60274,-7.42544]},"faces":{"north":{"uv":[8.625,3.5,8.75,4.125],"texture":"#0"},"east":{"uv":[7.75,3.5,7.875,4.125],"texture":"#0"},"south":{"uv":[8.625,3.5,8.75,4.125],"texture":"#0"},"west":{"uv":[7.75,3.5,7.875,4.125],"texture":"#0"},"up":{"uv":[8.625,7.75,8.75,7.875],"texture":"#0"},"down":{"uv":[8.625,7.75,8.75,7.875],"texture":"#0"}}},{"from":[8.11943,5.60285,7.7396],"to":[12.09427,6.3469,7.7438],"rotation":{"angle":0,"axis":"y","origin":[-9.033,-1.60274,-7.42544]},"faces":{"north":{"uv":[8.625,3.625,10.625,4],"texture":"#0"},"east":{"uv":[7.625,3.625,7.75,4],"texture":"#0"},"south":{"uv":[8.625,3.625,10.625,4],"texture":"#0"},"west":{"uv":[7.625,3.625,7.75,4],"texture":"#0"},"up":{"uv":[8.625,7.625,10.625,7.75],"texture":"#0"},"down":{"uv":[8.625,7.625,10.625,7.75],"texture":"#0"}}},{"from":[8.22443,5.9341,8.1008],"to":[8.24543,6.0097,8.1218],"rotation":{"angle":0,"axis":"y","origin":[-11.55299,-1.70774,-7.42544]},"faces":{"north":{"uv":[0.125,0,0.5,0.125],"rotation":90,"texture":"#0"},"east":{"uv":[0.125,0,0.5,0.125],"rotation":90,"texture":"#0"},"south":{"uv":[0.125,0,0.5,0.125],"rotation":90,"texture":"#0"},"west":{"uv":[0.125,0,0.5,0.125],"rotation":90,"texture":"#0"},"up":{"uv":[0.125,0,0.5,0.125],"rotation":90,"texture":"#0"},"down":{"uv":[0.125,0,0.5,0.125],"rotation":90,"texture":"#0"}}},{"from":[8.22443,6.02285,8.1008],"to":[8.24543,6.29585,8.1218],"rotation":{"angle":0,"axis":"y","origin":[-11.55299,-1.60274,-7.42544]},"faces":{"north":{"uv":[0.03125,0.0625,0.15625,0.1875],"texture":"#0"},"east":{"uv":[0.03125,0.0625,0.15625,0.1875],"texture":"#0"},"south":{"uv":[0.03125,0.0625,0.15625,0.1875],"texture":"#0"},"west":{"uv":[0.03125,0.0625,0.15625,0.1875],"texture":"#0"},"up":{"uv":[0.03125,0.0625,0.15625,0.1875],"texture":"#0"},"down":{"uv":[0.03125,0.0625,0.15625,0.1875],"texture":"#0"}}},{"from":[8.22443,5.65535,8.1008],"to":[8.24543,5.92835,8.1218],"rotation":{"angle":0,"axis":"y","origin":[-11.55299,-1.60274,-7.42544]},"faces":{"north":{"uv":[0.03125,0.0625,0.15625,0.1875],"texture":"#0"},"east":{"uv":[0.03125,0.0625,0.15625,0.1875],"texture":"#0"},"south":{"uv":[0.03125,0.0625,0.15625,0.1875],"texture":"#0"},"west":{"uv":[0.03125,0.0625,0.15625,0.1875],"texture":"#0"},"up":{"uv":[0.03125,0.0625,0.15625,0.1875],"texture":"#0"},"down":{"uv":[0.03125,0.0625,0.15625,0.1875],"texture":"#0"}}},{"from":[8.22443,5.60285,8.08778],"to":[8.24543,5.66585,8.14028],"rotation":{"angle":0,"axis":"y","origin":[-11.55299,-1.60274,-7.42544]},"faces":{"north":{"uv":[0.03125,0.0625,0.15625,0.1875],"texture":"#0"},"east":{"uv":[0.03125,0.0625,0.15625,0.1875],"texture":"#0"},"south":{"uv":[0.03125,0.0625,0.15625,0.1875],"texture":"#0"},"west":{"uv":[0.03125,0.0625,0.15625,0.1875],"texture":"#0"},"up":{"uv":[0.03125,0.0625,0.15625,0.1875],"texture":"#0"},"down":{"uv":[0.03125,0.0625,0.15625,0.1875],"texture":"#0"}}},{"from":[8.22443,5.70153,8.08463],"to":[8.24543,5.71728,8.13713],"rotation":{"angle":0,"axis":"y","origin":[-11.55299,-1.55024,-7.42544]},"faces":{"north":{"uv":[0.03125,0.0625,0.15625,0.1875],"texture":"#0"},"east":{"uv":[0.03125,0.0625,0.15625,0.1875],"texture":"#0"},"south":{"uv":[0.03125,0.0625,0.15625,0.1875],"texture":"#0"},"west":{"uv":[0.03125,0.0625,0.15625,0.1875],"texture":"#0"},"up":{"uv":[0.03125,0.0625,0.15625,0.1875],"texture":"#0"},"down":{"uv":[0.03125,0.0625,0.15625,0.1875],"texture":"#0"}}},{"from":[8.22443,5.80653,8.08463],"to":[8.24543,5.82228,8.13713],"rotation":{"angle":0,"axis":"y","origin":[-11.55299,-1.44524,-7.42544]},"faces":{"north":{"uv":[0.03125,0.0625,0.15625,0.1875],"texture":"#0"},"east":{"uv":[0.03125,0.0625,0.15625,0.1875],"texture":"#0"},"south":{"uv":[0.03125,0.0625,0.15625,0.1875],"texture":"#0"},"west":{"uv":[0.03125,0.0625,0.15625,0.1875],"texture":"#0"},"up":{"uv":[0.03125,0.0625,0.15625,0.1875],"texture":"#0"},"down":{"uv":[0.03125,0.0625,0.15625,0.1875],"texture":"#0"}}},{"from":[8.22443,5.91835,8.08463],"to":[8.24543,5.9341,8.13713],"rotation":{"angle":0,"axis":"y","origin":[-11.55299,-1.34024,-7.42544]},"faces":{"north":{"uv":[0.03125,0.0625,0.15625,0.1875],"texture":"#0"},"east":{"uv":[0.03125,0.0625,0.15625,0.1875],"texture":"#0"},"south":{"uv":[0.03125,0.0625,0.15625,0.1875],"texture":"#0"},"west":{"uv":[0.03125,0.0625,0.15625,0.1875],"texture":"#0"},"up":{"uv":[0.03125,0.0625,0.15625,0.1875],"texture":"#0"},"down":{"uv":[0.03125,0.0625,0.15625,0.1875],"texture":"#0"}}},{"from":[8.22443,6.2785,8.08778],"to":[8.24543,6.3415,8.14028],"rotation":{"angle":0,"axis":"y","origin":[-11.55299,-1.18274,-7.42544]},"faces":{"north":{"uv":[0.03125,0.0625,0.15625,0.1875],"texture":"#0"},"east":{"uv":[0.03125,0.0625,0.15625,0.1875],"texture":"#0"},"south":{"uv":[0.03125,0.0625,0.15625,0.1875],"texture":"#0"},"west":{"uv":[0.03125,0.0625,0.15625,0.1875],"texture":"#0"},"up":{"uv":[0.03125,0.0625,0.15625,0.1875],"texture":"#0"},"down":{"uv":[0.03125,0.0625,0.15625,0.1875],"texture":"#0"}}},{"from":[8.22443,6.226,8.08463],"to":[8.24543,6.24175,8.13713],"rotation":{"angle":0,"axis":"y","origin":[-11.55299,-1.23524,-7.42544]},"faces":{"north":{"uv":[0.03125,0.0625,0.15625,0.1875],"texture":"#0"},"east":{"uv":[0.03125,0.0625,0.15625,0.1875],"texture":"#0"},"south":{"uv":[0.03125,0.0625,0.15625,0.1875],"texture":"#0"},"west":{"uv":[0.03125,0.0625,0.15625,0.1875],"texture":"#0"},"up":{"uv":[0.03125,0.0625,0.15625,0.1875],"texture":"#0"},"down":{"uv":[0.03125,0.0625,0.15625,0.1875],"texture":"#0"}}},{"from":[8.22443,6.121,8.08463],"to":[8.24543,6.13675,8.13713],"rotation":{"angle":0,"axis":"y","origin":[-11.55299,-1.34024,-7.42544]},"faces":{"north":{"uv":[0.03125,0.0625,0.15625,0.1875],"texture":"#0"},"east":{"uv":[0.03125,0.0625,0.15625,0.1875],"texture":"#0"},"south":{"uv":[0.03125,0.0625,0.15625,0.1875],"texture":"#0"},"west":{"uv":[0.03125,0.0625,0.15625,0.1875],"texture":"#0"},"up":{"uv":[0.03125,0.0625,0.15625,0.1875],"texture":"#0"},"down":{"uv":[0.03125,0.0625,0.15625,0.1875],"texture":"#0"}}},{"from":[8.22443,6.0076,8.08463],"to":[8.24543,6.02335,8.13713],"rotation":{"angle":0,"axis":"y","origin":[-11.55299,-1.44524,-7.42544]},"faces":{"north":{"uv":[0.03125,0.0625,0.15625,0.1875],"texture":"#0"},"east":{"uv":[0.03125,0.0625,0.15625,0.1875],"texture":"#0"},"south":{"uv":[0.03125,0.0625,0.15625,0.1875],"texture":"#0"},"west":{"uv":[0.03125,0.0625,0.15625,0.1875],"texture":"#0"},"up":{"uv":[0.03125,0.0625,0.15625,0.1875],"texture":"#0"},"down":{"uv":[0.03125,0.0625,0.15625,0.1875],"texture":"#0"}}},{"from":[8.22443,5.95037,8.4116],"to":[8.24543,6.00287,8.4746],"rotation":{"angle":0,"axis":"y","origin":[-11.55299,-1.97024,-7.05794]},"faces":{"north":{"uv":[0.03125,0.0625,0.15625,0.1875],"texture":"#0"},"east":{"uv":[0.03125,0.0625,0.15625,0.1875],"texture":"#0"},"south":{"uv":[0.03125,0.0625,0.15625,0.1875],"texture":"#0"},"west":{"uv":[0.03125,0.0625,0.15625,0.1875],"texture":"#0"},"up":{"uv":[0.03125,0.0625,0.15625,0.1875],"texture":"#0"},"down":{"uv":[0.03125,0.0625,0.15625,0.1875],"texture":"#0"}}},{"from":[8.22443,5.9635,8.1512],"to":[8.24543,5.9845,8.4242],"rotation":{"angle":0,"axis":"y","origin":[-11.55299,-1.97024,-7.42544]},"faces":{"north":{"uv":[0.03125,0.0625,0.15625,0.1875],"texture":"#0"},"east":{"uv":[0.03125,0.0625,0.15625,0.1875],"texture":"#0"},"south":{"uv":[0.03125,0.0625,0.15625,0.1875],"texture":"#0"},"west":{"uv":[0.03125,0.0625,0.15625,0.1875],"texture":"#0"},"up":{"uv":[0.03125,0.0625,0.15625,0.1875],"texture":"#0"},"down":{"uv":[0.03125,0.0625,0.15625,0.1875],"texture":"#0"}}},{"from":[8.22443,5.9635,8.0735],"to":[8.24543,5.9845,8.1491],"rotation":{"angle":0,"axis":"y","origin":[-11.55299,-1.97024,-7.47794]},"faces":{"north":{"uv":[0.125,0,0.5,0.125],"texture":"#0"},"east":{"uv":[0.125,0,0.5,0.125],"texture":"#0"},"south":{"uv":[0.125,0,0.5,0.125],"texture":"#0"},"west":{"uv":[0.125,0,0.5,0.125],"texture":"#0"},"up":{"uv":[0.125,0,0.5,0.125],"texture":"#0"},"down":{"uv":[0.125,0,0.5,0.125],"texture":"#0"}}},{"from":[8.22443,5.9635,7.8026],"to":[8.24543,5.9845,8.0756],"rotation":{"angle":0,"axis":"y","origin":[-11.55299,-1.97024,-7.42544]},"faces":{"north":{"uv":[0.03125,0.0625,0.15625,0.1875],"texture":"#0"},"east":{"uv":[0.03125,0.0625,0.15625,0.1875],"texture":"#0"},"south":{"uv":[0.03125,0.0625,0.15625,0.1875],"texture":"#0"},"west":{"uv":[0.03125,0.0625,0.15625,0.1875],"texture":"#0"},"up":{"uv":[0.03125,0.0625,0.15625,0.1875],"texture":"#0"},"down":{"uv":[0.03125,0.0625,0.15625,0.1875],"texture":"#0"}}},{"from":[8.22443,5.94733,8.357],"to":[8.24543,5.99983,8.37275],"rotation":{"angle":0,"axis":"y","origin":[-11.55299,-1.97024,-6.84795]},"faces":{"north":{"uv":[0.03125,0.0625,0.15625,0.1875],"texture":"#0"},"east":{"uv":[0.03125,0.0625,0.15625,0.1875],"texture":"#0"},"south":{"uv":[0.03125,0.0625,0.15625,0.1875],"texture":"#0"},"west":{"uv":[0.03125,0.0625,0.15625,0.1875],"texture":"#0"},"up":{"uv":[0.03125,0.0625,0.15625,0.1875],"texture":"#0"},"down":{"uv":[0.03125,0.0625,0.15625,0.1875],"texture":"#0"}}},{"from":[8.22443,5.94733,8.252],"to":[8.24543,5.99983,8.26775],"rotation":{"angle":0,"axis":"y","origin":[-11.55299,-1.97024,-6.95294]},"faces":{"north":{"uv":[0.03125,0.0625,0.15625,0.1875],"texture":"#0"},"east":{"uv":[0.03125,0.0625,0.15625,0.1875],"texture":"#0"},"south":{"uv":[0.03125,0.0625,0.15625,0.1875],"texture":"#0"},"west":{"uv":[0.03125,0.0625,0.15625,0.1875],"texture":"#0"},"up":{"uv":[0.03125,0.0625,0.15625,0.1875],"texture":"#0"},"down":{"uv":[0.03125,0.0625,0.15625,0.1875],"texture":"#0"}}},{"from":[8.22443,5.94733,8.147],"to":[8.24543,5.99983,8.16275],"rotation":{"angle":0,"axis":"y","origin":[-11.55299,-1.97024,-7.05794]},"faces":{"north":{"uv":[0.03125,0.0625,0.15625,0.1875],"texture":"#0"},"east":{"uv":[0.03125,0.0625,0.15625,0.1875],"texture":"#0"},"south":{"uv":[0.03125,0.0625,0.15625,0.1875],"texture":"#0"},"west":{"uv":[0.03125,0.0625,0.15625,0.1875],"texture":"#0"},"up":{"uv":[0.03125,0.0625,0.15625,0.1875],"texture":"#0"},"down":{"uv":[0.03125,0.0625,0.15625,0.1875],"texture":"#0"}}},{"from":[8.22443,5.95037,7.7501],"to":[8.24543,6.00287,7.8131],"rotation":{"angle":0,"axis":"y","origin":[-11.55299,-1.97024,-7.42544]},"faces":{"north":{"uv":[0.03125,0.0625,0.15625,0.1875],"texture":"#0"},"east":{"uv":[0.03125,0.0625,0.15625,0.1875],"texture":"#0"},"south":{"uv":[0.03125,0.0625,0.15625,0.1875],"texture":"#0"},"west":{"uv":[0.03125,0.0625,0.15625,0.1875],"texture":"#0"},"up":{"uv":[0.03125,0.0625,0.15625,0.1875],"texture":"#0"},"down":{"uv":[0.03125,0.0625,0.15625,0.1875],"texture":"#0"}}},{"from":[8.22443,5.94733,7.84985],"to":[8.24543,5.99983,7.8656],"rotation":{"angle":0,"axis":"y","origin":[-11.55299,-1.97024,-7.37295]},"faces":{"north":{"uv":[0.03125,0.0625,0.15625,0.1875],"texture":"#0"},"east":{"uv":[0.03125,0.0625,0.15625,0.1875],"texture":"#0"},"south":{"uv":[0.03125,0.0625,0.15625,0.1875],"texture":"#0"},"west":{"uv":[0.03125,0.0625,0.15625,0.1875],"texture":"#0"},"up":{"uv":[0.03125,0.0625,0.15625,0.1875],"texture":"#0"},"down":{"uv":[0.03125,0.0625,0.15625,0.1875],"texture":"#0"}}},{"from":[8.22443,5.94733,7.95485],"to":[8.24543,5.99983,7.9706],"rotation":{"angle":0,"axis":"y","origin":[-11.55299,-1.97024,-7.26795]},"faces":{"north":{"uv":[0.03125,0.0625,0.15625,0.1875],"texture":"#0"},"east":{"uv":[0.03125,0.0625,0.15625,0.1875],"texture":"#0"},"south":{"uv":[0.03125,0.0625,0.15625,0.1875],"texture":"#0"},"west":{"uv":[0.03125,0.0625,0.15625,0.1875],"texture":"#0"},"up":{"uv":[0.03125,0.0625,0.15625,0.1875],"texture":"#0"},"down":{"uv":[0.03125,0.0625,0.15625,0.1875],"texture":"#0"}}},{"from":[8.22443,5.94733,8.05985],"to":[8.24543,5.99983,8.0756],"rotation":{"angle":0,"axis":"y","origin":[-11.55299,-1.97024,-7.16294]},"faces":{"north":{"uv":[0.03125,0.0625,0.15625,0.1875],"texture":"#0"},"east":{"uv":[0.03125,0.0625,0.15625,0.1875],"texture":"#0"},"south":{"uv":[0.03125,0.0625,0.15625,0.1875],"texture":"#0"},"west":{"uv":[0.03125,0.0625,0.15625,0.1875],"texture":"#0"},"up":{"uv":[0.03125,0.0625,0.15625,0.1875],"texture":"#0"},"down":{"uv":[0.03125,0.0625,0.15625,0.1875],"texture":"#0"}}},{"from":[8.11943,6.34696,7.71997],"to":[12.09427,6.35076,8.49696],"rotation":{"angle":0,"axis":"y","origin":[-9.033,-1.60274,-7.19234]},"faces":{"north":{"uv":[8.625,3.625,10.625,4],"texture":"#0"},"east":{"uv":[7.625,3.625,7.75,4],"texture":"#0"},"south":{"uv":[8.625,3.625,10.625,4],"texture":"#0"},"west":{"uv":[7.625,3.625,7.75,4],"texture":"#0"},"up":{"uv":[8.625,7.625,10.625,7.75],"texture":"#0"},"down":{"uv":[8.625,7.625,10.625,7.75],"texture":"#0"}}},{"from":[8.11943,5.5981,7.71997],"to":[12.09427,5.6019,8.49696],"rotation":{"angle":0,"axis":"y","origin":[-9.033,-1.60274,-7.19234]},"faces":{"north":{"uv":[8.625,3.625,10.625,4],"texture":"#0"},"east":{"uv":[7.625,3.625,7.75,4],"texture":"#0"},"south":{"uv":[8.625,3.625,10.625,4],"texture":"#0"},"west":{"uv":[7.625,3.625,7.75,4],"texture":"#0"},"up":{"uv":[8.625,7.625,10.625,7.75],"texture":"#0"},"down":{"uv":[8.625,7.625,10.625,7.75],"texture":"#0"}}},{"from":[8.11943,5.60285,8.4956],"to":[12.09427,6.3469,8.4998],"rotation":{"angle":0,"axis":"y","origin":[-9.033,-1.60274,-7.42544]},"faces":{"north":{"uv":[8.625,3.625,10.625,4],"texture":"#0"},"east":{"uv":[7.875,3.625,8,4],"texture":"#0"},"south":{"uv":[8.625,3.625,10.625,4],"texture":"#0"},"west":{"uv":[7.875,3.625,8,4],"texture":"#0"},"up":{"uv":[8.625,7.875,10.625,8],"texture":"#0"},"down":{"uv":[8.625,7.875,10.625,8],"texture":"#0"}}},{"from":[9.60755,5.85739,8.504],"to":[10.3516,6.11195,8.63397],"rotation":{"angle":0,"axis":"y","origin":[-9.033,-1.60274,-7.42544]},"faces":{"north":{"uv":[9.375,3.75,9.75,3.875],"texture":"#1"},"east":{"uv":[8,3.75,8.125,3.875],"texture":"#1"},"south":{"uv":[9.375,3.75,9.75,3.875],"texture":"#1"},"west":{"uv":[8,3.75,8.125,3.875],"texture":"#1"},"up":{"uv":[9.375,8,9.75,8.125],"texture":"#1"},"down":{"uv":[9.375,8,9.75,8.125],"texture":"#1"}}},{"from":[9.60755,6.34717,7.74937],"to":[10.3516,6.49673,8.49342],"rotation":{"angle":0,"axis":"y","origin":[-9.033,-1.60274,-7.42544]},"faces":{"north":{"uv":[9.375,4,9.75,4.125],"texture":"#1"},"east":{"uv":[7.625,4,8,4.125],"texture":"#1"},"south":{"uv":[9.375,4,9.75,4.125],"texture":"#1"},"west":{"uv":[7.625,4,8,4.125],"texture":"#1"},"up":{"uv":[9.375,7.625,9.75,8],"texture":"#1"},"down":{"uv":[9.375,7.625,9.75,8],"texture":"#1"}}},{"from":[9.60755,6.49669,7.98433],"to":[10.3516,6.64623,8.23887],"rotation":{"angle":0,"axis":"y","origin":[-9.033,-1.70774,-7.42544]},"faces":{"north":{"uv":[9.375,4.125,9.75,4.25],"texture":"#1"},"east":{"uv":[7.75,4.125,7.875,4.25],"texture":"#1"},"south":{"uv":[9.375,4.125,9.75,4.25],"texture":"#1"},"west":{"uv":[7.75,4.125,7.875,4.25],"texture":"#1"},"up":{"uv":[9.375,7.75,9.75,7.875],"texture":"#1"},"down":{"uv":[9.375,7.75,9.75,7.875],"texture":"#1"}}},{"from":[9.86209,5.60285,8.504],"to":[10.11663,5.85739,8.63397],"rotation":{"angle":0,"axis":"y","origin":[-9.033,-1.60274,-7.42544]},"faces":{"north":{"uv":[9.5,3.625,9.625,3.75],"texture":"#1"},"east":{"uv":[8,3.625,8.125,3.75],"texture":"#1"},"south":{"uv":[9.5,3.625,9.625,3.75],"texture":"#1"},"west":{"uv":[8,3.625,8.125,3.75],"texture":"#1"},"up":{"uv":[9.5,8,9.625,8.125],"texture":"#1"},"down":{"uv":[9.5,8,9.625,8.125],"texture":"#1"}}},{"from":[9.86209,6.11195,8.504],"to":[10.11663,6.3469,8.63397],"rotation":{"angle":0,"axis":"y","origin":[-9.033,-1.60274,-7.42544]},"faces":{"north":{"uv":[9.5,3.875,9.625,4],"texture":"#1"},"east":{"uv":[8,3.875,8.125,4],"texture":"#1"},"south":{"uv":[9.5,3.875,9.625,4],"texture":"#1"},"west":{"uv":[8,3.875,8.125,4],"texture":"#1"},"up":{"uv":[9.5,8,9.625,8.125],"texture":"#1"},"down":{"uv":[9.5,8,9.625,8.125],"texture":"#1"}}},{"from":[9.86209,6.49669,7.74937],"to":[10.11663,6.64623,7.98433],"rotation":{"angle":0,"axis":"y","origin":[-9.033,-1.70774,-7.42544]},"faces":{"north":{"uv":[9.5,4.125,9.625,4.25],"texture":"#1"},"east":{"uv":[7.625,4.125,7.75,4.25],"texture":"#1"},"south":{"uv":[9.5,4.125,9.625,4.25],"texture":"#1"},"west":{"uv":[7.625,4.125,7.75,4.25],"texture":"#1"},"up":{"uv":[9.5,7.625,9.625,7.75],"texture":"#1"},"down":{"uv":[9.5,7.625,9.625,7.75],"texture":"#1"}}},{"from":[9.86209,6.49669,8.23887],"to":[10.11663,6.64623,8.49342],"rotation":{"angle":0,"axis":"y","origin":[-9.033,-1.70774,-7.42544]},"faces":{"north":{"uv":[9.5,4.125,9.625,4.25],"texture":"#1"},"east":{"uv":[7.875,4.125,8,4.25],"texture":"#1"},"south":{"uv":[9.5,4.125,9.625,4.25],"texture":"#1"},"west":{"uv":[7.875,4.125,8,4.25],"texture":"#1"},"up":{"uv":[9.5,7.875,9.625,8],"texture":"#1"},"down":{"uv":[9.5,7.875,9.625,8],"texture":"#1"}}},{"from":[10.86068,5.47288,7.98433],"to":[12.60335,5.59888,8.23887],"rotation":{"angle":0,"axis":"y","origin":[-9.033,-1.60274,-7.42544]},"faces":{"north":{"uv":[10,3.5,10.875,3.625],"texture":"#0"},"east":{"uv":[7.75,3.5,7.875,3.625],"texture":"#0"},"south":{"uv":[10,3.5,10.875,3.625],"texture":"#0"},"west":{"uv":[7.75,3.5,7.875,3.625],"texture":"#0"},"up":{"uv":[10,7.75,10.875,7.875],"texture":"#0"},"down":{"uv":[10,7.75,10.875,7.875],"texture":"#0"}}},{"from":[10.86068,5.85739,7.622],"to":[12.60335,6.11195,7.748],"rotation":{"angle":0,"axis":"y","origin":[-9.033,-1.60274,-7.42544]},"faces":{"north":{"uv":[10,3.75,10.875,3.875],"texture":"#0"},"east":{"uv":[7.5,3.75,7.625,3.875],"texture":"#0"},"south":{"uv":[10,3.75,10.875,3.875],"texture":"#0"},"west":{"uv":[7.5,3.75,7.625,3.875],"texture":"#0"},"up":{"uv":[10,7.5,10.875,7.625],"texture":"#0"},"down":{"uv":[10,7.5,10.875,7.625],"texture":"#0"}}},{"from":[10.86068,5.85739,8.49342],"to":[12.60335,6.11195,8.61942],"rotation":{"angle":0,"axis":"y","origin":[-9.033,-1.60274,-7.42544]},"faces":{"north":{"uv":[10,3.75,10.875,3.875],"texture":"#0"},"east":{"uv":[8,3.75,8.125,3.875],"texture":"#0"},"south":{"uv":[10,3.75,10.875,3.875],"texture":"#0"},"west":{"uv":[8,3.75,8.125,3.875],"texture":"#0"},"up":{"uv":[10,8,10.875,8.125],"texture":"#0"},"down":{"uv":[10,8,10.875,8.125],"texture":"#0"}}},{"from":[10.86068,6.3469,7.98433],"to":[12.60335,6.4729,8.23887],"rotation":{"angle":0,"axis":"y","origin":[-9.033,-1.60274,-7.42544]},"faces":{"north":{"uv":[10,4,10.875,4.125],"texture":"#0"},"east":{"uv":[7.75,4,7.875,4.125],"texture":"#0"},"south":{"uv":[10,4,10.875,4.125],"texture":"#0"},"west":{"uv":[7.75,4,7.875,4.125],"texture":"#0"},"up":{"uv":[10,7.75,10.875,7.875],"texture":"#0"},"down":{"uv":[10,7.75,10.875,7.875],"texture":"#0"}}},{"from":[11.11524,5.47288,7.74937],"to":[12.60335,5.59888,7.98433],"rotation":{"angle":0,"axis":"y","origin":[-9.033,-1.60274,-7.42544]},"faces":{"north":{"uv":[10.125,3.5,10.875,3.625],"texture":"#0"},"east":{"uv":[7.625,3.5,7.75,3.625],"texture":"#0"},"south":{"uv":[10.125,3.5,10.875,3.625],"texture":"#0"},"west":{"uv":[7.625,3.5,7.75,3.625],"texture":"#0"},"up":{"uv":[10.125,7.625,10.875,7.75],"texture":"#0"},"down":{"uv":[10.125,7.625,10.875,7.75],"texture":"#0"}}},{"from":[11.11524,5.47288,8.23887],"to":[12.60335,5.59888,8.49342],"rotation":{"angle":0,"axis":"y","origin":[-9.033,-1.60274,-7.42544]},"faces":{"north":{"uv":[10.125,3.5,10.875,3.625],"texture":"#0"},"east":{"uv":[7.875,3.5,8,3.625],"texture":"#0"},"south":{"uv":[10.125,3.5,10.875,3.625],"texture":"#0"},"west":{"uv":[7.875,3.5,8,3.625],"texture":"#0"},"up":{"uv":[10.125,7.875,10.875,8],"texture":"#0"},"down":{"uv":[10.125,7.875,10.875,8],"texture":"#0"}}},{"from":[11.11524,5.60285,7.622],"to":[12.60335,5.85739,7.748],"rotation":{"angle":0,"axis":"y","origin":[-9.033,-1.60274,-7.42544]},"faces":{"north":{"uv":[10.125,3.625,10.875,3.75],"texture":"#0"},"east":{"uv":[7.5,3.625,7.625,3.75],"texture":"#0"},"south":{"uv":[10.125,3.625,10.875,3.75],"texture":"#0"},"west":{"uv":[7.5,3.625,7.625,3.75],"texture":"#0"},"up":{"uv":[10.125,7.5,10.875,7.625],"texture":"#0"},"down":{"uv":[10.125,7.5,10.875,7.625],"texture":"#0"}}},{"from":[11.11524,5.60285,8.49342],"to":[12.60335,5.85739,8.61942],"rotation":{"angle":0,"axis":"y","origin":[-9.033,-1.60274,-7.42544]},"faces":{"north":{"uv":[10.125,3.625,10.875,3.75],"texture":"#0"},"east":{"uv":[8,3.625,8.125,3.75],"texture":"#0"},"south":{"uv":[10.125,3.625,10.875,3.75],"texture":"#0"},"west":{"uv":[8,3.625,8.125,3.75],"texture":"#0"},"up":{"uv":[10.125,8,10.875,8.125],"texture":"#0"},"down":{"uv":[10.125,8,10.875,8.125],"texture":"#0"}}},{"from":[8.12275,6.2428,7.748],"to":[12.60335,6.3478,7.853],"rotation":{"angle":0,"axis":"y","origin":[-9.033,-1.02524,-8.16044]},"faces":{"north":{"uv":[10.125,3.625,10.875,3.75],"texture":"#0"},"east":{"uv":[8,3.625,8.125,3.75],"texture":"#0"},"south":{"uv":[10.125,3.625,10.875,3.75],"texture":"#0"},"west":{"uv":[8,3.625,8.125,3.75],"texture":"#0"},"up":{"uv":[10.125,8,10.875,8.125],"texture":"#0"},"down":{"uv":[10.125,8,10.875,8.125],"texture":"#0"}}},{"from":[8.12275,6.2428,8.3885],"to":[12.60335,6.3478,8.4935],"rotation":{"angle":0,"axis":"y","origin":[-9.033,-1.02524,-7.53045]},"faces":{"north":{"uv":[10.125,3.625,10.875,3.75],"texture":"#0"},"east":{"uv":[8,3.625,8.125,3.75],"texture":"#0"},"south":{"uv":[10.125,3.625,10.875,3.75],"texture":"#0"},"west":{"uv":[8,3.625,8.125,3.75],"texture":"#0"},"up":{"uv":[10.125,8,10.875,8.125],"texture":"#0"},"down":{"uv":[10.125,8,10.875,8.125],"texture":"#0"}}},{"from":[8.12275,5.596,8.3885],"to":[12.60335,5.701,8.4935],"rotation":{"angle":0,"axis":"y","origin":[-9.033,-1.65524,-7.53045]},"faces":{"north":{"uv":[10.125,3.625,10.875,3.75],"texture":"#0"},"east":{"uv":[8,3.625,8.125,3.75],"texture":"#0"},"south":{"uv":[10.125,3.625,10.875,3.75],"texture":"#0"},"west":{"uv":[8,3.625,8.125,3.75],"texture":"#0"},"up":{"uv":[10.125,8,10.875,8.125],"texture":"#0"},"down":{"uv":[10.125,8,10.875,8.125],"texture":"#0"}}},{"from":[8.12275,5.596,7.748],"to":[12.60335,5.701,7.853],"rotation":{"angle":0,"axis":"y","origin":[-9.033,-1.65524,-8.16044]},"faces":{"north":{"uv":[10.125,3.625,10.875,3.75],"texture":"#0"},"east":{"uv":[8,3.625,8.125,3.75],"texture":"#0"},"south":{"uv":[10.125,3.625,10.875,3.75],"texture":"#0"},"west":{"uv":[8,3.625,8.125,3.75],"texture":"#0"},"up":{"uv":[10.125,8,10.875,8.125],"texture":"#0"},"down":{"uv":[10.125,8,10.875,8.125],"texture":"#0"}}},{"from":[11.11524,6.3457,7.6682],"to":[12.60335,6.4297,7.7522],"rotation":{"angle":0,"axis":"y","origin":[-9.033,-0.92024,-8.26544]},"faces":{"north":{"uv":[10.125,3.625,10.875,3.75],"texture":"#0"},"east":{"uv":[8,3.625,8.125,3.75],"texture":"#0"},"south":{"uv":[10.125,3.625,10.875,3.75],"texture":"#0"},"west":{"uv":[8,3.625,8.125,3.75],"texture":"#0"},"up":{"uv":[10.125,8,10.875,8.125],"texture":"#0"},"down":{"uv":[10.125,8,10.875,8.125],"texture":"#0"}}},{"from":[11.11524,6.3457,8.49342],"to":[12.60335,6.4297,8.57742],"rotation":{"angle":0,"axis":"y","origin":[-9.033,-0.92024,-7.42544]},"faces":{"north":{"uv":[10.125,3.625,10.875,3.75],"texture":"#0"},"east":{"uv":[8,3.625,8.125,3.75],"texture":"#0"},"south":{"uv":[10.125,3.625,10.875,3.75],"texture":"#0"},"west":{"uv":[8,3.625,8.125,3.75],"texture":"#0"},"up":{"uv":[10.125,8,10.875,8.125],"texture":"#0"},"down":{"uv":[10.125,8,10.875,8.125],"texture":"#0"}}},{"from":[11.11524,5.5204,8.49342],"to":[12.60335,5.6044,8.57742],"rotation":{"angle":0,"axis":"y","origin":[-9.033,-1.76024,-7.42544]},"faces":{"north":{"uv":[10.125,3.625,10.875,3.75],"texture":"#0"},"east":{"uv":[8,3.625,8.125,3.75],"texture":"#0"},"south":{"uv":[10.125,3.625,10.875,3.75],"texture":"#0"},"west":{"uv":[8,3.625,8.125,3.75],"texture":"#0"},"up":{"uv":[10.125,8,10.875,8.125],"texture":"#0"},"down":{"uv":[10.125,8,10.875,8.125],"texture":"#0"}}},{"from":[11.11524,5.5204,7.6682],"to":[12.60335,5.6044,7.7522],"rotation":{"angle":0,"axis":"y","origin":[-9.033,-1.76024,-8.26544]},"faces":{"north":{"uv":[10.125,3.625,10.875,3.75],"texture":"#0"},"east":{"uv":[8,3.625,8.125,3.75],"texture":"#0"},"south":{"uv":[10.125,3.625,10.875,3.75],"texture":"#0"},"west":{"uv":[8,3.625,8.125,3.75],"texture":"#0"},"up":{"uv":[10.125,8,10.875,8.125],"texture":"#0"},"down":{"uv":[10.125,8,10.875,8.125],"texture":"#0"}}},{"from":[11.11524,6.11195,7.622],"to":[12.60335,6.3469,7.748],"rotation":{"angle":0,"axis":"y","origin":[-9.033,-1.60274,-7.42544]},"faces":{"north":{"uv":[10.125,3.875,10.875,4],"texture":"#0"},"east":{"uv":[7.5,3.875,7.625,4],"texture":"#0"},"south":{"uv":[10.125,3.875,10.875,4],"texture":"#0"},"west":{"uv":[7.5,3.875,7.625,4],"texture":"#0"},"up":{"uv":[10.125,7.5,10.875,7.625],"texture":"#0"},"down":{"uv":[10.125,7.5,10.875,7.625],"texture":"#0"}}},{"from":[11.11524,6.11195,8.49342],"to":[12.60335,6.3469,8.61942],"rotation":{"angle":0,"axis":"y","origin":[-9.033,-1.60274,-7.42544]},"faces":{"north":{"uv":[10.125,3.875,10.875,4],"texture":"#0"},"east":{"uv":[8,3.875,8.125,4],"texture":"#0"},"south":{"uv":[10.125,3.875,10.875,4],"texture":"#0"},"west":{"uv":[8,3.875,8.125,4],"texture":"#0"},"up":{"uv":[10.125,8,10.875,8.125],"texture":"#0"},"down":{"uv":[10.125,8,10.875,8.125],"texture":"#0"}}},{"from":[11.11524,6.3469,7.74937],"to":[12.60335,6.4729,7.98433],"rotation":{"angle":0,"axis":"y","origin":[-9.033,-1.60274,-7.42544]},"faces":{"north":{"uv":[10.125,4,10.875,4.125],"texture":"#0"},"east":{"uv":[7.625,4,7.75,4.125],"texture":"#0"},"south":{"uv":[10.125,4,10.875,4.125],"texture":"#0"},"west":{"uv":[7.625,4,7.75,4.125],"texture":"#0"},"up":{"uv":[10.125,7.625,10.875,7.75],"texture":"#0"},"down":{"uv":[10.125,7.625,10.875,7.75],"texture":"#0"}}},{"from":[11.11524,6.3469,8.23887],"to":[12.60335,6.4729,8.49342],"rotation":{"angle":0,"axis":"y","origin":[-9.033,-1.60274,-7.42544]},"faces":{"north":{"uv":[10.125,4,10.875,4.125],"texture":"#0"},"east":{"uv":[7.875,4,8,4.125],"texture":"#0"},"south":{"uv":[10.125,4,10.875,4.125],"texture":"#0"},"west":{"uv":[7.875,4,8,4.125],"texture":"#0"},"up":{"uv":[10.125,7.875,10.875,8],"texture":"#0"},"down":{"uv":[10.125,7.875,10.875,8],"texture":"#0"}}},{"from":[8.1995,4.63,7.7795],"to":[10.9085,4.8505,8.4725],"rotation":{"angle":0,"axis":"y","origin":[-5.02,-2.2475,-8.8]},"faces":{"north":{"uv":[6.125,3.25,7,3.375],"texture":"#2"},"east":{"uv":[0.65,3.25,16,8.7],"texture":"#2"},"south":{"uv":[0,3.25,16,5.3],"texture":"#2"},"west":{"uv":[7.75,3.25,8.125,3.375],"texture":"#2"},"up":{"uv":[6.125,7.75,7,8.125],"texture":"#2"},"down":{"uv":[6.125,7.75,7,8.125],"texture":"#2"}}},{"from":[8.1995,4.8505,7.7795],"to":[8.231,4.882,8.4725],"rotation":{"angle":0,"axis":"y","origin":[-5.02,-2.2475,-8.8]},"faces":{"north":{"uv":[6.125,3.25,7,3.375],"texture":"#2"},"east":{"uv":[0.65,3.25,16,8.7],"texture":"#2"},"south":{"uv":[0,3.25,16,5.3],"texture":"#2"},"west":{"uv":[7.75,3.25,8.125,3.375],"texture":"#2"},"up":{"uv":[6.125,7.75,7,8.125],"texture":"#2"},"down":{"uv":[6.125,7.75,7,8.125],"texture":"#2"}}},{"from":[8.1995,4.8505,7.7795],"to":[8.231,4.882,8.4725],"rotation":{"angle":0,"axis":"y","origin":[-5.02,-2.2475,-8.8]},"faces":{"north":{"uv":[6.125,3.25,7,3.375],"texture":"#2"},"east":{"uv":[0.65,3.25,16,8.7],"texture":"#2"},"south":{"uv":[0,3.25,16,5.3],"texture":"#2"},"west":{"uv":[7.75,3.25,8.125,3.375],"texture":"#2"},"up":{"uv":[6.125,7.75,7,8.125],"texture":"#2"},"down":{"uv":[6.125,7.75,7,8.125],"texture":"#2"}}},{"from":[8.252,4.8505,7.7795],"to":[8.2835,4.882,8.4725],"rotation":{"angle":0,"axis":"y","origin":[-4.9675,-2.2475,-8.8]},"faces":{"north":{"uv":[6.125,3.25,7,3.375],"texture":"#2"},"east":{"uv":[0.65,3.25,16,8.7],"texture":"#2"},"south":{"uv":[0,3.25,16,5.3],"texture":"#2"},"west":{"uv":[7.75,3.25,8.125,3.375],"texture":"#2"},"up":{"uv":[6.125,7.75,7,8.125],"texture":"#2"},"down":{"uv":[6.125,7.75,7,8.125],"texture":"#2"}}},{"from":[8.3045,4.8505,7.7795],"to":[8.336,4.882,8.4725],"rotation":{"angle":0,"axis":"y","origin":[-4.915,-2.2475,-8.8]},"faces":{"north":{"uv":[6.125,3.25,7,3.375],"texture":"#2"},"east":{"uv":[0.65,3.25,16,8.7],"texture":"#2"},"south":{"uv":[0,3.25,16,5.3],"texture":"#2"},"west":{"uv":[7.75,3.25,8.125,3.375],"texture":"#2"},"up":{"uv":[6.125,7.75,7,8.125],"texture":"#2"},"down":{"uv":[6.125,7.75,7,8.125],"texture":"#2"}}},{"from":[8.357,4.8505,7.7795],"to":[8.3885,4.882,8.4725],"rotation":{"angle":0,"axis":"y","origin":[-4.8625,-2.2475,-8.8]},"faces":{"north":{"uv":[6.125,3.25,7,3.375],"texture":"#2"},"east":{"uv":[0.65,3.25,16,8.7],"texture":"#2"},"south":{"uv":[0,3.25,16,5.3],"texture":"#2"},"west":{"uv":[7.75,3.25,8.125,3.375],"texture":"#2"},"up":{"uv":[6.125,7.75,7,8.125],"texture":"#2"},"down":{"uv":[6.125,7.75,7,8.125],"texture":"#2"}}},{"from":[8.462,4.8505,7.7795],"to":[8.4935,4.882,8.4725],"rotation":{"angle":0,"axis":"y","origin":[-4.7575,-2.2475,-8.8]},"faces":{"north":{"uv":[6.125,3.25,7,3.375],"texture":"#2"},"east":{"uv":[0.65,3.25,16,8.7],"texture":"#2"},"south":{"uv":[0,3.25,16,5.3],"texture":"#2"},"west":{"uv":[7.75,3.25,8.125,3.375],"texture":"#2"},"up":{"uv":[6.125,7.75,7,8.125],"texture":"#2"},"down":{"uv":[6.125,7.75,7,8.125],"texture":"#2"}}},{"from":[8.4095,4.8505,7.7795],"to":[8.441,4.882,8.4725],"rotation":{"angle":0,"axis":"y","origin":[-4.81,-2.2475,-8.8]},"faces":{"north":{"uv":[6.125,3.25,7,3.375],"texture":"#2"},"east":{"uv":[0.65,3.25,16,8.7],"texture":"#2"},"south":{"uv":[0,3.25,16,5.3],"texture":"#2"},"west":{"uv":[7.75,3.25,8.125,3.375],"texture":"#2"},"up":{"uv":[6.125,7.75,7,8.125],"texture":"#2"},"down":{"uv":[6.125,7.75,7,8.125],"texture":"#2"}}},{"from":[8.5145,4.8505,7.7795],"to":[8.546,4.882,8.4725],"rotation":{"angle":0,"axis":"y","origin":[-4.705,-2.2475,-8.8]},"faces":{"north":{"uv":[6.125,3.25,7,3.375],"texture":"#2"},"east":{"uv":[0.65,3.25,16,8.7],"texture":"#2"},"south":{"uv":[0,3.25,16,5.3],"texture":"#2"},"west":{"uv":[7.75,3.25,8.125,3.375],"texture":"#2"},"up":{"uv":[6.125,7.75,7,8.125],"texture":"#2"},"down":{"uv":[6.125,7.75,7,8.125],"texture":"#2"}}},{"from":[8.567,4.8505,7.7795],"to":[8.5985,4.882,8.4725],"rotation":{"angle":0,"axis":"y","origin":[-4.6525,-2.2475,-8.8]},"faces":{"north":{"uv":[6.125,3.25,7,3.375],"texture":"#2"},"east":{"uv":[0.65,3.25,16,8.7],"texture":"#2"},"south":{"uv":[0,3.25,16,5.3],"texture":"#2"},"west":{"uv":[7.75,3.25,8.125,3.375],"texture":"#2"},"up":{"uv":[6.125,7.75,7,8.125],"texture":"#2"},"down":{"uv":[6.125,7.75,7,8.125],"texture":"#2"}}},{"from":[8.6195,4.8505,7.7795],"to":[8.651,4.882,8.4725],"rotation":{"angle":0,"axis":"y","origin":[-4.6,-2.2475,-8.8]},"faces":{"north":{"uv":[6.125,3.25,7,3.375],"texture":"#2"},"east":{"uv":[0.65,3.25,16,8.7],"texture":"#2"},"south":{"uv":[0,3.25,16,5.3],"texture":"#2"},"west":{"uv":[7.75,3.25,8.125,3.375],"texture":"#2"},"up":{"uv":[6.125,7.75,7,8.125],"texture":"#2"},"down":{"uv":[6.125,7.75,7,8.125],"texture":"#2"}}},{"from":[8.672,4.8505,7.7795],"to":[8.7035,4.882,8.4725],"rotation":{"angle":0,"axis":"y","origin":[-4.5475,-2.2475,-8.8]},"faces":{"north":{"uv":[6.125,3.25,7,3.375],"texture":"#2"},"east":{"uv":[0.65,3.25,16,8.7],"texture":"#2"},"south":{"uv":[0,3.25,16,5.3],"texture":"#2"},"west":{"uv":[7.75,3.25,8.125,3.375],"texture":"#2"},"up":{"uv":[6.125,7.75,7,8.125],"texture":"#2"},"down":{"uv":[6.125,7.75,7,8.125],"texture":"#2"}}},{"from":[8.7245,4.8505,7.7795],"to":[8.756,4.882,8.4725],"rotation":{"angle":0,"axis":"y","origin":[-4.495,-2.2475,-8.8]},"faces":{"north":{"uv":[6.125,3.25,7,3.375],"texture":"#2"},"east":{"uv":[0.65,3.25,16,8.7],"texture":"#2"},"south":{"uv":[0,3.25,16,5.3],"texture":"#2"},"west":{"uv":[7.75,3.25,8.125,3.375],"texture":"#2"},"up":{"uv":[6.125,7.75,7,8.125],"texture":"#2"},"down":{"uv":[6.125,7.75,7,8.125],"texture":"#2"}}},{"from":[8.777,4.8505,7.7795],"to":[8.8085,4.882,8.4725],"rotation":{"angle":0,"axis":"y","origin":[-4.4425,-2.2475,-8.8]},"faces":{"north":{"uv":[6.125,3.25,7,3.375],"texture":"#2"},"east":{"uv":[0.65,3.25,16,8.7],"texture":"#2"},"south":{"uv":[0,3.25,16,5.3],"texture":"#2"},"west":{"uv":[7.75,3.25,8.125,3.375],"texture":"#2"},"up":{"uv":[6.125,7.75,7,8.125],"texture":"#2"},"down":{"uv":[6.125,7.75,7,8.125],"texture":"#2"}}},{"from":[8.882,4.8505,7.7795],"to":[8.9135,4.882,8.4725],"rotation":{"angle":0,"axis":"y","origin":[-4.3375,-2.2475,-8.8]},"faces":{"north":{"uv":[6.125,3.25,7,3.375],"texture":"#2"},"east":{"uv":[0.65,3.25,16,8.7],"texture":"#2"},"south":{"uv":[0,3.25,16,5.3],"texture":"#2"},"west":{"uv":[7.75,3.25,8.125,3.375],"texture":"#2"},"up":{"uv":[6.125,7.75,7,8.125],"texture":"#2"},"down":{"uv":[6.125,7.75,7,8.125],"texture":"#2"}}},{"from":[8.8295,4.8505,7.7795],"to":[8.861,4.882,8.4725],"rotation":{"angle":0,"axis":"y","origin":[-4.39,-2.2475,-8.8]},"faces":{"north":{"uv":[6.125,3.25,7,3.375],"texture":"#2"},"east":{"uv":[0.65,3.25,16,8.7],"texture":"#2"},"south":{"uv":[0,3.25,16,5.3],"texture":"#2"},"west":{"uv":[7.75,3.25,8.125,3.375],"texture":"#2"},"up":{"uv":[6.125,7.75,7,8.125],"texture":"#2"},"down":{"uv":[6.125,7.75,7,8.125],"texture":"#2"}}},{"from":[8.9345,4.8505,7.7795],"to":[8.966,4.882,8.4725],"rotation":{"angle":0,"axis":"y","origin":[-4.285,-2.2475,-8.8]},"faces":{"north":{"uv":[6.125,3.25,7,3.375],"texture":"#2"},"east":{"uv":[0.65,3.25,16,8.7],"texture":"#2"},"south":{"uv":[0,3.25,16,5.3],"texture":"#2"},"west":{"uv":[7.75,3.25,8.125,3.375],"texture":"#2"},"up":{"uv":[6.125,7.75,7,8.125],"texture":"#2"},"down":{"uv":[6.125,7.75,7,8.125],"texture":"#2"}}},{"from":[8.987,4.8505,7.7795],"to":[9.0185,4.882,8.4725],"rotation":{"angle":0,"axis":"y","origin":[-4.2325,-2.2475,-8.8]},"faces":{"north":{"uv":[6.125,3.25,7,3.375],"texture":"#2"},"east":{"uv":[0.65,3.25,16,8.7],"texture":"#2"},"south":{"uv":[0,3.25,16,5.3],"texture":"#2"},"west":{"uv":[7.75,3.25,8.125,3.375],"texture":"#2"},"up":{"uv":[6.125,7.75,7,8.125],"texture":"#2"},"down":{"uv":[6.125,7.75,7,8.125],"texture":"#2"}}},{"from":[9.0395,4.8505,7.7795],"to":[9.071,4.882,8.4725],"rotation":{"angle":0,"axis":"y","origin":[-4.18,-2.2475,-8.8]},"faces":{"north":{"uv":[6.125,3.25,7,3.375],"texture":"#2"},"east":{"uv":[0.65,3.25,16,8.7],"texture":"#2"},"south":{"uv":[0,3.25,16,5.3],"texture":"#2"},"west":{"uv":[7.75,3.25,8.125,3.375],"texture":"#2"},"up":{"uv":[6.125,7.75,7,8.125],"texture":"#2"},"down":{"uv":[6.125,7.75,7,8.125],"texture":"#2"}}},{"from":[9.092,4.8505,7.7795],"to":[9.1235,4.882,8.4725],"rotation":{"angle":0,"axis":"y","origin":[-4.1275,-2.2475,-8.8]},"faces":{"north":{"uv":[6.125,3.25,7,3.375],"texture":"#2"},"east":{"uv":[0.65,3.25,16,8.7],"texture":"#2"},"south":{"uv":[0,3.25,16,5.3],"texture":"#2"},"west":{"uv":[7.75,3.25,8.125,3.375],"texture":"#2"},"up":{"uv":[6.125,7.75,7,8.125],"texture":"#2"},"down":{"uv":[6.125,7.75,7,8.125],"texture":"#2"}}},{"from":[9.1445,4.8505,7.7795],"to":[9.176,4.882,8.4725],"rotation":{"angle":0,"axis":"y","origin":[-4.075,-2.2475,-8.8]},"faces":{"north":{"uv":[6.125,3.25,7,3.375],"texture":"#2"},"east":{"uv":[0.65,3.25,16,8.7],"texture":"#2"},"south":{"uv":[0,3.25,16,5.3],"texture":"#2"},"west":{"uv":[7.75,3.25,8.125,3.375],"texture":"#2"},"up":{"uv":[6.125,7.75,7,8.125],"texture":"#2"},"down":{"uv":[6.125,7.75,7,8.125],"texture":"#2"}}},{"from":[9.197,4.8505,7.7795],"to":[9.2285,4.882,8.4725],"rotation":{"angle":0,"axis":"y","origin":[-4.0225,-2.2475,-8.8]},"faces":{"north":{"uv":[6.125,3.25,7,3.375],"texture":"#2"},"east":{"uv":[0.65,3.25,16,8.7],"texture":"#2"},"south":{"uv":[0,3.25,16,5.3],"texture":"#2"},"west":{"uv":[7.75,3.25,8.125,3.375],"texture":"#2"},"up":{"uv":[6.125,7.75,7,8.125],"texture":"#2"},"down":{"uv":[6.125,7.75,7,8.125],"texture":"#2"}}},{"from":[9.2495,4.8505,7.7795],"to":[9.281,4.882,8.4725],"rotation":{"angle":0,"axis":"y","origin":[-3.97,-2.2475,-8.8]},"faces":{"north":{"uv":[6.125,3.25,7,3.375],"texture":"#2"},"east":{"uv":[0.65,3.25,16,8.7],"texture":"#2"},"south":{"uv":[0,3.25,16,5.3],"texture":"#2"},"west":{"uv":[7.75,3.25,8.125,3.375],"texture":"#2"},"up":{"uv":[6.125,7.75,7,8.125],"texture":"#2"},"down":{"uv":[6.125,7.75,7,8.125],"texture":"#2"}}},{"from":[9.302,4.8505,7.7795],"to":[9.3335,4.882,8.4725],"rotation":{"angle":0,"axis":"y","origin":[-3.9175,-2.2475,-8.8]},"faces":{"north":{"uv":[6.125,3.25,7,3.375],"texture":"#2"},"east":{"uv":[0.65,3.25,16,8.7],"texture":"#2"},"south":{"uv":[0,3.25,16,5.3],"texture":"#2"},"west":{"uv":[7.75,3.25,8.125,3.375],"texture":"#2"},"up":{"uv":[6.125,7.75,7,8.125],"texture":"#2"},"down":{"uv":[6.125,7.75,7,8.125],"texture":"#2"}}},{"from":[9.3545,4.8505,7.7795],"to":[9.386,4.882,8.4725],"rotation":{"angle":0,"axis":"y","origin":[-3.865,-2.2475,-8.8]},"faces":{"north":{"uv":[6.125,3.25,7,3.375],"texture":"#2"},"east":{"uv":[0.65,3.25,16,8.7],"texture":"#2"},"south":{"uv":[0,3.25,16,5.3],"texture":"#2"},"west":{"uv":[7.75,3.25,8.125,3.375],"texture":"#2"},"up":{"uv":[6.125,7.75,7,8.125],"texture":"#2"},"down":{"uv":[6.125,7.75,7,8.125],"texture":"#2"}}},{"from":[9.407,4.8505,7.7795],"to":[9.4385,4.882,8.4725],"rotation":{"angle":0,"axis":"y","origin":[-3.8125,-2.2475,-8.8]},"faces":{"north":{"uv":[6.125,3.25,7,3.375],"texture":"#2"},"east":{"uv":[0.65,3.25,16,8.7],"texture":"#2"},"south":{"uv":[0,3.25,16,5.3],"texture":"#2"},"west":{"uv":[7.75,3.25,8.125,3.375],"texture":"#2"},"up":{"uv":[6.125,7.75,7,8.125],"texture":"#2"},"down":{"uv":[6.125,7.75,7,8.125],"texture":"#2"}}},{"from":[9.4595,4.8505,7.7795],"to":[9.491,4.882,8.4725],"rotation":{"angle":0,"axis":"y","origin":[-3.76,-2.2475,-8.8]},"faces":{"north":{"uv":[6.125,3.25,7,3.375],"texture":"#2"},"east":{"uv":[0.65,3.25,16,8.7],"texture":"#2"},"south":{"uv":[0,3.25,16,5.3],"texture":"#2"},"west":{"uv":[7.75,3.25,8.125,3.375],"texture":"#2"},"up":{"uv":[6.125,7.75,7,8.125],"texture":"#2"},"down":{"uv":[6.125,7.75,7,8.125],"texture":"#2"}}},{"from":[9.512,4.8505,7.7795],"to":[9.5435,4.882,8.4725],"rotation":{"angle":0,"axis":"y","origin":[-3.7075,-2.2475,-8.8]},"faces":{"north":{"uv":[6.125,3.25,7,3.375],"texture":"#2"},"east":{"uv":[0.65,3.25,16,8.7],"texture":"#2"},"south":{"uv":[0,3.25,16,5.3],"texture":"#2"},"west":{"uv":[7.75,3.25,8.125,3.375],"texture":"#2"},"up":{"uv":[6.125,7.75,7,8.125],"texture":"#2"},"down":{"uv":[6.125,7.75,7,8.125],"texture":"#2"}}},{"from":[9.5645,4.8505,7.7795],"to":[9.596,4.882,8.4725],"rotation":{"angle":0,"axis":"y","origin":[-3.655,-2.2475,-8.8]},"faces":{"north":{"uv":[6.125,3.25,7,3.375],"texture":"#2"},"east":{"uv":[0.65,3.25,16,8.7],"texture":"#2"},"south":{"uv":[0,3.25,16,5.3],"texture":"#2"},"west":{"uv":[7.75,3.25,8.125,3.375],"texture":"#2"},"up":{"uv":[6.125,7.75,7,8.125],"texture":"#2"},"down":{"uv":[6.125,7.75,7,8.125],"texture":"#2"}}},{"from":[9.617,4.8505,7.7795],"to":[9.6485,4.882,8.4725],"rotation":{"angle":0,"axis":"y","origin":[-3.6025,-2.2475,-8.8]},"faces":{"north":{"uv":[6.125,3.25,7,3.375],"texture":"#2"},"east":{"uv":[0.65,3.25,16,8.7],"texture":"#2"},"south":{"uv":[0,3.25,16,5.3],"texture":"#2"},"west":{"uv":[7.75,3.25,8.125,3.375],"texture":"#2"},"up":{"uv":[6.125,7.75,7,8.125],"texture":"#2"},"down":{"uv":[6.125,7.75,7,8.125],"texture":"#2"}}},{"from":[9.722,4.8505,7.7795],"to":[9.7535,4.882,8.4725],"rotation":{"angle":0,"axis":"y","origin":[-3.4975,-2.2475,-8.8]},"faces":{"north":{"uv":[6.125,3.25,7,3.375],"texture":"#2"},"east":{"uv":[0.65,3.25,16,8.7],"texture":"#2"},"south":{"uv":[0,3.25,16,5.3],"texture":"#2"},"west":{"uv":[7.75,3.25,8.125,3.375],"texture":"#2"},"up":{"uv":[6.125,7.75,7,8.125],"texture":"#2"},"down":{"uv":[6.125,7.75,7,8.125],"texture":"#2"}}},{"from":[9.6695,4.8505,7.7795],"to":[9.701,4.882,8.4725],"rotation":{"angle":0,"axis":"y","origin":[-3.55,-2.2475,-8.8]},"faces":{"north":{"uv":[6.125,3.25,7,3.375],"texture":"#2"},"east":{"uv":[0.65,3.25,16,8.7],"texture":"#2"},"south":{"uv":[0,3.25,16,5.3],"texture":"#2"},"west":{"uv":[7.75,3.25,8.125,3.375],"texture":"#2"},"up":{"uv":[6.125,7.75,7,8.125],"texture":"#2"},"down":{"uv":[6.125,7.75,7,8.125],"texture":"#2"}}},{"from":[9.7745,4.8505,7.7795],"to":[9.806,4.882,8.4725],"rotation":{"angle":0,"axis":"y","origin":[-3.445,-2.2475,-8.8]},"faces":{"north":{"uv":[6.125,3.25,7,3.375],"texture":"#2"},"east":{"uv":[0.65,3.25,16,8.7],"texture":"#2"},"south":{"uv":[0,3.25,16,5.3],"texture":"#2"},"west":{"uv":[7.75,3.25,8.125,3.375],"texture":"#2"},"up":{"uv":[6.125,7.75,7,8.125],"texture":"#2"},"down":{"uv":[6.125,7.75,7,8.125],"texture":"#2"}}},{"from":[9.827,4.8505,7.7795],"to":[9.8585,4.882,8.4725],"rotation":{"angle":0,"axis":"y","origin":[-3.3925,-2.2475,-8.8]},"faces":{"north":{"uv":[6.125,3.25,7,3.375],"texture":"#2"},"east":{"uv":[0.65,3.25,16,8.7],"texture":"#2"},"south":{"uv":[0,3.25,16,5.3],"texture":"#2"},"west":{"uv":[7.75,3.25,8.125,3.375],"texture":"#2"},"up":{"uv":[6.125,7.75,7,8.125],"texture":"#2"},"down":{"uv":[6.125,7.75,7,8.125],"texture":"#2"}}},{"from":[9.8795,4.8505,7.7795],"to":[9.911,4.882,8.4725],"rotation":{"angle":0,"axis":"y","origin":[-3.34,-2.2475,-8.8]},"faces":{"north":{"uv":[6.125,3.25,7,3.375],"texture":"#2"},"east":{"uv":[0.65,3.25,16,8.7],"texture":"#2"},"south":{"uv":[0,3.25,16,5.3],"texture":"#2"},"west":{"uv":[7.75,3.25,8.125,3.375],"texture":"#2"},"up":{"uv":[6.125,7.75,7,8.125],"texture":"#2"},"down":{"uv":[6.125,7.75,7,8.125],"texture":"#2"}}},{"from":[9.932,4.8505,7.7795],"to":[9.9635,4.882,8.4725],"rotation":{"angle":0,"axis":"y","origin":[-3.2875,-2.2475,-8.8]},"faces":{"north":{"uv":[6.125,3.25,7,3.375],"texture":"#2"},"east":{"uv":[0.65,3.25,16,8.7],"texture":"#2"},"south":{"uv":[0,3.25,16,5.3],"texture":"#2"},"west":{"uv":[7.75,3.25,8.125,3.375],"texture":"#2"},"up":{"uv":[6.125,7.75,7,8.125],"texture":"#2"},"down":{"uv":[6.125,7.75,7,8.125],"texture":"#2"}}},{"from":[9.9845,4.8505,7.7795],"to":[10.016,4.882,8.4725],"rotation":{"angle":0,"axis":"y","origin":[-3.235,-2.2475,-8.8]},"faces":{"north":{"uv":[6.125,3.25,7,3.375],"texture":"#2"},"east":{"uv":[0.65,3.25,16,8.7],"texture":"#2"},"south":{"uv":[0,3.25,16,5.3],"texture":"#2"},"west":{"uv":[7.75,3.25,8.125,3.375],"texture":"#2"},"up":{"uv":[6.125,7.75,7,8.125],"texture":"#2"},"down":{"uv":[6.125,7.75,7,8.125],"texture":"#2"}}},{"from":[10.037,4.8505,7.7795],"to":[10.0685,4.882,8.4725],"rotation":{"angle":0,"axis":"y","origin":[-3.1825,-2.2475,-8.8]},"faces":{"north":{"uv":[6.125,3.25,7,3.375],"texture":"#2"},"east":{"uv":[0.65,3.25,16,8.7],"texture":"#2"},"south":{"uv":[0,3.25,16,5.3],"texture":"#2"},"west":{"uv":[7.75,3.25,8.125,3.375],"texture":"#2"},"up":{"uv":[6.125,7.75,7,8.125],"texture":"#2"},"down":{"uv":[6.125,7.75,7,8.125],"texture":"#2"}}},{"from":[10.0895,4.8505,7.7795],"to":[10.121,4.882,8.4725],"rotation":{"angle":0,"axis":"y","origin":[-3.13,-2.2475,-8.8]},"faces":{"north":{"uv":[6.125,3.25,7,3.375],"texture":"#2"},"east":{"uv":[0.65,3.25,16,8.7],"texture":"#2"},"south":{"uv":[0,3.25,16,5.3],"texture":"#2"},"west":{"uv":[7.75,3.25,8.125,3.375],"texture":"#2"},"up":{"uv":[6.125,7.75,7,8.125],"texture":"#2"},"down":{"uv":[6.125,7.75,7,8.125],"texture":"#2"}}},{"from":[10.142,4.8505,7.7795],"to":[10.1735,4.882,8.4725],"rotation":{"angle":0,"axis":"y","origin":[-3.0775,-2.2475,-8.8]},"faces":{"north":{"uv":[6.125,3.25,7,3.375],"texture":"#2"},"east":{"uv":[0.65,3.25,16,8.7],"texture":"#2"},"south":{"uv":[0,3.25,16,5.3],"texture":"#2"},"west":{"uv":[7.75,3.25,8.125,3.375],"texture":"#2"},"up":{"uv":[6.125,7.75,7,8.125],"texture":"#2"},"down":{"uv":[6.125,7.75,7,8.125],"texture":"#2"}}},{"from":[10.1945,4.8505,7.7795],"to":[10.226,4.882,8.4725],"rotation":{"angle":0,"axis":"y","origin":[-3.025,-2.2475,-8.8]},"faces":{"north":{"uv":[6.125,3.25,7,3.375],"texture":"#2"},"east":{"uv":[0.65,3.25,16,8.7],"texture":"#2"},"south":{"uv":[0,3.25,16,5.3],"texture":"#2"},"west":{"uv":[7.75,3.25,8.125,3.375],"texture":"#2"},"up":{"uv":[6.125,7.75,7,8.125],"texture":"#2"},"down":{"uv":[6.125,7.75,7,8.125],"texture":"#2"}}},{"from":[10.247,4.8505,7.7795],"to":[10.2785,4.882,8.4725],"rotation":{"angle":0,"axis":"y","origin":[-2.9725,-2.2475,-8.8]},"faces":{"north":{"uv":[6.125,3.25,7,3.375],"texture":"#2"},"east":{"uv":[0.65,3.25,16,8.7],"texture":"#2"},"south":{"uv":[0,3.25,16,5.3],"texture":"#2"},"west":{"uv":[7.75,3.25,8.125,3.375],"texture":"#2"},"up":{"uv":[6.125,7.75,7,8.125],"texture":"#2"},"down":{"uv":[6.125,7.75,7,8.125],"texture":"#2"}}},{"from":[10.2995,4.8505,7.7795],"to":[10.331,4.882,8.4725],"rotation":{"angle":0,"axis":"y","origin":[-2.92,-2.2475,-8.8]},"faces":{"north":{"uv":[6.125,3.25,7,3.375],"texture":"#2"},"east":{"uv":[0.65,3.25,16,8.7],"texture":"#2"},"south":{"uv":[0,3.25,16,5.3],"texture":"#2"},"west":{"uv":[7.75,3.25,8.125,3.375],"texture":"#2"},"up":{"uv":[6.125,7.75,7,8.125],"texture":"#2"},"down":{"uv":[6.125,7.75,7,8.125],"texture":"#2"}}},{"from":[10.352,4.8505,7.7795],"to":[10.3835,4.882,8.4725],"rotation":{"angle":0,"axis":"y","origin":[-2.8675,-2.2475,-8.8]},"faces":{"north":{"uv":[6.125,3.25,7,3.375],"texture":"#2"},"east":{"uv":[0.65,3.25,16,8.7],"texture":"#2"},"south":{"uv":[0,3.25,16,5.3],"texture":"#2"},"west":{"uv":[7.75,3.25,8.125,3.375],"texture":"#2"},"up":{"uv":[6.125,7.75,7,8.125],"texture":"#2"},"down":{"uv":[6.125,7.75,7,8.125],"texture":"#2"}}},{"from":[10.4045,4.8505,7.7795],"to":[10.436,4.882,8.4725],"rotation":{"angle":0,"axis":"y","origin":[-2.815,-2.2475,-8.8]},"faces":{"north":{"uv":[6.125,3.25,7,3.375],"texture":"#2"},"east":{"uv":[0.65,3.25,16,8.7],"texture":"#2"},"south":{"uv":[0,3.25,16,5.3],"texture":"#2"},"west":{"uv":[7.75,3.25,8.125,3.375],"texture":"#2"},"up":{"uv":[6.125,7.75,7,8.125],"texture":"#2"},"down":{"uv":[6.125,7.75,7,8.125],"texture":"#2"}}},{"from":[10.457,4.8505,7.7795],"to":[10.4885,4.882,8.4725],"rotation":{"angle":0,"axis":"y","origin":[-2.7625,-2.2475,-8.8]},"faces":{"north":{"uv":[6.125,3.25,7,3.375],"texture":"#2"},"east":{"uv":[0.65,3.25,16,8.7],"texture":"#2"},"south":{"uv":[0,3.25,16,5.3],"texture":"#2"},"west":{"uv":[7.75,3.25,8.125,3.375],"texture":"#2"},"up":{"uv":[6.125,7.75,7,8.125],"texture":"#2"},"down":{"uv":[6.125,7.75,7,8.125],"texture":"#2"}}},{"from":[10.562,4.8505,7.7795],"to":[10.5935,4.882,8.4725],"rotation":{"angle":0,"axis":"y","origin":[-2.6575,-2.2475,-8.8]},"faces":{"north":{"uv":[6.125,3.25,7,3.375],"texture":"#2"},"east":{"uv":[0.65,3.25,16,8.7],"texture":"#2"},"south":{"uv":[0,3.25,16,5.3],"texture":"#2"},"west":{"uv":[7.75,3.25,8.125,3.375],"texture":"#2"},"up":{"uv":[6.125,7.75,7,8.125],"texture":"#2"},"down":{"uv":[6.125,7.75,7,8.125],"texture":"#2"}}},{"from":[10.5095,4.8505,7.7795],"to":[10.541,4.882,8.4725],"rotation":{"angle":0,"axis":"y","origin":[-2.71,-2.2475,-8.8]},"faces":{"north":{"uv":[6.125,3.25,7,3.375],"texture":"#2"},"east":{"uv":[0.65,3.25,16,8.7],"texture":"#2"},"south":{"uv":[0,3.25,16,5.3],"texture":"#2"},"west":{"uv":[7.75,3.25,8.125,3.375],"texture":"#2"},"up":{"uv":[6.125,7.75,7,8.125],"texture":"#2"},"down":{"uv":[6.125,7.75,7,8.125],"texture":"#2"}}},{"from":[10.6145,4.8505,7.7795],"to":[10.646,4.882,8.4725],"rotation":{"angle":0,"axis":"y","origin":[-2.605,-2.2475,-8.8]},"faces":{"north":{"uv":[6.125,3.25,7,3.375],"texture":"#2"},"east":{"uv":[0.65,3.25,16,8.7],"texture":"#2"},"south":{"uv":[0,3.25,16,5.3],"texture":"#2"},"west":{"uv":[7.75,3.25,8.125,3.375],"texture":"#2"},"up":{"uv":[6.125,7.75,7,8.125],"texture":"#2"},"down":{"uv":[6.125,7.75,7,8.125],"texture":"#2"}}},{"from":[10.667,4.8505,7.7795],"to":[10.6985,4.882,8.4725],"rotation":{"angle":0,"axis":"y","origin":[-2.5525,-2.2475,-8.8]},"faces":{"north":{"uv":[6.125,3.25,7,3.375],"texture":"#2"},"east":{"uv":[0.65,3.25,16,8.7],"texture":"#2"},"south":{"uv":[0,3.25,16,5.3],"texture":"#2"},"west":{"uv":[7.75,3.25,8.125,3.375],"texture":"#2"},"up":{"uv":[6.125,7.75,7,8.125],"texture":"#2"},"down":{"uv":[6.125,7.75,7,8.125],"texture":"#2"}}},{"from":[10.877,4.8505,7.7795],"to":[10.9085,4.882,8.4725],"rotation":{"angle":0,"axis":"y","origin":[-2.3425,-2.2475,-8.8]},"faces":{"north":{"uv":[6.125,3.25,7,3.375],"texture":"#2"},"east":{"uv":[0.65,3.25,16,8.7],"texture":"#2"},"south":{"uv":[0,3.25,16,5.3],"texture":"#2"},"west":{"uv":[7.75,3.25,8.125,3.375],"texture":"#2"},"up":{"uv":[6.125,7.75,7,8.125],"texture":"#2"},"down":{"uv":[6.125,7.75,7,8.125],"texture":"#2"}}},{"from":[10.8245,4.8505,7.7795],"to":[10.856,4.882,8.4725],"rotation":{"angle":0,"axis":"y","origin":[-2.395,-2.2475,-8.8]},"faces":{"north":{"uv":[6.125,3.25,7,3.375],"texture":"#2"},"east":{"uv":[0.65,3.25,16,8.7],"texture":"#2"},"south":{"uv":[0,3.25,16,5.3],"texture":"#2"},"west":{"uv":[7.75,3.25,8.125,3.375],"texture":"#2"},"up":{"uv":[6.125,7.75,7,8.125],"texture":"#2"},"down":{"uv":[6.125,7.75,7,8.125],"texture":"#2"}}},{"from":[10.772,4.8505,7.7795],"to":[10.8035,4.882,8.4725],"rotation":{"angle":0,"axis":"y","origin":[-2.4475,-2.2475,-8.8]},"faces":{"north":{"uv":[6.125,3.25,7,3.375],"texture":"#2"},"east":{"uv":[0.65,3.25,16,8.7],"texture":"#2"},"south":{"uv":[0,3.25,16,5.3],"texture":"#2"},"west":{"uv":[7.75,3.25,8.125,3.375],"texture":"#2"},"up":{"uv":[6.125,7.75,7,8.125],"texture":"#2"},"down":{"uv":[6.125,7.75,7,8.125],"texture":"#2"}}},{"from":[10.7195,4.8505,7.7795],"to":[10.751,4.882,8.4725],"rotation":{"angle":0,"axis":"y","origin":[-2.5,-2.2475,-8.8]},"faces":{"north":{"uv":[6.125,3.25,7,3.375],"texture":"#2"},"east":{"uv":[0.65,3.25,16,8.7],"texture":"#2"},"south":{"uv":[0,3.25,16,5.3],"texture":"#2"},"west":{"uv":[7.75,3.25,8.125,3.375],"texture":"#2"},"up":{"uv":[6.125,7.75,7,8.125],"texture":"#2"},"down":{"uv":[6.125,7.75,7,8.125],"texture":"#2"}}}],"display":{"thirdperson_righthand":{"rotation":[0,-90,0],"translation":[0.25,3.75,-2],"scale":[1.36,1.36,1.36]},"thirdperson_lefthand":{"rotation":[0,90,0],"translation":[0.25,3.75,-2],"scale":[1.36,1.36,1.36]},"firstperson_righthand":{"rotation":[0,-90,0],"translation":[-3.75,8,1],"scale":[1.25,1.25,1.25]},"firstperson_lefthand":{"rotation":[0,90,0],"translation":[-3.75,8,1],"scale":[1.25,1.25,1.25]},"ground":{"translation":[0,4.5,0],"scale":[2,2,2]},"gui":{"rotation":[0,180,-45],"translation":[-1.25,6.25,0],"scale":[2.64,2.64,2.64]},"fixed":{"translation":[-3.25,2,0],"scale":[2.54,2.54,2.54]}},"groups":[{"name":"Telescopicsight","origin":[8,8,8],"color":0,"children":[0,1,2,3,4,5,6,7,8,9,10,11,12,13,14,15,16,17,18,19,20,21,22,23,24,25,26,27,28,29,30,31,32,33,34,35,36,37,38,39,{"name":"Sight","origin":[-1.68595,0.15703,2.12955],"color":0,"children":[40,41,42,43,44,45,46,47,48,49,50,51,52,53,54,55,56,57,58,59,60,61]},62,63,64,65,66,67,68,69,70,71,72,73,74,75,76,77,78,79,80,81,82,83,84,85,86,87,88,89,90,91,{"name":"Rail","origin":[2.625,0,0.025],"color":0,"children":[92,93,94,95,96,97,98,99,100,101,102,103,104,105,106,107,108,109,110,111,112,113,114,115,116,117,118,119,120,121,122,123,124,125,126,127,128,129,130,131,132,133,134,135,136,137,138,139,140,141,142,143,144,145]}]}]}