{
	"format_version": "1.21.6",
	"credit": "Made with Blockbench",
	"texture_size": [64, 64],
	"textures": {
		"0": "item/flans/weapons/special/flamethrower",
		"particle": "item/flans/weapons/special/flamethrower"
	},
	"elements": [
		{
			"name": "flamethrower_0",
			"from": [1, 13, 0],
			"to": [2, 16, 1],
			"faces": {
				"north": {"uv": [2, 0, 1, 3], "texture": "#0"},
				"east": {"uv": [1, 0, 2, 3], "texture": "#0"},
				"south": {"uv": [1, 0, 2, 3], "texture": "#0"},
				"west": {"uv": [1, 0, 2, 3], "texture": "#0"},
				"up": {"uv": [1, 0, 2, 1], "texture": "#0"},
				"down": {"uv": [1, 2, 2, 3], "texture": "#0"}
			}
		},
		{
			"name": "flamethrower_1",
			"from": [0, 11, 0],
			"to": [1, 15, 1],
			"faces": {
				"north": {"uv": [1, 1, 0, 5], "texture": "#0"},
				"east": {"uv": [0, 1, 1, 5], "texture": "#0"},
				"south": {"uv": [0, 1, 1, 5], "texture": "#0"},
				"west": {"uv": [0, 1, 1, 5], "texture": "#0"},
				"up": {"uv": [0, 1, 1, 2], "texture": "#0"},
				"down": {"uv": [0, 4, 1, 5], "texture": "#0"}
			}
		},
		{
			"name": "flamethrower_2",
			"from": [2, 14, 0],
			"to": [3, 15, 1],
			"faces": {
				"north": {"uv": [3, 1, 2, 2], "texture": "#0"},
				"east": {"uv": [2, 1, 3, 2], "texture": "#0"},
				"south": {"uv": [2, 1, 3, 2], "texture": "#0"},
				"west": {"uv": [2, 1, 3, 2], "texture": "#0"},
				"up": {"uv": [2, 1, 3, 2], "texture": "#0"},
				"down": {"uv": [2, 1, 3, 2], "texture": "#0"}
			}
		},
		{
			"name": "flamethrower_3",
			"from": [3, 10, 0],
			"to": [4, 14, 1],
			"faces": {
				"north": {"uv": [4, 2, 3, 6], "texture": "#0"},
				"east": {"uv": [3, 2, 4, 6], "texture": "#0"},
				"south": {"uv": [3, 2, 4, 6], "texture": "#0"},
				"west": {"uv": [3, 2, 4, 6], "texture": "#0"},
				"up": {"uv": [3, 2, 4, 3], "texture": "#0"},
				"down": {"uv": [3, 5, 4, 6], "texture": "#0"}
			}
		},
		{
			"name": "flamethrower_4",
			"from": [4, 5, 0],
			"to": [5, 13, 1],
			"faces": {
				"north": {"uv": [5, 3, 4, 11], "texture": "#0"},
				"east": {"uv": [4, 3, 5, 11], "texture": "#0"},
				"south": {"uv": [4, 3, 5, 11], "texture": "#0"},
				"west": {"uv": [4, 3, 5, 11], "texture": "#0"},
				"up": {"uv": [4, 3, 5, 4], "texture": "#0"},
				"down": {"uv": [4, 10, 5, 11], "texture": "#0"}
			}
		},
		{
			"name": "flamethrower_5",
			"from": [2, 11, 0],
			"to": [3, 12, 1],
			"faces": {
				"north": {"uv": [3, 4, 2, 5], "texture": "#0"},
				"east": {"uv": [2, 4, 3, 5], "texture": "#0"},
				"south": {"uv": [2, 4, 3, 5], "texture": "#0"},
				"west": {"uv": [2, 4, 3, 5], "texture": "#0"},
				"up": {"uv": [2, 4, 3, 5], "texture": "#0"},
				"down": {"uv": [2, 4, 3, 5], "texture": "#0"}
			}
		},
		{
			"name": "flamethrower_6",
			"from": [5, 6, 0],
			"to": [6, 12, 1],
			"faces": {
				"north": {"uv": [6, 4, 5, 10], "texture": "#0"},
				"east": {"uv": [5, 4, 6, 10], "texture": "#0"},
				"south": {"uv": [5, 4, 6, 10], "texture": "#0"},
				"west": {"uv": [5, 4, 6, 10], "texture": "#0"},
				"up": {"uv": [5, 4, 6, 5], "texture": "#0"},
				"down": {"uv": [5, 9, 6, 10], "texture": "#0"}
			}
		},
		{
			"name": "flamethrower_7",
			"from": [9, 8, 0],
			"to": [11, 12, 1],
			"faces": {
				"north": {"uv": [11, 4, 9, 8], "texture": "#0"},
				"east": {"uv": [10, 4, 11, 8], "texture": "#0"},
				"south": {"uv": [9, 4, 11, 8], "texture": "#0"},
				"west": {"uv": [9, 4, 10, 8], "texture": "#0"},
				"up": {"uv": [9, 4, 11, 5], "texture": "#0"},
				"down": {"uv": [9, 7, 11, 8], "texture": "#0"}
			}
		},
		{
			"name": "flamethrower_8",
			"from": [1, 10, 0],
			"to": [2, 11, 1],
			"faces": {
				"north": {"uv": [2, 5, 1, 6], "texture": "#0"},
				"east": {"uv": [1, 5, 2, 6], "texture": "#0"},
				"south": {"uv": [1, 5, 2, 6], "texture": "#0"},
				"west": {"uv": [1, 5, 2, 6], "texture": "#0"},
				"up": {"uv": [1, 5, 2, 6], "texture": "#0"},
				"down": {"uv": [1, 5, 2, 6], "texture": "#0"}
			}
		},
		{
			"name": "flamethrower_9",
			"from": [8, 9, 0],
			"to": [9, 11, 1],
			"faces": {
				"north": {"uv": [9, 5, 8, 7], "texture": "#0"},
				"east": {"uv": [8, 5, 9, 7], "texture": "#0"},
				"south": {"uv": [8, 5, 9, 7], "texture": "#0"},
				"west": {"uv": [8, 5, 9, 7], "texture": "#0"},
				"up": {"uv": [8, 5, 9, 6], "texture": "#0"},
				"down": {"uv": [8, 6, 9, 7], "texture": "#0"}
			}
		},
		{
			"name": "flamethrower_10",
			"from": [11, 2, 0],
			"to": [12, 11, 1],
			"faces": {
				"north": {"uv": [12, 5, 11, 14], "texture": "#0"},
				"east": {"uv": [11, 5, 12, 14], "texture": "#0"},
				"south": {"uv": [11, 5, 12, 14], "texture": "#0"},
				"west": {"uv": [11, 5, 12, 14], "texture": "#0"},
				"up": {"uv": [11, 5, 12, 6], "texture": "#0"},
				"down": {"uv": [11, 13, 12, 14], "texture": "#0"}
			}
		},
		{
			"name": "flamethrower_11",
			"from": [2, 9, 0],
			"to": [3, 10, 1],
			"faces": {
				"north": {"uv": [3, 6, 2, 7], "texture": "#0"},
				"east": {"uv": [2, 6, 3, 7], "texture": "#0"},
				"south": {"uv": [2, 6, 3, 7], "texture": "#0"},
				"west": {"uv": [2, 6, 3, 7], "texture": "#0"},
				"up": {"uv": [2, 6, 3, 7], "texture": "#0"},
				"down": {"uv": [2, 6, 3, 7], "texture": "#0"}
			}
		},
		{
			"name": "flamethrower_12",
			"from": [6, 6, 0],
			"to": [7, 10, 1],
			"faces": {
				"north": {"uv": [7, 6, 6, 10], "texture": "#0"},
				"east": {"uv": [6, 6, 7, 10], "texture": "#0"},
				"south": {"uv": [6, 6, 7, 10], "texture": "#0"},
				"west": {"uv": [6, 6, 7, 10], "texture": "#0"},
				"up": {"uv": [6, 6, 7, 7], "texture": "#0"},
				"down": {"uv": [6, 9, 7, 10], "texture": "#0"}
			}
		},
		{
			"name": "flamethrower_13",
			"from": [12, 1, 0],
			"to": [13, 10, 1],
			"faces": {
				"north": {"uv": [13, 6, 12, 15], "texture": "#0"},
				"east": {"uv": [12, 6, 13, 15], "texture": "#0"},
				"south": {"uv": [12, 6, 13, 15], "texture": "#0"},
				"west": {"uv": [12, 6, 13, 15], "texture": "#0"},
				"up": {"uv": [12, 6, 13, 7], "texture": "#0"},
				"down": {"uv": [12, 14, 13, 15], "texture": "#0"}
			}
		},
		{
			"name": "flamethrower_14",
			"from": [3, 8, 0],
			"to": [4, 9, 1],
			"faces": {
				"north": {"uv": [4, 7, 3, 8], "texture": "#0"},
				"east": {"uv": [3, 7, 4, 8], "texture": "#0"},
				"south": {"uv": [3, 7, 4, 8], "texture": "#0"},
				"west": {"uv": [3, 7, 4, 8], "texture": "#0"},
				"up": {"uv": [3, 7, 4, 8], "texture": "#0"},
				"down": {"uv": [3, 7, 4, 8], "texture": "#0"}
			}
		},
		{
			"name": "flamethrower_15",
			"from": [7, 5, 0],
			"to": [8, 9, 1],
			"faces": {
				"north": {"uv": [8, 7, 7, 11], "texture": "#0"},
				"east": {"uv": [7, 7, 8, 11], "texture": "#0"},
				"south": {"uv": [7, 7, 8, 11], "texture": "#0"},
				"west": {"uv": [7, 7, 8, 11], "texture": "#0"},
				"up": {"uv": [7, 7, 8, 8], "texture": "#0"},
				"down": {"uv": [7, 10, 8, 11], "texture": "#0"}
			}
		},
		{
			"name": "flamethrower_16",
			"from": [13, 5, 0],
			"to": [14, 9, 1],
			"faces": {
				"north": {"uv": [14, 7, 13, 11], "texture": "#0"},
				"east": {"uv": [13, 7, 14, 11], "texture": "#0"},
				"south": {"uv": [13, 7, 14, 11], "texture": "#0"},
				"west": {"uv": [13, 7, 14, 11], "texture": "#0"},
				"up": {"uv": [13, 7, 14, 8], "texture": "#0"},
				"down": {"uv": [13, 10, 14, 11], "texture": "#0"}
			}
		},
		{
			"name": "flamethrower_17",
			"from": [8, 4, 0],
			"to": [9, 8, 1],
			"faces": {
				"north": {"uv": [9, 8, 8, 12], "texture": "#0"},
				"east": {"uv": [8, 8, 9, 12], "texture": "#0"},
				"south": {"uv": [8, 8, 9, 12], "texture": "#0"},
				"west": {"uv": [8, 8, 9, 12], "texture": "#0"},
				"up": {"uv": [8, 8, 9, 9], "texture": "#0"},
				"down": {"uv": [8, 11, 9, 12], "texture": "#0"}
			}
		},
		{
			"name": "flamethrower_18",
			"from": [10, 7, 0],
			"to": [11, 8, 1],
			"faces": {
				"north": {"uv": [11, 8, 10, 9], "texture": "#0"},
				"east": {"uv": [10, 8, 11, 9], "texture": "#0"},
				"south": {"uv": [10, 8, 11, 9], "texture": "#0"},
				"west": {"uv": [10, 8, 11, 9], "texture": "#0"},
				"up": {"uv": [10, 8, 11, 9], "texture": "#0"},
				"down": {"uv": [10, 8, 11, 9], "texture": "#0"}
			}
		},
		{
			"name": "flamethrower_19",
			"from": [3, 4, 0],
			"to": [4, 7, 1],
			"faces": {
				"north": {"uv": [4, 9, 3, 12], "texture": "#0"},
				"east": {"uv": [3, 9, 4, 12], "texture": "#0"},
				"south": {"uv": [3, 9, 4, 12], "texture": "#0"},
				"west": {"uv": [3, 9, 4, 12], "texture": "#0"},
				"up": {"uv": [3, 9, 4, 10], "texture": "#0"},
				"down": {"uv": [3, 11, 4, 12], "texture": "#0"}
			}
		},
		{
			"name": "flamethrower_20",
			"from": [9, 0, 0],
			"to": [10, 7, 1],
			"faces": {
				"north": {"uv": [10, 9, 9, 16], "texture": "#0"},
				"east": {"uv": [9, 9, 10, 16], "texture": "#0"},
				"south": {"uv": [9, 9, 10, 16], "texture": "#0"},
				"west": {"uv": [9, 9, 10, 16], "texture": "#0"},
				"up": {"uv": [9, 9, 10, 10], "texture": "#0"},
				"down": {"uv": [9, 15, 10, 16], "texture": "#0"}
			}
		},
		{
			"name": "flamethrower_21",
			"from": [2, 5, 0],
			"to": [3, 6, 1],
			"faces": {
				"north": {"uv": [3, 10, 2, 11], "texture": "#0"},
				"east": {"uv": [2, 10, 3, 11], "texture": "#0"},
				"south": {"uv": [2, 10, 3, 11], "texture": "#0"},
				"west": {"uv": [2, 10, 3, 11], "texture": "#0"},
				"up": {"uv": [2, 10, 3, 11], "texture": "#0"},
				"down": {"uv": [2, 10, 3, 11], "texture": "#0"}
			}
		},
		{
			"name": "flamethrower_22",
			"from": [10, 1, 0],
			"to": [11, 6, 1],
			"faces": {
				"north": {"uv": [11, 10, 10, 15], "texture": "#0"},
				"east": {"uv": [10, 10, 11, 15], "texture": "#0"},
				"south": {"uv": [10, 10, 11, 15], "texture": "#0"},
				"west": {"uv": [10, 10, 11, 15], "texture": "#0"},
				"up": {"uv": [10, 10, 11, 11], "texture": "#0"},
				"down": {"uv": [10, 14, 11, 15], "texture": "#0"}
			}
		},
		{
			"name": "flamethrower_23",
			"from": [13, 1, 0],
			"to": [14, 4, 1],
			"faces": {
				"north": {"uv": [14, 12, 13, 15], "texture": "#0"},
				"east": {"uv": [13, 12, 14, 15], "texture": "#0"},
				"south": {"uv": [13, 12, 14, 15], "texture": "#0"},
				"west": {"uv": [13, 12, 14, 15], "texture": "#0"},
				"up": {"uv": [13, 12, 14, 13], "texture": "#0"},
				"down": {"uv": [13, 14, 14, 15], "texture": "#0"}
			}
		},
		{
			"name": "flamethrower_24",
			"from": [8, 0, 0],
			"to": [9, 2, 1],
			"faces": {
				"north": {"uv": [9, 14, 8, 16], "texture": "#0"},
				"east": {"uv": [8, 14, 9, 16], "texture": "#0"},
				"south": {"uv": [8, 14, 9, 16], "texture": "#0"},
				"west": {"uv": [8, 14, 9, 16], "texture": "#0"},
				"up": {"uv": [8, 14, 9, 15], "texture": "#0"},
				"down": {"uv": [8, 15, 9, 16], "texture": "#0"}
			}
		}
	],
	"gui_light": "front",
	"display": {
		"thirdperson_righthand": {
			"rotation": [-40, -90, 0],
			"translation": [-5.75, 1.25, -2.25],
			"scale": [0.8, 0.8, 0.8]
		},
		"thirdperson_lefthand": {
			"rotation": [-40, 90, 0],
			"translation": [5.75, 1.25, -2.5],
			"scale": [0.8, 0.8, 0.8]
		},
		"firstperson_righthand": {
			"rotation": [1, -90, 35],
			"translation": [-5, 3.75, -2.5],
			"scale": [0.8, 0.8, 0.8]
		},
		"firstperson_lefthand": {
			"rotation": [0, 90, -35],
			"translation": [6, 4, -1.5],
			"scale": [0.8, 0.8, 0.8]
		},
		"ground": {
			"translation": [0, 3.5, 1.5],
			"scale": [0.8, 0.8, 0.8]
		},
		"gui": {
			"rotation": [14, -180, 0],
			"translation": [0.31, 1.75, 0]
		},
		"head": {
			"translation": [0, 13, 2]
		},
		"fixed": {
			"rotation": [1, -3, 90],
			"translation": [-0.25, -0.25, 7.5]
		}
	},
	"groups": [
		{
			"name": "flamethrower",
			"origin": [8, 8, 8],
			"color": 0,
			"children": [0, 1, 2, 3, 4, 5, 6, 7, 8, 9, 10, 11, 12, 13, 14, 15, 16, 17, 18, 19, 20, 21, 22, 23, 24]
		}
	]
}