{"display":{"thirdperson_righthand":{"rotation":[0,-70,0],"translation":[-1,3.25,-1.25],"scale":[0.6,0.6,0.6]},"thirdperson_lefthand":{"rotation":[0,115,0],"translation":[0,3.25,-1.75],"scale":[0.6,0.6,0.6]},"firstperson_righthand":{"rotation":[-4,46.75,-6.75],"translation":[0.5,11,1.5],"scale":[1.1,1.1,1.1]},"firstperson_lefthand":{"rotation":[5,-141,15],"translation":[-0.5,12,1.5],"scale":[1.1,1.1,1.1]},"ground":{"translation":[-0.75,4.75,1]},"gui":{"rotation":[31.5,65,0],"translation":[1.5,13.25,0],"scale":[2.25,2.25,2.25]},"head":{"rotation":[0,90,0],"translation":[1.25,2.5,-7.75]},"fixed":{"rotation":[-90,-180,0],"translation":[1.75,-2.5,-20.25],"scale":[2.5,2.5,2.5]}},"texture_size":[32,32],"textures":{"0":"food/beef/kitkat","1":"food/beef/waffers","particle":"food/beef/kitkat"},"elements":[{"from":[5.5,0.15,4.5],"to":[12,0.4,5.5],"faces":{"north":{"uv":[12,0.125,15.5,2.375],"texture":"#0"},"east":{"uv":[11.75,0,14.25,2],"texture":"#0"},"south":{"uv":[0,2.875,4,3.375],"texture":"#0"},"west":{"uv":[0,0,16,6.62069],"texture":"#1"},"up":{"uv":[0,2.875,4,3.375],"texture":"#0"},"down":{"uv":[0,4.25,3.25,4.75],"texture":"#0"}}},{"from":[5.5,0.4,4.55],"to":[12,0.65,5.45],"faces":{"north":{"uv":[12,0.125,15.5,2.375],"texture":"#0"},"east":{"uv":[11.75,0,14.25,2],"texture":"#0"},"south":{"uv":[0,2.875,4,3.375],"texture":"#0"},"west":{"uv":[0,0,16,6.62069],"texture":"#1"},"up":{"uv":[0,2.875,4,3.375],"texture":"#0"},"down":{"uv":[0,4.25,3.25,4.7],"texture":"#0"}}},{"from":[5.5,0.15,5.75],"to":[12,0.4,6.75],"faces":{"north":{"uv":[0,2.875,4,3.375],"texture":"#0"},"east":{"uv":[11.75,0,14.25,2],"texture":"#0"},"south":{"uv":[0,2.875,4,3.375],"texture":"#0"},"west":{"uv":[0,0,16,6.62069],"texture":"#1"},"up":{"uv":[0,2.875,4,3.375],"texture":"#0"},"down":{"uv":[0,4.25,3.25,4.75],"texture":"#0"}}},{"from":[5.5,0.4,5.8],"to":[12,0.65,6.7],"faces":{"north":{"uv":[0,2.875,4,3.375],"texture":"#0"},"east":{"uv":[11.75,0,14.25,2],"texture":"#0"},"south":{"uv":[0,2.875,4,3.375],"texture":"#0"},"west":{"uv":[0,0,16,6.62069],"texture":"#1"},"up":{"uv":[0,2.875,4,3.375],"texture":"#0"},"down":{"uv":[0,4.25,3.25,4.7],"texture":"#0"}}},{"from":[5.5,0.15,7],"to":[12,0.4,8],"faces":{"north":{"uv":[0,2.875,4,3.375],"texture":"#0"},"east":{"uv":[11.75,0,14.25,2],"texture":"#0"},"south":{"uv":[0,2.875,4,3.375],"texture":"#0"},"west":{"uv":[0,0,16,6.62069],"texture":"#1"},"up":{"uv":[0,2.875,4,3.375],"texture":"#0"},"down":{"uv":[0,4.25,3.25,4.75],"texture":"#0"}}},{"from":[5.5,0.4,7.05],"to":[12,0.65,7.95],"faces":{"north":{"uv":[0,2.875,4,3.375],"texture":"#0"},"east":{"uv":[11.75,0,14.25,2],"texture":"#0"},"south":{"uv":[0,2.875,4,3.375],"texture":"#0"},"west":{"uv":[0,0,16,6.62069],"texture":"#1"},"up":{"uv":[0,2.875,4,3.375],"texture":"#0"},"down":{"uv":[0,4.25,3.25,4.7],"texture":"#0"}}},{"from":[5.5,0.15,8.25],"to":[12,0.4,9.25],"faces":{"north":{"uv":[0,2.875,4,3.375],"texture":"#0"},"east":{"uv":[11.75,0,14.25,2],"texture":"#0"},"south":{"uv":[0,4.25,3.25,4.75],"texture":"#0"},"west":{"uv":[0,0,16,6.62069],"texture":"#1"},"up":{"uv":[0,2.875,4,3.375],"texture":"#0"},"down":{"uv":[0,4.25,3.25,4.75],"texture":"#0"}}},{"from":[5.5,0.4,8.3],"to":[12,0.65,9.2],"faces":{"north":{"uv":[0,2.875,4,3.375],"texture":"#0"},"east":{"uv":[11.75,0,14.25,2],"texture":"#0"},"south":{"uv":[0,4.25,3.25,4.7],"texture":"#0"},"west":{"uv":[0,0,16,6.62069],"texture":"#1"},"up":{"uv":[0,2.875,4,3.375],"texture":"#0"},"down":{"uv":[0,4.25,3.25,4.7],"texture":"#0"}}},{"from":[5.5,0,4.5],"to":[12,0.15,9.25],"faces":{"north":{"uv":[0,4.25,3.25,6.625],"texture":"#0"},"east":{"uv":[11.75,0,14.25,2],"texture":"#0"},"south":{"uv":[0,4.25,3.25,6.625],"texture":"#0"},"west":{"uv":[12,0.125,15.5,2.375],"texture":"#0"},"up":{"uv":[0,2.875,4,3.375],"texture":"#0"},"down":{"uv":[12.25,0,16,15.875],"texture":"#0"}}},{"from":[5.5,0.65,4.6],"to":[12,0.9,5.4],"faces":{"north":{"uv":[12,0.125,15.5,2.375],"texture":"#0"},"east":{"uv":[11.75,0,14.25,2],"texture":"#0"},"south":{"uv":[0,2.875,4,3.375],"texture":"#0"},"west":{"uv":[0,0,16,6.62069],"texture":"#1"},"up":{"uv":[0,0,13.25,2.5],"texture":"#0"},"down":{"uv":[0,0,4,0.4],"texture":"#missing"}}},{"from":[5.5,0.65,5.85],"to":[12,0.9,6.65],"faces":{"north":{"uv":[0,2.875,4,3.375],"texture":"#0"},"east":{"uv":[11.75,0,14.25,2],"texture":"#0"},"south":{"uv":[0,2.875,4,3.375],"texture":"#0"},"west":{"uv":[0,0,16,6.62069],"texture":"#1"},"up":{"uv":[0,0,13.25,2.5],"texture":"#0"},"down":{"uv":[0,0,4,0.4],"texture":"#missing"}}},{"from":[5.5,0.65,7.1],"to":[12,0.9,7.9],"faces":{"north":{"uv":[0,2.875,4,3.375],"texture":"#0"},"east":{"uv":[11.75,0,14.25,2],"texture":"#0"},"south":{"uv":[0,2.875,4,3.375],"texture":"#0"},"west":{"uv":[0,0,16,6.62069],"texture":"#1"},"up":{"uv":[0,0,13.25,2.5],"texture":"#0"},"down":{"uv":[0,0,4,0.4],"texture":"#missing"}}},{"from":[5.5,0.65,8.35],"to":[12,0.9,9.15],"faces":{"north":{"uv":[0,2.875,4,3.375],"texture":"#0"},"east":{"uv":[11.75,0,14.25,2],"texture":"#0"},"south":{"uv":[12,0.125,15.5,2.375],"texture":"#0"},"west":{"uv":[0,0,16,6.62069],"texture":"#1"},"up":{"uv":[0,0,13.25,2.5],"texture":"#0"},"down":{"uv":[0,0,4,0.4],"texture":"#missing"}}}],"gui_light":"front"}