{"credit":"Made with Blockbench","texture_size":[64,64],"textures":{"0":"crates/cargo_crate"},"elements":[{"name":"root","from":[-2,4.1,2.5],"to":[18,8.1,14.5],"rotation":{"angle":0,"axis":"y","origin":[6,3.1,8]},"faces":{"north":{"uv":[3,7,8,8],"texture":"#0"},"east":{"uv":[0,7,3,8],"texture":"#0"},"south":{"uv":[11,7,16,8],"texture":"#0"},"west":{"uv":[8,7,11,8],"texture":"#0"},"up":{"uv":[8,7,3,4],"texture":"#0"},"down":{"uv":[13,4,8,7],"texture":"#0"}}},{"name":"root","from":[17.5,0.1,10.5],"to":[18.5,8.1,12.5],"rotation":{"angle":0,"axis":"y","origin":[6,3.1,8]},"faces":{"north":{"uv":[0.5,0.5,0.75,2.5],"texture":"#0"},"east":{"uv":[0,0.5,0.5,2.5],"texture":"#0"},"south":{"uv":[1.25,0.5,1.5,2.5],"texture":"#0"},"west":{"uv":[0.75,0.5,1.25,2.5],"texture":"#0"},"up":{"uv":[0.75,0.5,0.5,0],"texture":"#0"},"down":{"uv":[1,0,0.75,0.5],"texture":"#0"}}},{"name":"root","from":[17.5,0.1,4.5],"to":[18.5,8.1,6.5],"rotation":{"angle":0,"axis":"y","origin":[6,3.1,8]},"faces":{"north":{"uv":[0.5,0.5,0.75,2.5],"texture":"#0"},"east":{"uv":[0,0.5,0.5,2.5],"texture":"#0"},"south":{"uv":[1.25,0.5,1.5,2.5],"texture":"#0"},"west":{"uv":[0.75,0.5,1.25,2.5],"texture":"#0"},"up":{"uv":[0.75,0.5,0.5,0],"texture":"#0"},"down":{"uv":[1,0,0.75,0.5],"texture":"#0"}}},{"name":"root","from":[-2.5,0.1,4.5],"to":[-1.5,8.1,6.5],"rotation":{"angle":0,"axis":"y","origin":[10,3.1,8]},"faces":{"north":{"uv":[0.75,0.5,0.5,2.5],"texture":"#0"},"east":{"uv":[1.25,0.5,0.75,2.5],"texture":"#0"},"south":{"uv":[1.5,0.5,1.25,2.5],"texture":"#0"},"west":{"uv":[0.5,0.5,0,2.5],"texture":"#0"},"up":{"uv":[0.5,0.5,0.75,0],"texture":"#0"},"down":{"uv":[0.75,0,1,0.5],"texture":"#0"}}},{"name":"root","from":[-2.5,0.1,10.5],"to":[-1.5,8.1,12.5],"rotation":{"angle":0,"axis":"y","origin":[10,3.1,8]},"faces":{"north":{"uv":[0.75,0.5,0.5,2.5],"texture":"#0"},"east":{"uv":[1.25,0.5,0.75,2.5],"texture":"#0"},"south":{"uv":[1.5,0.5,1.25,2.5],"texture":"#0"},"west":{"uv":[0.5,0.5,0,2.5],"texture":"#0"},"up":{"uv":[0.5,0.5,0.75,0],"texture":"#0"},"down":{"uv":[0.75,0,1,0.5],"texture":"#0"}}},{"name":"root","from":[-2.5,0.1,4.5],"to":[-1.5,8.1,6.5],"rotation":{"angle":0,"axis":"y","origin":[10,3.1,8]},"faces":{"north":{"uv":[0.75,0.5,0.5,2.5],"texture":"#0"},"east":{"uv":[1.25,0.5,0.75,2.5],"texture":"#0"},"south":{"uv":[1.5,0.5,1.25,2.5],"texture":"#0"},"west":{"uv":[0.5,0.5,0,2.5],"texture":"#0"},"up":{"uv":[0.5,0.5,0.75,0],"texture":"#0"},"down":{"uv":[0.75,0,1,0.5],"texture":"#0"}}},{"name":"root","from":[-2.5,0.1,10.5],"to":[-1.5,8.1,12.5],"rotation":{"angle":0,"axis":"y","origin":[10,3.1,8]},"faces":{"north":{"uv":[0.75,0.5,0.5,2.5],"texture":"#0"},"east":{"uv":[1.25,0.5,0.75,2.5],"texture":"#0"},"south":{"uv":[1.5,0.5,1.25,2.5],"texture":"#0"},"west":{"uv":[0.5,0.5,0,2.5],"texture":"#0"},"up":{"uv":[0.5,0.5,0.75,0],"texture":"#0"},"down":{"uv":[0.75,0,1,0.5],"texture":"#0"}}},{"name":"root","from":[-2.05,-0.05,2.45],"to":[18.05,4.05,14.55],"rotation":{"angle":0,"axis":"y","origin":[6,3.1,8]},"faces":{"north":{"uv":[3,3,8,4],"texture":"#0"},"east":{"uv":[0,3,3,4],"texture":"#0"},"south":{"uv":[11,3,16,4],"texture":"#0"},"west":{"uv":[8,3,11,4],"texture":"#0"},"up":{"uv":[8,3,3,0],"texture":"#0"},"down":{"uv":[13,0,8,3],"texture":"#0"}}},{"name":"bone","from":[14,8.5,2.5],"to":[16,9.5,14.5],"rotation":{"angle":0,"axis":"y","origin":[10,-4.9,8]},"faces":{"north":{"uv":[3,14.75,3.5,15],"texture":"#0"},"east":{"uv":[0,14.75,3,15],"texture":"#0"},"south":{"uv":[6.5,14.75,7,15],"texture":"#0"},"west":{"uv":[3.5,14.75,6.5,15],"texture":"#0"},"up":{"uv":[3.5,14.75,3,11.75],"texture":"#0"},"down":{"uv":[4,11.75,3.5,14.75],"texture":"#0"}}},{"name":"bone","from":[7,7.1,2.4],"to":[10,9.1,3.4],"rotation":{"angle":0,"axis":"y","origin":[9,-4.9,8]},"faces":{"north":{"uv":[5,13.5,5.75,14],"texture":"#0"},"east":{"uv":[4.75,13.5,5,14],"texture":"#0"},"south":{"uv":[6,13.5,6.75,14],"texture":"#0"},"west":{"uv":[5.75,13.5,6,14],"texture":"#0"},"up":{"uv":[5.75,13.5,5,13.25],"texture":"#0"},"down":{"uv":[6.5,13.25,5.75,13.5],"texture":"#0"}}},{"name":"bone","from":[8,6,2.2],"to":[9,8,3.2],"rotation":{"angle":0,"axis":"y","origin":[9,-4.9,8]},"faces":{"north":{"uv":[5,13.5,5.25,14],"texture":"#0"},"east":{"uv":[4.75,13.5,5,14],"texture":"#0"},"south":{"uv":[5.5,13.5,5.75,14],"texture":"#0"},"west":{"uv":[5.25,13.5,5.5,14],"texture":"#0"},"up":{"uv":[5.25,13.5,5,13.25],"texture":"#0"},"down":{"uv":[5.5,13.25,5.25,13.5],"texture":"#0"}}},{"name":"bone","from":[7.5,5.9,2.4],"to":[9.5,6.9,2.4],"rotation":{"angle":0,"axis":"y","origin":[9,-4.9,8]},"faces":{"north":{"uv":[0,12.75,1,13.25],"texture":"#0"},"east":{"uv":[0,12.75,0,13.25],"texture":"#0"},"south":{"uv":[1,12.75,2,13.25],"texture":"#0"},"west":{"uv":[1,12.75,1,13.25],"texture":"#0"},"up":{"uv":[1,12.75,0,12.75],"texture":"#0"},"down":{"uv":[2,12.75,1,12.75],"texture":"#0"}}},{"name":"bone","from":[7.5,3.9,1.9],"to":[9.5,5.9,2.9],"rotation":{"angle":0,"axis":"y","origin":[9,-4.9,8]},"faces":{"north":{"uv":[0,13.25,1,14.25],"texture":"#0"},"east":{"uv":[0,13.25,0.25,14.25],"texture":"#0"},"south":{"uv":[0,13.25,1,14.25],"texture":"#0"},"west":{"uv":[0.75,13.25,1,14.25],"texture":"#0"},"up":{"uv":[0,13.25,1,13.5],"texture":"#0"},"down":{"uv":[0,14,1,14.25],"texture":"#0"}}},{"name":"bone","from":[14.65,8.95,3.05],"to":[15.35,9.65,3.75],"rotation":{"angle":0,"axis":"y","origin":[10,-4.9,8]},"faces":{"north":{"uv":[0.25,5,0.5,5.25],"texture":"#0"},"east":{"uv":[0,5,0.25,5.25],"texture":"#0"},"south":{"uv":[0.75,5,1,5.25],"texture":"#0"},"west":{"uv":[0.5,5,0.75,5.25],"texture":"#0"},"up":{"uv":[0.5,5,0.25,4.75],"texture":"#0"},"down":{"uv":[0.75,4.75,0.5,5],"texture":"#0"}}},{"name":"bone","from":[17.95,6.95,5.15],"to":[18.65,7.65,5.85],"rotation":{"angle":0,"axis":"y","origin":[10,-4.9,8]},"faces":{"north":{"uv":[0.25,5,0.5,5.25],"texture":"#0"},"east":{"uv":[0,5,0.25,5.25],"texture":"#0"},"south":{"uv":[0.75,5,1,5.25],"texture":"#0"},"west":{"uv":[0.5,5,0.75,5.25],"texture":"#0"},"up":{"uv":[0.5,5,0.25,4.75],"texture":"#0"},"down":{"uv":[0.75,4.75,0.5,5],"texture":"#0"}}},{"name":"bone","from":[17.95,6.95,11.15],"to":[18.65,7.65,11.85],"rotation":{"angle":0,"axis":"y","origin":[10,-4.9,8]},"faces":{"north":{"uv":[0.25,5,0.5,5.25],"texture":"#0"},"east":{"uv":[0,5,0.25,5.25],"texture":"#0"},"south":{"uv":[0.75,5,1,5.25],"texture":"#0"},"west":{"uv":[0.5,5,0.75,5.25],"texture":"#0"},"up":{"uv":[0.5,5,0.25,4.75],"texture":"#0"},"down":{"uv":[0.75,4.75,0.5,5],"texture":"#0"}}},{"name":"bone","from":[17.95,0.45,11.15],"to":[18.65,1.15,11.85],"rotation":{"angle":0,"axis":"y","origin":[10,-4.9,8]},"faces":{"north":{"uv":[0.25,5,0.5,5.25],"texture":"#0"},"east":{"uv":[0,5,0.25,5.25],"texture":"#0"},"south":{"uv":[0.75,5,1,5.25],"texture":"#0"},"west":{"uv":[0.5,5,0.75,5.25],"texture":"#0"},"up":{"uv":[0.5,5,0.25,4.75],"texture":"#0"},"down":{"uv":[0.75,4.75,0.5,5],"texture":"#0"}}},{"name":"bone","from":[17.95,0.45,5.15],"to":[18.65,1.15,5.85],"rotation":{"angle":0,"axis":"y","origin":[10,-4.9,8]},"faces":{"north":{"uv":[0.25,5,0.5,5.25],"texture":"#0"},"east":{"uv":[0,5,0.25,5.25],"texture":"#0"},"south":{"uv":[0.75,5,1,5.25],"texture":"#0"},"west":{"uv":[0.5,5,0.75,5.25],"texture":"#0"},"up":{"uv":[0.5,5,0.25,4.75],"texture":"#0"},"down":{"uv":[0.75,4.75,0.5,5],"texture":"#0"}}},{"name":"bone","from":[-2.65,6.95,5.15],"to":[-1.95,7.65,5.85],"rotation":{"angle":0,"axis":"y","origin":[6,-4.9,8]},"faces":{"north":{"uv":[0.5,5,0.25,5.25],"texture":"#0"},"east":{"uv":[0.75,5,0.5,5.25],"texture":"#0"},"south":{"uv":[1,5,0.75,5.25],"texture":"#0"},"west":{"uv":[0.25,5,0,5.25],"texture":"#0"},"up":{"uv":[0.25,5,0.5,4.75],"texture":"#0"},"down":{"uv":[0.5,4.75,0.75,5],"texture":"#0"}}},{"name":"bone","from":[-2.65,0.45,5.15],"to":[-1.95,1.15,5.85],"rotation":{"angle":0,"axis":"y","origin":[6,-4.9,8]},"faces":{"north":{"uv":[0.5,5,0.25,5.25],"texture":"#0"},"east":{"uv":[0.75,5,0.5,5.25],"texture":"#0"},"south":{"uv":[1,5,0.75,5.25],"texture":"#0"},"west":{"uv":[0.25,5,0,5.25],"texture":"#0"},"up":{"uv":[0.25,5,0.5,4.75],"texture":"#0"},"down":{"uv":[0.5,4.75,0.75,5],"texture":"#0"}}},{"name":"bone","from":[-2.65,0.45,11.15],"to":[-1.95,1.15,11.85],"rotation":{"angle":0,"axis":"y","origin":[6,-4.9,8]},"faces":{"north":{"uv":[0.5,5,0.25,5.25],"texture":"#0"},"east":{"uv":[0.75,5,0.5,5.25],"texture":"#0"},"south":{"uv":[1,5,0.75,5.25],"texture":"#0"},"west":{"uv":[0.25,5,0,5.25],"texture":"#0"},"up":{"uv":[0.25,5,0.5,4.75],"texture":"#0"},"down":{"uv":[0.5,4.75,0.75,5],"texture":"#0"}}},{"name":"bone","from":[-2.65,6.95,11.15],"to":[-1.95,7.65,11.85],"rotation":{"angle":0,"axis":"y","origin":[6,-4.9,8]},"faces":{"north":{"uv":[0.5,5,0.25,5.25],"texture":"#0"},"east":{"uv":[0.75,5,0.5,5.25],"texture":"#0"},"south":{"uv":[1,5,0.75,5.25],"texture":"#0"},"west":{"uv":[0.25,5,0,5.25],"texture":"#0"},"up":{"uv":[0.25,5,0.5,4.75],"texture":"#0"},"down":{"uv":[0.5,4.75,0.75,5],"texture":"#0"}}},{"name":"bone","from":[-2.65,0.45,5.15],"to":[-1.95,1.15,5.85],"rotation":{"angle":0,"axis":"y","origin":[6,-4.9,8]},"faces":{"north":{"uv":[0.5,5,0.25,5.25],"texture":"#0"},"east":{"uv":[0.75,5,0.5,5.25],"texture":"#0"},"south":{"uv":[1,5,0.75,5.25],"texture":"#0"},"west":{"uv":[0.25,5,0,5.25],"texture":"#0"},"up":{"uv":[0.25,5,0.5,4.75],"texture":"#0"},"down":{"uv":[0.5,4.75,0.75,5],"texture":"#0"}}},{"name":"bone","from":[-2.65,6.95,5.15],"to":[-1.95,7.65,5.85],"rotation":{"angle":0,"axis":"y","origin":[6,-4.9,8]},"faces":{"north":{"uv":[0.5,5,0.25,5.25],"texture":"#0"},"east":{"uv":[0.75,5,0.5,5.25],"texture":"#0"},"south":{"uv":[1,5,0.75,5.25],"texture":"#0"},"west":{"uv":[0.25,5,0,5.25],"texture":"#0"},"up":{"uv":[0.25,5,0.5,4.75],"texture":"#0"},"down":{"uv":[0.5,4.75,0.75,5],"texture":"#0"}}},{"name":"bone","from":[-2.65,6.95,11.15],"to":[-1.95,7.65,11.85],"rotation":{"angle":0,"axis":"y","origin":[6,-4.9,8]},"faces":{"north":{"uv":[0.5,5,0.25,5.25],"texture":"#0"},"east":{"uv":[0.75,5,0.5,5.25],"texture":"#0"},"south":{"uv":[1,5,0.75,5.25],"texture":"#0"},"west":{"uv":[0.25,5,0,5.25],"texture":"#0"},"up":{"uv":[0.25,5,0.5,4.75],"texture":"#0"},"down":{"uv":[0.5,4.75,0.75,5],"texture":"#0"}}},{"name":"bone","from":[-2.65,0.45,11.15],"to":[-1.95,1.15,11.85],"rotation":{"angle":0,"axis":"y","origin":[6,-4.9,8]},"faces":{"north":{"uv":[0.5,5,0.25,5.25],"texture":"#0"},"east":{"uv":[0.75,5,0.5,5.25],"texture":"#0"},"south":{"uv":[1,5,0.75,5.25],"texture":"#0"},"west":{"uv":[0.25,5,0,5.25],"texture":"#0"},"up":{"uv":[0.25,5,0.5,4.75],"texture":"#0"},"down":{"uv":[0.5,4.75,0.75,5],"texture":"#0"}}},{"name":"bone","from":[14.65,8.95,13.05],"to":[15.35,9.65,13.75],"rotation":{"angle":0,"axis":"y","origin":[10,-4.9,8]},"faces":{"north":{"uv":[0.25,5,0.5,5.25],"texture":"#0"},"east":{"uv":[0,5,0.25,5.25],"texture":"#0"},"south":{"uv":[0.75,5,1,5.25],"texture":"#0"},"west":{"uv":[0.5,5,0.75,5.25],"texture":"#0"},"up":{"uv":[0.5,5,0.25,4.75],"texture":"#0"},"down":{"uv":[0.75,4.75,0.5,5],"texture":"#0"}}},{"name":"bone","from":[0,8.5,2.5],"to":[2,9.5,14.5],"rotation":{"angle":0,"axis":"y","origin":[10,-4.9,8]},"faces":{"north":{"uv":[3.5,14.75,3,15],"texture":"#0"},"east":{"uv":[6.5,14.75,3.5,15],"texture":"#0"},"south":{"uv":[7,14.75,6.5,15],"texture":"#0"},"west":{"uv":[3,14.75,0,15],"texture":"#0"},"up":{"uv":[3,14.75,3.5,11.75],"texture":"#0"},"down":{"uv":[3.5,11.75,4,14.75],"texture":"#0"}}},{"name":"bone","from":[0.65,8.95,3.05],"to":[1.35,9.65,3.75],"rotation":{"angle":0,"axis":"y","origin":[10,-4.9,8]},"faces":{"north":{"uv":[0.5,5,0.25,5.25],"texture":"#0"},"east":{"uv":[0.75,5,0.5,5.25],"texture":"#0"},"south":{"uv":[1,5,0.75,5.25],"texture":"#0"},"west":{"uv":[0.25,5,0,5.25],"texture":"#0"},"up":{"uv":[0.25,5,0.5,4.75],"texture":"#0"},"down":{"uv":[0.5,4.75,0.75,5],"texture":"#0"}}},{"name":"bone","from":[0.65,8.95,13.05],"to":[1.35,9.65,13.75],"rotation":{"angle":0,"axis":"y","origin":[10,-4.9,8]},"faces":{"north":{"uv":[0.5,5,0.25,5.25],"texture":"#0"},"east":{"uv":[0.75,5,0.5,5.25],"texture":"#0"},"south":{"uv":[1,5,0.75,5.25],"texture":"#0"},"west":{"uv":[0.25,5,0,5.25],"texture":"#0"},"up":{"uv":[0.25,5,0.5,4.75],"texture":"#0"},"down":{"uv":[0.5,4.75,0.75,5],"texture":"#0"}}},{"name":"bone","from":[-1.9,8.1,2.7],"to":[17.9,8.9,6.5],"rotation":{"angle":0,"axis":"y","origin":[6,-4.9,8]},"faces":{"north":{"uv":[1,10.25,6,10.5],"texture":"#0"},"east":{"uv":[0,10.25,1,10.5],"texture":"#0"},"south":{"uv":[7,10.25,12,10.5],"texture":"#0"},"west":{"uv":[6,10.25,7,10.5],"texture":"#0"},"up":{"uv":[6,10.25,1,9.25],"texture":"#0"},"down":{"uv":[11,9.25,6,10.25],"texture":"#0"}}},{"name":"bone","from":[-1.9,8.1,6.6],"to":[17.9,8.9,10.4],"rotation":{"angle":0,"axis":"y","origin":[6,-4.9,8]},"faces":{"north":{"uv":[1,10.25,6,10.5],"texture":"#0"},"east":{"uv":[0,10.25,1,10.5],"texture":"#0"},"south":{"uv":[7,10.25,12,10.5],"texture":"#0"},"west":{"uv":[6,10.25,7,10.5],"texture":"#0"},"up":{"uv":[6,10.25,1,9.25],"texture":"#0"},"down":{"uv":[11,9.25,6,10.25],"texture":"#0"}}},{"name":"bone","from":[-1.9,8.1,10.5],"to":[17.9,8.9,14.3],"rotation":{"angle":0,"axis":"y","origin":[6,-4.9,8]},"faces":{"north":{"uv":[1,9,6,9.25],"texture":"#0"},"east":{"uv":[0,9,1,9.25],"texture":"#0"},"south":{"uv":[7,9,12,9.25],"texture":"#0"},"west":{"uv":[6,9,7,9.25],"texture":"#0"},"up":{"uv":[6,9,1,8],"texture":"#0"},"down":{"uv":[11,8,6,9],"texture":"#0"}}}],"display":{"gui":{"rotation":[23,180,0],"translation":[0,2,0],"scale":[0.7,0.7,0.7]},"head":{"translation":[0,-24.75,0],"scale":[2.5,2.5,2.5]},"fixed":{"translation":[0,2,6],"scale":[0.7,0.7,1]}},"groups":[{"name":"root","origin":[8,0,8],"color":0,"children":[0,1,2,3,4,5,6,7,{"name":"bone","origin":[8,0,8],"color":1,"children":[8,9,10,11,12,13,14,15,16,17,18,19,20,21,22,23,24,25,26,27,28,29,30,31,32]}]}]}