{"display":{"thirdperson_righthand":{"rotation":[0,90,-102],"translation":[-2.46,0,-0.9],"scale":[0.85,0.85,0.85]},"thirdperson_lefthand":{"rotation":[0,90,-102],"translation":[-2.46,0,-0.9],"scale":[0.85,0.85,0.85]},"ground":{"rotation":[0,0,0],"translation":[0,0,0],"scale":[1,1,1]},"fixed":{"rotation":[-90,135,0],"translation":[-2.83,1.7,-2.27],"scale":[1.5,1.5,1.5]},"firstperson_righthand":{"rotation":[99,90,180],"translation":[-2.65,2.08,0],"scale":[0.9,0.9,0.9]},"firstperson_lefthand":{"rotation":[99,90,180],"translation":[-4.16,2.08,0],"scale":[0.9,0.9,0.9]},"gui":{"rotation":[-4,-154,54],"translation":[1.89,1.13,0],"scale":[1,1,1]}},"textures":{"particle":"guns/1-metal-dark","texture":"guns/1-metal"},"elements":[{"from":[4.25,6.5,9.25],"to":[11,7.5,12.25],"faces":{"down":{"uv":[11.75,12.25,5,9.25],"texture":"#texture"},"up":{"uv":[4.25,9.25,11,12.25],"texture":"#texture"},"north":{"uv":[5,8.5,11.75,9.5],"texture":"#texture"},"south":{"uv":[4.25,8.5,11,9.5],"texture":"#texture"},"west":{"uv":[9.25,8.5,12.25,9.5],"texture":"#texture"},"east":{"uv":[3.75,8.5,6.75,9.5],"texture":"#texture"}}},{"from":[4.25,5.5,10.25],"to":[11,8.5,11.25],"faces":{"down":{"uv":[11.75,11.25,5,10.25],"texture":"#texture"},"up":{"uv":[4.25,10.25,11,11.25],"texture":"#texture"},"north":{"uv":[5,7.5,11.75,10.5],"texture":"#texture"},"south":{"uv":[4.25,7.5,11,10.5],"texture":"#texture"},"west":{"uv":[10.25,7.5,11.25,10.5],"texture":"#texture"},"east":{"uv":[4.75,7.5,5.75,10.5],"texture":"#texture"}}},{"from":[4.25,6,9.5],"to":[11,8,12],"faces":{"down":{"uv":[11.75,12,5,9.5],"texture":"#texture"},"up":{"uv":[4.25,9.5,11,12],"texture":"#texture"},"north":{"uv":[5,8,11.75,10],"texture":"#texture"},"south":{"uv":[4.25,8,11,10],"texture":"#texture"},"west":{"uv":[9.5,8,12,10],"texture":"#texture"},"east":{"uv":[4,8,6.5,10],"texture":"#texture"}}},{"from":[4.25,5.75,9.75],"to":[11,8.25,11.75],"faces":{"down":{"uv":[11.75,11.75,5,9.75],"texture":"#texture"},"up":{"uv":[4.25,9.75,11,11.75],"texture":"#texture"},"north":{"uv":[5,7.75,11.75,10.25],"texture":"#texture"},"south":{"uv":[4.25,7.75,11,10.25],"texture":"#texture"},"west":{"uv":[9.75,7.75,11.75,10.25],"texture":"#texture"},"east":{"uv":[4.25,7.75,6.25,10.25],"texture":"#texture"}}},{"from":[4.25,6.75,7.75],"to":[4.5,8.25,9.75],"faces":{"down":{"uv":[11.75,9.75,11.5,7.75],"texture":"#texture"},"up":{"uv":[4.25,7.75,4.5,9.75],"texture":"#texture"},"north":{"uv":[11.5,7.75,11.75,9.25],"texture":"#texture"},"south":{"uv":[4.25,7.75,4.5,9.25],"texture":"#texture"},"west":{"uv":[7.75,7.75,9.75,9.25],"texture":"#texture"},"east":{"uv":[6.25,7.75,8.25,9.25],"texture":"#texture"}}},{"from":[8.25,6.75,7.75],"to":[8.5,8.25,9.75],"faces":{"down":{"uv":[7.75,9.75,7.5,7.75],"texture":"#texture"},"up":{"uv":[8.25,7.75,8.5,9.75],"texture":"#texture"},"north":{"uv":[7.5,7.75,7.75,9.25],"texture":"#texture"},"south":{"uv":[8.25,7.75,8.5,9.25],"texture":"#texture"},"west":{"uv":[7.75,7.75,9.75,9.25],"texture":"#texture"},"east":{"uv":[6.25,7.75,8.25,9.25],"texture":"#texture"}}},{"from":[4.5,6.75,7.75],"to":[5.25,7.25,9.75],"faces":{"down":{"uv":[11.5,9.75,10.75,7.75],"texture":"#texture"},"up":{"uv":[4.5,7.75,5.25,9.75],"texture":"#texture"},"north":{"uv":[10.75,8.75,11.5,9.25],"texture":"#texture"},"south":{"uv":[4.5,8.75,5.25,9.25],"texture":"#texture"},"west":{"uv":[7.75,8.75,9.75,9.25],"texture":"#texture"},"east":{"uv":[6.25,8.75,8.25,9.25],"texture":"#texture"}}},{"from":[5.5,7.75,7.75],"to":[6.5,8.25,9.75],"faces":{"down":{"uv":[10.5,9.75,9.5,7.75],"texture":"#texture"},"up":{"uv":[5.5,7.75,6.5,9.75],"texture":"#texture"},"north":{"uv":[9.5,7.75,10.5,8.25],"texture":"#texture"},"south":{"uv":[5.5,7.75,6.5,8.25],"texture":"#texture"},"west":{"uv":[7.75,7.75,9.75,8.25],"texture":"#texture"},"east":{"uv":[6.25,7.75,8.25,8.25],"texture":"#texture"}}},{"from":[4.5,7.75,7.75],"to":[5.25,8.25,9.75],"faces":{"down":{"uv":[11.5,9.75,10.75,7.75],"texture":"#texture"},"up":{"uv":[4.5,7.75,5.25,9.75],"texture":"#texture"},"north":{"uv":[10.75,7.75,11.5,8.25],"texture":"#texture"},"south":{"uv":[4.5,7.75,5.25,8.25],"texture":"#texture"},"west":{"uv":[7.75,7.75,9.75,8.25],"texture":"#texture"},"east":{"uv":[6.25,7.75,8.25,8.25],"texture":"#texture"}}},{"from":[6.75,7.75,7.75],"to":[8.25,8.25,9.75],"faces":{"down":{"uv":[9.25,9.75,7.75,7.75],"texture":"#texture"},"up":{"uv":[6.75,7.75,8.25,9.75],"texture":"#texture"},"north":{"uv":[7.75,7.75,9.25,8.25],"texture":"#texture"},"south":{"uv":[6.75,7.75,8.25,8.25],"texture":"#texture"},"west":{"uv":[7.75,7.75,9.75,8.25],"texture":"#texture"},"east":{"uv":[6.25,7.75,8.25,8.25],"texture":"#texture"}}},{"from":[6.75,6.75,7.75],"to":[8.25,7.25,9.75],"faces":{"down":{"uv":[9.25,9.75,7.75,7.75],"texture":"#texture"},"up":{"uv":[6.75,7.75,8.25,9.75],"texture":"#texture"},"north":{"uv":[7.75,8.75,9.25,9.25],"texture":"#texture"},"south":{"uv":[6.75,8.75,8.25,9.25],"texture":"#texture"},"west":{"uv":[7.75,8.75,9.75,9.25],"texture":"#texture"},"east":{"uv":[6.25,8.75,8.25,9.25],"texture":"#texture"}}},{"from":[5.5,6.75,7.75],"to":[6.5,7.25,9.75],"faces":{"down":{"uv":[10.5,9.75,9.5,7.75],"texture":"#texture"},"up":{"uv":[5.5,7.75,6.5,9.75],"texture":"#texture"},"north":{"uv":[9.5,8.75,10.5,9.25],"texture":"#texture"},"south":{"uv":[5.5,8.75,6.5,9.25],"texture":"#texture"},"west":{"uv":[7.75,8.75,9.75,9.25],"texture":"#texture"},"east":{"uv":[6.25,8.75,8.25,9.25],"texture":"#texture"}}},{"from":[5.25,7.75,7.75],"to":[6.75,8,9.75],"faces":{"down":{"uv":[10.75,9.75,9.25,7.75],"texture":"#texture"},"up":{"uv":[5.25,7.75,6.75,9.75],"texture":"#texture"},"north":{"uv":[9.25,8,10.75,8.25],"texture":"#texture"},"south":{"uv":[5.25,8,6.75,8.25],"texture":"#texture"},"west":{"uv":[7.75,8,9.75,8.25],"texture":"#texture"},"east":{"uv":[6.25,8,8.25,8.25],"texture":"#texture"}}},{"from":[5.25,7,7.75],"to":[6.75,7.25,9.75],"faces":{"down":{"uv":[10.75,9.75,9.25,7.75],"texture":"#texture"},"up":{"uv":[5.25,7.75,6.75,9.75],"texture":"#texture"},"north":{"uv":[9.25,8.75,10.75,9],"texture":"#texture"},"south":{"uv":[5.25,8.75,6.75,9],"texture":"#texture"},"west":{"uv":[7.75,8.75,9.75,9],"texture":"#texture"},"east":{"uv":[6.25,8.75,8.25,9],"texture":"#texture"}}}],"gui_light":"front"}