{"display":{"thirdperson_righthand":{"rotation":[60,-50,8],"translation":[-2.086,1.3912,0.6956],"scale":[0.7,0.7,0.7]},"thirdperson_lefthand":{"rotation":[60,130,8],"translation":[-2.086,1.3912,0.6956],"scale":[0.7,0.7,0.7]},"firstperson_righthand":{"rotation":[0,-60,0],"translation":[0,2.7826,0]},"firstperson_lefthand":{"rotation":[0,120,0],"translation":[0,2.7826,0]},"gui":{"rotation":[30,45,0],"translation":[0,0.0006,0]},"head":{"rotation":[0,-90,0],"translation":[0,12.501,0]},"ground":{"translation":[0,2.0869,0]},"fixed":{"translation":[0,0,-1.391]}},"textures":{"particle":"other/coco_bunny","texture":"blocks/texture"},"elements":[{"faces":{"down":{"uv":[2,7,7,9],"texture":"#texture"},"up":{"uv":[2,7,7,9],"texture":"#texture"},"north":{"uv":[9,4,14,8],"texture":"#texture"},"south":{"uv":[2,4,7,8],"texture":"#texture"},"west":{"uv":[7,4,9,8],"texture":"#texture"},"east":{"uv":[7,4,9,8],"texture":"#texture"}},"from":[2,8,7],"to":[7,12,9]},{"faces":{"down":{"uv":[0,15,1,16],"texture":"#texture"},"up":{"uv":[0,15,1,16],"texture":"#texture"},"north":{"uv":[0,15,1,16],"texture":"#texture"},"south":{"uv":[0,15,1,16],"texture":"#texture"},"west":{"uv":[0,15,1,16],"texture":"#texture"},"east":{"uv":[0,15,1,16],"texture":"#texture"}},"from":[1.5,9.5,7.5],"to":[2,10.5,8.5]},{"faces":{"down":{"uv":[5.5,7,6,8],"texture":"#texture"},"up":{"uv":[5.5,8,6,9],"texture":"#texture"},"north":{"uv":[10,0,10.5,4],"texture":"#texture"},"south":{"uv":[5.5,0,6,4],"texture":"#texture"},"west":{"uv":[8,0,9,4],"texture":"#texture"},"east":{"uv":[7,0,8,4],"texture":"#texture"}},"from":[5.5,12,8.125],"to":[6,16,9.125],"rotation":{"origin":[5.5,12,8.125],"axis":"y","angle":-22.5}},{"faces":{"down":{"uv":[5.5,8,6,9],"texture":"#texture"},"up":{"uv":[5.5,7,6,8],"texture":"#texture"},"north":{"uv":[10,0,10.5,4],"texture":"#texture"},"south":{"uv":[5.5,0,6,4],"texture":"#texture"},"west":{"uv":[7,0,8,4],"texture":"#texture"},"east":{"uv":[8,0,9,4],"texture":"#texture"}},"from":[5.125,12,7],"to":[5.625,16,8],"rotation":{"origin":[5.125,12,7],"axis":"y","angle":22.5}},{"faces":{"down":{"uv":[5.5,6,13.5,10],"texture":"#texture"},"up":{"uv":[5.5,6,13.5,10],"texture":"#texture"},"north":{"uv":[2.5,6,10.5,10],"texture":"#texture"},"south":{"uv":[5.5,6,13.5,10],"texture":"#texture"},"west":{"uv":[6,6,10,10],"texture":"#texture"},"east":{"uv":[6,6,10,10],"texture":"#texture"}},"from":[5,7,6],"to":[13,11,10],"rotation":{"origin":[5,7,6],"axis":"z","angle":-22.5}},{"faces":{"down":{"uv":[5.5,5.5,7,7],"texture":"#texture"},"up":{"uv":[5.5,9,7,10.5],"texture":"#texture"},"north":{"uv":[9,8.5,10.5,14],"texture":"#texture"},"south":{"uv":[5.5,8.5,7,14],"texture":"#texture"},"west":{"uv":[9,8.5,10.5,14],"texture":"#texture"},"east":{"uv":[5.5,8.5,7,14],"texture":"#texture"}},"from":[4,3,5.5],"to":[5.5,8.5,7],"rotation":{"origin":[4,3,5.5],"axis":"z","angle":-22.5}},{"faces":{"down":{"uv":[5.5,5.5,7,7],"texture":"#texture"},"up":{"uv":[5.5,9,7,10.5],"texture":"#texture"},"north":{"uv":[9,8.5,10.5,14],"texture":"#texture"},"south":{"uv":[5.5,8.5,7,14],"texture":"#texture"},"west":{"uv":[9,8.5,10.5,14],"texture":"#texture"},"east":{"uv":[5.5,8.5,7,14],"texture":"#texture"}},"from":[4,3,9],"to":[5.5,8.5,10.5],"rotation":{"origin":[4,3,9],"axis":"z","angle":-22.5}},{"faces":{"down":{"uv":[9,0.5,13,2],"texture":"#texture"},"up":{"uv":[9,14,13,15.5],"texture":"#texture"},"north":{"uv":[3,9.5,7,13],"texture":"#texture"},"south":{"uv":[9,9.5,13,13],"texture":"#texture"},"west":{"uv":[14,9.5,15.5,13],"texture":"#texture"},"east":{"uv":[0.5,9.5,2,13],"texture":"#texture"}},"from":[8.5,4,5.5],"to":[12.5,7.5,7],"rotation":{"origin":[8.5,4,5.5],"axis":"z","angle":-22.5}},{"faces":{"down":{"uv":[6.5,9,12,10.5],"texture":"#texture"},"up":{"uv":[6.5,5.5,12,7],"texture":"#texture"},"north":{"uv":[4,13,9.5,13.5],"texture":"#texture"},"south":{"uv":[6.5,13,12,13.5],"texture":"#texture"},"west":{"uv":[5.5,13,7,13.5],"texture":"#texture"},"east":{"uv":[9,13,10.5,13.5],"texture":"#texture"}},"from":[6.5,2.5,5.5],"to":[12,3,7]},{"faces":{"down":{"uv":[9,0.5,13,2],"texture":"#texture"},"up":{"uv":[9,14,13,15.5],"texture":"#texture"},"north":{"uv":[3,9.5,7,13],"texture":"#texture"},"south":{"uv":[9,9.5,13,13],"texture":"#texture"},"west":{"uv":[14,9.5,15.5,13],"texture":"#texture"},"east":{"uv":[0.5,9.5,2,13],"texture":"#texture"}},"from":[8.5,4,9],"to":[12.5,7.5,10.5],"rotation":{"origin":[8.5,4,9],"axis":"z","angle":-22.5}},{"faces":{"down":{"uv":[6.5,5.5,12,7],"texture":"#texture"},"up":{"uv":[6.5,9,12,10.5],"texture":"#texture"},"north":{"uv":[4,13,9.5,13.5],"texture":"#texture"},"south":{"uv":[6.5,13,12,13.5],"texture":"#texture"},"west":{"uv":[9,13,10.5,13.5],"texture":"#texture"},"east":{"uv":[5.5,13,7,13.5],"texture":"#texture"}},"from":[6.5,2.5,9],"to":[12,3,10.5]}],"gui_light":"front"}