{"display":{"thirdperson_righthand":{"translation":[0,7.5,0]},"ground":{"translation":[0,4,0]},"gui":{"rotation":[-90,0,0]},"head":{"rotation":[-93,0,0],"translation":[0,6.75,-15],"scale":[2,2,2]},"fixed":{"rotation":[-90,0,0],"translation":[0,0,-6.75]}},"textures":{"0":"other/devil_horns","particle":"other/devil_horns"},"elements":[{"from":[13.10505,0.25,4.72563],"to":[14.60505,1.75,6.72563],"rotation":{"angle":45,"axis":"y","origin":[12.45202,1,8.04452]},"faces":{"north":{"uv":[0.25,0.25,0.75,0.75],"texture":"#0"},"east":{"uv":[1.25,0.25,1.75,0.75],"texture":"#0"},"south":{"uv":[2.25,0.25,2.75,0.75],"texture":"#0"},"west":{"uv":[3.25,0.25,3.75,0.75],"texture":"#0"},"up":{"uv":[4.25,0.25,4.75,0.75],"rotation":90,"texture":"#0"},"down":{"uv":[5.25,0.25,5.75,0.75],"rotation":270,"texture":"#0"}}},{"from":[12.43644,0.25,6.0021],"to":[13.93644,1.75,8.0021],"rotation":{"angle":22.5,"axis":"y","origin":[12.45202,1,8.04452]},"faces":{"north":{"uv":[6.25,0.25,6.75,0.75],"texture":"#0"},"east":{"uv":[7.25,0.25,7.75,0.75],"texture":"#0"},"south":{"uv":[8.25,0.25,8.75,0.75],"texture":"#0"},"west":{"uv":[9.25,0.25,9.75,0.75],"texture":"#0"},"up":{"uv":[10.25,0.25,10.75,0.75],"rotation":90,"texture":"#0"},"down":{"uv":[11.25,0.25,11.75,0.75],"rotation":270,"texture":"#0"}}},{"from":[12.62547,0.5,7.43622],"to":[13.62547,1.5,9.93622],"rotation":{"angle":0,"axis":"y","origin":[12.45202,1,8.04452]},"faces":{"north":{"uv":[12.25,0.25,12.75,0.75],"texture":"#0"},"east":{"uv":[13.25,0.25,13.75,0.75],"texture":"#0"},"south":{"uv":[14.25,0.25,14.75,0.75],"texture":"#0"},"west":{"uv":[15.25,0.25,15.75,0.75],"texture":"#0"},"up":{"uv":[0.25,1.25,0.75,1.75],"rotation":90,"texture":"#0"},"down":{"uv":[1.25,1.25,1.75,1.75],"rotation":270,"texture":"#0"}}},{"from":[13.57725,0.75,9.45838],"to":[14.07725,1.25,11.45838],"rotation":{"angle":-22.5,"axis":"y","origin":[12.45202,1,8.04452]},"faces":{"north":{"uv":[2.25,1.25,2.75,1.75],"texture":"#0"},"east":{"uv":[3.25,1.25,3.75,1.75],"texture":"#0"},"south":{"uv":[4.25,1.25,4.75,1.75],"texture":"#0"},"west":{"uv":[5.25,1.25,5.75,1.75],"texture":"#0"},"up":{"uv":[6.25,1.25,6.75,1.75],"rotation":90,"texture":"#0"},"down":{"uv":[7.25,1.25,7.75,1.75],"rotation":270,"texture":"#0"}}},{"from":[1.34712,0.25,4.73475],"to":[2.84712,1.75,6.73475],"rotation":{"angle":-45,"axis":"y","origin":[3.53506,1,8.10682]},"faces":{"north":{"uv":[0.75,0.25,0.25,0.75],"texture":"#0"},"east":{"uv":[3.75,0.25,3.25,0.75],"texture":"#0"},"south":{"uv":[2.75,0.25,2.25,0.75],"texture":"#0"},"west":{"uv":[1.75,0.25,1.25,0.75],"texture":"#0"},"up":{"uv":[4.25,0.75,4.75,0.25],"rotation":90,"texture":"#0"},"down":{"uv":[5.25,0.75,5.75,0.25],"rotation":270,"texture":"#0"}}},{"from":[2.03874,0.25,6.0019],"to":[3.53874,1.75,8.0019],"rotation":{"angle":-22.5,"axis":"y","origin":[3.53506,1,8.10682]},"faces":{"north":{"uv":[6.75,0.25,6.25,0.75],"texture":"#0"},"east":{"uv":[9.75,0.25,9.25,0.75],"texture":"#0"},"south":{"uv":[8.75,0.25,8.25,0.75],"texture":"#0"},"west":{"uv":[7.75,0.25,7.25,0.75],"texture":"#0"},"up":{"uv":[10.25,0.75,10.75,0.25],"rotation":90,"texture":"#0"},"down":{"uv":[11.25,0.75,11.75,0.25],"rotation":270,"texture":"#0"}}},{"from":[2.37453,0.5,7.43622],"to":[3.37453,1.5,9.93622],"rotation":{"angle":0,"axis":"y","origin":[3.53506,1,8.10682]},"faces":{"north":{"uv":[12.75,0.25,12.25,0.75],"texture":"#0"},"east":{"uv":[15.75,0.25,15.25,0.75],"texture":"#0"},"south":{"uv":[14.75,0.25,14.25,0.75],"texture":"#0"},"west":{"uv":[13.75,0.25,13.25,0.75],"texture":"#0"},"up":{"uv":[0.25,1.75,0.75,1.25],"rotation":90,"texture":"#0"},"down":{"uv":[1.25,1.75,1.75,1.25],"rotation":270,"texture":"#0"}}},{"from":[1.94561,0.75,9.46806],"to":[2.44561,1.25,11.46806],"rotation":{"angle":22.5,"axis":"y","origin":[3.53506,1,8.10682]},"faces":{"north":{"uv":[2.75,1.25,2.25,1.75],"texture":"#0"},"east":{"uv":[5.75,1.25,5.25,1.75],"texture":"#0"},"south":{"uv":[4.75,1.25,4.25,1.75],"texture":"#0"},"west":{"uv":[3.75,1.25,3.25,1.75],"texture":"#0"},"up":{"uv":[6.25,1.75,6.75,1.25],"rotation":90,"texture":"#0"},"down":{"uv":[7.25,1.75,7.75,1.25],"rotation":270,"texture":"#0"}}}]}