{"display":{"thirdperson_righthand":{"rotation":[0,90,-98],"translation":[0,0.94,0],"scale":[0.85,0.85,0.85]},"thirdperson_lefthand":{"rotation":[0,90,98],"translation":[0,0.94,0],"scale":[0.85,0.85,0.85]},"ground":{"rotation":[90,0,0],"translation":[0,0,0],"scale":[1,1,1]},"fixed":{"rotation":[0,180,-45],"translation":[0.2,-0.7,-1.1],"scale":[1.5,1.5,1.5]},"firstperson_righthand":{"rotation":[109,-90,0],"translation":[0.19,3.21,0],"scale":[0.9,0.9,0.9]},"firstperson_lefthand":{"rotation":[109,90,0],"translation":[-1.13,3.21,0],"scale":[0.9,0.9,0.9]},"gui":{"rotation":[0,0,-45],"translation":[-0.38,0,0],"scale":[1,1,1]}},"textures":{"particle":"guns/1-metal","texture":"guns/hardenedclaystainedcyan","hardenedclaystainedlime":"guns/lime","hardenedclaystainedred":"guns/1-metal-light","anvil1":"guns/1-metal","doorironlower":"guns/1-metal-light"},"elements":[{"from":[8.5,7.75,7.5],"to":[14.5,9.25,8.5],"faces":{"down":{"uv":[7.5,8.5,1.5,7.5],"texture":"#hardenedclaystainedlime","cullface":"west"},"up":{"uv":[8.5,7.5,14.5,8.5],"texture":"#hardenedclaystainedlime","cullface":"west"},"north":{"uv":[1.5,6.75,7.5,8.25],"texture":"#hardenedclaystainedlime","cullface":"west"},"south":{"uv":[8.5,6.75,14.5,8.25],"texture":"#hardenedclaystainedlime","cullface":"west"},"west":{"uv":[7.5,6.75,8.5,8.25],"texture":"#hardenedclaystainedlime","cullface":"west"},"east":{"uv":[7.5,6.75,8.5,8.25],"texture":"#hardenedclaystainedlime","cullface":"west"}}},{"from":[8.5,8,7.25],"to":[14.5,9,8.75],"faces":{"down":{"uv":[7.5,8.75,1.5,7.25],"texture":"#hardenedclaystainedlime","cullface":"west"},"up":{"uv":[8.5,7.25,14.5,8.75],"texture":"#hardenedclaystainedlime","cullface":"west"},"north":{"uv":[1.5,7,7.5,8],"texture":"#hardenedclaystainedlime","cullface":"west"},"south":{"uv":[8.5,7,14.5,8],"texture":"#hardenedclaystainedlime","cullface":"west"},"west":{"uv":[7.25,7,8.75,8],"texture":"#hardenedclaystainedlime","cullface":"west"},"east":{"uv":[7.25,7,8.75,8],"texture":"#hardenedclaystainedlime","cullface":"west"}}},{"from":[1.25,7.5,7.75],"to":[2,9.5,8.25],"faces":{"down":{"uv":[14.75,8.25,14,7.75],"texture":"#hardenedclaystainedlime","cullface":"west"},"up":{"uv":[1.25,7.75,2,8.25],"texture":"#hardenedclaystainedlime","cullface":"west"},"north":{"uv":[14,6.5,14.75,8.5],"texture":"#hardenedclaystainedlime","cullface":"west"},"south":{"uv":[1.25,6.5,2,8.5],"texture":"#hardenedclaystainedlime","cullface":"west"},"west":{"uv":[7.75,6.5,8.25,8.5],"texture":"#hardenedclaystainedlime","cullface":"west"}}},{"from":[1.25,8.25,7],"to":[2,8.75,9],"faces":{"down":{"uv":[14.75,9,14,7],"texture":"#hardenedclaystainedlime","cullface":"west"},"up":{"uv":[1.25,7,2,9],"texture":"#hardenedclaystainedlime","cullface":"west"},"north":{"uv":[14,7.25,14.75,7.75],"texture":"#hardenedclaystainedlime","cullface":"west"},"south":{"uv":[1.25,7.25,2,7.75],"texture":"#hardenedclaystainedlime","cullface":"west"},"west":{"uv":[7,7.25,9,7.75],"texture":"#hardenedclaystainedlime","cullface":"west"}}},{"from":[1.25,7.75,7.25],"to":[2,9.25,8.75],"faces":{"down":{"uv":[14.75,8.75,14,7.25],"texture":"#hardenedclaystainedlime","cullface":"west"},"up":{"uv":[1.25,7.25,2,8.75],"texture":"#hardenedclaystainedlime","cullface":"west"},"north":{"uv":[14,6.75,14.75,8.25],"texture":"#hardenedclaystainedlime","cullface":"west"},"south":{"uv":[1.25,6.75,2,8.25],"texture":"#hardenedclaystainedlime","cullface":"west"},"west":{"uv":[7.25,6.75,8.75,8.25],"texture":"#hardenedclaystainedlime","cullface":"west"}}},{"from":[2,7.25,7.75],"to":[2.75,9.75,8.25],"faces":{"down":{"uv":[14,8.25,13.25,7.75],"texture":"#hardenedclaystainedlime","cullface":"west"},"up":{"uv":[2,7.75,2.75,8.25],"texture":"#hardenedclaystainedlime","cullface":"west"},"north":{"uv":[13.25,6.25,14,8.75],"texture":"#hardenedclaystainedlime","cullface":"west"},"south":{"uv":[2,6.25,2.75,8.75],"texture":"#hardenedclaystainedlime","cullface":"west"},"west":{"uv":[7.75,6.25,8.25,8.75],"texture":"#hardenedclaystainedlime","cullface":"west"}}},{"from":[7,8.25,6.75],"to":[7.75,8.75,9.25],"faces":{"down":{"uv":[9,9.25,8.25,6.75],"texture":"#hardenedclaystainedlime","cullface":"west"},"up":{"uv":[7,6.75,7.75,9.25],"texture":"#hardenedclaystainedlime","cullface":"west"},"north":{"uv":[8.25,7.25,9,7.75],"texture":"#hardenedclaystainedlime","cullface":"west"},"south":{"uv":[7,7.25,7.75,7.75],"texture":"#hardenedclaystainedlime","cullface":"west"},"east":{"uv":[6.75,7.25,9.25,7.75],"texture":"#hardenedclaystainedlime","cullface":"west"}}},{"from":[2,7.75,7],"to":[2.75,9.25,9],"faces":{"down":{"uv":[14,9,13.25,7],"texture":"#hardenedclaystainedlime","cullface":"west"},"up":{"uv":[2,7,2.75,9],"texture":"#hardenedclaystainedlime","cullface":"west"},"north":{"uv":[13.25,6.75,14,8.25],"texture":"#hardenedclaystainedlime","cullface":"west"},"south":{"uv":[2,6.75,2.75,8.25],"texture":"#hardenedclaystainedlime","cullface":"west"},"west":{"uv":[7,6.75,9,8.25],"texture":"#hardenedclaystainedlime","cullface":"west"}}},{"from":[2,7.5,7.25],"to":[2.75,9.5,8.75],"faces":{"down":{"uv":[14,8.75,13.25,7.25],"texture":"#hardenedclaystainedlime","cullface":"west"},"up":{"uv":[2,7.25,2.75,8.75],"texture":"#hardenedclaystainedlime","cullface":"west"},"north":{"uv":[13.25,6.5,14,8.5],"texture":"#hardenedclaystainedlime","cullface":"west"},"south":{"uv":[2,6.5,2.75,8.5],"texture":"#hardenedclaystainedlime","cullface":"west"},"west":{"uv":[7.25,6.5,8.75,8.5],"texture":"#hardenedclaystainedlime","cullface":"west"}}},{"from":[6.25,7.25,7.5],"to":[7,9.75,8.5],"faces":{"down":{"uv":[9.75,8.5,9,7.5],"texture":"#hardenedclaystainedlime","cullface":"west"},"up":{"uv":[6.25,7.5,7,8.5],"texture":"#hardenedclaystainedlime","cullface":"west"},"north":{"uv":[9,6.25,9.75,8.75],"texture":"#hardenedclaystainedlime","cullface":"west"},"south":{"uv":[6.25,6.25,7,8.75],"texture":"#hardenedclaystainedlime","cullface":"west"},"east":{"uv":[7.5,6.25,8.5,8.75],"texture":"#hardenedclaystainedlime","cullface":"west"}}},{"from":[2.75,8,6.75],"to":[3.5,9,9.25],"faces":{"down":{"uv":[13.25,9.25,12.5,6.75],"texture":"#hardenedclaystainedlime","cullface":"west"},"up":{"uv":[2.75,6.75,3.5,9.25],"texture":"#hardenedclaystainedlime","cullface":"west"},"north":{"uv":[12.5,7,13.25,8],"texture":"#hardenedclaystainedlime","cullface":"west"},"south":{"uv":[2.75,7,3.5,8],"texture":"#hardenedclaystainedlime","cullface":"west"},"west":{"uv":[6.75,7,9.25,8],"texture":"#hardenedclaystainedlime","cullface":"west"}}},{"from":[2.75,7.5,7],"to":[3.5,9.5,9],"faces":{"down":{"uv":[13.25,9,12.5,7],"texture":"#hardenedclaystainedlime","cullface":"west"},"up":{"uv":[2.75,7,3.5,9],"texture":"#hardenedclaystainedlime","cullface":"west"},"north":{"uv":[12.5,6.5,13.25,8.5],"texture":"#hardenedclaystainedlime","cullface":"west"},"south":{"uv":[2.75,6.5,3.5,8.5],"texture":"#hardenedclaystainedlime","cullface":"west"},"west":{"uv":[7,6.5,9,8.5],"texture":"#hardenedclaystainedlime","cullface":"west"}}},{"from":[5.5,7,7.75],"to":[6.25,10,8.25],"faces":{"down":{"uv":[10.5,8.25,9.75,7.75],"texture":"#hardenedclaystainedlime","cullface":"west"},"up":{"uv":[5.5,7.75,6.25,8.25],"texture":"#hardenedclaystainedlime","cullface":"west"},"north":{"uv":[9.75,6,10.5,9],"texture":"#hardenedclaystainedlime","cullface":"west"},"south":{"uv":[5.5,6,6.25,9],"texture":"#hardenedclaystainedlime","cullface":"west"},"east":{"uv":[7.75,6,8.25,9],"texture":"#hardenedclaystainedlime","cullface":"west"}}},{"from":[5.5,8.25,6.5],"to":[6.25,8.75,9.5],"faces":{"down":{"uv":[10.5,9.5,9.75,6.5],"texture":"#hardenedclaystainedlime","cullface":"west"},"up":{"uv":[5.5,6.5,6.25,9.5],"texture":"#hardenedclaystainedlime","cullface":"west"},"north":{"uv":[9.75,7.25,10.5,7.75],"texture":"#hardenedclaystainedlime","cullface":"west"},"south":{"uv":[5.5,7.25,6.25,7.75],"texture":"#hardenedclaystainedlime","cullface":"west"},"east":{"uv":[6.5,7.25,9.5,7.75],"texture":"#hardenedclaystainedlime","cullface":"west"}}},{"from":[5.5,7.25,7.25],"to":[6.25,9.75,8.75],"faces":{"down":{"uv":[10.5,8.75,9.75,7.25],"texture":"#hardenedclaystainedlime","cullface":"west"},"up":{"uv":[5.5,7.25,6.25,8.75],"texture":"#hardenedclaystainedlime","cullface":"west"},"north":{"uv":[9.75,6.25,10.5,8.75],"texture":"#hardenedclaystainedlime","cullface":"west"},"south":{"uv":[5.5,6.25,6.25,8.75],"texture":"#hardenedclaystainedlime","cullface":"west"},"east":{"uv":[7.25,6.25,8.75,8.75],"texture":"#hardenedclaystainedlime","cullface":"west"}}},{"from":[5.5,7.75,6.75],"to":[6.25,9.25,9.25],"faces":{"down":{"uv":[10.5,9.25,9.75,6.75],"texture":"#hardenedclaystainedlime","cullface":"west"},"up":{"uv":[5.5,6.75,6.25,9.25],"texture":"#hardenedclaystainedlime","cullface":"west"},"north":{"uv":[9.75,6.75,10.5,8.25],"texture":"#hardenedclaystainedlime","cullface":"west"},"south":{"uv":[5.5,6.75,6.25,8.25],"texture":"#hardenedclaystainedlime","cullface":"west"},"east":{"uv":[6.75,6.75,9.25,8.25],"texture":"#hardenedclaystainedlime","cullface":"west"}}},{"from":[3.5,7.5,7],"to":[4.25,9.5,9],"faces":{"down":{"uv":[12.5,9,11.75,7],"texture":"#hardenedclaystainedlime","cullface":"west"},"up":{"uv":[3.5,7,4.25,9],"texture":"#hardenedclaystainedlime","cullface":"west"},"north":{"uv":[11.75,6.5,12.5,8.5],"texture":"#hardenedclaystainedlime","cullface":"west"},"south":{"uv":[3.5,6.5,4.25,8.5],"texture":"#hardenedclaystainedlime","cullface":"west"}}},{"from":[4.25,6.75,7.5],"to":[5.5,10.25,8.5],"faces":{"down":{"uv":[11.75,8.5,10.5,7.5],"texture":"#hardenedclaystainedlime","cullface":"west"},"up":{"uv":[4.25,7.5,5.5,8.5],"texture":"#hardenedclaystainedlime","cullface":"west"},"north":{"uv":[10.5,5.75,11.75,9.25],"texture":"#hardenedclaystainedlime","cullface":"west"},"south":{"uv":[4.25,5.75,5.5,9.25],"texture":"#hardenedclaystainedlime","cullface":"west"},"west":{"uv":[7.5,5.75,8.5,9.25],"texture":"#hardenedclaystainedlime","cullface":"west"},"east":{"uv":[7.5,5.75,8.5,9.25],"texture":"#hardenedclaystainedlime","cullface":"west"}}},{"from":[4.25,8,6.25],"to":[5.5,9,9.75],"faces":{"down":{"uv":[11.75,9.75,10.5,6.25],"texture":"#hardenedclaystainedlime","cullface":"west"},"up":{"uv":[4.25,6.25,5.5,9.75],"texture":"#hardenedclaystainedlime","cullface":"west"},"north":{"uv":[10.5,7,11.75,8],"texture":"#hardenedclaystainedlime","cullface":"west"},"south":{"uv":[4.25,7,5.5,8],"texture":"#hardenedclaystainedlime","cullface":"west"},"west":{"uv":[6.25,7,9.75,8],"texture":"#hardenedclaystainedlime","cullface":"west"},"east":{"uv":[6.25,7,9.75,8],"texture":"#hardenedclaystainedlime","cullface":"west"}}},{"from":[4.25,7,7],"to":[5.5,10,9],"faces":{"down":{"uv":[11.75,9,10.5,7],"texture":"#hardenedclaystainedlime","cullface":"west"},"up":{"uv":[4.25,7,5.5,9],"texture":"#hardenedclaystainedlime","cullface":"west"},"north":{"uv":[10.5,6,11.75,9],"texture":"#hardenedclaystainedlime","cullface":"west"},"south":{"uv":[4.25,6,5.5,9],"texture":"#hardenedclaystainedlime","cullface":"west"},"west":{"uv":[7,6,9,9],"texture":"#hardenedclaystainedlime","cullface":"west"},"east":{"uv":[7,6,9,9],"texture":"#hardenedclaystainedlime","cullface":"west"}}},{"from":[4.25,7.5,6.5],"to":[5.5,9.5,9.5],"faces":{"down":{"uv":[11.75,9.5,10.5,6.5],"texture":"#hardenedclaystainedlime","cullface":"west"},"up":{"uv":[4.25,6.5,5.5,9.5],"texture":"#hardenedclaystainedlime","cullface":"west"},"north":{"uv":[10.5,6.5,11.75,8.5],"texture":"#hardenedclaystainedlime","cullface":"west"},"south":{"uv":[4.25,6.5,5.5,8.5],"texture":"#hardenedclaystainedlime","cullface":"west"},"west":{"uv":[6.5,6.5,9.5,8.5],"texture":"#hardenedclaystainedlime","cullface":"west"},"east":{"uv":[6.5,6.5,9.5,8.5],"texture":"#hardenedclaystainedlime","cullface":"west"}}},{"from":[4.25,7.25,6.75],"to":[5.5,9.75,9.25],"faces":{"down":{"uv":[11.75,9.25,10.5,6.75],"texture":"#hardenedclaystainedlime","cullface":"west"},"up":{"uv":[4.25,6.75,5.5,9.25],"texture":"#hardenedclaystainedlime","cullface":"west"},"north":{"uv":[10.5,6.25,11.75,8.75],"texture":"#hardenedclaystainedlime","cullface":"west"},"south":{"uv":[4.25,6.25,5.5,8.75],"texture":"#hardenedclaystainedlime","cullface":"west"},"west":{"uv":[6.75,6.25,9.25,8.75],"texture":"#hardenedclaystainedlime","cullface":"west"},"east":{"uv":[6.75,6.25,9.25,8.75],"texture":"#hardenedclaystainedlime","cullface":"west"}}},{"from":[7.75,7.5,7.75],"to":[8.5,9.5,8.25],"faces":{"down":{"uv":[8.25,8.25,7.5,7.75],"texture":"#hardenedclaystainedlime","cullface":"west"},"up":{"uv":[7.75,7.75,8.5,8.25],"texture":"#hardenedclaystainedlime","cullface":"west"},"north":{"uv":[7.5,6.5,8.25,8.5],"texture":"#hardenedclaystainedlime","cullface":"west"},"south":{"uv":[7.75,6.5,8.5,8.5],"texture":"#hardenedclaystainedlime","cullface":"west"},"east":{"uv":[7.75,6.5,8.25,8.5],"texture":"#hardenedclaystainedlime","cullface":"west"}}},{"from":[7.75,8.25,7],"to":[8.5,8.75,9],"faces":{"down":{"uv":[8.25,9,7.5,7],"texture":"#hardenedclaystainedlime","cullface":"west"},"up":{"uv":[7.75,7,8.5,9],"texture":"#hardenedclaystainedlime","cullface":"west"},"north":{"uv":[7.5,7.25,8.25,7.75],"texture":"#hardenedclaystainedlime","cullface":"west"},"south":{"uv":[7.75,7.25,8.5,7.75],"texture":"#hardenedclaystainedlime","cullface":"west"},"east":{"uv":[7,7.25,9,7.75],"texture":"#hardenedclaystainedlime","cullface":"west"}}},{"from":[7.75,7.75,7.25],"to":[8.5,9.25,8.75],"faces":{"down":{"uv":[8.25,8.75,7.5,7.25],"texture":"#hardenedclaystainedlime","cullface":"west"},"up":{"uv":[7.75,7.25,8.5,8.75],"texture":"#hardenedclaystainedlime","cullface":"west"},"north":{"uv":[7.5,6.75,8.25,8.25],"texture":"#hardenedclaystainedlime","cullface":"west"},"south":{"uv":[7.75,6.75,8.5,8.25],"texture":"#hardenedclaystainedlime","cullface":"west"},"east":{"uv":[7.25,6.75,8.75,8.25],"texture":"#hardenedclaystainedlime","cullface":"west"}}},{"from":[7,7.25,7.75],"to":[7.75,9.75,8.25],"faces":{"down":{"uv":[9,8.25,8.25,7.75],"texture":"#hardenedclaystainedlime","cullface":"west"},"up":{"uv":[7,7.75,7.75,8.25],"texture":"#hardenedclaystainedlime","cullface":"west"},"north":{"uv":[8.25,6.25,9,8.75],"texture":"#hardenedclaystainedlime","cullface":"west"},"south":{"uv":[7,6.25,7.75,8.75],"texture":"#hardenedclaystainedlime","cullface":"west"},"east":{"uv":[7.75,6.25,8.25,8.75],"texture":"#hardenedclaystainedlime","cullface":"west"}}},{"from":[2,8.25,6.75],"to":[2.75,8.75,9.25],"faces":{"down":{"uv":[14,9.25,13.25,6.75],"texture":"#hardenedclaystainedlime","cullface":"west"},"up":{"uv":[2,6.75,2.75,9.25],"texture":"#hardenedclaystainedlime","cullface":"west"},"north":{"uv":[13.25,7.25,14,7.75],"texture":"#hardenedclaystainedlime","cullface":"west"},"south":{"uv":[2,7.25,2.75,7.75],"texture":"#hardenedclaystainedlime","cullface":"west"},"west":{"uv":[6.75,7.25,9.25,7.75],"texture":"#hardenedclaystainedlime","cullface":"west"}}},{"from":[7,7.75,7],"to":[7.75,9.25,9],"faces":{"down":{"uv":[9,9,8.25,7],"texture":"#hardenedclaystainedlime","cullface":"west"},"up":{"uv":[7,7,7.75,9],"texture":"#hardenedclaystainedlime","cullface":"west"},"north":{"uv":[8.25,6.75,9,8.25],"texture":"#hardenedclaystainedlime","cullface":"west"},"south":{"uv":[7,6.75,7.75,8.25],"texture":"#hardenedclaystainedlime","cullface":"west"},"east":{"uv":[7,6.75,9,8.25],"texture":"#hardenedclaystainedlime","cullface":"west"}}},{"from":[7,7.5,7.25],"to":[7.75,9.5,8.75],"faces":{"down":{"uv":[9,8.75,8.25,7.25],"texture":"#hardenedclaystainedlime","cullface":"west"},"up":{"uv":[7,7.25,7.75,8.75],"texture":"#hardenedclaystainedlime","cullface":"west"},"north":{"uv":[8.25,6.5,9,8.5],"texture":"#hardenedclaystainedlime","cullface":"west"},"south":{"uv":[7,6.5,7.75,8.5],"texture":"#hardenedclaystainedlime","cullface":"west"},"east":{"uv":[7.25,6.5,8.75,8.5],"texture":"#hardenedclaystainedlime","cullface":"west"}}},{"from":[2.75,7.25,7.5],"to":[3.5,9.75,8.5],"faces":{"down":{"uv":[13.25,8.5,12.5,7.5],"texture":"#hardenedclaystainedlime","cullface":"west"},"up":{"uv":[2.75,7.5,3.5,8.5],"texture":"#hardenedclaystainedlime","cullface":"west"},"north":{"uv":[12.5,6.25,13.25,8.75],"texture":"#hardenedclaystainedlime","cullface":"west"},"south":{"uv":[2.75,6.25,3.5,8.75],"texture":"#hardenedclaystainedlime","cullface":"west"},"west":{"uv":[7.5,6.25,8.5,8.75],"texture":"#hardenedclaystainedlime","cullface":"west"}}},{"from":[6.25,8,6.75],"to":[7,9,9.25],"faces":{"down":{"uv":[9.75,9.25,9,6.75],"texture":"#hardenedclaystainedlime","cullface":"west"},"up":{"uv":[6.25,6.75,7,9.25],"texture":"#hardenedclaystainedlime","cullface":"west"},"north":{"uv":[9,7,9.75,8],"texture":"#hardenedclaystainedlime","cullface":"west"},"south":{"uv":[6.25,7,7,8],"texture":"#hardenedclaystainedlime","cullface":"west"},"east":{"uv":[6.75,7,9.25,8],"texture":"#hardenedclaystainedlime","cullface":"west"}}},{"from":[6.25,7.5,7],"to":[7,9.5,9],"faces":{"down":{"uv":[9.75,9,9,7],"texture":"#hardenedclaystainedlime","cullface":"west"},"up":{"uv":[6.25,7,7,9],"texture":"#hardenedclaystainedlime","cullface":"west"},"north":{"uv":[9,6.5,9.75,8.5],"texture":"#hardenedclaystainedlime","cullface":"west"},"south":{"uv":[6.25,6.5,7,8.5],"texture":"#hardenedclaystainedlime","cullface":"west"},"east":{"uv":[7,6.5,9,8.5],"texture":"#hardenedclaystainedlime","cullface":"west"}}},{"from":[3.5,7,7.75],"to":[4.25,10,8.25],"faces":{"down":{"uv":[12.5,8.25,11.75,7.75],"texture":"#hardenedclaystainedlime","cullface":"west"},"up":{"uv":[3.5,7.75,4.25,8.25],"texture":"#hardenedclaystainedlime","cullface":"west"},"north":{"uv":[11.75,6,12.5,9],"texture":"#hardenedclaystainedlime","cullface":"west"},"south":{"uv":[3.5,6,4.25,9],"texture":"#hardenedclaystainedlime","cullface":"west"},"west":{"uv":[7.75,6,8.25,9],"texture":"#hardenedclaystainedlime","cullface":"west"}}},{"from":[3.5,8.25,6.5],"to":[4.25,8.75,9.5],"faces":{"down":{"uv":[12.5,9.5,11.75,6.5],"texture":"#hardenedclaystainedlime","cullface":"west"},"up":{"uv":[3.5,6.5,4.25,9.5],"texture":"#hardenedclaystainedlime","cullface":"west"},"north":{"uv":[11.75,7.25,12.5,7.75],"texture":"#hardenedclaystainedlime","cullface":"west"},"south":{"uv":[3.5,7.25,4.25,7.75],"texture":"#hardenedclaystainedlime","cullface":"west"},"west":{"uv":[6.5,7.25,9.5,7.75],"texture":"#hardenedclaystainedlime","cullface":"west"}}},{"from":[3.5,7.25,7.25],"to":[4.25,9.75,8.75],"faces":{"down":{"uv":[12.5,8.75,11.75,7.25],"texture":"#hardenedclaystainedlime","cullface":"west"},"up":{"uv":[3.5,7.25,4.25,8.75],"texture":"#hardenedclaystainedlime","cullface":"west"},"north":{"uv":[11.75,6.25,12.5,8.75],"texture":"#hardenedclaystainedlime","cullface":"west"},"south":{"uv":[3.5,6.25,4.25,8.75],"texture":"#hardenedclaystainedlime","cullface":"west"},"west":{"uv":[7.25,6.25,8.75,8.75],"texture":"#hardenedclaystainedlime","cullface":"west"}}},{"from":[3.5,7.75,6.75],"to":[4.25,9.25,9.25],"faces":{"down":{"uv":[12.5,9.25,11.75,6.75],"texture":"#hardenedclaystainedlime","cullface":"west"},"up":{"uv":[3.5,6.75,4.25,9.25],"texture":"#hardenedclaystainedlime","cullface":"west"},"north":{"uv":[11.75,6.75,12.5,8.25],"texture":"#hardenedclaystainedlime","cullface":"west"},"south":{"uv":[3.5,6.75,4.25,8.25],"texture":"#hardenedclaystainedlime","cullface":"west"},"west":{"uv":[6.75,6.75,9.25,8.25],"texture":"#hardenedclaystainedlime","cullface":"west"}}},{"from":[5.5,7.5,7],"to":[6.25,9.5,9],"faces":{"down":{"uv":[10.5,9,9.75,7],"texture":"#hardenedclaystainedlime","cullface":"west"},"up":{"uv":[5.5,7,6.25,9],"texture":"#hardenedclaystainedlime","cullface":"west"},"north":{"uv":[9.75,6.5,10.5,8.5],"texture":"#hardenedclaystainedlime","cullface":"west"},"south":{"uv":[5.5,6.5,6.25,8.5],"texture":"#hardenedclaystainedlime","cullface":"west"}}},{"from":[0.5,7.75,7.5],"to":[1.25,9.25,8.5],"faces":{"down":{"uv":[15.5,8.5,14.75,7.5],"texture":"#hardenedclaystainedlime","cullface":"west"},"up":{"uv":[0.5,7.5,1.25,8.5],"texture":"#hardenedclaystainedlime","cullface":"west"},"north":{"uv":[14.75,6.75,15.5,8.25],"texture":"#hardenedclaystainedlime","cullface":"west"},"south":{"uv":[0.5,6.75,1.25,8.25],"texture":"#hardenedclaystainedlime","cullface":"west"},"west":{"uv":[7.5,6.75,8.5,8.25],"texture":"#hardenedclaystainedlime","cullface":"west"}}},{"from":[0.5,8,7.25],"to":[1.25,9,8.75],"faces":{"down":{"uv":[15.5,8.75,14.75,7.25],"texture":"#hardenedclaystainedlime","cullface":"west"},"up":{"uv":[0.5,7.25,1.25,8.75],"texture":"#hardenedclaystainedlime","cullface":"west"},"north":{"uv":[14.75,7,15.5,8],"texture":"#hardenedclaystainedlime","cullface":"west"},"south":{"uv":[0.5,7,1.25,8],"texture":"#hardenedclaystainedlime","cullface":"west"},"west":{"uv":[7.25,7,8.75,8],"texture":"#hardenedclaystainedlime","cullface":"west"}}},{"from":[-0.25,8,7.75],"to":[0.5,9,8.25],"faces":{"down":{"uv":[16,8.25,15.5,7.75],"texture":"#hardenedclaystainedlime","cullface":"west"},"up":{"uv":[0,7.75,0.5,8.25],"texture":"#hardenedclaystainedlime","cullface":"west"},"north":{"uv":[15.5,7,16,8],"texture":"#hardenedclaystainedlime","cullface":"west"},"south":{"uv":[0,7,0.5,8],"texture":"#hardenedclaystainedlime","cullface":"west"},"west":{"uv":[7.75,7,8.25,8],"texture":"#hardenedclaystainedlime","cullface":"west"}}},{"from":[-0.25,8.25,7.5],"to":[0.5,8.75,8.5],"faces":{"down":{"uv":[16,8.5,15.5,7.5],"texture":"#hardenedclaystainedlime","cullface":"west"},"up":{"uv":[0,7.5,0.5,8.5],"texture":"#hardenedclaystainedlime","cullface":"west"},"north":{"uv":[15.5,7.25,16,7.75],"texture":"#hardenedclaystainedlime","cullface":"west"},"south":{"uv":[0,7.25,0.5,7.75],"texture":"#hardenedclaystainedlime","cullface":"west"},"west":{"uv":[7.5,7.25,8.5,7.75],"texture":"#hardenedclaystainedlime","cullface":"west"}}},{"from":[-1,8.25,7.75],"to":[-0.25,8.75,8.25],"faces":{"down":{"uv":[15.95,8.25,16,7.75],"texture":"#hardenedclaystainedlime","cullface":"west"},"up":{"uv":[0,7.75,0.05,8.25],"texture":"#hardenedclaystainedlime","cullface":"west"},"north":{"uv":[15.95,7.25,16,7.75],"texture":"#hardenedclaystainedlime","cullface":"west"},"south":{"uv":[0,7.25,0.05,7.75],"texture":"#hardenedclaystainedlime","cullface":"west"},"west":{"uv":[7.75,7.25,8.25,7.75],"texture":"#hardenedclaystainedlime","cullface":"west"}}},{"from":[14.5,8,7.5],"to":[17.75,9,8.5],"faces":{"down":{"uv":[1.5,8.5,0,7.5],"texture":"#hardenedclaystainedlime"},"up":{"uv":[14.5,7.5,16,8.5],"texture":"#hardenedclaystainedlime"},"north":{"uv":[0,7,1.5,8],"texture":"#hardenedclaystainedlime"},"south":{"uv":[14.5,7,16,8],"texture":"#hardenedclaystainedlime"},"west":{"uv":[7.5,7,8.5,8],"texture":"#hardenedclaystainedlime"},"east":{"uv":[7.5,7,8.5,8],"texture":"#hardenedclaystainedlime"}}}],"gui_light":"front"}