{"display":{"gui":{"rotation":[0,153,0],"scale":[0.7,0.7,0.7]},"head":{"translation":[-0.2,-5.6,-0.3],"scale":[1.25,1.25,1.25]},"ground":{"rotation":[0,0,90]}},"textures":{"particle":"casino/slots/wheel_base","texture":"casino/slots/wheel_base","texture1":"casino/slots/bell","texture2":"casino/slots/cherry","texture3":"casino/slots/lemon","texture4":"casino/slots/seven","texture5":"casino/slots/watermelon"},"elements":[{"faces":{"down":{"uv":[0,16,16,0],"texture":"#texture1"},"up":{"uv":[0,16,16,0],"texture":"#texture5"},"north":{"uv":[5.5,0,10,16],"texture":"#texture"},"south":{"uv":[6,0,10.5,16],"texture":"#texture"},"west":{"uv":[6,0,10.5,16],"texture":"#texture"},"east":{"uv":[5.5,0,10,16],"texture":"#texture"}},"from":[6,-0.5,6],"to":[10.5,16,10.5]},{"faces":{"down":{"uv":[6,0,10,16],"texture":"#texture"},"up":{"uv":[6,0,10,16],"texture":"#texture"},"north":{"uv":[0,0,16,16],"texture":"#texture4"},"south":{"uv":[0,16,16,0],"texture":"#texture1"},"west":{"uv":[0,6,16,10.5],"texture":"#texture"},"east":{"uv":[0,6,16,10.5],"texture":"#texture"}},"from":[6,5.5,0],"to":[10.5,10,16.5]},{"faces":{"down":{"uv":[6,2.46875,10,6.96875],"texture":"#texture"},"up":{"uv":[0,16,16,0],"texture":"#texture3"},"north":{"uv":[6,0,10,3.6875],"texture":"#texture"},"south":{"uv":[6,0,10,3.6875],"texture":"#texture"},"west":{"uv":[9.03125,0,13.53125,3.6875],"texture":"#texture"},"east":{"uv":[2.46875,0,6.96875,3.6875],"texture":"#texture"}},"from":[6,12.3125,9.031199],"to":[10.5,16.3125,13.5312],"rotation":{"origin":[6,12.3125,9.03125],"axis":"x","angle":22.5}},{"faces":{"down":{"uv":[6,0,10,3.21875],"texture":"#texture"},"up":{"uv":[6,12.78125,10,16],"texture":"#texture"},"north":{"uv":[6,2.96875,10,7.46875],"texture":"#texture"},"south":{"uv":[0,16,16,0],"texture":"#texture2"},"west":{"uv":[12.78125,2.96875,16,7.46875],"texture":"#texture"},"east":{"uv":[0,2.96875,3.21875,7.46875],"texture":"#texture"}},"from":[6,8.531199,12.7812],"to":[10.5,13.0312,16.7812],"rotation":{"origin":[6,8.53125,12.78125],"axis":"x","angle":-22.5}},{"faces":{"down":{"uv":[6,3.5,10.5,5.5],"texture":"#texture"},"up":{"uv":[6,10.5,10.5,12.5],"texture":"#texture"},"north":{"uv":[5.5,4,10,6],"texture":"#texture"},"south":{"uv":[6,4,10.5,6],"texture":"#texture"},"west":{"uv":[10.5,4,12.5,6],"texture":"#texture"},"east":{"uv":[3.5,4,5.5,6],"texture":"#texture"}},"from":[6,10,10.5],"to":[10.5,12,12.5]},{"faces":{"down":{"uv":[6,0.9375,10,4.9375],"texture":"#texture"},"up":{"uv":[6,11.0625,10,15.0625],"texture":"#texture"},"north":{"uv":[6,8.6875,10,13.1875],"texture":"#texture"},"south":{"uv":[0,16,16,0],"texture":"#texture5"},"west":{"uv":[11.0625,8.6875,15.0625,13.1875],"texture":"#texture"},"east":{"uv":[0.9375,8.6875,4.9375,13.1875],"texture":"#texture"}},"from":[6,2.8125,11.0625],"to":[10.5,7.3125,15.0625],"rotation":{"origin":[6,2.8125,11.0625],"axis":"x","angle":22.5}},{"faces":{"down":{"uv":[0,16,16,0],"texture":"#texture3"},"up":{"uv":[6,10.5625,10,15.0625],"texture":"#texture"},"north":{"uv":[6,12.46875,10,16],"texture":"#texture"},"south":{"uv":[6,12.46875,10,16],"texture":"#texture"},"west":{"uv":[10.5625,12.46875,15.0625,16],"texture":"#texture"},"east":{"uv":[0.9375,12.46875,5.4375,16],"texture":"#texture"}},"from":[6,-0.4688,10.5625],"to":[10.5,3.5312,15.0625],"rotation":{"origin":[6,-0.46875,10.5625],"axis":"x","angle":-22.5}},{"faces":{"down":{"uv":[6,3.5,10.5,5.5],"texture":"#texture"},"up":{"uv":[6,10.5,10.5,12.5],"texture":"#texture"},"north":{"uv":[5.5,10.5,10,12.5],"texture":"#texture"},"south":{"uv":[6,10.5,10.5,12.5],"texture":"#texture"},"west":{"uv":[10.5,10.5,12.5,12.5],"texture":"#texture"},"east":{"uv":[3.5,10.5,5.5,12.5],"texture":"#texture"}},"from":[6,3.5,10.5],"to":[10.5,5.5,12.5]},{"faces":{"down":{"uv":[6,12,10,16],"texture":"#texture"},"up":{"uv":[6,0,10,4],"texture":"#texture"},"north":{"uv":[0,0,16,16],"texture":"#texture2"},"south":{"uv":[6,1.5,10,6],"texture":"#texture"},"west":{"uv":[0,1.5,4,6],"texture":"#texture"},"east":{"uv":[12,1.5,16,6],"texture":"#texture"}},"from":[6,10.0312,0.0312],"to":[10.5,14.5312,4.0312],"rotation":{"origin":[6,10.03125,0.03125],"axis":"x","angle":22.5}},{"faces":{"down":{"uv":[6,10,10,14.5],"texture":"#texture"},"up":{"uv":[0,16,16,0],"texture":"#texture3"},"north":{"uv":[6,0,10,4],"texture":"#texture"},"south":{"uv":[6,0,10,4],"texture":"#texture"},"west":{"uv":[1.5,0,6,4],"texture":"#texture"},"east":{"uv":[10,0,14.5,4],"texture":"#texture"}},"from":[6,10.5625,3.3125],"to":[10.5,14.5625,7.8125],"rotation":{"origin":[6,10.5625,3.3125],"axis":"x","angle":-22.5}},{"faces":{"down":{"uv":[6,10,10.5,12],"texture":"#texture"},"up":{"uv":[6,4,10.5,6],"texture":"#texture"},"north":{"uv":[5.5,4,10,6],"texture":"#texture"},"south":{"uv":[6,4,10.5,6],"texture":"#texture"},"west":{"uv":[4,4,6,6],"texture":"#texture"},"east":{"uv":[10,4,12,6],"texture":"#texture"}},"from":[6,10,4],"to":[10.5,12,6]},{"faces":{"down":{"uv":[6,10.28125,10,14.28125],"texture":"#texture"},"up":{"uv":[6,1.71875,10,5.71875],"texture":"#texture"},"north":{"uv":[0,0,16,16],"texture":"#texture3"},"south":{"uv":[6,10.21875,10,14.71875],"texture":"#texture"},"west":{"uv":[1.71875,10.21875,5.71875,14.71875],"texture":"#texture"},"east":{"uv":[10.28125,10.21875,14.28125,14.71875],"texture":"#texture"}},"from":[6,1.2812,1.7188],"to":[10.5,5.7812,5.7188],"rotation":{"origin":[6,1.28125,1.71875],"axis":"x","angle":-22.5}},{"faces":{"down":{"uv":[0,16,16,0],"texture":"#texture5"},"up":{"uv":[6,1.78125,10,6.28125],"texture":"#texture"},"north":{"uv":[6,10.28125,10,14.78125],"texture":"#texture"},"south":{"uv":[6,10.28125,10,14.78125],"texture":"#texture"},"west":{"uv":[1.78125,10.28125,6.28125,14.78125],"texture":"#texture"},"east":{"uv":[9.71875,10.28125,14.21875,14.78125],"texture":"#texture"}},"from":[6,1.25,1.7812],"to":[10.5,5.75,6.2812],"rotation":{"origin":[6,1.25,1.78125],"axis":"x","angle":22.5}},{"faces":{"down":{"uv":[6,10,10.5,12],"texture":"#texture"},"up":{"uv":[6,4,10.5,6],"texture":"#texture"},"north":{"uv":[5.5,10.5,10,12.5],"texture":"#texture"},"south":{"uv":[6,10.5,10.5,12.5],"texture":"#texture"},"west":{"uv":[4,10.5,6,12.5],"texture":"#texture"},"east":{"uv":[10,10.5,12,12.5],"texture":"#texture"}},"from":[6,3.5,4],"to":[10.5,5.5,6]}],"gui_light":"front"}