{"display":{"thirdperson_righthand":{"rotation":[0,88,34],"translation":[0,2.7826,-4.168],"scale":[0.7,0.7,0.7]},"thirdperson_lefthand":{"rotation":[0,-88,-34],"translation":[0,2.7826,-4.168],"scale":[0.7,0.7,0.7]},"firstperson_righthand":{"rotation":[0,90,0],"translation":[1.3922,2.0869,-6.956],"scale":[0.8,0.8,0.8]},"firstperson_lefthand":{"rotation":[0,-90,0],"translation":[1.3922,2.0869,-6.956],"scale":[0.8,0.8,0.8]},"gui":{"rotation":[0,0,45],"translation":[0,-0.695,0],"scale":[0.8,0.8,0.8]},"ground":{"rotation":[90,0,0]},"fixed":{"rotation":[0,0,45],"translation":[0,-1.39,0]}},"textures":{"particle":"christmas_models/snowball_gun","mesh_atlas":"christmas_models/snowball_gun"},"elements":[{"faces":{"down":{"uv":[9.5,15.75,14.5,16],"texture":"#mesh_atlas"},"up":{"uv":[4.5,16,9.5,15.75],"texture":"#mesh_atlas"},"north":{"uv":[9.5,15.625,4.5,15.75],"texture":"#mesh_atlas"},"south":{"uv":[9.5,15.625,14.5,15.75],"texture":"#mesh_atlas"},"west":{"uv":[4.25,10.125,4.5,10.25],"texture":"#mesh_atlas"},"east":{"uv":[4.5,10,4.25,10.125],"texture":"#mesh_atlas"}},"from":[-2.5,8,7.5],"to":[17.5,8.5,8.5]},{"faces":{"down":{"uv":[4.5,15.5,9.25,15.625],"texture":"#mesh_atlas"},"up":{"uv":[9.25,15.625,14,15.5],"texture":"#mesh_atlas"},"north":{"uv":[14,15.375,9.25,15.5],"texture":"#mesh_atlas"},"south":{"uv":[4.5,15.375,9.25,15.5],"texture":"#mesh_atlas"},"west":{"uv":[15.875,15.5,16,15.625],"texture":"#mesh_atlas"},"east":{"uv":[16,15.375,15.875,15.5],"texture":"#mesh_atlas"}},"from":[-2.5,8.5,7],"to":[16.5,9,7.5]},{"faces":{"down":{"uv":[0,15.625,4.5,16],"texture":"#mesh_atlas"},"up":{"uv":[0,15.625,4.5,15.25],"texture":"#mesh_atlas"},"north":{"uv":[4.5,12,0,12.125],"texture":"#mesh_atlas"},"south":{"uv":[0,11.875,4.5,12],"texture":"#mesh_atlas"},"west":{"uv":[6.875,8,7.25,8.125],"texture":"#mesh_atlas"},"east":{"uv":[8.375,10.5,8,10.625],"texture":"#mesh_atlas"}},"from":[-2.5,8.5,7.5],"to":[15.5,9,9]},{"faces":{"down":{"uv":[4.5,14.875,8,15],"texture":"#mesh_atlas"},"up":{"uv":[4.5,15.125,8,15],"texture":"#mesh_atlas"},"north":{"uv":[8,15.25,4.5,15.375],"texture":"#mesh_atlas"},"south":{"uv":[4.5,15.125,8,15.25],"texture":"#mesh_atlas"},"west":{"uv":[7.875,14.75,8,14.875],"texture":"#mesh_atlas"},"east":{"uv":[8,14.625,7.875,14.75],"texture":"#mesh_atlas"}},"from":[-2.5,9,7],"to":[11.5,9.5,7.5]},{"faces":{"down":{"uv":[0,14.5,3.375,14.875],"texture":"#mesh_atlas"},"up":{"uv":[0,15.25,3.375,14.875],"texture":"#mesh_atlas"},"north":{"uv":[7.875,14.625,4.5,14.75],"texture":"#mesh_atlas"},"south":{"uv":[4.5,14.5,7.875,14.625],"texture":"#mesh_atlas"},"west":{"uv":[8,10.125,8.375,10.25],"texture":"#mesh_atlas"},"east":{"uv":[8.375,10,8,10.125],"texture":"#mesh_atlas"}},"from":[-2.5,9,7.5],"to":[11,9.5,9]},{"faces":{"down":{"uv":[4.5,14.375,7.875,14.5],"texture":"#mesh_atlas"},"up":{"uv":[4.5,14.375,7.875,14.25],"texture":"#mesh_atlas"},"north":{"uv":[3.375,13.5,0,13.75],"texture":"#mesh_atlas"},"south":{"uv":[0,13,3.375,13.25],"texture":"#mesh_atlas"},"west":{"uv":[4.375,12.75,4.5,13],"texture":"#mesh_atlas"},"east":{"uv":[1.375,9.125,1.25,9.375],"texture":"#mesh_atlas"}},"from":[-2.5,9.5,7],"to":[11,10.5,7.5]},{"faces":{"down":{"uv":[2.5,12.375,4.25,12.625],"texture":"#mesh_atlas"},"up":{"uv":[2.5,12.375,4.25,12.125],"texture":"#mesh_atlas"},"north":{"uv":[1.75,12.625,0,13],"texture":"#mesh_atlas"},"south":{"uv":[1.75,12.625,3.5,13],"texture":"#mesh_atlas"},"west":{"uv":[6.25,8.25,6.5,8.625],"texture":"#mesh_atlas"},"east":{"uv":[4.5,14.875,4.25,15.25],"texture":"#mesh_atlas"}},"from":[-2.5,9.5,7.5],"to":[4.5,11,8.5]},{"faces":{"down":{"uv":[4.5,14.75,7.875,14.875],"texture":"#mesh_atlas"},"up":{"uv":[4.5,14.25,7.875,14.125],"texture":"#mesh_atlas"},"north":{"uv":[3.375,13.25,0,13.5],"texture":"#mesh_atlas"},"south":{"uv":[0,13.75,3.375,14],"texture":"#mesh_atlas"},"west":{"uv":[1.25,8.875,1.375,9.125],"texture":"#mesh_atlas"},"east":{"uv":[4.5,11,4.375,11.25],"texture":"#mesh_atlas"}},"from":[-2.5,9.5,8.5],"to":[11,10.5,9]},{"faces":{"down":{"uv":[5.625,8.875,6.25,9.125],"texture":"#mesh_atlas"},"up":{"uv":[5,8.25,5.625,8],"texture":"#mesh_atlas"},"north":{"uv":[5.625,8.25,5,8.5],"texture":"#mesh_atlas"},"south":{"uv":[5,8.75,5.625,9],"texture":"#mesh_atlas"},"west":{"uv":[8,10.875,8.25,11.125],"texture":"#mesh_atlas"},"east":{"uv":[8.25,11.375,8,11.625],"texture":"#mesh_atlas"}},"from":[-2,4.5,7.5],"to":[0.5,5.5,8.5]},{"faces":{"down":{"uv":[4.5,8.625,5,8.875],"texture":"#mesh_atlas"},"up":{"uv":[4.5,9.625,5,9.375],"texture":"#mesh_atlas"},"north":{"uv":[8.875,13,8.375,13.125],"texture":"#mesh_atlas"},"south":{"uv":[8.375,13.125,8.875,13.25],"texture":"#mesh_atlas"},"west":{"uv":[4.25,9.375,4.5,9.5],"texture":"#mesh_atlas"},"east":{"uv":[4.5,9.25,4.25,9.375],"texture":"#mesh_atlas"}},"from":[-1.5,4,7.5],"to":[0.5,4.5,8.5]},{"faces":{"down":{"uv":[8.375,13.25,8.875,13.375],"texture":"#mesh_atlas"},"up":{"uv":[8.375,13.5,8.875,13.375],"texture":"#mesh_atlas"},"north":{"uv":[5,9.625,4.5,9.875],"texture":"#mesh_atlas"},"south":{"uv":[4.5,10.375,5,10.625],"texture":"#mesh_atlas"},"west":{"uv":[4.375,10.75,4.5,11],"texture":"#mesh_atlas"},"east":{"uv":[4.5,10.5,4.375,10.75],"texture":"#mesh_atlas"}},"from":[-1.5,4.5,7],"to":[0.5,5.5,7.5]},{"faces":{"down":{"uv":[8.375,14.5,8.875,14.625],"texture":"#mesh_atlas"},"up":{"uv":[8.375,14.75,8.875,14.625],"texture":"#mesh_atlas"},"north":{"uv":[5,8.125,4.5,8.375],"texture":"#mesh_atlas"},"south":{"uv":[4.5,8.375,5,8.625],"texture":"#mesh_atlas"},"west":{"uv":[4.375,10.25,4.5,10.5],"texture":"#mesh_atlas"},"east":{"uv":[8.375,14.625,8.25,14.875],"texture":"#mesh_atlas"}},"from":[-1.5,4.5,8.5],"to":[0.5,5.5,9]},{"faces":{"down":{"uv":[5,9.75,5.625,10],"texture":"#mesh_atlas"},"up":{"uv":[3.875,8.25,4.5,8],"texture":"#mesh_atlas"},"north":{"uv":[5.625,9.5,5,9.75],"texture":"#mesh_atlas"},"south":{"uv":[5,8.5,5.625,8.75],"texture":"#mesh_atlas"},"west":{"uv":[8,13.125,8.25,13.375],"texture":"#mesh_atlas"},"east":{"uv":[8.25,13.375,8,13.625],"texture":"#mesh_atlas"}},"from":[-1.5,5.5,7.5],"to":[1,6.5,8.5]},{"faces":{"down":{"uv":[1.375,9.375,4.25,9.5],"texture":"#mesh_atlas"},"up":{"uv":[1.375,9.625,4.25,9.5],"texture":"#mesh_atlas"},"north":{"uv":[4.25,9.625,1.375,9.75],"texture":"#mesh_atlas"},"south":{"uv":[1.375,9.75,4.25,9.875],"texture":"#mesh_atlas"},"west":{"uv":[7.875,14.5,8,14.625],"texture":"#mesh_atlas"},"east":{"uv":[8,14.375,7.875,14.5],"texture":"#mesh_atlas"}},"from":[-1.5,8,7],"to":[10,8.5,7.5]},{"faces":{"down":{"uv":[1.375,9.25,4.25,9.375],"texture":"#mesh_atlas"},"up":{"uv":[1.375,10,4.25,9.875],"texture":"#mesh_atlas"},"north":{"uv":[4.25,10,1.375,10.125],"texture":"#mesh_atlas"},"south":{"uv":[1.375,10.125,4.25,10.25],"texture":"#mesh_atlas"},"west":{"uv":[7.875,14.25,8,14.375],"texture":"#mesh_atlas"},"east":{"uv":[8,14.125,7.875,14.25],"texture":"#mesh_atlas"}},"from":[-1.5,8,8.5],"to":[10,8.5,9]},{"faces":{"down":{"uv":[4.5,13.75,7.75,13.875],"texture":"#mesh_atlas"},"up":{"uv":[4.5,14,7.75,13.875],"texture":"#mesh_atlas"},"north":{"uv":[7.75,13.25,4.5,13.375],"texture":"#mesh_atlas"},"south":{"uv":[4.5,14,7.75,14.125],"texture":"#mesh_atlas"},"west":{"uv":[7.875,10.875,8,11],"texture":"#mesh_atlas"},"east":{"uv":[8.375,12.625,8.25,12.75],"texture":"#mesh_atlas"}},"from":[-1.5,10.5,7],"to":[11.5,11,7.5]},{"faces":{"down":{"uv":[4.5,13.625,7.75,13.75],"texture":"#mesh_atlas"},"up":{"uv":[4.5,13.25,7.75,13.125],"texture":"#mesh_atlas"},"north":{"uv":[7.75,13.375,4.5,13.5],"texture":"#mesh_atlas"},"south":{"uv":[4.5,13.5,7.75,13.625],"texture":"#mesh_atlas"},"west":{"uv":[15.875,15.125,16,15.25],"texture":"#mesh_atlas"},"east":{"uv":[9,13.375,8.875,13.5],"texture":"#mesh_atlas"}},"from":[-1.5,10.5,8.5],"to":[11.5,11,9]},{"faces":{"down":{"uv":[0,12.375,2.5,12.625],"texture":"#mesh_atlas"},"up":{"uv":[0,12.375,2.5,12.125],"texture":"#mesh_atlas"},"north":{"uv":[3.875,8,1.375,8.125],"texture":"#mesh_atlas"},"south":{"uv":[1.375,8.125,3.875,8.25],"texture":"#mesh_atlas"},"west":{"uv":[7.75,13.125,8,13.25],"texture":"#mesh_atlas"},"east":{"uv":[8,10.75,7.75,10.875],"texture":"#mesh_atlas"}},"from":[-1.5,11,7.5],"to":[8.5,11.5,8.5]},{"faces":{"down":{"uv":[4.25,13.5,4.5,13.75],"texture":"#mesh_atlas"},"up":{"uv":[8,11.375,8.25,11.125],"texture":"#mesh_atlas"},"north":{"uv":[8,10.625,7.75,10.75],"texture":"#mesh_atlas"},"south":{"uv":[7.75,10.5,8,10.625],"texture":"#mesh_atlas"},"west":{"uv":[7.75,10.375,8,10.5],"texture":"#mesh_atlas"},"east":{"uv":[8,10.25,7.75,10.375],"texture":"#mesh_atlas"}},"from":[-1,3.5,7.5],"to":[0,4,8.5]},{"faces":{"down":{"uv":[7.75,10.125,8,10.25],"texture":"#mesh_atlas"},"up":{"uv":[8.75,12.875,9,12.75],"texture":"#mesh_atlas"},"north":{"uv":[9,12.625,8.75,12.75],"texture":"#mesh_atlas"},"south":{"uv":[8.75,12.5,9,12.625],"texture":"#mesh_atlas"},"west":{"uv":[15.875,15,16,15.125],"texture":"#mesh_atlas"},"east":{"uv":[9,14.75,8.875,14.875],"texture":"#mesh_atlas"}},"from":[-1,4,7],"to":[0,4.5,7.5]},{"faces":{"down":{"uv":[8.75,12.375,9,12.5],"texture":"#mesh_atlas"},"up":{"uv":[8.75,12.375,9,12.25],"texture":"#mesh_atlas"},"north":{"uv":[9,12.125,8.75,12.25],"texture":"#mesh_atlas"},"south":{"uv":[8.75,12,9,12.125],"texture":"#mesh_atlas"},"west":{"uv":[8.875,14.625,9,14.75],"texture":"#mesh_atlas"},"east":{"uv":[9,14.5,8.875,14.625],"texture":"#mesh_atlas"}},"from":[-1,4,8.5],"to":[0,4.5,9]},{"faces":{"down":{"uv":[8.375,12.875,8.875,13],"texture":"#mesh_atlas"},"up":{"uv":[8.375,13.75,8.875,13.625],"texture":"#mesh_atlas"},"north":{"uv":[0.5,8,0,8.25],"texture":"#mesh_atlas"},"south":{"uv":[0.5,8,1,8.25],"texture":"#mesh_atlas"},"west":{"uv":[8.25,13.875,8.375,14.125],"texture":"#mesh_atlas"},"east":{"uv":[8.375,13.625,8.25,13.875],"texture":"#mesh_atlas"}},"from":[-1,5.5,7],"to":[1,6.5,7.5]},{"faces":{"down":{"uv":[8.375,13.75,8.875,13.875],"texture":"#mesh_atlas"},"up":{"uv":[8.375,14.25,8.875,14.125],"texture":"#mesh_atlas"},"north":{"uv":[5,10.125,4.5,10.375],"texture":"#mesh_atlas"},"south":{"uv":[4.5,9.875,5,10.125],"texture":"#mesh_atlas"},"west":{"uv":[8.25,13.375,8.375,13.625],"texture":"#mesh_atlas"},"east":{"uv":[8.375,13.125,8.25,13.375],"texture":"#mesh_atlas"}},"from":[-1,5.5,8.5],"to":[1,6.5,9]},{"faces":{"down":{"uv":[5.625,9.375,6.25,9.625],"texture":"#mesh_atlas"},"up":{"uv":[5.625,9.375,6.25,9.125],"texture":"#mesh_atlas"},"north":{"uv":[9,15,8.375,15.125],"texture":"#mesh_atlas"},"south":{"uv":[15.25,15.125,15.875,15.25],"texture":"#mesh_atlas"},"west":{"uv":[8.75,11.625,9,11.75],"texture":"#mesh_atlas"},"east":{"uv":[9,11.5,8.75,11.625],"texture":"#mesh_atlas"}},"from":[-1,6.5,7.5],"to":[1.5,7,8.5]},{"faces":{"down":{"uv":[8.75,11.375,9,11.5],"texture":"#mesh_atlas"},"up":{"uv":[8.75,11.375,9,11.25],"texture":"#mesh_atlas"},"north":{"uv":[6.5,8.625,6.25,9.125],"texture":"#mesh_atlas"},"south":{"uv":[1,8.125,1.25,8.625],"texture":"#mesh_atlas"},"west":{"uv":[8.125,12.625,8.25,13.125],"texture":"#mesh_atlas"},"east":{"uv":[8.125,12.625,8,13.125],"texture":"#mesh_atlas"}},"from":[-1,8,6.5],"to":[0,10,7]},{"faces":{"down":{"uv":[8.75,11.125,9,11.25],"texture":"#mesh_atlas"},"up":{"uv":[8.75,11.125,9,11],"texture":"#mesh_atlas"},"north":{"uv":[5,8.875,4.75,9.375],"texture":"#mesh_atlas"},"south":{"uv":[4.5,8.875,4.75,9.375],"texture":"#mesh_atlas"},"west":{"uv":[1.25,8.125,1.375,8.625],"texture":"#mesh_atlas"},"east":{"uv":[4.5,14,4.375,14.5],"texture":"#mesh_atlas"}},"from":[-1,8,9],"to":[0,10,9.5]},{"faces":{"down":{"uv":[8,14.875,8.375,15.125],"texture":"#mesh_atlas"},"up":{"uv":[6.875,8.375,7.25,8.125],"texture":"#mesh_atlas"},"north":{"uv":[8.75,9.125,8.375,9.25],"texture":"#mesh_atlas"},"south":{"uv":[8.375,9,8.75,9.125],"texture":"#mesh_atlas"},"west":{"uv":[8.75,10.875,9,11],"texture":"#mesh_atlas"},"east":{"uv":[9,10.75,8.75,10.875],"texture":"#mesh_atlas"}},"from":[-1,11.5,7.5],"to":[0.5,12,8.5]},{"faces":{"down":{"uv":[8.375,13.875,8.875,14],"texture":"#mesh_atlas"},"up":{"uv":[8.375,14.875,8.875,14.75],"texture":"#mesh_atlas"},"north":{"uv":[5,10.875,4.5,11.25],"texture":"#mesh_atlas"},"south":{"uv":[0.5,8.25,1,8.625],"texture":"#mesh_atlas"},"west":{"uv":[4.375,8.25,4.5,8.625],"texture":"#mesh_atlas"},"east":{"uv":[8.375,12.75,8.25,13.125],"texture":"#mesh_atlas"}},"from":[-0.5,6.5,7],"to":[1.5,8,7.5]},{"faces":{"down":{"uv":[8.375,13.5,8.875,13.625],"texture":"#mesh_atlas"},"up":{"uv":[8.375,14.375,8.875,14.25],"texture":"#mesh_atlas"},"north":{"uv":[0.5,8.25,0,8.625],"texture":"#mesh_atlas"},"south":{"uv":[3.875,8.25,4.375,8.625],"texture":"#mesh_atlas"},"west":{"uv":[8.375,8.375,8.5,8.75],"texture":"#mesh_atlas"},"east":{"uv":[8.5,8,8.375,8.375],"texture":"#mesh_atlas"}},"from":[-0.5,6.5,8.5],"to":[1.5,8,9]},{"faces":{"down":{"uv":[0.875,8.625,1.375,8.875],"texture":"#mesh_atlas"},"up":{"uv":[7.5,11.5,8,11.25],"texture":"#mesh_atlas"},"north":{"uv":[5,10.625,4.5,10.875],"texture":"#mesh_atlas"},"south":{"uv":[7.5,11.625,8,11.875],"texture":"#mesh_atlas"},"west":{"uv":[4.25,13.25,4.5,13.5],"texture":"#mesh_atlas"},"east":{"uv":[4.5,12.125,4.25,12.375],"texture":"#mesh_atlas"}},"from":[-0.5,7,7.5],"to":[1.5,8,8.5]},{"faces":{"down":{"uv":[1.375,8.5,3.875,8.625],"texture":"#mesh_atlas"},"up":{"uv":[1.375,8.375,3.875,8.25],"texture":"#mesh_atlas"},"north":{"uv":[3.875,9.125,1.375,9.25],"texture":"#mesh_atlas"},"south":{"uv":[1.375,9,3.875,9.125],"texture":"#mesh_atlas"},"west":{"uv":[8.875,14.375,9,14.5],"texture":"#mesh_atlas"},"east":{"uv":[9,14.25,8.875,14.375],"texture":"#mesh_atlas"}},"from":[-0.5,10,6.5],"to":[9.5,10.5,7]},{"faces":{"down":{"uv":[1.375,8.625,3.875,8.75],"texture":"#mesh_atlas"},"up":{"uv":[1.375,8.875,3.875,8.75],"texture":"#mesh_atlas"},"north":{"uv":[3.875,8.875,1.375,9],"texture":"#mesh_atlas"},"south":{"uv":[1.375,8.375,3.875,8.5],"texture":"#mesh_atlas"},"west":{"uv":[8.875,14.125,9,14.25],"texture":"#mesh_atlas"},"east":{"uv":[9,14,8.875,14.125],"texture":"#mesh_atlas"}},"from":[-0.5,10,9],"to":[9.5,10.5,9.5]},{"faces":{"down":{"uv":[6.875,9.625,8,9.75],"texture":"#mesh_atlas"},"up":{"uv":[6.25,9.625,7.375,9.5],"texture":"#mesh_atlas"},"north":{"uv":[8,9.75,6.875,9.875],"texture":"#mesh_atlas"},"south":{"uv":[6.875,9.875,8,10],"texture":"#mesh_atlas"},"west":{"uv":[8.875,13.875,9,14],"texture":"#mesh_atlas"},"east":{"uv":[9,13.75,8.875,13.875],"texture":"#mesh_atlas"}},"from":[-0.5,11,7],"to":[4,11.5,7.5]},{"faces":{"down":{"uv":[8.875,13.625,9,13.75],"texture":"#mesh_atlas"},"up":{"uv":[8.875,13.625,9,13.5],"texture":"#mesh_atlas"},"north":{"uv":[9.125,14.5,9,14.875],"texture":"#mesh_atlas"},"south":{"uv":[9,14.125,9.125,14.5],"texture":"#mesh_atlas"},"west":{"uv":[4.375,11.25,4.5,11.625],"texture":"#mesh_atlas"},"east":{"uv":[9.125,13.75,9,14.125],"texture":"#mesh_atlas"}},"from":[0,8.5,6.5],"to":[0.5,10,7]},{"faces":{"down":{"uv":[8.875,13.25,9,13.375],"texture":"#mesh_atlas"},"up":{"uv":[8.875,13.25,9,13.125],"texture":"#mesh_atlas"},"north":{"uv":[9.125,13.375,9,13.75],"texture":"#mesh_atlas"},"south":{"uv":[9,13,9.125,13.375],"texture":"#mesh_atlas"},"west":{"uv":[9,12.625,9.125,13],"texture":"#mesh_atlas"},"east":{"uv":[9.125,12.25,9,12.625],"texture":"#mesh_atlas"}},"from":[0,8.5,9],"to":[0.5,10,9.5]},{"faces":{"down":{"uv":[8.25,11.625,8.375,11.875],"texture":"#mesh_atlas"},"up":{"uv":[8.25,11.625,8.375,11.375],"texture":"#mesh_atlas"},"north":{"uv":[9,13,8.875,13.125],"texture":"#mesh_atlas"},"south":{"uv":[8.875,12.875,9,13],"texture":"#mesh_atlas"},"west":{"uv":[8.75,9.375,9,9.5],"texture":"#mesh_atlas"},"east":{"uv":[9,9.25,8.75,9.375],"texture":"#mesh_atlas"}},"from":[0.5,5,7.5],"to":[1,5.5,8.5]},{"faces":{"down":{"uv":[4.5,12.625,6.75,12.75],"texture":"#mesh_atlas"},"up":{"uv":[4.5,12.625,6.75,12.5],"texture":"#mesh_atlas"},"north":{"uv":[6.75,12.375,4.5,12.5],"texture":"#mesh_atlas"},"south":{"uv":[4.5,13,6.75,13.125],"texture":"#mesh_atlas"},"west":{"uv":[8.875,8.625,9,8.75],"texture":"#mesh_atlas"},"east":{"uv":[9.625,11.625,9.5,11.75],"texture":"#mesh_atlas"}},"from":[0.5,9,6.5],"to":[9.5,9.5,7]},{"faces":{"down":{"uv":[4.5,12.75,6.75,12.875],"texture":"#mesh_atlas"},"up":{"uv":[4.5,13,6.75,12.875],"texture":"#mesh_atlas"},"north":{"uv":[2.25,11.625,0,11.875],"texture":"#mesh_atlas"},"south":{"uv":[2.25,11.625,4.5,11.875],"texture":"#mesh_atlas"},"west":{"uv":[9.125,10.125,9.25,10.375],"texture":"#mesh_atlas"},"east":{"uv":[9.125,8.5,9,8.75],"texture":"#mesh_atlas"}},"from":[0.5,9,9],"to":[9.5,10,9.5]},{"faces":{"down":{"uv":[6.25,9.375,7.25,9.5],"texture":"#mesh_atlas"},"up":{"uv":[6.25,9.375,7.25,9.25],"texture":"#mesh_atlas"},"north":{"uv":[4.5,12.625,3.5,12.75],"texture":"#mesh_atlas"},"south":{"uv":[6.25,9.125,7.25,9.25],"texture":"#mesh_atlas"},"west":{"uv":[13.5,14.375,13.625,14.5],"texture":"#mesh_atlas"},"east":{"uv":[9.625,11.125,9.5,11.25],"texture":"#mesh_atlas"}},"from":[0.5,9.5,6.5],"to":[4.5,10,7]},{"faces":{"down":{"uv":[9,9.25,9.125,9.5],"texture":"#mesh_atlas"},"up":{"uv":[8.25,12.125,8.375,11.875],"texture":"#mesh_atlas"},"north":{"uv":[9.625,11.25,9.5,11.375],"texture":"#mesh_atlas"},"south":{"uv":[9.5,14.375,9.625,14.5],"texture":"#mesh_atlas"},"west":{"uv":[7.75,14,8,14.125],"texture":"#mesh_atlas"},"east":{"uv":[9.5,12.625,9.25,12.75],"texture":"#mesh_atlas"}},"from":[1,6,7.5],"to":[1.5,6.5,8.5]},{"faces":{"down":{"uv":[5,9,5.625,9.25],"texture":"#mesh_atlas"},"up":{"uv":[5,9.5,5.625,9.25],"texture":"#mesh_atlas"},"north":{"uv":[4.5,9.125,3.875,9.25],"texture":"#mesh_atlas"},"south":{"uv":[3.875,9,4.5,9.125],"texture":"#mesh_atlas"},"west":{"uv":[9.25,12.75,9.5,12.875],"texture":"#mesh_atlas"},"east":{"uv":[9.5,13.125,9.25,13.25],"texture":"#mesh_atlas"}},"from":[1.5,5.5,7.5],"to":[4,6,8.5]},{"faces":{"down":{"uv":[1.875,14,3.75,14.5],"texture":"#mesh_atlas"},"up":{"uv":[0,14.5,1.875,14],"texture":"#mesh_atlas"},"north":{"uv":[6.375,12,4.5,12.125],"texture":"#mesh_atlas"},"south":{"uv":[4.5,12.125,6.375,12.25],"texture":"#mesh_atlas"},"west":{"uv":[8.375,14.375,8.875,14.5],"texture":"#mesh_atlas"},"east":{"uv":[8.875,14,8.375,14.125],"texture":"#mesh_atlas"}},"from":[1.5,7.5,7],"to":[9,8,9]},{"faces":{"down":{"uv":[9.125,8.875,9.25,9.125],"texture":"#mesh_atlas"},"up":{"uv":[9.125,10.625,9.25,10.375],"texture":"#mesh_atlas"},"north":{"uv":[9.25,10.625,9.125,10.875],"texture":"#mesh_atlas"},"south":{"uv":[9.125,10.875,9.25,11.125],"texture":"#mesh_atlas"},"west":{"uv":[8,11.875,8.25,12.125],"texture":"#mesh_atlas"},"east":{"uv":[8.25,13.625,8,13.875],"texture":"#mesh_atlas"}},"from":[2,6.5,7.5],"to":[2.5,7.5,8.5]},{"faces":{"down":{"uv":[14.5,15.75,16,15.875],"texture":"#mesh_atlas"},"up":{"uv":[14.5,15.75,16,15.625],"texture":"#mesh_atlas"},"north":{"uv":[2.875,11,1.375,11.25],"texture":"#mesh_atlas"},"south":{"uv":[2.875,10.5,4.375,10.75],"texture":"#mesh_atlas"},"west":{"uv":[9.125,11.125,9.25,11.375],"texture":"#mesh_atlas"},"east":{"uv":[9.25,11.375,9.125,11.625],"texture":"#mesh_atlas"}},"from":[2,8,6.5],"to":[8,9,7]},{"faces":{"down":{"uv":[6,11.75,7.5,11.875],"texture":"#mesh_atlas"},"up":{"uv":[6,11.75,7.5,11.625],"texture":"#mesh_atlas"},"north":{"uv":[2.875,10.25,1.375,10.5],"texture":"#mesh_atlas"},"south":{"uv":[2.875,10.25,4.375,10.5],"texture":"#mesh_atlas"},"west":{"uv":[9.125,11.625,9.25,11.875],"texture":"#mesh_atlas"},"east":{"uv":[9.25,11.875,9.125,12.125],"texture":"#mesh_atlas"}},"from":[2,8,9],"to":[8,9,9.5]},{"faces":{"down":{"uv":[9.125,12.125,9.25,12.375],"texture":"#mesh_atlas"},"up":{"uv":[9.125,12.625,9.25,12.375],"texture":"#mesh_atlas"},"north":{"uv":[9.5,10.375,9.375,10.5],"texture":"#mesh_atlas"},"south":{"uv":[9.25,10.5,9.375,10.625],"texture":"#mesh_atlas"},"west":{"uv":[13.625,14.625,13.875,14.75],"texture":"#mesh_atlas"},"east":{"uv":[13.625,14.625,13.375,14.75],"texture":"#mesh_atlas"}},"from":[2.5,6,7.5],"to":[3,6.5,8.5]},{"faces":{"down":{"uv":[9.125,12.625,9.25,12.875],"texture":"#mesh_atlas"},"up":{"uv":[9.125,13.125,9.25,12.875],"texture":"#mesh_atlas"},"north":{"uv":[9.125,11.875,9,12.25],"texture":"#mesh_atlas"},"south":{"uv":[9,11.5,9.125,11.875],"texture":"#mesh_atlas"},"west":{"uv":[4.25,14.5,4.5,14.875],"texture":"#mesh_atlas"},"east":{"uv":[6.25,8,6,8.375],"texture":"#mesh_atlas"}},"from":[4,6,7.5],"to":[4.5,7.5,8.5]},{"faces":{"down":{"uv":[6.5,8.875,7.375,9],"texture":"#mesh_atlas"},"up":{"uv":[3.375,15,4.25,14.875],"texture":"#mesh_atlas"},"north":{"uv":[4.25,14.625,3.375,14.875],"texture":"#mesh_atlas"},"south":{"uv":[3.375,13.75,4.25,14],"texture":"#mesh_atlas"},"west":{"uv":[9.125,13.125,9.25,13.375],"texture":"#mesh_atlas"},"east":{"uv":[9.25,13.375,9.125,13.625],"texture":"#mesh_atlas"}},"from":[4,6.5,7],"to":[7.5,7.5,7.5]},{"faces":{"down":{"uv":[3.375,14.5,4.25,14.625],"texture":"#mesh_atlas"},"up":{"uv":[6.5,9.125,7.375,9],"texture":"#mesh_atlas"},"north":{"uv":[4.25,15,3.375,15.25],"texture":"#mesh_atlas"},"south":{"uv":[3.375,13.5,4.25,13.75],"texture":"#mesh_atlas"},"west":{"uv":[9.125,13.625,9.25,13.875],"texture":"#mesh_atlas"},"east":{"uv":[9.25,14.125,9.125,14.375],"texture":"#mesh_atlas"}},"from":[4,6.5,8.5],"to":[7.5,7.5,9]},{"faces":{"down":{"uv":[3.375,13.25,4.25,13.5],"texture":"#mesh_atlas"},"up":{"uv":[3.375,13.25,4.25,13],"texture":"#mesh_atlas"},"north":{"uv":[4.375,12.75,3.5,13],"texture":"#mesh_atlas"},"south":{"uv":[0,8.625,0.875,8.875],"texture":"#mesh_atlas"},"west":{"uv":[8,12.375,8.25,12.625],"texture":"#mesh_atlas"},"east":{"uv":[8.25,12.125,8,12.375],"texture":"#mesh_atlas"}},"from":[4.5,6.5,7.5],"to":[8,7.5,8.5]},{"faces":{"down":{"uv":[10.25,15,10.875,15.125],"texture":"#mesh_atlas"},"up":{"uv":[12.125,15.125,12.75,15],"texture":"#mesh_atlas"},"north":{"uv":[13.375,15,12.75,15.125],"texture":"#mesh_atlas"},"south":{"uv":[13.375,15,14,15.125],"texture":"#mesh_atlas"},"west":{"uv":[9.25,12,9.375,12.125],"texture":"#mesh_atlas"},"east":{"uv":[9.5,10.875,9.375,11],"texture":"#mesh_atlas"}},"from":[4.5,7,6.5],"to":[7,7.5,7]},{"faces":{"down":{"uv":[14.625,15,15.25,15.125],"texture":"#mesh_atlas"},"up":{"uv":[15.25,15.125,15.875,15],"texture":"#mesh_atlas"},"north":{"uv":[6.25,8.625,5.625,8.875],"texture":"#mesh_atlas"},"south":{"uv":[5.625,8.375,6.25,8.625],"texture":"#mesh_atlas"},"west":{"uv":[9,8,9.125,8.25],"texture":"#mesh_atlas"},"east":{"uv":[9.125,8.25,9,8.5],"texture":"#mesh_atlas"}},"from":[4.5,7,9],"to":[7,8,9.5]},{"faces":{"down":{"uv":[9.25,11,9.375,11.125],"texture":"#mesh_atlas"},"up":{"uv":[9.375,11.25,9.5,11.125],"texture":"#mesh_atlas"},"north":{"uv":[9.375,11.125,9.25,11.25],"texture":"#mesh_atlas"},"south":{"uv":[9.375,11.25,9.5,11.375],"texture":"#mesh_atlas"},"west":{"uv":[9.25,11.375,9.375,11.5],"texture":"#mesh_atlas"},"east":{"uv":[9.5,11.5,9.375,11.625],"texture":"#mesh_atlas"}},"from":[4.5,7.5,6.5],"to":[5,8,7]},{"faces":{"down":{"uv":[14.5,15.875,16,16],"texture":"#mesh_atlas"},"up":{"uv":[6.5,11.125,8,11],"texture":"#mesh_atlas"},"north":{"uv":[1.5,11.25,0,11.625],"texture":"#mesh_atlas"},"south":{"uv":[1.5,11.25,3,11.625],"texture":"#mesh_atlas"},"west":{"uv":[9,11.125,9.125,11.5],"texture":"#mesh_atlas"},"east":{"uv":[9.125,10.75,9,11.125],"texture":"#mesh_atlas"}},"from":[4.5,9.5,8],"to":[10.5,11,8.5]},{"faces":{"down":{"uv":[5.25,11.375,6.75,11.5],"texture":"#mesh_atlas"},"up":{"uv":[4.5,11.625,6,11.5],"texture":"#mesh_atlas"},"north":{"uv":[2.875,10.75,1.375,11],"texture":"#mesh_atlas"},"south":{"uv":[2.875,10.75,4.375,11],"texture":"#mesh_atlas"},"west":{"uv":[9,9.5,9.125,9.75],"texture":"#mesh_atlas"},"east":{"uv":[9.125,9.75,9,10],"texture":"#mesh_atlas"}},"from":[4.5,10,7.5],"to":[10.5,11,8]},{"faces":{"down":{"uv":[3.75,14,4.375,14.5],"texture":"#mesh_atlas"},"up":{"uv":[0,9.875,0.625,9.375],"texture":"#mesh_atlas"},"north":{"uv":[4.5,8.75,3.875,8.875],"texture":"#mesh_atlas"},"south":{"uv":[3.875,8.875,4.5,9],"texture":"#mesh_atlas"},"west":{"uv":[4.5,8,5,8.125],"texture":"#mesh_atlas"},"east":{"uv":[8,11.5,7.5,11.625],"texture":"#mesh_atlas"}},"from":[5,6,7],"to":[7.5,6.5,9]},{"faces":{"down":{"uv":[8,13.875,8.25,14.125],"texture":"#mesh_atlas"},"up":{"uv":[8,14.375,8.25,14.125],"texture":"#mesh_atlas"},"north":{"uv":[10.625,14.625,10.375,14.75],"texture":"#mesh_atlas"},"south":{"uv":[10.125,14.625,10.375,14.75],"texture":"#mesh_atlas"},"west":{"uv":[9.875,14.625,10.125,14.75],"texture":"#mesh_atlas"},"east":{"uv":[9.875,14.625,9.625,14.75],"texture":"#mesh_atlas"}},"from":[6,11.5,7.5],"to":[7,12,8.5]},{"faces":{"down":{"uv":[9,10,9.125,10.25],"texture":"#mesh_atlas"},"up":{"uv":[9,10.5,9.125,10.25],"texture":"#mesh_atlas"},"north":{"uv":[9.25,8,9.125,8.125],"texture":"#mesh_atlas"},"south":{"uv":[15.875,14.625,16,14.75],"texture":"#mesh_atlas"},"west":{"uv":[9.125,14.75,9.375,14.875],"texture":"#mesh_atlas"},"east":{"uv":[15.875,14.875,15.625,15],"texture":"#mesh_atlas"}},"from":[6,12,7.5],"to":[6.5,12.5,8.5]},{"faces":{"down":{"uv":[15.875,14.75,16,14.875],"texture":"#mesh_atlas"},"up":{"uv":[15.875,15,16,14.875],"texture":"#mesh_atlas"},"north":{"uv":[9,8,8.875,8.125],"texture":"#mesh_atlas"},"south":{"uv":[8.875,8.125,9,8.25],"texture":"#mesh_atlas"},"west":{"uv":[8.875,8.25,9,8.375],"texture":"#mesh_atlas"},"east":{"uv":[9,8.375,8.875,8.5],"texture":"#mesh_atlas"}},"from":[6.5,7.5,6.5],"to":[7,8,7]},{"faces":{"down":{"uv":[8.25,12.125,8.375,12.375],"texture":"#mesh_atlas"},"up":{"uv":[8.25,12.625,8.375,12.375],"texture":"#mesh_atlas"},"north":{"uv":[9.625,13,9.5,13.125],"texture":"#mesh_atlas"},"south":{"uv":[9.5,13.125,9.625,13.25],"texture":"#mesh_atlas"},"west":{"uv":[8.75,10.25,9,10.375],"texture":"#mesh_atlas"},"east":{"uv":[9,10.375,8.75,10.5],"texture":"#mesh_atlas"}},"from":[7.5,6,7.5],"to":[8,6.5,8.5]},{"faces":{"down":{"uv":[8.75,10.5,9,10.625],"texture":"#mesh_atlas"},"up":{"uv":[8.75,10.75,9,10.625],"texture":"#mesh_atlas"},"north":{"uv":[8,13.25,7.75,13.375],"texture":"#mesh_atlas"},"south":{"uv":[7.75,13.375,8,13.5],"texture":"#mesh_atlas"},"west":{"uv":[11,14.375,11.125,14.5],"texture":"#mesh_atlas"},"east":{"uv":[10.75,14.375,10.625,14.5],"texture":"#mesh_atlas"}},"from":[7.5,7,7],"to":[8.5,7.5,7.5]},{"faces":{"down":{"uv":[7.75,13.75,8,13.875],"texture":"#mesh_atlas"},"up":{"uv":[7.75,14,8,13.875],"texture":"#mesh_atlas"},"north":{"uv":[4.5,9.5,4.25,9.625],"texture":"#mesh_atlas"},"south":{"uv":[4.25,9.625,4.5,9.75],"texture":"#mesh_atlas"},"west":{"uv":[9.25,8.75,9.375,8.875],"texture":"#mesh_atlas"},"east":{"uv":[9.5,8.875,9.375,9],"texture":"#mesh_atlas"}},"from":[7.5,7,8.5],"to":[8.5,7.5,9]},{"faces":{"down":{"uv":[7.25,8.5,8,8.625],"texture":"#mesh_atlas"},"up":{"uv":[7.25,8.5,8,8.375],"texture":"#mesh_atlas"},"north":{"uv":[8,8.25,7.25,8.375],"texture":"#mesh_atlas"},"south":{"uv":[8.375,15.25,9.125,15.375],"texture":"#mesh_atlas"},"west":{"uv":[9.25,8.875,9.375,9],"texture":"#mesh_atlas"},"east":{"uv":[9.5,9,9.375,9.125],"texture":"#mesh_atlas"}},"from":[7.5,9.5,7.5],"to":[10.5,10,8]},{"faces":{"down":{"uv":[9.25,12.125,9.375,12.375],"texture":"#mesh_atlas"},"up":{"uv":[9.375,12.625,9.5,12.375],"texture":"#mesh_atlas"},"north":{"uv":[13.75,14.375,13.625,14.5],"texture":"#mesh_atlas"},"south":{"uv":[12.75,14.375,12.875,14.5],"texture":"#mesh_atlas"},"west":{"uv":[9.25,12.875,9.5,13],"texture":"#mesh_atlas"},"east":{"uv":[9.5,13,9.25,13.125],"texture":"#mesh_atlas"}},"from":[8,7,7.5],"to":[8.5,7.5,8.5]},{"faces":{"down":{"uv":[15.875,14.375,16,14.5],"texture":"#mesh_atlas"},"up":{"uv":[15.75,14.5,15.875,14.375],"texture":"#mesh_atlas"},"north":{"uv":[9.75,14.375,9.625,14.5],"texture":"#mesh_atlas"},"south":{"uv":[9.375,8.125,9.5,8.25],"texture":"#mesh_atlas"},"west":{"uv":[9.25,8.5,9.375,8.625],"texture":"#mesh_atlas"},"east":{"uv":[9.5,8.625,9.375,8.75],"texture":"#mesh_atlas"}},"from":[8,8.5,6.5],"to":[8.5,9,7]},{"faces":{"down":{"uv":[12.875,14.375,13,14.5],"texture":"#mesh_atlas"},"up":{"uv":[9.25,9.125,9.375,9],"texture":"#mesh_atlas"},"north":{"uv":[9.5,9.125,9.375,9.25],"texture":"#mesh_atlas"},"south":{"uv":[9.25,9.125,9.375,9.25],"texture":"#mesh_atlas"},"west":{"uv":[9.375,9.375,9.5,9.5],"texture":"#mesh_atlas"},"east":{"uv":[9.375,9.375,9.25,9.5],"texture":"#mesh_atlas"}},"from":[8,8.5,9],"to":[8.5,9,9.5]},{"faces":{"down":{"uv":[14,15.5,15.875,15.625],"texture":"#mesh_atlas"},"up":{"uv":[14,15.5,15.875,15.375],"texture":"#mesh_atlas"},"north":{"uv":[6.375,11.875,4.5,12],"texture":"#mesh_atlas"},"south":{"uv":[4.5,12.25,6.375,12.375],"texture":"#mesh_atlas"},"west":{"uv":[9.375,9.5,9.5,9.625],"texture":"#mesh_atlas"},"east":{"uv":[9.375,9.5,9.25,9.625],"texture":"#mesh_atlas"}},"from":[8,9.5,6.5],"to":[15.5,10,7]},{"faces":{"down":{"uv":[6,11.5,7.5,11.625],"texture":"#mesh_atlas"},"up":{"uv":[5,11.125,6.5,11],"texture":"#mesh_atlas"},"north":{"uv":[6.75,11.25,5.25,11.375],"texture":"#mesh_atlas"},"south":{"uv":[5,10.875,6.5,11],"texture":"#mesh_atlas"},"west":{"uv":[9.5,14,9.625,14.125],"texture":"#mesh_atlas"},"east":{"uv":[9.625,12.375,9.5,12.5],"texture":"#mesh_atlas"}},"from":[9.5,9.5,9],"to":[15.5,10,9.5]},{"faces":{"down":{"uv":[1.375,10.5,2.875,10.75],"texture":"#mesh_atlas"},"up":{"uv":[2.875,11.25,4.375,11],"texture":"#mesh_atlas"},"north":{"uv":[8,11.125,6.5,11.25],"texture":"#mesh_atlas"},"south":{"uv":[5,11.125,6.5,11.25],"texture":"#mesh_atlas"},"west":{"uv":[9.25,14,9.5,14.125],"texture":"#mesh_atlas"},"east":{"uv":[9.5,13.875,9.25,14],"texture":"#mesh_atlas"}},"from":[10,7.5,7.5],"to":[16,8,8.5]},{"faces":{"down":{"uv":[6.375,10.25,7.75,10.375],"texture":"#mesh_atlas"},"up":{"uv":[6.375,10.75,7.75,10.625],"texture":"#mesh_atlas"},"north":{"uv":[1.375,10.375,0,10.625],"texture":"#mesh_atlas"},"south":{"uv":[0,10.625,1.375,10.875],"texture":"#mesh_atlas"},"west":{"uv":[9.125,9.875,9.25,10.125],"texture":"#mesh_atlas"},"east":{"uv":[9.25,9.625,9.125,9.875],"texture":"#mesh_atlas"}},"from":[10,10,6.5],"to":[15.5,11,7]},{"faces":{"down":{"uv":[5,10.5,6.375,10.625],"texture":"#mesh_atlas"},"up":{"uv":[6.375,10.625,7.75,10.5],"texture":"#mesh_atlas"},"north":{"uv":[1.375,9.875,0,10.125],"texture":"#mesh_atlas"},"south":{"uv":[0,10.125,1.375,10.375],"texture":"#mesh_atlas"},"west":{"uv":[9.125,9.375,9.25,9.625],"texture":"#mesh_atlas"},"east":{"uv":[9.25,9.125,9.125,9.375],"texture":"#mesh_atlas"}},"from":[10,10,9],"to":[15.5,11,9.5]},{"faces":{"down":{"uv":[6.375,12.25,8,12.375],"texture":"#mesh_atlas"},"up":{"uv":[6.375,12,8,11.875],"texture":"#mesh_atlas"},"north":{"uv":[8,12,6.375,12.125],"texture":"#mesh_atlas"},"south":{"uv":[6.375,12.125,8,12.25],"texture":"#mesh_atlas"},"west":{"uv":[11.75,14.375,11.875,14.5],"texture":"#mesh_atlas"},"east":{"uv":[12.75,14.375,12.625,14.5],"texture":"#mesh_atlas"}},"from":[10,11,7],"to":[16.5,11.5,7.5]},{"faces":{"down":{"uv":[0,10.875,1.375,11.25],"texture":"#mesh_atlas"},"up":{"uv":[3,11.625,4.375,11.25],"texture":"#mesh_atlas"},"north":{"uv":[7.75,10.375,6.375,10.5],"texture":"#mesh_atlas"},"south":{"uv":[5,10.25,6.375,10.375],"texture":"#mesh_atlas"},"west":{"uv":[13.875,14.875,14.25,15],"texture":"#mesh_atlas"},"east":{"uv":[14.625,14.875,14.25,15],"texture":"#mesh_atlas"}},"from":[10,11,7.5],"to":[15.5,11.5,9]},{"faces":{"down":{"uv":[0,9.125,1.25,9.375],"texture":"#mesh_atlas"},"up":{"uv":[0,9.125,1.25,8.875],"texture":"#mesh_atlas"},"north":{"uv":[8,13,6.75,13.125],"texture":"#mesh_atlas"},"south":{"uv":[6.75,12.75,8,12.875],"texture":"#mesh_atlas"},"west":{"uv":[4.25,9.875,4.5,10],"texture":"#mesh_atlas"},"east":{"uv":[4.5,9.75,4.25,9.875],"texture":"#mesh_atlas"}},"from":[10.5,7,7.5],"to":[15.5,7.5,8.5]},{"faces":{"down":{"uv":[6.375,10.125,7.75,10.25],"texture":"#mesh_atlas"},"up":{"uv":[5,10.125,6.375,10],"texture":"#mesh_atlas"},"north":{"uv":[6.375,10.125,5,10.25],"texture":"#mesh_atlas"},"south":{"uv":[5,10.375,6.375,10.5],"texture":"#mesh_atlas"},"west":{"uv":[10.375,14.375,10.5,14.5],"texture":"#mesh_atlas"},"east":{"uv":[10.625,14.375,10.5,14.5],"texture":"#mesh_atlas"}},"from":[10.5,7.5,7],"to":[16,8,7.5]},{"faces":{"down":{"uv":[5,10.625,6.375,10.75],"texture":"#mesh_atlas"},"up":{"uv":[6.375,10.875,7.75,10.75],"texture":"#mesh_atlas"},"north":{"uv":[6.375,10.75,5,10.875],"texture":"#mesh_atlas"},"south":{"uv":[6.5,10.875,7.875,11],"texture":"#mesh_atlas"},"west":{"uv":[11.875,14.375,12,14.5],"texture":"#mesh_atlas"},"east":{"uv":[12.125,14.375,12,14.5],"texture":"#mesh_atlas"}},"from":[10.5,7.5,8.5],"to":[16,8,9]},{"faces":{"down":{"uv":[8.25,14.375,8.375,14.625],"texture":"#mesh_atlas"},"up":{"uv":[8.25,14.375,8.375,14.125],"texture":"#mesh_atlas"},"north":{"uv":[13.125,14.375,13,14.5],"texture":"#mesh_atlas"},"south":{"uv":[13.125,14.375,13.25,14.5],"texture":"#mesh_atlas"},"west":{"uv":[8.75,11.875,9,12],"texture":"#mesh_atlas"},"east":{"uv":[9,11.75,8.75,11.875],"texture":"#mesh_atlas"}},"from":[10.5,10.5,7.5],"to":[11,11,8.5]},{"faces":{"down":{"uv":[13.875,14.375,14,14.5],"texture":"#mesh_atlas"},"up":{"uv":[14,14.5,14.125,14.375],"texture":"#mesh_atlas"},"north":{"uv":[14.5,14.375,14.375,14.5],"texture":"#mesh_atlas"},"south":{"uv":[14.75,14.375,14.875,14.5],"texture":"#mesh_atlas"},"west":{"uv":[14.875,14.375,15,14.5],"texture":"#mesh_atlas"},"east":{"uv":[15.125,14.375,15,14.5],"texture":"#mesh_atlas"}},"from":[11,9,8.5],"to":[11.5,9.5,9]},{"faces":{"down":{"uv":[5.625,9.625,6.875,9.75],"texture":"#mesh_atlas"},"up":{"uv":[5.625,9.875,6.875,9.75],"texture":"#mesh_atlas"},"north":{"uv":[8,12.375,6.75,12.5],"texture":"#mesh_atlas"},"south":{"uv":[5.625,9.875,6.875,10],"texture":"#mesh_atlas"},"west":{"uv":[9.5,13.625,9.625,13.75],"texture":"#mesh_atlas"},"east":{"uv":[9.625,13.25,9.5,13.375],"texture":"#mesh_atlas"}},"from":[11.5,9,6.5],"to":[16.5,9.5,7]},{"faces":{"down":{"uv":[6.375,10,7.625,10.125],"texture":"#mesh_atlas"},"up":{"uv":[6.75,12.625,8,12.5],"texture":"#mesh_atlas"},"north":{"uv":[8,12.625,6.75,12.75],"texture":"#mesh_atlas"},"south":{"uv":[6.75,12.875,8,13],"texture":"#mesh_atlas"},"west":{"uv":[9.5,11.75,9.625,11.875],"texture":"#mesh_atlas"},"east":{"uv":[9,8.5,8.875,8.625],"texture":"#mesh_atlas"}},"from":[11.5,9,9],"to":[16.5,9.5,9.5]},{"faces":{"down":{"uv":[7.25,8.75,8,8.875],"texture":"#mesh_atlas"},"up":{"uv":[6.5,8.875,7.25,8.75],"texture":"#mesh_atlas"},"north":{"uv":[1.375,9.625,0.625,9.875],"texture":"#mesh_atlas"},"south":{"uv":[6.75,11.25,7.5,11.5],"texture":"#mesh_atlas"},"west":{"uv":[8.25,11.125,8.375,11.375],"texture":"#mesh_atlas"},"east":{"uv":[8.375,10.875,8.25,11.125],"texture":"#mesh_atlas"}},"from":[14.5,9.5,6],"to":[17.5,10.5,6.5]},{"faces":{"down":{"uv":[6.875,8.625,7.625,8.75],"texture":"#mesh_atlas"},"up":{"uv":[7.25,9.25,8,9.125],"texture":"#mesh_atlas"},"north":{"uv":[6,11.625,5.25,11.875],"texture":"#mesh_atlas"},"south":{"uv":[4.5,11.625,5.25,11.875],"texture":"#mesh_atlas"},"west":{"uv":[8.25,10.625,8.375,10.875],"texture":"#mesh_atlas"},"east":{"uv":[9.125,10.5,9,10.75],"texture":"#mesh_atlas"}},"from":[14.5,9.5,9.5],"to":[17.5,10.5,10]},{"faces":{"down":{"uv":[0.625,9.375,1.375,9.625],"texture":"#mesh_atlas"},"up":{"uv":[4.5,11.5,5.25,11.25],"texture":"#mesh_atlas"},"north":{"uv":[8,9.25,7.25,9.375],"texture":"#mesh_atlas"},"south":{"uv":[7.25,9.375,8,9.5],"texture":"#mesh_atlas"},"west":{"uv":[9.875,14.75,10.125,14.875],"texture":"#mesh_atlas"},"east":{"uv":[10.375,14.75,10.125,14.875],"texture":"#mesh_atlas"}},"from":[14.5,11.5,7.5],"to":[17.5,12,8.5]},{"faces":{"down":{"uv":[10.375,14.75,10.625,14.875],"texture":"#mesh_atlas"},"up":{"uv":[10.625,14.875,10.875,14.75],"texture":"#mesh_atlas"},"north":{"uv":[11.125,14.75,10.875,14.875],"texture":"#mesh_atlas"},"south":{"uv":[11.125,14.75,11.375,14.875],"texture":"#mesh_atlas"},"west":{"uv":[9.375,12.25,9.5,12.375],"texture":"#mesh_atlas"},"east":{"uv":[9.5,12.125,9.375,12.25],"texture":"#mesh_atlas"}},"from":[15.5,8.5,8.5],"to":[16.5,9,9]},{"faces":{"down":{"uv":[11.875,14.75,12.125,14.875],"texture":"#mesh_atlas"},"up":{"uv":[12.125,14.875,12.375,14.75],"texture":"#mesh_atlas"},"north":{"uv":[9,10.125,8.75,10.25],"texture":"#mesh_atlas"},"south":{"uv":[12.625,14.75,12.875,14.875],"texture":"#mesh_atlas"},"west":{"uv":[9.375,12,9.5,12.125],"texture":"#mesh_atlas"},"east":{"uv":[9.375,11.875,9.25,12],"texture":"#mesh_atlas"}},"from":[15.5,10.5,6.5],"to":[16.5,11,7]},{"faces":{"down":{"uv":[13.375,14.75,13.625,14.875],"texture":"#mesh_atlas"},"up":{"uv":[13.625,14.875,13.875,14.75],"texture":"#mesh_atlas"},"north":{"uv":[14.125,14.75,13.875,14.875],"texture":"#mesh_atlas"},"south":{"uv":[14.125,14.75,14.375,14.875],"texture":"#mesh_atlas"},"west":{"uv":[9.375,11.875,9.5,12],"texture":"#mesh_atlas"},"east":{"uv":[9.375,11.75,9.25,11.875],"texture":"#mesh_atlas"}},"from":[15.5,10.5,9],"to":[16.5,11,9.5]},{"faces":{"down":{"uv":[14.875,14.75,15.125,14.875],"texture":"#mesh_atlas"},"up":{"uv":[15.125,14.875,15.375,14.75],"texture":"#mesh_atlas"},"north":{"uv":[15.625,14.75,15.375,14.875],"texture":"#mesh_atlas"},"south":{"uv":[15.625,14.75,15.875,14.875],"texture":"#mesh_atlas"},"west":{"uv":[9.375,11.75,9.5,11.875],"texture":"#mesh_atlas"},"east":{"uv":[9.375,11.625,9.25,11.75],"texture":"#mesh_atlas"}},"from":[15.5,11,8.5],"to":[16.5,11.5,9]},{"faces":{"down":{"uv":[7.375,9.5,8,9.625],"texture":"#mesh_atlas"},"up":{"uv":[7.375,9.125,8,9],"texture":"#mesh_atlas"},"north":{"uv":[8,8.875,7.375,9],"texture":"#mesh_atlas"},"south":{"uv":[12.25,15.25,12.875,15.375],"texture":"#mesh_atlas"},"west":{"uv":[9.375,11.625,9.5,11.75],"texture":"#mesh_atlas"},"east":{"uv":[9.375,11.5,9.25,11.625],"texture":"#mesh_atlas"}},"from":[16,8,7],"to":[18.5,8.5,7.5]},{"faces":{"down":{"uv":[14.125,15.25,14.75,15.375],"texture":"#mesh_atlas"},"up":{"uv":[3.875,8.75,4.5,8.625],"texture":"#mesh_atlas"},"north":{"uv":[15.375,15.25,14.75,15.375],"texture":"#mesh_atlas"},"south":{"uv":[10.375,15.25,11,15.375],"texture":"#mesh_atlas"},"west":{"uv":[9.375,11.375,9.5,11.5],"texture":"#mesh_atlas"},"east":{"uv":[9.375,11.25,9.25,11.375],"texture":"#mesh_atlas"}},"from":[16,8,8.5],"to":[18.5,8.5,9]},{"faces":{"down":{"uv":[13.375,15.125,14,15.25],"texture":"#mesh_atlas"},"up":{"uv":[11,15.375,11.625,15.25],"texture":"#mesh_atlas"},"north":{"uv":[14.625,15.125,14,15.25],"texture":"#mesh_atlas"},"south":{"uv":[14.625,15.125,15.25,15.25],"texture":"#mesh_atlas"},"west":{"uv":[9.375,11,9.5,11.125],"texture":"#mesh_atlas"},"east":{"uv":[9.375,10.875,9.25,11],"texture":"#mesh_atlas"}},"from":[16,9,6],"to":[18.5,9.5,6.5]},{"faces":{"down":{"uv":[9.625,15.125,10.25,15.25],"texture":"#mesh_atlas"},"up":{"uv":[8.375,15,9,14.875],"texture":"#mesh_atlas"},"north":{"uv":[14.625,15,14,15.125],"texture":"#mesh_atlas"},"south":{"uv":[11.5,15,12.125,15.125],"texture":"#mesh_atlas"},"west":{"uv":[9.25,10.75,9.375,10.875],"texture":"#mesh_atlas"},"east":{"uv":[9.5,10.75,9.375,10.875],"texture":"#mesh_atlas"}},"from":[16,9,9.5],"to":[18.5,9.5,10]},{"faces":{"down":{"uv":[10.875,15,11.5,15.125],"texture":"#mesh_atlas"},"up":{"uv":[9.625,15.125,10.25,15],"texture":"#mesh_atlas"},"north":{"uv":[9.625,15,9,15.125],"texture":"#mesh_atlas"},"south":{"uv":[12.75,15.125,13.375,15.25],"texture":"#mesh_atlas"},"west":{"uv":[9.25,10.625,9.375,10.75],"texture":"#mesh_atlas"},"east":{"uv":[9.5,10.625,9.375,10.75],"texture":"#mesh_atlas"}},"from":[16,10.5,6],"to":[18.5,11,6.5]},{"faces":{"down":{"uv":[12.125,15.125,12.75,15.25],"texture":"#mesh_atlas"},"up":{"uv":[11.5,15.25,12.125,15.125],"texture":"#mesh_atlas"},"north":{"uv":[11.5,15.125,10.875,15.25],"texture":"#mesh_atlas"},"south":{"uv":[10.25,15.125,10.875,15.25],"texture":"#mesh_atlas"},"west":{"uv":[9.375,10.5,9.5,10.625],"texture":"#mesh_atlas"},"east":{"uv":[9.375,10.375,9.25,10.5],"texture":"#mesh_atlas"}},"from":[16,10.5,9.5],"to":[18.5,11,10]},{"faces":{"down":{"uv":[9.75,15.25,10.375,15.375],"texture":"#mesh_atlas"},"up":{"uv":[9,15.25,9.625,15.125],"texture":"#mesh_atlas"},"north":{"uv":[9,15.125,8.375,15.25],"texture":"#mesh_atlas"},"south":{"uv":[15.375,15.25,16,15.375],"texture":"#mesh_atlas"},"west":{"uv":[9.25,10.25,9.375,10.375],"texture":"#mesh_atlas"},"east":{"uv":[9.5,10.25,9.375,10.375],"texture":"#mesh_atlas"}},"from":[16,11.5,7],"to":[18.5,12,7.5]},{"faces":{"down":{"uv":[11.625,15.25,12.25,15.375],"texture":"#mesh_atlas"},"up":{"uv":[13.5,15.375,14.125,15.25],"texture":"#mesh_atlas"},"north":{"uv":[13.5,15.25,12.875,15.375],"texture":"#mesh_atlas"},"south":{"uv":[9.125,15.25,9.75,15.375],"texture":"#mesh_atlas"},"west":{"uv":[9.25,10.125,9.375,10.25],"texture":"#mesh_atlas"},"east":{"uv":[9.5,10.125,9.375,10.25],"texture":"#mesh_atlas"}},"from":[16,11.5,8.5],"to":[18.5,12,9]},{"faces":{"down":{"uv":[9.25,14.5,9.5,14.625],"texture":"#mesh_atlas"},"up":{"uv":[9.5,14.625,9.75,14.5],"texture":"#mesh_atlas"},"north":{"uv":[10,14.5,9.75,14.625],"texture":"#mesh_atlas"},"south":{"uv":[10,14.5,10.25,14.625],"texture":"#mesh_atlas"},"west":{"uv":[9.25,10,9.375,10.125],"texture":"#mesh_atlas"},"east":{"uv":[9.5,10,9.375,10.125],"texture":"#mesh_atlas"}},"from":[16.5,8.5,6.5],"to":[17.5,9,7]},{"faces":{"down":{"uv":[10.75,14.5,11,14.625],"texture":"#mesh_atlas"},"up":{"uv":[11,14.625,11.25,14.5],"texture":"#mesh_atlas"},"north":{"uv":[11.5,14.5,11.25,14.625],"texture":"#mesh_atlas"},"south":{"uv":[11.5,14.5,11.75,14.625],"texture":"#mesh_atlas"},"west":{"uv":[9.25,9.875,9.375,10],"texture":"#mesh_atlas"},"east":{"uv":[9.5,9.875,9.375,10],"texture":"#mesh_atlas"}},"from":[16.5,8.5,9],"to":[17.5,9,9.5]},{"faces":{"down":{"uv":[12.25,14.5,12.5,14.625],"texture":"#mesh_atlas"},"up":{"uv":[12.5,14.625,12.75,14.5],"texture":"#mesh_atlas"},"north":{"uv":[13,14.5,12.75,14.625],"texture":"#mesh_atlas"},"south":{"uv":[13,14.5,13.25,14.625],"texture":"#mesh_atlas"},"west":{"uv":[9.25,9.75,9.375,9.875],"texture":"#mesh_atlas"},"east":{"uv":[9.5,9.75,9.375,9.875],"texture":"#mesh_atlas"}},"from":[16.5,11,6.5],"to":[17.5,11.5,7]},{"faces":{"down":{"uv":[13.75,14.5,14,14.625],"texture":"#mesh_atlas"},"up":{"uv":[14,14.625,14.25,14.5],"texture":"#mesh_atlas"},"north":{"uv":[14.5,14.5,14.25,14.625],"texture":"#mesh_atlas"},"south":{"uv":[14.5,14.5,14.75,14.625],"texture":"#mesh_atlas"},"west":{"uv":[9.25,9.625,9.375,9.75],"texture":"#mesh_atlas"},"east":{"uv":[9.5,9.625,9.375,9.75],"texture":"#mesh_atlas"}},"from":[16.5,11,9],"to":[17.5,11.5,9.5]},{"faces":{"down":{"uv":[8,15.125,8.375,15.375],"texture":"#mesh_atlas"},"up":{"uv":[7.625,8.25,8,8],"texture":"#mesh_atlas"},"north":{"uv":[1.375,8,1,8.125],"texture":"#mesh_atlas"},"south":{"uv":[7.625,10,8,10.125],"texture":"#mesh_atlas"},"west":{"uv":[15.75,14.5,16,14.625],"texture":"#mesh_atlas"},"east":{"uv":[9.5,14.375,9.25,14.5],"texture":"#mesh_atlas"}},"from":[17.5,7.5,7.5],"to":[19,8,8.5]},{"faces":{"down":{"uv":[5.625,8,6,8.125],"texture":"#mesh_atlas"},"up":{"uv":[7.625,8.75,8,8.625],"texture":"#mesh_atlas"},"north":{"uv":[8.375,10.375,8,10.5],"texture":"#mesh_atlas"},"south":{"uv":[8,10.25,8.375,10.375],"texture":"#mesh_atlas"},"west":{"uv":[9.25,9.25,9.375,9.375],"texture":"#mesh_atlas"},"east":{"uv":[9.5,9.25,9.375,9.375],"texture":"#mesh_atlas"}},"from":[17.5,8,6.5],"to":[19,8.5,7]},{"faces":{"down":{"uv":[8,9.875,8.375,10],"texture":"#mesh_atlas"},"up":{"uv":[8,9.875,8.375,9.75],"texture":"#mesh_atlas"},"north":{"uv":[8.375,9.625,8,9.75],"texture":"#mesh_atlas"},"south":{"uv":[8,9.5,8.375,9.625],"texture":"#mesh_atlas"},"west":{"uv":[9.75,14.375,9.875,14.5],"texture":"#mesh_atlas"},"east":{"uv":[10,14.375,9.875,14.5],"texture":"#mesh_atlas"}},"from":[17.5,8,9],"to":[19,8.5,9.5]},{"faces":{"down":{"uv":[8,9.375,8.375,9.5],"texture":"#mesh_atlas"},"up":{"uv":[8,9.375,8.375,9.25],"texture":"#mesh_atlas"},"north":{"uv":[8.375,9.125,8,9.25],"texture":"#mesh_atlas"},"south":{"uv":[8,9,8.375,9.125],"texture":"#mesh_atlas"},"west":{"uv":[9.375,8.5,9.5,8.625],"texture":"#mesh_atlas"},"east":{"uv":[9.375,8.25,9.25,8.375],"texture":"#mesh_atlas"}},"from":[17.5,8.5,6],"to":[19,9,6.5]},{"faces":{"down":{"uv":[8,8.875,8.375,9],"texture":"#mesh_atlas"},"up":{"uv":[8,8.875,8.375,8.75],"texture":"#mesh_atlas"},"north":{"uv":[8.375,8.625,8,8.75],"texture":"#mesh_atlas"},"south":{"uv":[8,8.5,8.375,8.625],"texture":"#mesh_atlas"},"west":{"uv":[10.25,14.375,10.375,14.5],"texture":"#mesh_atlas"},"east":{"uv":[11.5,14.375,11.375,14.5],"texture":"#mesh_atlas"}},"from":[17.5,8.5,9.5],"to":[19,9,10]},{"faces":{"down":{"uv":[8,8.375,8.375,8.5],"texture":"#mesh_atlas"},"up":{"uv":[8,8.375,8.375,8.25],"texture":"#mesh_atlas"},"north":{"uv":[7.625,8,7.25,8.25],"texture":"#mesh_atlas"},"south":{"uv":[6.875,8.375,7.25,8.625],"texture":"#mesh_atlas"},"west":{"uv":[9.125,8.625,9.25,8.875],"texture":"#mesh_atlas"},"east":{"uv":[9.25,8.375,9.125,8.625],"texture":"#mesh_atlas"}},"from":[17.5,9.5,5.5],"to":[19,10.5,6]},{"faces":{"down":{"uv":[8,8.125,8.375,8.25],"texture":"#mesh_atlas"},"up":{"uv":[8,8.125,8.375,8],"texture":"#mesh_atlas"},"north":{"uv":[6.875,8,6.5,8.25],"texture":"#mesh_atlas"},"south":{"uv":[6.5,8.25,6.875,8.5],"texture":"#mesh_atlas"},"west":{"uv":[9.125,8.125,9.25,8.375],"texture":"#mesh_atlas"},"east":{"uv":[9.375,12.375,9.25,12.625],"texture":"#mesh_atlas"}},"from":[17.5,9.5,10],"to":[19,10.5,10.5]},{"faces":{"down":{"uv":[8.375,12.75,8.75,12.875],"texture":"#mesh_atlas"},"up":{"uv":[8.375,12.75,8.75,12.625],"texture":"#mesh_atlas"},"north":{"uv":[8.75,12.5,8.375,12.625],"texture":"#mesh_atlas"},"south":{"uv":[8.375,12.375,8.75,12.5],"texture":"#mesh_atlas"},"west":{"uv":[13.75,14.375,13.875,14.5],"texture":"#mesh_atlas"},"east":{"uv":[15.75,14.375,15.625,14.5],"texture":"#mesh_atlas"}},"from":[17.5,11,6],"to":[19,11.5,6.5]},{"faces":{"down":{"uv":[8.375,12.25,8.75,12.375],"texture":"#mesh_atlas"},"up":{"uv":[8.375,12.25,8.75,12.125],"texture":"#mesh_atlas"},"north":{"uv":[8.75,12,8.375,12.125],"texture":"#mesh_atlas"},"south":{"uv":[8.375,11.875,8.75,12],"texture":"#mesh_atlas"},"west":{"uv":[9.5,12.25,9.625,12.375],"texture":"#mesh_atlas"},"east":{"uv":[9.625,12.125,9.5,12.25],"texture":"#mesh_atlas"}},"from":[17.5,11,9.5],"to":[19,11.5,10]},{"faces":{"down":{"uv":[8.375,11.75,8.75,11.875],"texture":"#mesh_atlas"},"up":{"uv":[8.375,11.75,8.75,11.625],"texture":"#mesh_atlas"},"north":{"uv":[8.75,11.5,8.375,11.625],"texture":"#mesh_atlas"},"south":{"uv":[8.375,11.375,8.75,11.5],"texture":"#mesh_atlas"},"west":{"uv":[9.375,8.75,9.5,8.875],"texture":"#mesh_atlas"},"east":{"uv":[9.375,8.625,9.25,8.75],"texture":"#mesh_atlas"}},"from":[17.5,11.5,6.5],"to":[19,12,7]},{"faces":{"down":{"uv":[8.375,11.25,8.75,11.375],"texture":"#mesh_atlas"},"up":{"uv":[8.375,11.25,8.75,11.125],"texture":"#mesh_atlas"},"north":{"uv":[8.75,11,8.375,11.125],"texture":"#mesh_atlas"},"south":{"uv":[8.375,10.875,8.75,11],"texture":"#mesh_atlas"},"west":{"uv":[9.375,8.25,9.5,8.375],"texture":"#mesh_atlas"},"east":{"uv":[9.375,8.125,9.25,8.25],"texture":"#mesh_atlas"}},"from":[17.5,11.5,9],"to":[19,12,9.5]},{"faces":{"down":{"uv":[6.5,8.5,6.875,8.75],"texture":"#mesh_atlas"},"up":{"uv":[5.625,8.375,6,8.125],"texture":"#mesh_atlas"},"north":{"uv":[8.75,10.75,8.375,10.875],"texture":"#mesh_atlas"},"south":{"uv":[8.375,10.625,8.75,10.75],"texture":"#mesh_atlas"},"west":{"uv":[7.75,13.625,8,13.75],"texture":"#mesh_atlas"},"east":{"uv":[8,13.5,7.75,13.625],"texture":"#mesh_atlas"}},"from":[17.5,12,7.5],"to":[19,12.5,8.5]},{"faces":{"down":{"uv":[8.375,10.5,8.75,10.625],"texture":"#mesh_atlas"},"up":{"uv":[8.375,10.5,8.75,10.375],"texture":"#mesh_atlas"},"north":{"uv":[8.75,10.25,8.375,10.375],"texture":"#mesh_atlas"},"south":{"uv":[8.375,10.125,8.75,10.25],"texture":"#mesh_atlas"},"west":{"uv":[11.125,14.375,11.25,14.5],"texture":"#mesh_atlas"},"east":{"uv":[11.375,14.375,11.25,14.5],"texture":"#mesh_atlas"}},"from":[18.5,7.5,7],"to":[20,8,7.5]},{"faces":{"down":{"uv":[8.375,10,8.75,10.125],"texture":"#mesh_atlas"},"up":{"uv":[8.375,10,8.75,9.875],"texture":"#mesh_atlas"},"north":{"uv":[8.75,9.75,8.375,9.875],"texture":"#mesh_atlas"},"south":{"uv":[8.375,9.625,8.75,9.75],"texture":"#mesh_atlas"},"west":{"uv":[12.125,14.375,12.25,14.5],"texture":"#mesh_atlas"},"east":{"uv":[12.625,14.375,12.5,14.5],"texture":"#mesh_atlas"}},"from":[18.5,7.5,8.5],"to":[20,8,9]},{"faces":{"down":{"uv":[8.375,9.5,8.75,9.625],"texture":"#mesh_atlas"},"up":{"uv":[8.375,9.5,8.75,9.375],"texture":"#mesh_atlas"},"north":{"uv":[8.75,9.25,8.375,9.375],"texture":"#mesh_atlas"},"south":{"uv":[8.375,8.875,8.75,9],"texture":"#mesh_atlas"},"west":{"uv":[13.25,14.375,13.375,14.5],"texture":"#mesh_atlas"},"east":{"uv":[13.5,14.375,13.375,14.5],"texture":"#mesh_atlas"}},"from":[18.5,9,5.5],"to":[20,9.5,6]},{"faces":{"down":{"uv":[8.375,8.75,8.75,8.875],"texture":"#mesh_atlas"},"up":{"uv":[8.5,8.75,8.875,8.625],"texture":"#mesh_atlas"},"north":{"uv":[8.875,8.5,8.5,8.625],"texture":"#mesh_atlas"},"south":{"uv":[8.5,8.375,8.875,8.5],"texture":"#mesh_atlas"},"west":{"uv":[14.125,14.375,14.25,14.5],"texture":"#mesh_atlas"},"east":{"uv":[14.375,14.375,14.25,14.5],"texture":"#mesh_atlas"}},"from":[18.5,9,10],"to":[20,9.5,10.5]},{"faces":{"down":{"uv":[8.5,8.25,8.875,8.375],"texture":"#mesh_atlas"},"up":{"uv":[8.5,8.25,8.875,8.125],"texture":"#mesh_atlas"},"north":{"uv":[8.875,8,8.5,8.125],"texture":"#mesh_atlas"},"south":{"uv":[9,14.875,9.375,15],"texture":"#mesh_atlas"},"west":{"uv":[15.125,14.375,15.25,14.5],"texture":"#mesh_atlas"},"east":{"uv":[15.625,14.375,15.5,14.5],"texture":"#mesh_atlas"}},"from":[18.5,10.5,5.5],"to":[20,11,6]},{"faces":{"down":{"uv":[9.375,14.875,9.75,15],"texture":"#mesh_atlas"},"up":{"uv":[9.75,15,10.125,14.875],"texture":"#mesh_atlas"},"north":{"uv":[10.5,14.875,10.125,15],"texture":"#mesh_atlas"},"south":{"uv":[10.5,14.875,10.875,15],"texture":"#mesh_atlas"},"west":{"uv":[9.5,13.875,9.625,14],"texture":"#mesh_atlas"},"east":{"uv":[9.625,13.75,9.5,13.875],"texture":"#mesh_atlas"}},"from":[18.5,10.5,10],"to":[20,11,10.5]},{"faces":{"down":{"uv":[10.875,14.875,11.25,15],"texture":"#mesh_atlas"},"up":{"uv":[11.25,15,11.625,14.875],"texture":"#mesh_atlas"},"north":{"uv":[12,14.875,11.625,15],"texture":"#mesh_atlas"},"south":{"uv":[12,14.875,12.375,15],"texture":"#mesh_atlas"},"west":{"uv":[9.5,12.875,9.625,13],"texture":"#mesh_atlas"},"east":{"uv":[9.625,12.5,9.5,12.625],"texture":"#mesh_atlas"}},"from":[18.5,12,7],"to":[20,12.5,7.5]},{"faces":{"down":{"uv":[13.5,14.875,13.875,15],"texture":"#mesh_atlas"},"up":{"uv":[12.375,15,12.75,14.875],"texture":"#mesh_atlas"},"north":{"uv":[13.125,14.875,12.75,15],"texture":"#mesh_atlas"},"south":{"uv":[13.125,14.875,13.5,15],"texture":"#mesh_atlas"},"west":{"uv":[9.5,11.5,9.625,11.625],"texture":"#mesh_atlas"},"east":{"uv":[9.625,11.375,9.5,11.5],"texture":"#mesh_atlas"}},"from":[18.5,12,8.5],"to":[20,12.5,9]},{"faces":{"down":{"uv":[8,14.375,8.25,14.625],"texture":"#mesh_atlas"},"up":{"uv":[4.25,14,4.5,13.75],"texture":"#mesh_atlas"},"north":{"uv":[9,10,8.75,10.125],"texture":"#mesh_atlas"},"south":{"uv":[8.75,9.875,9,10],"texture":"#mesh_atlas"},"west":{"uv":[8.75,9.75,9,9.875],"texture":"#mesh_atlas"},"east":{"uv":[9,9.625,8.75,9.75],"texture":"#mesh_atlas"}},"from":[19,7,7.5],"to":[20,7.5,8.5]},{"faces":{"down":{"uv":[8.75,9.5,9,9.625],"texture":"#mesh_atlas"},"up":{"uv":[8.75,9.25,9,9.125],"texture":"#mesh_atlas"},"north":{"uv":[9,9,8.75,9.125],"texture":"#mesh_atlas"},"south":{"uv":[8.75,8.875,9,9],"texture":"#mesh_atlas"},"west":{"uv":[9.25,8.375,9.375,8.5],"texture":"#mesh_atlas"},"east":{"uv":[9.5,8.375,9.375,8.5],"texture":"#mesh_atlas"}},"from":[19,7.5,6.5],"to":[20,8,7]},{"faces":{"down":{"uv":[8.75,8.75,9,8.875],"texture":"#mesh_atlas"},"up":{"uv":[14.625,15,14.875,14.875],"texture":"#mesh_atlas"},"north":{"uv":[15.125,14.875,14.875,15],"texture":"#mesh_atlas"},"south":{"uv":[15.125,14.875,15.375,15],"texture":"#mesh_atlas"},"west":{"uv":[9.25,8,9.375,8.125],"texture":"#mesh_atlas"},"east":{"uv":[9.5,8,9.375,8.125],"texture":"#mesh_atlas"}},"from":[19,7.5,9],"to":[20,8,9.5]},{"faces":{"down":{"uv":[15.375,14.875,15.625,15],"texture":"#mesh_atlas"},"up":{"uv":[9.375,14.875,9.625,14.75],"texture":"#mesh_atlas"},"north":{"uv":[9.875,14.75,9.625,14.875],"texture":"#mesh_atlas"},"south":{"uv":[11.375,14.75,11.625,14.875],"texture":"#mesh_atlas"},"west":{"uv":[10,14.375,10.125,14.5],"texture":"#mesh_atlas"},"east":{"uv":[10.25,14.375,10.125,14.5],"texture":"#mesh_atlas"}},"from":[19,8,6],"to":[20,8.5,6.5]},{"faces":{"down":{"uv":[11.625,14.75,11.875,14.875],"texture":"#mesh_atlas"},"up":{"uv":[12.375,14.875,12.625,14.75],"texture":"#mesh_atlas"},"north":{"uv":[13.125,14.75,12.875,14.875],"texture":"#mesh_atlas"},"south":{"uv":[13.125,14.75,13.375,14.875],"texture":"#mesh_atlas"},"west":{"uv":[10.75,14.375,10.875,14.5],"texture":"#mesh_atlas"},"east":{"uv":[11,14.375,10.875,14.5],"texture":"#mesh_atlas"}},"from":[19,8,9.5],"to":[20,8.5,10]},{"faces":{"down":{"uv":[14.375,14.75,14.625,14.875],"texture":"#mesh_atlas"},"up":{"uv":[14.625,14.875,14.875,14.75],"texture":"#mesh_atlas"},"north":{"uv":[9.375,14.625,9.125,14.75],"texture":"#mesh_atlas"},"south":{"uv":[9.375,14.625,9.625,14.75],"texture":"#mesh_atlas"},"west":{"uv":[11.5,14.375,11.625,14.5],"texture":"#mesh_atlas"},"east":{"uv":[11.75,14.375,11.625,14.5],"texture":"#mesh_atlas"}},"from":[19,8.5,5.5],"to":[20,9,6]},{"faces":{"down":{"uv":[10.625,14.625,10.875,14.75],"texture":"#mesh_atlas"},"up":{"uv":[10.875,14.75,11.125,14.625],"texture":"#mesh_atlas"},"north":{"uv":[11.375,14.625,11.125,14.75],"texture":"#mesh_atlas"},"south":{"uv":[11.375,14.625,11.625,14.75],"texture":"#mesh_atlas"},"west":{"uv":[12.25,14.375,12.375,14.5],"texture":"#mesh_atlas"},"east":{"uv":[12.5,14.375,12.375,14.5],"texture":"#mesh_atlas"}},"from":[19,8.5,10],"to":[20,9,10.5]},{"faces":{"down":{"uv":[11.625,14.625,11.875,14.75],"texture":"#mesh_atlas"},"up":{"uv":[11.875,14.75,12.125,14.625],"texture":"#mesh_atlas"},"north":{"uv":[8.25,14.625,8,14.875],"texture":"#mesh_atlas"},"south":{"uv":[8,10.625,8.25,10.875],"texture":"#mesh_atlas"},"west":{"uv":[9,9,9.125,9.25],"texture":"#mesh_atlas"},"east":{"uv":[9.125,8.75,9,9],"texture":"#mesh_atlas"}},"from":[19,9.5,5],"to":[20,10.5,5.5]},{"faces":{"down":{"uv":[12.125,14.625,12.375,14.75],"texture":"#mesh_atlas"},"up":{"uv":[12.375,14.75,12.625,14.625],"texture":"#mesh_atlas"},"north":{"uv":[6.5,8,6.25,8.25],"texture":"#mesh_atlas"},"south":{"uv":[4.25,12.375,4.5,12.625],"texture":"#mesh_atlas"},"west":{"uv":[9.125,14.375,9.25,14.625],"texture":"#mesh_atlas"},"east":{"uv":[9.25,13.875,9.125,14.125],"texture":"#mesh_atlas"}},"from":[19,9.5,10.5],"to":[20,10.5,11]},{"faces":{"down":{"uv":[12.625,14.625,12.875,14.75],"texture":"#mesh_atlas"},"up":{"uv":[12.875,14.75,13.125,14.625],"texture":"#mesh_atlas"},"north":{"uv":[13.375,14.625,13.125,14.75],"texture":"#mesh_atlas"},"south":{"uv":[13.875,14.625,14.125,14.75],"texture":"#mesh_atlas"},"west":{"uv":[14.5,14.375,14.625,14.5],"texture":"#mesh_atlas"},"east":{"uv":[14.75,14.375,14.625,14.5],"texture":"#mesh_atlas"}},"from":[19,11,5.5],"to":[20,11.5,6]},{"faces":{"down":{"uv":[14.125,14.625,14.375,14.75],"texture":"#mesh_atlas"},"up":{"uv":[14.375,14.75,14.625,14.625],"texture":"#mesh_atlas"},"north":{"uv":[14.875,14.625,14.625,14.75],"texture":"#mesh_atlas"},"south":{"uv":[14.875,14.625,15.125,14.75],"texture":"#mesh_atlas"},"west":{"uv":[15.25,14.375,15.375,14.5],"texture":"#mesh_atlas"},"east":{"uv":[15.5,14.375,15.375,14.5],"texture":"#mesh_atlas"}},"from":[19,11,10],"to":[20,11.5,10.5]},{"faces":{"down":{"uv":[15.125,14.625,15.375,14.75],"texture":"#mesh_atlas"},"up":{"uv":[15.375,14.75,15.625,14.625],"texture":"#mesh_atlas"},"north":{"uv":[15.875,14.625,15.625,14.75],"texture":"#mesh_atlas"},"south":{"uv":[10.25,14.5,10.5,14.625],"texture":"#mesh_atlas"},"west":{"uv":[9.5,14.25,9.625,14.375],"texture":"#mesh_atlas"},"east":{"uv":[9.625,14.125,9.5,14.25],"texture":"#mesh_atlas"}},"from":[19,11.5,6],"to":[20,12,6.5]},{"faces":{"down":{"uv":[10.5,14.5,10.75,14.625],"texture":"#mesh_atlas"},"up":{"uv":[11.75,14.625,12,14.5],"texture":"#mesh_atlas"},"north":{"uv":[12.25,14.5,12,14.625],"texture":"#mesh_atlas"},"south":{"uv":[13.25,14.5,13.5,14.625],"texture":"#mesh_atlas"},"west":{"uv":[9.5,13.5,9.625,13.625],"texture":"#mesh_atlas"},"east":{"uv":[9.625,13.375,9.5,13.5],"texture":"#mesh_atlas"}},"from":[19,11.5,9.5],"to":[20,12,10]},{"faces":{"down":{"uv":[13.5,14.5,13.75,14.625],"texture":"#mesh_atlas"},"up":{"uv":[14.75,14.625,15,14.5],"texture":"#mesh_atlas"},"north":{"uv":[15.25,14.5,15,14.625],"texture":"#mesh_atlas"},"south":{"uv":[15.25,14.5,15.5,14.625],"texture":"#mesh_atlas"},"west":{"uv":[9.5,12.75,9.625,12.875],"texture":"#mesh_atlas"},"east":{"uv":[9.625,12.625,9.5,12.75],"texture":"#mesh_atlas"}},"from":[19,12,6.5],"to":[20,12.5,7]},{"faces":{"down":{"uv":[15.5,14.5,15.75,14.625],"texture":"#mesh_atlas"},"up":{"uv":[9.25,14.375,9.5,14.25],"texture":"#mesh_atlas"},"north":{"uv":[9.5,14.125,9.25,14.25],"texture":"#mesh_atlas"},"south":{"uv":[9.25,13.75,9.5,13.875],"texture":"#mesh_atlas"},"west":{"uv":[9.5,12,9.625,12.125],"texture":"#mesh_atlas"},"east":{"uv":[9.625,11.875,9.5,12],"texture":"#mesh_atlas"}},"from":[19,12,9],"to":[20,12.5,9.5]},{"faces":{"down":{"uv":[4.25,13,4.5,13.25],"texture":"#mesh_atlas"},"up":{"uv":[8,11.875,8.25,11.625],"texture":"#mesh_atlas"},"north":{"uv":[9.5,13.625,9.25,13.75],"texture":"#mesh_atlas"},"south":{"uv":[9.25,13.5,9.5,13.625],"texture":"#mesh_atlas"},"west":{"uv":[9.25,13.375,9.5,13.5],"texture":"#mesh_atlas"},"east":{"uv":[9.5,13.25,9.25,13.375],"texture":"#mesh_atlas"}},"from":[19,12.5,7.5],"to":[20,13,8.5]}],"gui_light":"front"}