{
	"format_version": "1.21.6",
	"credit": "Made with Blockbench",
	"texture_size": [32, 32],
	"textures": {
		"0": "item/flans/weapons/pistol/combat_pistol",
		"particle": "item/flans/weapons/pistol/combat_pistol"
	},
	"elements": [
		{
			"name": "combat_pistol_0",
			"from": [6, 12, 0],
			"to": [8, 16, 1],
			"faces": {
				"north": {"uv": [8, 0, 6, 4], "texture": "#0"},
				"east": {"uv": [7, 0, 8, 4], "texture": "#0"},
				"south": {"uv": [6, 0, 8, 4], "texture": "#0"},
				"west": {"uv": [6, 0, 7, 4], "texture": "#0"},
				"up": {"uv": [6, 0, 8, 1], "texture": "#0"},
				"down": {"uv": [6, 3, 8, 4], "texture": "#0"}
			}
		},
		{
			"name": "combat_pistol_1",
			"from": [5, 13, 0],
			"to": [6, 14, 1],
			"faces": {
				"north": {"uv": [6, 2, 5, 3], "texture": "#0"},
				"east": {"uv": [5, 2, 6, 3], "texture": "#0"},
				"south": {"uv": [5, 2, 6, 3], "texture": "#0"},
				"west": {"uv": [5, 2, 6, 3], "texture": "#0"},
				"up": {"uv": [5, 2, 6, 3], "texture": "#0"},
				"down": {"uv": [5, 2, 6, 3], "texture": "#0"}
			}
		},
		{
			"name": "combat_pistol_2",
			"from": [8, 10, 0],
			"to": [9, 14, 1],
			"faces": {
				"north": {"uv": [9, 2, 8, 6], "texture": "#0"},
				"east": {"uv": [8, 2, 9, 6], "texture": "#0"},
				"south": {"uv": [8, 2, 9, 6], "texture": "#0"},
				"west": {"uv": [8, 2, 9, 6], "texture": "#0"},
				"up": {"uv": [8, 2, 9, 3], "texture": "#0"},
				"down": {"uv": [8, 5, 9, 6], "texture": "#0"}
			}
		},
		{
			"name": "combat_pistol_3",
			"from": [9, 4, 0],
			"to": [10, 13, 1],
			"faces": {
				"north": {"uv": [10, 3, 9, 12], "texture": "#0"},
				"east": {"uv": [9, 3, 10, 12], "texture": "#0"},
				"south": {"uv": [9, 3, 10, 12], "texture": "#0"},
				"west": {"uv": [9, 3, 10, 12], "texture": "#0"},
				"up": {"uv": [9, 3, 10, 4], "texture": "#0"},
				"down": {"uv": [9, 11, 10, 12], "texture": "#0"}
			}
		},
		{
			"name": "combat_pistol_4",
			"from": [7, 8, 0],
			"to": [8, 12, 1],
			"faces": {
				"north": {"uv": [8, 4, 7, 8], "texture": "#0"},
				"east": {"uv": [7, 4, 8, 8], "texture": "#0"},
				"south": {"uv": [7, 4, 8, 8], "texture": "#0"},
				"west": {"uv": [7, 4, 8, 8], "texture": "#0"},
				"up": {"uv": [7, 4, 8, 5], "texture": "#0"},
				"down": {"uv": [7, 7, 8, 8], "texture": "#0"}
			}
		},
		{
			"name": "combat_pistol_5",
			"from": [10, 5, 0],
			"to": [11, 12, 1],
			"faces": {
				"north": {"uv": [11, 4, 10, 11], "texture": "#0"},
				"east": {"uv": [10, 4, 11, 11], "texture": "#0"},
				"south": {"uv": [10, 4, 11, 11], "texture": "#0"},
				"west": {"uv": [10, 4, 11, 11], "texture": "#0"},
				"up": {"uv": [10, 4, 11, 5], "texture": "#0"},
				"down": {"uv": [10, 10, 11, 11], "texture": "#0"}
			}
		},
		{
			"name": "combat_pistol_6",
			"from": [11, 6, 0],
			"to": [12, 11, 1],
			"faces": {
				"north": {"uv": [12, 5, 11, 10], "texture": "#0"},
				"east": {"uv": [11, 5, 12, 10], "texture": "#0"},
				"south": {"uv": [11, 5, 12, 10], "texture": "#0"},
				"west": {"uv": [11, 5, 12, 10], "texture": "#0"},
				"up": {"uv": [11, 5, 12, 6], "texture": "#0"},
				"down": {"uv": [11, 9, 12, 10], "texture": "#0"}
			}
		},
		{
			"name": "combat_pistol_7",
			"from": [12, 8, 0],
			"to": [13, 10, 1],
			"faces": {
				"north": {"uv": [13, 6, 12, 8], "texture": "#0"},
				"east": {"uv": [12, 6, 13, 8], "texture": "#0"},
				"south": {"uv": [12, 6, 13, 8], "texture": "#0"},
				"west": {"uv": [12, 6, 13, 8], "texture": "#0"},
				"up": {"uv": [12, 6, 13, 7], "texture": "#0"},
				"down": {"uv": [12, 7, 13, 8], "texture": "#0"}
			}
		},
		{
			"name": "combat_pistol_8",
			"from": [8, 3, 0],
			"to": [9, 8, 1],
			"faces": {
				"north": {"uv": [9, 8, 8, 13], "texture": "#0"},
				"east": {"uv": [8, 8, 9, 13], "texture": "#0"},
				"south": {"uv": [8, 8, 9, 13], "texture": "#0"},
				"west": {"uv": [8, 8, 9, 13], "texture": "#0"},
				"up": {"uv": [8, 8, 9, 9], "texture": "#0"},
				"down": {"uv": [8, 12, 9, 13], "texture": "#0"}
			}
		},
		{
			"name": "combat_pistol_9",
			"from": [7, 2, 0],
			"to": [8, 6, 1],
			"faces": {
				"north": {"uv": [8, 10, 7, 14], "texture": "#0"},
				"east": {"uv": [7, 10, 8, 14], "texture": "#0"},
				"south": {"uv": [7, 10, 8, 14], "texture": "#0"},
				"west": {"uv": [7, 10, 8, 14], "texture": "#0"},
				"up": {"uv": [7, 10, 8, 11], "texture": "#0"},
				"down": {"uv": [7, 13, 8, 14], "texture": "#0"}
			}
		},
		{
			"name": "combat_pistol_10",
			"from": [6, 1, 0],
			"to": [7, 5, 1],
			"faces": {
				"north": {"uv": [7, 11, 6, 15], "texture": "#0"},
				"east": {"uv": [6, 11, 7, 15], "texture": "#0"},
				"south": {"uv": [6, 11, 7, 15], "texture": "#0"},
				"west": {"uv": [6, 11, 7, 15], "texture": "#0"},
				"up": {"uv": [6, 11, 7, 12], "texture": "#0"},
				"down": {"uv": [6, 14, 7, 15], "texture": "#0"}
			}
		},
		{
			"name": "combat_pistol_11",
			"from": [5, 0, 0],
			"to": [6, 4, 1],
			"faces": {
				"north": {"uv": [6, 12, 5, 16], "texture": "#0"},
				"east": {"uv": [5, 12, 6, 16], "texture": "#0"},
				"south": {"uv": [5, 12, 6, 16], "texture": "#0"},
				"west": {"uv": [5, 12, 6, 16], "texture": "#0"},
				"up": {"uv": [5, 12, 6, 13], "texture": "#0"},
				"down": {"uv": [5, 15, 6, 16], "texture": "#0"}
			}
		},
		{
			"name": "combat_pistol_12",
			"from": [4, 0, 0],
			"to": [5, 3, 1],
			"faces": {
				"north": {"uv": [5, 13, 4, 16], "texture": "#0"},
				"east": {"uv": [4, 13, 5, 16], "texture": "#0"},
				"south": {"uv": [4, 13, 5, 16], "texture": "#0"},
				"west": {"uv": [4, 13, 5, 16], "texture": "#0"},
				"up": {"uv": [4, 13, 5, 14], "texture": "#0"},
				"down": {"uv": [4, 15, 5, 16], "texture": "#0"}
			}
		},
		{
			"name": "combat_pistol_13",
			"from": [3, 0, 0],
			"to": [4, 2, 1],
			"faces": {
				"north": {"uv": [4, 14, 3, 16], "texture": "#0"},
				"east": {"uv": [3, 14, 4, 16], "texture": "#0"},
				"south": {"uv": [3, 14, 4, 16], "texture": "#0"},
				"west": {"uv": [3, 14, 4, 16], "texture": "#0"},
				"up": {"uv": [3, 14, 4, 15], "texture": "#0"},
				"down": {"uv": [3, 15, 4, 16], "texture": "#0"}
			}
		}
	],
	"gui_light": "front",
	"display": {
		"thirdperson_righthand": {
			"rotation": [130, -90, -180],
			"translation": [-4.25, -0.32, -0.62],
			"scale": [0.6, 0.6, 0.6]
		},
		"thirdperson_lefthand": {
			"rotation": [135, 90, -180],
			"translation": [4.5, -0.82, -0.37],
			"scale": [0.6, 0.6, 0.6]
		},
		"firstperson_righthand": {
			"rotation": [-45, -90, 0],
			"translation": [0.49, 2.64, -3.12],
			"scale": [0.6, 0.6, 0.6]
		},
		"firstperson_lefthand": {
			"rotation": [-52, 90, 0],
			"translation": [7.79, 3.14, -2.38],
			"scale": [0.6, 0.6, 0.6]
		},
		"ground": {
			"translation": [0, 5, 0],
			"scale": [0.6, 0.6, 0.6]
		},
		"gui": {
			"rotation": [14, -180, 0],
			"translation": [0.56, 1.75, 0]
		},
		"head": {
			"translation": [-0.25, 9.25, -2.5],
			"scale": [0.4, 0.4, 0.4]
		},
		"fixed": {
			"translation": [0.3, 0.2, 7.9]
		}
	},
	"groups": [
		{
			"name": "combat_pistol",
			"origin": [8, 8, 8],
			"color": 0,
			"children": [0, 1, 2, 3, 4, 5, 6, 7, 8, 9, 10, 11, 12, 13]
		}
	]
}