{
	"format_version": "1.21.6",
	"credit": "Made with Blockbench",
	"texture_size": [32, 32],
	"textures": {
		"0": "item/flans/weapons/pistol/heavy_revolver",
		"particle": "item/flans/weapons/pistol/heavy_revolver"
	},
	"elements": [
		{
			"name": "heavy_revolver_0",
			"from": [5, 12, 0],
			"to": [6, 15, 1],
			"faces": {
				"north": {"uv": [6, 1, 5, 4], "texture": "#0"},
				"east": {"uv": [5, 1, 6, 4], "texture": "#0"},
				"south": {"uv": [5, 1, 6, 4], "texture": "#0"},
				"west": {"uv": [5, 1, 6, 4], "texture": "#0"},
				"up": {"uv": [5, 1, 6, 2], "texture": "#0"},
				"down": {"uv": [5, 3, 6, 4], "texture": "#0"}
			}
		},
		{
			"name": "heavy_revolver_1",
			"from": [4, 13, 0],
			"to": [5, 14, 1],
			"faces": {
				"north": {"uv": [5, 2, 4, 3], "texture": "#0"},
				"east": {"uv": [4, 2, 5, 3], "texture": "#0"},
				"south": {"uv": [4, 2, 5, 3], "texture": "#0"},
				"west": {"uv": [4, 2, 5, 3], "texture": "#0"},
				"up": {"uv": [4, 2, 5, 3], "texture": "#0"},
				"down": {"uv": [4, 2, 5, 3], "texture": "#0"}
			}
		},
		{
			"name": "heavy_revolver_2",
			"from": [6, 11, 0],
			"to": [7, 13, 1],
			"faces": {
				"north": {"uv": [7, 3, 6, 5], "texture": "#0"},
				"east": {"uv": [6, 3, 7, 5], "texture": "#0"},
				"south": {"uv": [6, 3, 7, 5], "texture": "#0"},
				"west": {"uv": [6, 3, 7, 5], "texture": "#0"},
				"up": {"uv": [6, 3, 7, 4], "texture": "#0"},
				"down": {"uv": [6, 4, 7, 5], "texture": "#0"}
			}
		},
		{
			"name": "heavy_revolver_3",
			"from": [7, 9, 0],
			"to": [8, 12, 1],
			"faces": {
				"north": {"uv": [8, 4, 7, 7], "texture": "#0"},
				"east": {"uv": [7, 4, 8, 7], "texture": "#0"},
				"south": {"uv": [7, 4, 8, 7], "texture": "#0"},
				"west": {"uv": [7, 4, 8, 7], "texture": "#0"},
				"up": {"uv": [7, 4, 8, 5], "texture": "#0"},
				"down": {"uv": [7, 6, 8, 7], "texture": "#0"}
			}
		},
		{
			"name": "heavy_revolver_4",
			"from": [8, 6, 0],
			"to": [9, 11, 1],
			"faces": {
				"north": {"uv": [9, 5, 8, 10], "texture": "#0"},
				"east": {"uv": [8, 5, 9, 10], "texture": "#0"},
				"south": {"uv": [8, 5, 9, 10], "texture": "#0"},
				"west": {"uv": [8, 5, 9, 10], "texture": "#0"},
				"up": {"uv": [8, 5, 9, 6], "texture": "#0"},
				"down": {"uv": [8, 9, 9, 10], "texture": "#0"}
			}
		},
		{
			"name": "heavy_revolver_5",
			"from": [9, 2, 0],
			"to": [11, 10, 1],
			"faces": {
				"north": {"uv": [11, 6, 9, 14], "texture": "#0"},
				"east": {"uv": [10, 6, 11, 14], "texture": "#0"},
				"south": {"uv": [9, 6, 11, 14], "texture": "#0"},
				"west": {"uv": [9, 6, 10, 14], "texture": "#0"},
				"up": {"uv": [9, 6, 11, 7], "texture": "#0"},
				"down": {"uv": [9, 13, 11, 14], "texture": "#0"}
			}
		},
		{
			"name": "heavy_revolver_6",
			"from": [6, 7, 0],
			"to": [7, 9, 1],
			"faces": {
				"north": {"uv": [7, 7, 6, 9], "texture": "#0"},
				"east": {"uv": [6, 7, 7, 9], "texture": "#0"},
				"south": {"uv": [6, 7, 7, 9], "texture": "#0"},
				"west": {"uv": [6, 7, 7, 9], "texture": "#0"},
				"up": {"uv": [6, 7, 7, 8], "texture": "#0"},
				"down": {"uv": [6, 8, 7, 9], "texture": "#0"}
			}
		},
		{
			"name": "heavy_revolver_7",
			"from": [11, 3, 0],
			"to": [12, 9, 1],
			"faces": {
				"north": {"uv": [12, 7, 11, 13], "texture": "#0"},
				"east": {"uv": [11, 7, 12, 13], "texture": "#0"},
				"south": {"uv": [11, 7, 12, 13], "texture": "#0"},
				"west": {"uv": [11, 7, 12, 13], "texture": "#0"},
				"up": {"uv": [11, 7, 12, 8], "texture": "#0"},
				"down": {"uv": [11, 12, 12, 13], "texture": "#0"}
			}
		},
		{
			"name": "heavy_revolver_8",
			"from": [12, 6, 0],
			"to": [13, 8, 1],
			"faces": {
				"north": {"uv": [13, 8, 12, 10], "texture": "#0"},
				"east": {"uv": [12, 8, 13, 10], "texture": "#0"},
				"south": {"uv": [12, 8, 13, 10], "texture": "#0"},
				"west": {"uv": [12, 8, 13, 10], "texture": "#0"},
				"up": {"uv": [12, 8, 13, 9], "texture": "#0"},
				"down": {"uv": [12, 9, 13, 10], "texture": "#0"}
			}
		},
		{
			"name": "heavy_revolver_9",
			"from": [7, 6, 0],
			"to": [8, 7, 1],
			"faces": {
				"north": {"uv": [8, 9, 7, 10], "texture": "#0"},
				"east": {"uv": [7, 9, 8, 10], "texture": "#0"},
				"south": {"uv": [7, 9, 8, 10], "texture": "#0"},
				"west": {"uv": [7, 9, 8, 10], "texture": "#0"},
				"up": {"uv": [7, 9, 8, 10], "texture": "#0"},
				"down": {"uv": [7, 9, 8, 10], "texture": "#0"}
			}
		},
		{
			"name": "heavy_revolver_10",
			"from": [8, 2, 0],
			"to": [9, 5, 1],
			"faces": {
				"north": {"uv": [9, 11, 8, 14], "texture": "#0"},
				"east": {"uv": [8, 11, 9, 14], "texture": "#0"},
				"south": {"uv": [8, 11, 9, 14], "texture": "#0"},
				"west": {"uv": [8, 11, 9, 14], "texture": "#0"},
				"up": {"uv": [8, 11, 9, 12], "texture": "#0"},
				"down": {"uv": [8, 13, 9, 14], "texture": "#0"}
			}
		},
		{
			"name": "heavy_revolver_11",
			"from": [9, 1, 0],
			"to": [10, 2, 1],
			"faces": {
				"north": {"uv": [10, 14, 9, 15], "texture": "#0"},
				"east": {"uv": [9, 14, 10, 15], "texture": "#0"},
				"south": {"uv": [9, 14, 10, 15], "texture": "#0"},
				"west": {"uv": [9, 14, 10, 15], "texture": "#0"},
				"up": {"uv": [9, 14, 10, 15], "texture": "#0"},
				"down": {"uv": [9, 14, 10, 15], "texture": "#0"}
			}
		}
	],
	"gui_light": "front",
	"display": {
		"thirdperson_righthand": {
			"rotation": [130, -90, -180],
			"translation": [-4.25, 0.43, -1.12],
			"scale": [0.6, 0.6, 0.6]
		},
		"thirdperson_lefthand": {
			"rotation": [135, 90, -180],
			"translation": [4.5, 0.43, -0.87],
			"scale": [0.6, 0.6, 0.6]
		},
		"firstperson_righthand": {
			"rotation": [-45, -90, 0],
			"translation": [0.49, 2.64, -3.12],
			"scale": [0.6, 0.6, 0.6]
		},
		"firstperson_lefthand": {
			"rotation": [-52, 90, 0],
			"translation": [7.79, 3.14, -2.38],
			"scale": [0.6, 0.6, 0.6]
		},
		"ground": {
			"translation": [0, 5, 0],
			"scale": [0.6, 0.6, 0.6]
		},
		"gui": {
			"rotation": [14, -180, 0],
			"translation": [0.56, 1.75, 0]
		},
		"head": {
			"translation": [-0.25, 9.25, -2.5],
			"scale": [0.4, 0.4, 0.4]
		},
		"fixed": {
			"translation": [0.3, 0.2, 7.9]
		}
	},
	"groups": [
		{
			"name": "heavy_revolver",
			"origin": [8, 8, 8],
			"color": 0,
			"children": [0, 1, 2, 3, 4, 5, 6, 7, 8, 9, 10, 11]
		}
	]
}