{"display":{"thirdperson_righthand":{"rotation":[0,90,0],"translation":[1.5,5.25,0.25],"scale":[1.24,1.24,1.24]},"thirdperson_lefthand":{"rotation":[0,-90,0],"translation":[-1.5,5.5,0],"scale":[1.24,1.24,1.24]},"firstperson_righthand":{"rotation":[0,90,0],"translation":[0.5,9.75,0.75],"scale":[1.34,1.34,1.34]},"firstperson_lefthand":{"rotation":[0,-90,0],"translation":[-3,11,1.5],"scale":[1.34,1.34,1.34]},"ground":{"translation":[0,6,0],"scale":[1.57,1.57,1.57]},"gui":{"rotation":[0,0,45],"translation":[-7.25,4.75,3],"scale":[1.83,1.83,1.83]},"fixed":{"rotation":[0,0,45],"translation":[-8.25,5.75,3],"scale":[2.16,2.16,2.16]}},"texture_size":[8,8],"textures":{"1":"item/rpskins/halloween/pumpkin_face","3":"item/rpskins/234115019","5":"item/rpskins/purple","6":"guns/2-metal-dark","particle":"guns/2-metal-dark"},"elements":[{"from":[6.25,0,6.35],"to":[8.425,0.15,7.35],"rotation":{"angle":0,"axis":"y","origin":[6.925,0,6.35]},"faces":{"north":{"uv":[0,7,0.75,7.25],"texture":"#5"},"east":{"uv":[0,7,0.75,7.25],"texture":"#5"},"south":{"uv":[0,7,0.75,7.25],"texture":"#5"},"west":{"uv":[0,7,0.75,7.25],"texture":"#5"},"up":{"uv":[0,7,0.75,7.25],"texture":"#5"},"down":{"uv":[0,7,0.75,7.25],"texture":"#5"}}},{"from":[6.275,0.125,6.375],"to":[8.35,0.325,7.325],"rotation":{"angle":0,"axis":"y","origin":[6.9,0.15,6.35]},"faces":{"north":{"uv":[0,7,0.75,7.25],"texture":"#5"},"east":{"uv":[0,7,0.75,7.25],"texture":"#5"},"south":{"uv":[0,7,0.75,7.25],"texture":"#5"},"west":{"uv":[0,7,0.75,7.25],"texture":"#5"},"up":{"uv":[0,7,0.75,7.25],"texture":"#5"},"down":{"uv":[0,7,0.75,7.25],"texture":"#5"}}},{"from":[6.2,0.3,6.4],"to":[8.25,0.9,7.3],"rotation":{"angle":0,"axis":"y","origin":[7.25,0.3,6.35]},"faces":{"north":{"uv":[0,1,1,2.75],"texture":"#3"},"east":{"uv":[0,1,1,2.75],"texture":"#3"},"south":{"uv":[0,1,1,2.75],"texture":"#3"},"west":{"uv":[0,1,1,2.75],"texture":"#3"},"up":{"uv":[0,1,1,2.75],"texture":"#3"},"down":{"uv":[0,1,1,2.75],"texture":"#3"}}},{"from":[8.1,0.3,6.4],"to":[8.35,0.45,7.3],"rotation":{"angle":0,"axis":"y","origin":[7.375,0.3,6.35]},"faces":{"north":{"uv":[0,1,1,2.75],"texture":"#3"},"east":{"uv":[0,1,1,2.75],"texture":"#3"},"south":{"uv":[0,1,1,2.75],"texture":"#3"},"west":{"uv":[0,1,1,2.75],"texture":"#3"},"up":{"uv":[0,1,1,2.75],"texture":"#3"},"down":{"uv":[0,1,1,2.75],"texture":"#3"}}},{"from":[6.3,0.9,6.4],"to":[8.35,1.5,7.3],"rotation":{"angle":0,"axis":"y","origin":[7.425,0.3,6.35]},"faces":{"north":{"uv":[0,1,1,2.75],"texture":"#3"},"east":{"uv":[0,1,1,2.75],"texture":"#3"},"south":{"uv":[0,1,1,2.75],"texture":"#3"},"west":{"uv":[0,1,1,2.75],"texture":"#3"},"up":{"uv":[0,1,1,2.75],"texture":"#3"},"down":{"uv":[0,1,1,2.75],"texture":"#3"}}},{"from":[6.3,1.475,6.4],"to":[8.4,1.9,7.3],"rotation":{"angle":0,"axis":"y","origin":[7.425,0.7,6.35]},"faces":{"north":{"uv":[0,1,1,2.75],"texture":"#3"},"east":{"uv":[0,1,1,2.75],"texture":"#3"},"south":{"uv":[0,1,1,2.75],"texture":"#3"},"west":{"uv":[0,1,1,2.75],"texture":"#3"},"up":{"uv":[0,1,1,2.75],"texture":"#3"},"down":{"uv":[0,1,1,2.75],"texture":"#3"}}},{"from":[6.45,1.9,6.4],"to":[8.45,2.45,7.3],"rotation":{"angle":0,"axis":"y","origin":[7.425,0.3,6.35]},"faces":{"north":{"uv":[0,1,1,2.75],"texture":"#3"},"east":{"uv":[0,1,1,2.75],"texture":"#3"},"south":{"uv":[0,1,1,2.75],"texture":"#3"},"west":{"uv":[0,1,1,2.75],"texture":"#3"},"up":{"uv":[0,1,1,2.75],"texture":"#3"},"down":{"uv":[0,1,1,2.75],"texture":"#3"}}},{"from":[6.55,2.45,6.4],"to":[8.525,3.85,7.3],"rotation":{"angle":0,"axis":"y","origin":[7.425,0.3,6.35]},"faces":{"north":{"uv":[0,1,1,2.44063],"texture":"#3"},"east":{"uv":[0,1,1,2.75],"texture":"#3"},"south":{"uv":[0,1,1,2.75],"texture":"#3"},"west":{"uv":[0,1,1,2.75],"texture":"#3"},"up":{"uv":[0,1,1,2.75],"texture":"#3"},"down":{"uv":[0,1,1,2.75],"texture":"#3"}}},{"from":[8.525,2.9,6.4],"to":[8.725,3.85,7.3],"rotation":{"angle":0,"axis":"y","origin":[7.625,0.3,6.35]},"faces":{"north":{"uv":[0,1,0.5,2.625],"texture":"#3"},"east":{"uv":[0,1,0.5,2.625],"texture":"#3"},"south":{"uv":[0,1,0.5,2.625],"texture":"#3"},"west":{"uv":[0,1,0.5,2.625],"texture":"#3"},"up":{"uv":[0,1,0.5,2.625],"texture":"#3"},"down":{"uv":[0,1,0.5,2.625],"texture":"#3"}}},{"from":[6.575,1.35,6.325],"to":[8.325,3.175,6.4],"rotation":{"angle":0,"axis":"y","origin":[7.35,1.125,6.275]},"faces":{"north":{"uv":[1.5,0,14.5,16],"texture":"#1"},"east":{"uv":[0,0,2,16],"texture":"#1"},"south":{"uv":[0,0,2,16],"texture":"#1"},"west":{"uv":[0,0,2,16],"texture":"#1"},"up":{"uv":[0,0,2,16],"texture":"#1"},"down":{"uv":[0,0,2,16],"texture":"#1"}}},{"from":[6.325,0.475,6.325],"to":[8.075,1.35,6.4],"rotation":{"angle":0,"axis":"y","origin":[7.125,0.125,6.275]},"faces":{"north":{"uv":[6,0.5,7.75,1.5],"texture":"#5"},"east":{"uv":[6,0.5,7.75,1.5],"texture":"#5"},"south":{"uv":[6,0.5,7.75,1.5],"texture":"#5"},"west":{"uv":[6,0.5,7.75,1.5],"texture":"#5"},"up":{"uv":[6,0.5,7.75,1.5],"texture":"#5"},"down":{"uv":[6,0.5,7.75,1.5],"texture":"#5"}}},{"from":[8.075,0.925,7.3],"to":[8.2,1.35,7.375],"rotation":{"angle":0,"axis":"y","origin":[7.25,0.125,7.25]},"faces":{"north":{"uv":[6.875,0.5,7.75,1.25],"texture":"#5"},"east":{"uv":[6.875,0.5,7.75,1.25],"texture":"#5"},"south":{"uv":[6.875,0.5,7.75,1.25],"texture":"#5"},"west":{"uv":[6.875,0.5,7.75,1.25],"texture":"#5"},"up":{"uv":[6.875,0.5,7.75,1.25],"texture":"#5"},"down":{"uv":[6.875,0.5,7.75,1.25],"texture":"#5"}}},{"from":[6.575,3.175,7.3],"to":[8.325,3.65,7.375],"rotation":{"angle":0,"axis":"y","origin":[7.35,2.4,7.25]},"faces":{"north":{"uv":[6.625,0.5,7.75,1.125],"texture":"#5"},"east":{"uv":[6.625,0.5,7.75,1.125],"texture":"#5"},"south":{"uv":[6.625,0.5,7.75,1.125],"texture":"#5"},"west":{"uv":[6.625,0.5,7.75,1.125],"texture":"#5"},"up":{"uv":[6.625,0.5,7.75,1.125],"texture":"#5"},"down":{"uv":[6.625,0.5,7.75,1.125],"texture":"#5"}}},{"from":[8.325,3.025,7.3],"to":[8.5,3.65,7.375],"rotation":{"angle":0,"axis":"y","origin":[7.525,2.4,7.25]},"faces":{"north":{"uv":[7.625,0.5,8,1.125],"texture":"#5"},"east":{"uv":[7.625,0.5,8,1.125],"texture":"#5"},"south":{"uv":[7.625,0.5,8,1.125],"texture":"#5"},"west":{"uv":[7.625,0.5,8,1.125],"texture":"#5"},"up":{"uv":[7.625,0.5,8,1.125],"texture":"#5"},"down":{"uv":[7.625,0.5,8,1.125],"texture":"#5"}}},{"from":[8.325,3.025,6.35],"to":[8.5,3.65,6.425],"rotation":{"angle":0,"axis":"y","origin":[7.525,2.4,6.3]},"faces":{"north":{"uv":[7.625,0.5,8,1.125],"texture":"#5"},"east":{"uv":[7.625,0.5,8,1.125],"texture":"#5"},"south":{"uv":[7.625,0.5,8,1.125],"texture":"#5"},"west":{"uv":[7.625,0.5,8,1.125],"texture":"#5"},"up":{"uv":[7.625,0.5,8,1.125],"texture":"#5"},"down":{"uv":[7.625,0.5,8,1.125],"texture":"#5"}}},{"from":[6.45,1.875,7.3],"to":[6.575,2.425,7.375],"rotation":{"angle":0,"axis":"y","origin":[7.125,1.175,7.25]},"faces":{"north":{"uv":[6.875,0.5,7.75,1.25],"texture":"#5"},"east":{"uv":[6.875,0.5,7.75,1.25],"texture":"#5"},"south":{"uv":[6.875,0.5,7.75,1.25],"texture":"#5"},"west":{"uv":[6.875,0.5,7.75,1.25],"texture":"#5"},"up":{"uv":[6.875,0.5,7.75,1.25],"texture":"#5"},"down":{"uv":[6.875,0.5,7.75,1.25],"texture":"#5"}}},{"from":[6.575,1.35,7.3],"to":[8.325,3.175,7.375],"rotation":{"angle":0,"axis":"y","origin":[7.35,1.125,7.25]},"faces":{"north":{"uv":[0,0,2,16],"texture":"#1"},"east":{"uv":[0,0,2,16],"texture":"#1"},"south":{"uv":[1.5,0,14.5,16],"texture":"#1"},"west":{"uv":[0,0,2,16],"texture":"#1"},"up":{"uv":[0,0,2,16],"texture":"#1"},"down":{"uv":[0,0,2,16],"texture":"#1"}}},{"from":[6.325,1.35,7.3],"to":[6.575,1.875,7.375],"rotation":{"angle":0,"axis":"y","origin":[7.125,0.65,7.25]},"faces":{"north":{"uv":[6.875,0.5,7.75,1.25],"texture":"#5"},"east":{"uv":[6.875,0.5,7.75,1.25],"texture":"#5"},"south":{"uv":[6.875,0.5,7.75,1.25],"texture":"#5"},"west":{"uv":[6.875,0.5,7.75,1.25],"texture":"#5"},"up":{"uv":[6.875,0.5,7.75,1.25],"texture":"#5"},"down":{"uv":[6.875,0.5,7.75,1.25],"texture":"#5"}}},{"from":[6.325,0.475,7.3],"to":[8.075,1.35,7.375],"rotation":{"angle":0,"axis":"y","origin":[7.125,0.125,7.25]},"faces":{"north":{"uv":[6,0.5,7.75,1.5],"texture":"#5"},"east":{"uv":[6,0.5,7.75,1.5],"texture":"#5"},"south":{"uv":[6,0.5,7.75,1.5],"texture":"#5"},"west":{"uv":[6,0.5,7.75,1.5],"texture":"#5"},"up":{"uv":[6,0.5,7.75,1.5],"texture":"#5"},"down":{"uv":[6,0.5,7.75,1.5],"texture":"#5"}}},{"from":[8.075,0.925,6.325],"to":[8.2,1.35,6.4],"rotation":{"angle":0,"axis":"y","origin":[7.25,0.125,6.275]},"faces":{"north":{"uv":[6.875,0.5,7.75,1.25],"texture":"#5"},"east":{"uv":[6.875,0.5,7.75,1.25],"texture":"#5"},"south":{"uv":[6.875,0.5,7.75,1.25],"texture":"#5"},"west":{"uv":[6.875,0.5,7.75,1.25],"texture":"#5"},"up":{"uv":[6.875,0.5,7.75,1.25],"texture":"#5"},"down":{"uv":[6.875,0.5,7.75,1.25],"texture":"#5"}}},{"from":[6.325,1.35,6.325],"to":[6.575,1.875,6.4],"rotation":{"angle":0,"axis":"y","origin":[7.125,0.65,6.275]},"faces":{"north":{"uv":[6.875,0.5,7.75,1.25],"texture":"#5"},"east":{"uv":[6.875,0.5,7.75,1.25],"texture":"#5"},"south":{"uv":[6.875,0.5,7.75,1.25],"texture":"#5"},"west":{"uv":[6.875,0.5,7.75,1.25],"texture":"#5"},"up":{"uv":[6.875,0.5,7.75,1.25],"texture":"#5"},"down":{"uv":[6.875,0.5,7.75,1.25],"texture":"#5"}}},{"from":[6.45,1.875,6.325],"to":[6.575,2.425,6.4],"rotation":{"angle":0,"axis":"y","origin":[7.125,1.175,6.275]},"faces":{"north":{"uv":[6.875,0.5,7.75,1.25],"texture":"#5"},"east":{"uv":[6.875,0.5,7.75,1.25],"texture":"#5"},"south":{"uv":[6.875,0.5,7.75,1.25],"texture":"#5"},"west":{"uv":[6.875,0.5,7.75,1.25],"texture":"#5"},"up":{"uv":[6.875,0.5,7.75,1.25],"texture":"#5"},"down":{"uv":[6.875,0.5,7.75,1.25],"texture":"#5"}}},{"from":[6.575,3.175,6.325],"to":[8.325,3.65,6.4],"rotation":{"angle":0,"axis":"y","origin":[7.35,2.4,6.275]},"faces":{"north":{"uv":[6.625,0.5,7.75,1.125],"texture":"#5"},"east":{"uv":[6.625,0.5,7.75,1.125],"texture":"#5"},"south":{"uv":[6.625,0.5,7.75,1.125],"texture":"#5"},"west":{"uv":[6.625,0.5,7.75,1.125],"texture":"#5"},"up":{"uv":[6.625,0.5,7.75,1.125],"texture":"#5"},"down":{"uv":[6.625,0.5,7.75,1.125],"texture":"#5"}}},{"from":[8.72803,3.69948,6.4],"to":[13.20303,3.84948,7.3],"rotation":{"angle":0,"axis":"y","origin":[11.55303,2.77448,6.35]},"faces":{"north":{"uv":[1,4,3.25,4.25],"texture":"#5"},"east":{"uv":[1,4,3.25,4.25],"texture":"#5"},"south":{"uv":[1,4,3.25,4.25],"texture":"#5"},"west":{"uv":[1,4,3.25,4.25],"texture":"#5"},"up":{"uv":[1,4,3.25,4.25],"texture":"#5"},"down":{"uv":[1,4,3.25,4.25],"texture":"#5"}}},{"from":[6.20303,3.87448,6.4],"to":[8.52803,5.04948,7.3],"rotation":{"angle":0,"axis":"y","origin":[9.40303,2.94948,6.35]},"faces":{"north":{"uv":[4,2.5,5,3.5],"texture":"#3"},"east":{"uv":[4,2.5,5,3],"texture":"#3"},"south":{"uv":[4,2.5,5,3.5],"texture":"#3"},"west":{"uv":[4,2.5,5,3],"texture":"#3"},"up":{"uv":[4,2.5,5,3],"texture":"#3"},"down":{"uv":[4,2.5,5,3],"texture":"#3"}}},{"from":[6.80303,3.89948,6.399],"to":[6.87803,4.97448,6.399],"rotation":{"angle":0,"axis":"x","origin":[9.22803,2.79948,6.325]},"faces":{"north":{"uv":[0,1,0.5,1.375],"texture":"#5"},"east":{"uv":[0,1,0.5,1.375],"texture":"#5"},"south":{"uv":[0,1,0.5,1.375],"texture":"#5"},"west":{"uv":[0,1,0.5,1.375],"texture":"#5"},"up":{"uv":[0,1,0.5,1.375],"texture":"#5"},"down":{"uv":[0,1,0.5,1.375],"texture":"#5"}}},{"from":[6.65303,3.89948,6.399],"to":[6.72803,4.97448,6.399],"rotation":{"angle":0,"axis":"x","origin":[9.07803,2.79948,6.325]},"faces":{"north":{"uv":[0,1,0.5,1.375],"texture":"#5"},"east":{"uv":[0,1,0.5,1.375],"texture":"#5"},"south":{"uv":[0,1,0.5,1.375],"texture":"#5"},"west":{"uv":[0,1,0.5,1.375],"texture":"#5"},"up":{"uv":[0,1,0.5,1.375],"texture":"#5"},"down":{"uv":[0,1,0.5,1.375],"texture":"#5"}}},{"from":[6.35303,3.89948,6.399],"to":[6.42803,4.97448,6.399],"rotation":{"angle":0,"axis":"x","origin":[8.77803,2.79948,6.325]},"faces":{"north":{"uv":[0,1,0.5,1.375],"texture":"#5"},"east":{"uv":[0,1,0.5,1.375],"texture":"#5"},"south":{"uv":[0,1,0.5,1.375],"texture":"#5"},"west":{"uv":[0,1,0.5,1.375],"texture":"#5"},"up":{"uv":[0,1,0.5,1.375],"texture":"#5"},"down":{"uv":[0,1,0.5,1.375],"texture":"#5"}}},{"from":[6.22803,3.89948,6.399],"to":[6.30303,4.97448,6.399],"rotation":{"angle":0,"axis":"x","origin":[8.65303,2.79948,6.325]},"faces":{"north":{"uv":[0,1,0.5,1.375],"texture":"#5"},"east":{"uv":[0,1,0.5,1.375],"texture":"#5"},"south":{"uv":[0,1,0.5,1.375],"texture":"#5"},"west":{"uv":[0,1,0.5,1.375],"texture":"#5"},"up":{"uv":[0,1,0.5,1.375],"texture":"#5"},"down":{"uv":[0,1,0.5,1.375],"texture":"#5"}}},{"from":[6.50303,3.89948,6.399],"to":[6.57803,4.97448,6.399],"rotation":{"angle":0,"axis":"x","origin":[8.92803,2.79948,6.325]},"faces":{"north":{"uv":[0,1,0.5,1.375],"texture":"#5"},"east":{"uv":[0,1,0.5,1.375],"texture":"#5"},"south":{"uv":[0,1,0.5,1.375],"texture":"#5"},"west":{"uv":[0,1,0.5,1.375],"texture":"#5"},"up":{"uv":[0,1,0.5,1.375],"texture":"#5"},"down":{"uv":[0,1,0.5,1.375],"texture":"#5"}}},{"from":[6.95303,3.89948,6.399],"to":[7.02803,4.97448,6.399],"rotation":{"angle":0,"axis":"x","origin":[9.37803,2.79948,6.325]},"faces":{"north":{"uv":[0,1,0.5,1.375],"texture":"#5"},"east":{"uv":[0,1,0.5,1.375],"texture":"#5"},"south":{"uv":[0,1,0.5,1.375],"texture":"#5"},"west":{"uv":[0,1,0.5,1.375],"texture":"#5"},"up":{"uv":[0,1,0.5,1.375],"texture":"#5"},"down":{"uv":[0,1,0.5,1.375],"texture":"#5"}}},{"from":[7.10303,3.89948,6.399],"to":[7.17803,4.97448,6.399],"rotation":{"angle":0,"axis":"x","origin":[9.52803,2.79948,6.325]},"faces":{"north":{"uv":[0,1,0.5,1.375],"texture":"#5"},"east":{"uv":[0,1,0.5,1.375],"texture":"#5"},"south":{"uv":[0,1,0.5,1.375],"texture":"#5"},"west":{"uv":[0,1,0.5,1.375],"texture":"#5"},"up":{"uv":[0,1,0.5,1.375],"texture":"#5"},"down":{"uv":[0,1,0.5,1.375],"texture":"#5"}}},{"from":[7.25303,3.89948,6.399],"to":[7.32803,4.97448,6.399],"rotation":{"angle":0,"axis":"x","origin":[9.67803,2.79948,6.325]},"faces":{"north":{"uv":[0,1,0.5,1.375],"texture":"#5"},"east":{"uv":[0,1,0.5,1.375],"texture":"#5"},"south":{"uv":[0,1,0.5,1.375],"texture":"#5"},"west":{"uv":[0,1,0.5,1.375],"texture":"#5"},"up":{"uv":[0,1,0.5,1.375],"texture":"#5"},"down":{"uv":[0,1,0.5,1.375],"texture":"#5"}}},{"from":[7.40303,3.89948,6.399],"to":[7.47803,4.97448,6.399],"rotation":{"angle":0,"axis":"x","origin":[9.82803,2.79948,6.325]},"faces":{"north":{"uv":[0,1,0.5,1.375],"texture":"#5"},"east":{"uv":[0,1,0.5,1.375],"texture":"#5"},"south":{"uv":[0,1,0.5,1.375],"texture":"#5"},"west":{"uv":[0,1,0.5,1.375],"texture":"#5"},"up":{"uv":[0,1,0.5,1.375],"texture":"#5"},"down":{"uv":[0,1,0.5,1.375],"texture":"#5"}}},{"from":[7.52803,3.89948,6.399],"to":[7.60303,4.97448,6.399],"rotation":{"angle":0,"axis":"x","origin":[9.95303,2.79948,6.325]},"faces":{"north":{"uv":[0,1,0.5,1.375],"texture":"#5"},"east":{"uv":[0,1,0.5,1.375],"texture":"#5"},"south":{"uv":[0,1,0.5,1.375],"texture":"#5"},"west":{"uv":[0,1,0.5,1.375],"texture":"#5"},"up":{"uv":[0,1,0.5,1.375],"texture":"#5"},"down":{"uv":[0,1,0.5,1.375],"texture":"#5"}}},{"from":[7.67803,3.89948,6.399],"to":[7.75303,4.97448,6.399],"rotation":{"angle":0,"axis":"x","origin":[10.10303,2.79948,6.325]},"faces":{"north":{"uv":[0,1,0.5,1.375],"texture":"#5"},"east":{"uv":[0,1,0.5,1.375],"texture":"#5"},"south":{"uv":[0,1,0.5,1.375],"texture":"#5"},"west":{"uv":[0,1,0.5,1.375],"texture":"#5"},"up":{"uv":[0,1,0.5,1.375],"texture":"#5"},"down":{"uv":[0,1,0.5,1.375],"texture":"#5"}}},{"from":[7.82803,3.89948,6.399],"to":[7.90303,4.97448,6.399],"rotation":{"angle":0,"axis":"x","origin":[10.25303,2.79948,6.325]},"faces":{"north":{"uv":[0,1,0.5,1.375],"texture":"#5"},"east":{"uv":[0,1,0.5,1.375],"texture":"#5"},"south":{"uv":[0,1,0.5,1.375],"texture":"#5"},"west":{"uv":[0,1,0.5,1.375],"texture":"#5"},"up":{"uv":[0,1,0.5,1.375],"texture":"#5"},"down":{"uv":[0,1,0.5,1.375],"texture":"#5"}}},{"from":[7.97803,3.89948,6.399],"to":[8.05303,4.97448,6.399],"rotation":{"angle":0,"axis":"x","origin":[10.40303,2.79948,6.325]},"faces":{"north":{"uv":[0,1,0.5,1.375],"texture":"#5"},"east":{"uv":[0,1,0.5,1.375],"texture":"#5"},"south":{"uv":[0,1,0.5,1.375],"texture":"#5"},"west":{"uv":[0,1,0.5,1.375],"texture":"#5"},"up":{"uv":[0,1,0.5,1.375],"texture":"#5"},"down":{"uv":[0,1,0.5,1.375],"texture":"#5"}}},{"from":[8.25303,3.89948,6.399],"to":[8.32803,4.97448,6.399],"rotation":{"angle":0,"axis":"x","origin":[10.67803,2.79948,6.325]},"faces":{"north":{"uv":[0,1,0.5,1.375],"texture":"#5"},"east":{"uv":[0,1,0.5,1.375],"texture":"#5"},"south":{"uv":[0,1,0.5,1.375],"texture":"#5"},"west":{"uv":[0,1,0.5,1.375],"texture":"#5"},"up":{"uv":[0,1,0.5,1.375],"texture":"#5"},"down":{"uv":[0,1,0.5,1.375],"texture":"#5"}}},{"from":[8.40303,3.89948,6.399],"to":[8.47803,4.97448,6.399],"rotation":{"angle":0,"axis":"x","origin":[10.82803,2.79948,6.325]},"faces":{"north":{"uv":[0,1,0.25,1.375],"texture":"#5"},"east":{"uv":[0,1,0.5,1.375],"texture":"#5"},"south":{"uv":[0,1,0.5,1.375],"texture":"#5"},"west":{"uv":[0,1,0.5,1.375],"texture":"#5"},"up":{"uv":[0,1,0.5,1.375],"texture":"#5"},"down":{"uv":[0,1,0.5,1.375],"texture":"#5"}}},{"from":[8.10303,3.89948,6.399],"to":[8.17803,4.97448,6.399],"rotation":{"angle":0,"axis":"x","origin":[10.52803,2.79948,6.325]},"faces":{"north":{"uv":[0,1,0.5,1.375],"texture":"#5"},"east":{"uv":[0,1,0.5,1.375],"texture":"#5"},"south":{"uv":[0,1,0.5,1.375],"texture":"#5"},"west":{"uv":[0,1,0.5,1.375],"texture":"#5"},"up":{"uv":[0,1,0.5,1.375],"texture":"#5"},"down":{"uv":[0,1,0.5,1.375],"texture":"#5"}}},{"from":[6.22803,3.89948,7.3],"to":[6.30303,4.97448,7.3],"rotation":{"angle":0,"axis":"x","origin":[8.65303,2.79948,7.225]},"faces":{"north":{"uv":[0,1,0.5,1.375],"texture":"#5"},"east":{"uv":[0,1,0.5,1.375],"texture":"#5"},"south":{"uv":[0,1,0.5,1.375],"texture":"#5"},"west":{"uv":[0,1,0.5,1.375],"texture":"#5"},"up":{"uv":[0,1,0.5,1.375],"texture":"#5"},"down":{"uv":[0,1,0.5,1.375],"texture":"#5"}}},{"from":[6.35303,3.89948,7.3],"to":[6.42803,4.97448,7.3],"rotation":{"angle":0,"axis":"x","origin":[8.77803,2.79948,7.225]},"faces":{"north":{"uv":[0,1,0.5,1.375],"texture":"#5"},"east":{"uv":[0,1,0.5,1.375],"texture":"#5"},"south":{"uv":[0,1,0.5,1.375],"texture":"#5"},"west":{"uv":[0,1,0.5,1.375],"texture":"#5"},"up":{"uv":[0,1,0.5,1.375],"texture":"#5"},"down":{"uv":[0,1,0.5,1.375],"texture":"#5"}}},{"from":[6.50303,3.89948,7.3],"to":[6.57803,4.97448,7.3],"rotation":{"angle":0,"axis":"x","origin":[8.92803,2.79948,7.225]},"faces":{"north":{"uv":[0,1,0.5,1.375],"texture":"#5"},"east":{"uv":[0,1,0.5,1.375],"texture":"#5"},"south":{"uv":[0,1,0.5,1.375],"texture":"#5"},"west":{"uv":[0,1,0.5,1.375],"texture":"#5"},"up":{"uv":[0,1,0.5,1.375],"texture":"#5"},"down":{"uv":[0,1,0.5,1.375],"texture":"#5"}}},{"from":[6.65303,3.89948,7.3],"to":[6.72803,4.97448,7.3],"rotation":{"angle":0,"axis":"x","origin":[9.07803,2.79948,7.225]},"faces":{"north":{"uv":[0,1,0.5,1.375],"texture":"#5"},"east":{"uv":[0,1,0.5,1.375],"texture":"#5"},"south":{"uv":[0,1,0.5,1.375],"texture":"#5"},"west":{"uv":[0,1,0.5,1.375],"texture":"#5"},"up":{"uv":[0,1,0.5,1.375],"texture":"#5"},"down":{"uv":[0,1,0.5,1.375],"texture":"#5"}}},{"from":[6.80303,3.89948,7.3],"to":[6.87803,4.97448,7.3],"rotation":{"angle":0,"axis":"x","origin":[9.22803,2.79948,7.225]},"faces":{"north":{"uv":[0,1,0.5,1.375],"texture":"#5"},"east":{"uv":[0,1,0.5,1.375],"texture":"#5"},"south":{"uv":[0,1,0.5,1.375],"texture":"#5"},"west":{"uv":[0,1,0.5,1.375],"texture":"#5"},"up":{"uv":[0,1,0.5,1.375],"texture":"#5"},"down":{"uv":[0,1,0.5,1.375],"texture":"#5"}}},{"from":[6.95303,3.89948,7.3],"to":[7.02803,4.97448,7.3],"rotation":{"angle":0,"axis":"x","origin":[9.37803,2.79948,7.225]},"faces":{"north":{"uv":[0,1,0.5,1.375],"texture":"#5"},"east":{"uv":[0,1,0.5,1.375],"texture":"#5"},"south":{"uv":[0,1,0.5,1.375],"texture":"#5"},"west":{"uv":[0,1,0.5,1.375],"texture":"#5"},"up":{"uv":[0,1,0.5,1.375],"texture":"#5"},"down":{"uv":[0,1,0.5,1.375],"texture":"#5"}}},{"from":[7.10303,3.89948,7.3],"to":[7.17803,4.97448,7.3],"rotation":{"angle":0,"axis":"x","origin":[9.52803,2.79948,7.225]},"faces":{"north":{"uv":[0,1,0.5,1.375],"texture":"#5"},"east":{"uv":[0,1,0.5,1.375],"texture":"#5"},"south":{"uv":[0,1,0.5,1.375],"texture":"#5"},"west":{"uv":[0,1,0.5,1.375],"texture":"#5"},"up":{"uv":[0,1,0.5,1.375],"texture":"#5"},"down":{"uv":[0,1,0.5,1.375],"texture":"#5"}}},{"from":[7.25303,3.89948,7.3],"to":[7.32803,4.97448,7.3],"rotation":{"angle":0,"axis":"x","origin":[9.67803,2.79948,7.225]},"faces":{"north":{"uv":[0,1,0.5,1.375],"texture":"#5"},"east":{"uv":[0,1,0.5,1.375],"texture":"#5"},"south":{"uv":[0,1,0.5,1.375],"texture":"#5"},"west":{"uv":[0,1,0.5,1.375],"texture":"#5"},"up":{"uv":[0,1,0.5,1.375],"texture":"#5"},"down":{"uv":[0,1,0.5,1.375],"texture":"#5"}}},{"from":[7.40303,3.89948,7.3],"to":[7.47803,4.97448,7.3],"rotation":{"angle":0,"axis":"x","origin":[9.82803,2.79948,7.225]},"faces":{"north":{"uv":[0,1,0.5,1.375],"texture":"#5"},"east":{"uv":[0,1,0.5,1.375],"texture":"#5"},"south":{"uv":[0,1,0.5,1.375],"texture":"#5"},"west":{"uv":[0,1,0.5,1.375],"texture":"#5"},"up":{"uv":[0,1,0.5,1.375],"texture":"#5"},"down":{"uv":[0,1,0.5,1.375],"texture":"#5"}}},{"from":[7.52803,3.89948,7.3],"to":[7.60303,4.97448,7.3],"rotation":{"angle":0,"axis":"x","origin":[9.95303,2.79948,7.225]},"faces":{"north":{"uv":[0,1,0.5,1.375],"texture":"#5"},"east":{"uv":[0,1,0.5,1.375],"texture":"#5"},"south":{"uv":[0,1,0.5,1.375],"texture":"#5"},"west":{"uv":[0,1,0.5,1.375],"texture":"#5"},"up":{"uv":[0,1,0.5,1.375],"texture":"#5"},"down":{"uv":[0,1,0.5,1.375],"texture":"#5"}}},{"from":[7.67803,3.89948,7.3],"to":[7.75303,4.97448,7.3],"rotation":{"angle":0,"axis":"x","origin":[10.10303,2.79948,7.225]},"faces":{"north":{"uv":[0,1,0.5,1.375],"texture":"#5"},"east":{"uv":[0,1,0.5,1.375],"texture":"#5"},"south":{"uv":[0,1,0.5,1.375],"texture":"#5"},"west":{"uv":[0,1,0.5,1.375],"texture":"#5"},"up":{"uv":[0,1,0.5,1.375],"texture":"#5"},"down":{"uv":[0,1,0.5,1.375],"texture":"#5"}}},{"from":[7.82803,3.89948,7.3],"to":[7.90303,4.97448,7.3],"rotation":{"angle":0,"axis":"x","origin":[10.25303,2.79948,7.225]},"faces":{"north":{"uv":[0,1,0.5,1.375],"texture":"#5"},"east":{"uv":[0,1,0.5,1.375],"texture":"#5"},"south":{"uv":[0,1,0.5,1.375],"texture":"#5"},"west":{"uv":[0,1,0.5,1.375],"texture":"#5"},"up":{"uv":[0,1,0.5,1.375],"texture":"#5"},"down":{"uv":[0,1,0.5,1.375],"texture":"#5"}}},{"from":[7.97803,3.89948,7.3],"to":[8.05303,4.97448,7.3],"rotation":{"angle":0,"axis":"x","origin":[10.40303,2.79948,7.225]},"faces":{"north":{"uv":[0,1,0.5,1.375],"texture":"#5"},"east":{"uv":[0,1,0.5,1.375],"texture":"#5"},"south":{"uv":[0,1,0.5,1.375],"texture":"#5"},"west":{"uv":[0,1,0.5,1.375],"texture":"#5"},"up":{"uv":[0,1,0.5,1.375],"texture":"#5"},"down":{"uv":[0,1,0.5,1.375],"texture":"#5"}}},{"from":[8.10303,3.89948,7.3],"to":[8.17803,4.97448,7.3],"rotation":{"angle":0,"axis":"x","origin":[10.52803,2.79948,7.225]},"faces":{"north":{"uv":[0,1,0.5,1.375],"texture":"#5"},"east":{"uv":[0,1,0.5,1.375],"texture":"#5"},"south":{"uv":[0,1,0.5,1.375],"texture":"#5"},"west":{"uv":[0,1,0.5,1.375],"texture":"#5"},"up":{"uv":[0,1,0.5,1.375],"texture":"#5"},"down":{"uv":[0,1,0.5,1.375],"texture":"#5"}}},{"from":[8.25303,3.89948,7.3],"to":[8.32803,4.97448,7.3],"rotation":{"angle":0,"axis":"x","origin":[10.67803,2.79948,7.225]},"faces":{"north":{"uv":[0,1,0.5,1.375],"texture":"#5"},"east":{"uv":[0,1,0.5,1.375],"texture":"#5"},"south":{"uv":[0,1,0.5,1.375],"texture":"#5"},"west":{"uv":[0,1,0.5,1.375],"texture":"#5"},"up":{"uv":[0,1,0.5,1.375],"texture":"#5"},"down":{"uv":[0,1,0.5,1.375],"texture":"#5"}}},{"from":[8.40303,3.89948,7.3],"to":[8.47803,4.97448,7.3],"rotation":{"angle":0,"axis":"x","origin":[10.82803,2.79948,7.225]},"faces":{"north":{"uv":[0,1,0.25,1.375],"texture":"#5"},"east":{"uv":[0,1,0.5,1.375],"texture":"#5"},"south":{"uv":[0,1,0.5,1.375],"texture":"#5"},"west":{"uv":[0,1,0.5,1.375],"texture":"#5"},"up":{"uv":[0,1,0.5,1.375],"texture":"#5"},"down":{"uv":[0,1,0.5,1.375],"texture":"#5"}}},{"from":[6.20303,5.04948,6.475],"to":[8.52803,5.09948,7.225],"rotation":{"angle":0,"axis":"y","origin":[9.40303,3.19948,6.35]},"faces":{"north":{"uv":[4,2.5,5,3.5],"texture":"#3"},"east":{"uv":[4,2.5,5,3],"texture":"#3"},"south":{"uv":[4,2.5,5,3.5],"texture":"#3"},"west":{"uv":[4,2.5,5,3],"texture":"#3"},"up":{"uv":[4,2.5,5,3],"texture":"#3"},"down":{"uv":[4,2.5,5,3],"texture":"#3"}}},{"from":[5.77803,3.72448,6.475],"to":[6.67803,3.87448,7.225],"rotation":{"angle":0,"axis":"y","origin":[7.55303,2.64948,6.35]},"faces":{"north":{"uv":[4,2.5,4.42188,2.8625],"texture":"#3"},"east":{"uv":[4,2.5,5,3],"texture":"#3"},"south":{"uv":[4,2.5,5,3.5],"texture":"#3"},"west":{"uv":[4,2.5,5,3],"texture":"#3"},"up":{"uv":[4,2.5,5,3],"texture":"#3"},"down":{"uv":[4,2.5,5,3],"texture":"#3"}}},{"from":[5.80303,3.54948,6.475],"to":[6.55303,3.72448,7.225],"rotation":{"angle":0,"axis":"y","origin":[7.55303,2.62448,6.35]},"faces":{"north":{"uv":[4,2.5,4.42188,2.8625],"texture":"#3"},"east":{"uv":[4,2.5,5,3],"texture":"#3"},"south":{"uv":[4,2.5,5,3.5],"texture":"#3"},"west":{"uv":[4,2.5,5,3],"texture":"#3"},"up":{"uv":[4,2.5,5,3],"texture":"#3"},"down":{"uv":[4,2.5,5,3],"texture":"#3"}}},{"from":[7.07803,2.67448,6.475],"to":[7.30303,3.37448,7.225],"rotation":{"angle":22.5,"axis":"z","origin":[6.20303,1.52448,6.35]},"faces":{"north":{"uv":[4,2.5,4.42188,2.8625],"rotation":270,"texture":"#3"},"east":{"uv":[4,2.5,5,3],"rotation":90,"texture":"#3"},"south":{"uv":[4,2.5,5,3.5],"rotation":90,"texture":"#3"},"west":{"uv":[4,2.5,5,3],"rotation":90,"texture":"#3"},"up":{"uv":[4,2.5,5,3],"rotation":90,"texture":"#3"},"down":{"uv":[4,2.5,5,3],"rotation":90,"texture":"#3"}}},{"from":[5.52803,3.62448,6.475],"to":[5.80303,3.82448,7.225],"rotation":{"angle":0,"axis":"y","origin":[8.37803,2.64948,6.35]},"faces":{"north":{"uv":[4,2.5,4.42188,2.8625],"texture":"#3"},"east":{"uv":[4,2.5,5,3],"texture":"#3"},"south":{"uv":[4,2.5,5,3.5],"texture":"#3"},"west":{"uv":[4,2.5,5,3],"texture":"#3"},"up":{"uv":[4,2.5,5,3],"texture":"#3"},"down":{"uv":[4,2.5,5,3],"texture":"#3"}}},{"from":[8.52803,3.87448,6.4],"to":[13.17803,4.34948,7.3],"rotation":{"angle":0,"axis":"y","origin":[11.47803,3.04948,6.35]},"faces":{"north":{"uv":[4.5,1,6.5,1.25],"texture":"#3"},"east":{"uv":[4.5,1,6.5,1.25],"texture":"#3"},"south":{"uv":[4.5,1,6.5,1.25],"texture":"#3"},"west":{"uv":[4.5,1,6.5,1.25],"texture":"#3"},"up":{"uv":[4.5,1,6.5,1.25],"texture":"#3"},"down":{"uv":[4.5,1,6.5,1.25],"texture":"#3"}}},{"from":[6.25303,3.84948,6.425],"to":[13.20303,3.87448,7.275],"rotation":{"angle":0,"axis":"y","origin":[12.17803,3.04948,6.35]},"faces":{"north":{"uv":[3.5,6.5,4.5,6.75],"texture":"#3"},"east":{"uv":[1,4,3.25,4.25],"texture":"#3"},"south":{"uv":[3.5,6.5,4.5,6.75],"texture":"#3"},"west":{"uv":[3.5,6.5,4.5,6.75],"texture":"#3"},"up":{"uv":[3.5,6.5,4.5,6.75],"texture":"#3"},"down":{"uv":[3.5,6.5,4.5,6.75],"texture":"#3"}}},{"from":[13.16945,4.0159,6.4],"to":[13.34445,4.3409,7.3],"rotation":{"angle":0,"axis":"y","origin":[13.64445,3.1159,6.35]},"faces":{"north":{"uv":[2.5,8,2.75,8.25],"texture":"#3"},"east":{"uv":[7,6,7.5,6.25],"texture":"#3"},"south":{"uv":[2.5,8,2.75,8.25],"texture":"#3"},"west":{"uv":[7,6,7.5,6.25],"texture":"#3"},"up":{"uv":[7,6,7.5,6.25],"texture":"#3"},"down":{"uv":[7,6,7.5,6.25],"texture":"#3"}}},{"from":[12.09164,4.01382,6.4],"to":[12.26664,4.21382,7.3],"rotation":{"angle":-45,"axis":"z","origin":[12.56664,2.81382,6.35]},"faces":{"north":{"uv":[2.5,8,2.75,8.25],"texture":"#3"},"east":{"uv":[7.5,0,8,0.25],"texture":"#3"},"south":{"uv":[2.5,8,2.75,8.25],"texture":"#3"},"west":{"uv":[0.5,7.5,1,7.75],"texture":"#3"},"up":{"uv":[1.25,8,1,7.5],"texture":"#3"},"down":{"uv":[7.75,1,7.5,1.5],"texture":"#3"}}},{"from":[8.52803,4.34948,6.5],"to":[9.22803,4.92448,7.2],"rotation":{"angle":0,"axis":"y","origin":[11.47803,3.52448,6.35]},"faces":{"north":{"uv":[3,8,3.25,8.25],"texture":"#5"},"east":{"uv":[3,8,3.25,8.25],"texture":"#5"},"south":{"uv":[3,8,3.25,8.25],"texture":"#5"},"west":{"uv":[3,8,3.25,8.25],"texture":"#5"},"up":{"uv":[3,8,3.25,8.25],"texture":"#5"},"down":{"uv":[3,8,3.25,8.25],"texture":"#5"}}},{"from":[8.52803,4.92448,6.6],"to":[9.22803,5.12448,7.1],"rotation":{"angle":0,"axis":"y","origin":[11.47803,3.82448,6.35]},"faces":{"north":{"uv":[5.75,8.25,5.5,8],"texture":"#5"},"east":{"uv":[5.75,8.25,5.5,8],"texture":"#5"},"south":{"uv":[5.75,8.25,5.5,8],"texture":"#5"},"west":{"uv":[5.75,8.25,5.5,8],"texture":"#5"},"up":{"uv":[5.75,8.25,5.5,8],"texture":"#5"},"down":{"uv":[5.75,8.25,5.5,8],"texture":"#5"}}},{"from":[9.22374,4.6381,6.71299],"to":[13.32374,5.0381,7.01299],"rotation":{"angle":0,"axis":"y","origin":[14.12374,3.7381,6.26299]},"faces":{"north":{"uv":[6,8,6.25,8.25],"texture":"#missing"},"east":{"uv":[4.75,15.3625,5,16],"texture":"#3"},"south":{"uv":[6,8,6.25,8.25],"texture":"#missing"},"west":{"uv":[6,8,6.25,8.25],"texture":"#missing"},"up":{"uv":[6,8,6.25,8.25],"texture":"#missing"},"down":{"uv":[6,8,6.25,8.25],"texture":"#missing"}}},{"from":[9.22374,4.3381,6.71299],"to":[13.32374,4.6381,7.01299],"rotation":{"angle":0,"axis":"y","origin":[14.12374,3.4381,6.26299]},"faces":{"north":{"uv":[6,8,6.25,8.25],"texture":"#missing"},"east":{"uv":[4.75,15.3625,5,16],"texture":"#6"},"south":{"uv":[6,8,6.25,8.25],"texture":"#missing"},"west":{"uv":[6,8,6.25,8.25],"texture":"#missing"},"up":{"uv":[6,8,6.25,8.25],"texture":"#missing"},"down":{"uv":[6,8,6.25,8.25],"texture":"#missing"}}},{"from":[9.22374,4.3381,7.01299],"to":[13.32374,4.6881,7.13799],"rotation":{"angle":0,"axis":"y","origin":[14.12374,3.7381,6.26299]},"faces":{"north":{"uv":[6,8,6.25,8.25],"texture":"#missing"},"east":{"uv":[6,8,6.25,8.25],"texture":"#3"},"south":{"uv":[6,8,6.25,8.25],"texture":"#missing"},"west":{"uv":[6,8,6.25,8.25],"texture":"#missing"},"up":{"uv":[6,8,6.25,8.25],"texture":"#missing"},"down":{"uv":[6,8,6.25,8.25],"texture":"#missing"}}},{"from":[9.22374,4.3381,6.58799],"to":[13.32374,4.6881,6.71299],"rotation":{"angle":0,"axis":"y","origin":[14.12374,3.7381,5.83799]},"faces":{"north":{"uv":[6,8,6.25,8.25],"texture":"#missing"},"east":{"uv":[6,8,6.25,8.25],"texture":"#3"},"south":{"uv":[6,8,6.25,8.25],"texture":"#missing"},"west":{"uv":[6,8,6.25,8.25],"texture":"#missing"},"up":{"uv":[6,8,6.25,8.25],"texture":"#missing"},"down":{"uv":[6,8,6.25,8.25],"texture":"#missing"}}},{"from":[9.19874,5.0381,6.68799],"to":[13.34874,5.1131,7.03799],"rotation":{"angle":0,"axis":"y","origin":[14.12374,3.8131,6.26299]},"faces":{"north":{"uv":[7,5.25,5,5],"texture":"#5"},"east":{"uv":[7,5.25,5,5],"texture":"#5"},"south":{"uv":[7,5.25,5,5],"texture":"#5"},"west":{"uv":[7,5.25,5,5],"texture":"#5"},"up":{"uv":[7,5.25,5,5],"texture":"#5"},"down":{"uv":[7,5.25,5,5],"texture":"#5"}}},{"from":[13.12374,5.6381,6.76299],"to":[13.57374,5.8131,6.96299],"rotation":{"angle":22.5,"axis":"z","origin":[14.74874,4.5131,6.26299]},"faces":{"north":{"uv":[4,2.5,5,3],"texture":"#3"},"east":{"uv":[4,2.5,5,3],"texture":"#3"},"south":{"uv":[4,2.5,5,3],"texture":"#3"},"west":{"uv":[4,2.5,5,3],"texture":"#3"},"up":{"uv":[4,2.5,5,3],"texture":"#3"},"down":{"uv":[4,2.5,5,3],"texture":"#3"}}},{"from":[8.52803,4.36393,6.90761],"to":[9.22803,4.58893,7.00761],"rotation":{"angle":-22.5,"axis":"x","origin":[11.47803,5.08893,5.70761]},"faces":{"north":{"uv":[8.5,0.5,8.75,0.75],"texture":"#5"},"east":{"uv":[8.5,0.5,8.75,0.75],"texture":"#5"},"south":{"uv":[8.5,0.5,8.75,0.75],"texture":"#5"},"west":{"uv":[8.5,0.5,8.75,0.75],"texture":"#5"},"up":{"uv":[8.5,0.5,8.75,0.75],"texture":"#5"},"down":{"uv":[8.5,0.5,8.75,0.75],"texture":"#5"}}},{"from":[8.52803,5.32064,6.88269],"to":[9.22803,5.54564,6.98269],"rotation":{"angle":22.5,"axis":"x","origin":[11.47803,6.04564,5.68269]},"faces":{"north":{"uv":[8.5,1.5,8.75,1.75],"texture":"#5"},"east":{"uv":[8.5,1.5,8.75,1.75],"texture":"#5"},"south":{"uv":[8.5,1.5,8.75,1.75],"texture":"#5"},"west":{"uv":[8.5,1.5,8.75,1.75],"texture":"#5"},"up":{"uv":[8.5,1.5,8.75,1.75],"texture":"#5"},"down":{"uv":[8.5,1.5,8.75,1.75],"texture":"#5"}}},{"from":[9.19874,3.85912,6.26864],"to":[13.34874,4.60912,6.41864],"rotation":{"angle":22.5,"axis":"x","origin":[12.24874,3.70912,7.56864]},"faces":{"north":{"uv":[0,3,2,3.5],"texture":"#3"},"east":{"uv":[6,8,6.25,8.25],"texture":"#3"},"south":{"uv":[6,8,6.25,8.25],"texture":"#3"},"west":{"uv":[6,8,6.25,8.25],"texture":"#3"},"up":{"uv":[6,8,6.25,8.25],"texture":"#3"},"down":{"uv":[6,8,6.25,8.25],"texture":"#3"}}},{"from":[9.19874,4.79669,7.11986],"to":[13.34874,5.54669,7.26986],"rotation":{"angle":-22.5,"axis":"x","origin":[12.24874,4.64669,8.41986]},"faces":{"north":{"uv":[6,8,6.25,8.25],"texture":"#3"},"east":{"uv":[6,8,6.25,8.25],"texture":"#3"},"south":{"uv":[0,3,2,3.5],"texture":"#3"},"west":{"uv":[6,8,6.25,8.25],"texture":"#3"},"up":{"uv":[6,8,6.25,8.25],"texture":"#3"},"down":{"uv":[6,8,6.25,8.25],"texture":"#3"}}},{"from":[8.52803,4.81005,6.30095],"to":[9.20303,4.96005,6.47595],"rotation":{"angle":45,"axis":"x","origin":[11.47803,3.66005,6.15095]},"faces":{"north":{"uv":[3,8,3.25,8.25],"texture":"#5"},"east":{"uv":[3,8,3.25,8.25],"texture":"#5"},"south":{"uv":[3,8,3.25,8.25],"texture":"#5"},"west":{"uv":[3,8,3.25,8.25],"texture":"#5"},"up":{"uv":[3,8,3.25,8.25],"texture":"#5"},"down":{"uv":[3,8,3.25,8.25],"texture":"#5"}}},{"from":[8.52803,4.47418,7.36317],"to":[9.20303,4.62418,7.53817],"rotation":{"angle":-45,"axis":"x","origin":[11.47803,3.32418,7.21317]},"faces":{"north":{"uv":[3,8,3.25,8.25],"texture":"#5"},"east":{"uv":[3,8,3.25,8.25],"texture":"#5"},"south":{"uv":[3,8,3.25,8.25],"texture":"#5"},"west":{"uv":[3,8,3.25,8.25],"texture":"#5"},"up":{"uv":[3,8,3.25,8.25],"texture":"#5"},"down":{"uv":[3,8,3.25,8.25],"texture":"#5"}}},{"from":[6.30303,5.09948,6.5],"to":[6.95303,5.27448,7.2],"rotation":{"angle":0,"axis":"y","origin":[9.15303,3.12448,6.35]},"faces":{"north":{"uv":[8.5,3.5,8.75,3.75],"texture":"#5"},"east":{"uv":[8.5,3.5,8.75,3.75],"texture":"#5"},"south":{"uv":[8.5,3.5,8.75,3.75],"texture":"#5"},"west":{"uv":[8.5,3.5,8.75,3.75],"texture":"#5"},"up":{"uv":[8.5,3.5,8.75,3.75],"texture":"#5"},"down":{"uv":[8.5,3.5,8.75,3.75],"texture":"#5"}}},{"from":[6.30303,5.27448,6.575],"to":[6.70303,5.42448,6.7],"rotation":{"angle":0,"axis":"y","origin":[9.15303,3.19948,6.35]},"faces":{"north":{"uv":[8.5,3.5,8.75,3.75],"texture":"#5"},"east":{"uv":[8.5,3.5,8.75,3.75],"texture":"#5"},"south":{"uv":[8.5,3.5,8.75,3.75],"texture":"#5"},"west":{"uv":[8.5,3.5,8.75,3.75],"texture":"#5"},"up":{"uv":[8.5,3.5,8.75,3.75],"texture":"#5"},"down":{"uv":[8.5,3.5,8.75,3.75],"texture":"#5"}}},{"from":[6.30303,5.27448,7],"to":[6.70303,5.42448,7.125],"rotation":{"angle":0,"axis":"y","origin":[9.15303,3.19948,6.775]},"faces":{"north":{"uv":[8.5,3.5,8.75,3.75],"texture":"#5"},"east":{"uv":[8.5,3.5,8.75,3.75],"texture":"#5"},"south":{"uv":[8.5,3.5,8.75,3.75],"texture":"#5"},"west":{"uv":[8.5,3.5,8.75,3.75],"texture":"#5"},"up":{"uv":[8.5,3.5,8.75,3.75],"texture":"#5"},"down":{"uv":[8.5,3.5,8.75,3.75],"texture":"#5"}}},{"from":[5.98669,3.86254,6.425],"to":[6.21169,4.48754,7.275],"rotation":{"angle":0,"axis":"y","origin":[8.96169,2.93754,6.35]},"faces":{"north":{"uv":[7.5,3,8,3.25],"texture":"#5"},"east":{"uv":[7.5,3,8,3.25],"texture":"#5"},"south":{"uv":[7.5,3,8,3.25],"texture":"#5"},"west":{"uv":[7.5,3,8,3.25],"texture":"#5"},"up":{"uv":[7.5,3,8,3.25],"texture":"#5"},"down":{"uv":[7.5,3,8,3.25],"texture":"#5"}}},{"from":[5.43315,3.42904,6.425],"to":[5.63315,4.00404,7.275],"rotation":{"angle":-22.5,"axis":"z","origin":[8.38315,2.57904,6.35]},"faces":{"north":{"uv":[7.5,4,8,4.25],"texture":"#5"},"east":{"uv":[7.5,4,8,4.25],"texture":"#5"},"south":{"uv":[7.5,4,8,4.25],"texture":"#5"},"west":{"uv":[7.5,4,8,4.25],"texture":"#5"},"up":{"uv":[7.5,4,8,4.25],"texture":"#5"},"down":{"uv":[7.5,4,8,4.25],"texture":"#5"}}},{"from":[5.25815,3.60404,6.8],"to":[5.43315,3.87904,6.9],"rotation":{"angle":-22.5,"axis":"z","origin":[8.38315,2.57904,6.35]},"faces":{"north":{"uv":[7.5,4,7.625,4.25],"texture":"#5"},"east":{"uv":[7.5,4,7.625,4.25],"texture":"#5"},"south":{"uv":[7.5,4,7.625,4.25],"texture":"#5"},"west":{"uv":[7.5,4,7.625,4.25],"texture":"#5"},"up":{"uv":[7.5,4,7.625,4.25],"texture":"#5"},"down":{"uv":[7.5,4,7.625,4.25],"texture":"#5"}}},{"from":[8.53054,2.45199,6.55],"to":[9.88054,2.70199,7.15],"rotation":{"angle":0,"axis":"y","origin":[11.53054,1.62699,6.35]},"faces":{"north":{"uv":[0,7,0.75,7.25],"texture":"#5"},"east":{"uv":[8.5,6,8.75,6.25],"texture":"#5"},"south":{"uv":[7,0.5,7.75,0.75],"texture":"#5"},"west":{"uv":[6.5,8.5,6.75,8.75],"texture":"#5"},"up":{"uv":[1.75,7.25,1,7],"texture":"#5"},"down":{"uv":[2.75,7,2,7.25],"texture":"#5"}}},{"from":[9.95554,2.82699,6.55],"to":[10.20554,3.70199,7.15],"rotation":{"angle":22.5,"axis":"z","origin":[9.13054,0.70199,6.35]},"faces":{"north":{"uv":[0,1,0.5,2.625],"texture":"#3"},"east":{"uv":[0,1,0.5,2.625],"texture":"#3"},"south":{"uv":[0,1,0.5,2.625],"texture":"#3"},"west":{"uv":[0,1,0.5,2.625],"texture":"#3"},"up":{"uv":[0,1,0.5,2.625],"texture":"#3"},"down":{"uv":[0,1,0.5,2.625],"texture":"#3"}}},{"from":[9.78293,4.33765,6.55],"to":[10.13293,4.58765,7.15],"rotation":{"angle":45,"axis":"z","origin":[12.10793,3.51265,6.35]},"faces":{"north":{"uv":[1.5,9,1.75,9.25],"texture":"#5"},"east":{"uv":[9,1.5,9.25,1.75],"texture":"#5"},"south":{"uv":[2,9,2.25,9.25],"texture":"#5"},"west":{"uv":[9,2,9.25,2.25],"texture":"#5"},"up":{"uv":[2.75,9.25,2.5,9],"texture":"#5"},"down":{"uv":[9.25,2.5,9,2.75],"texture":"#5"}}},{"from":[9.87803,2.69948,6.55],"to":[10.12803,3.72448,7.15],"rotation":{"angle":0,"axis":"y","origin":[12.87803,1.87448,6.35]},"faces":{"north":{"uv":[7.5,5,7.75,5.5],"texture":"#5"},"east":{"uv":[5.5,7.5,5.75,8],"texture":"#5"},"south":{"uv":[7.5,5.5,7.75,6],"texture":"#5"},"west":{"uv":[6,7.5,6.25,8],"texture":"#5"},"up":{"uv":[8.75,6.75,8.5,6.5],"texture":"#5"},"down":{"uv":[7.25,8.5,7,8.75],"texture":"#5"}}},{"from":[9.92803,3.42448,6.525],"to":[10.07803,3.57448,6.55],"rotation":{"angle":0,"axis":"y","origin":[12.87803,1.87448,6.325]},"faces":{"north":{"uv":[7.5,5,7.75,5.5],"texture":"#5"},"east":{"uv":[7.5,5,7.75,5.5],"texture":"#5"},"south":{"uv":[7.5,5,7.75,5.5],"texture":"#5"},"west":{"uv":[7.5,5,7.75,5.5],"texture":"#5"},"up":{"uv":[7.5,5,7.75,5.5],"texture":"#5"},"down":{"uv":[7.5,5,7.75,5.5],"texture":"#5"}}}],"gui_light":"front"}