{"credit":"Made with Blockbench","textures":{"4":"guns/yellow","5":"guns/1-metal-light","particle":"guns/1-metal-mixed"},"elements":[{"from":[3.975,0,6.5],"to":[9.75,1.625,10.025],"faces":{"north":{"uv":[0,0,5.775,1.625],"texture":"#5"},"east":{"uv":[0,0,3.525,1.625],"texture":"#5"},"south":{"uv":[0,0,5.775,1.625],"texture":"#5"},"west":{"uv":[0,0,3.525,1.625],"texture":"#5"},"up":{"uv":[0,0.4,11.55,15.05],"texture":"#5"},"down":{"uv":[0,0,5.775,3.525],"texture":"#5"}}},{"from":[9.75,0.175,6.675],"to":[9.825,1.45,9.85],"faces":{"north":{"uv":[0,0,5.775,1.625],"texture":"#5"},"east":{"uv":[0.8,0.85,15.875,3.85],"texture":"#5"},"south":{"uv":[0,0,5.775,1.625],"texture":"#5"},"west":{"uv":[0,0,3.525,1.625],"texture":"#5"},"up":{"uv":[0,0,4.75,2.625],"texture":"#5"},"down":{"uv":[0,0,5.775,3.525],"texture":"#5"}}},{"from":[3.9,0.175,6.675],"to":[3.975,1.45,9.85],"faces":{"north":{"uv":[0,0,5.775,1.625],"texture":"#5"},"east":{"uv":[0,0,3.525,1.625],"texture":"#5"},"south":{"uv":[0,0,5.775,1.625],"texture":"#5"},"west":{"uv":[0,0,11.175,6.025],"texture":"#5"},"up":{"uv":[0,0,4.75,2.625],"texture":"#5"},"down":{"uv":[0,0,5.775,3.525],"texture":"#5"}}},{"from":[4.075,0,6.425],"to":[9.65,1.525,6.5],"faces":{"north":{"uv":[0,0,5.575,1.525],"texture":"#5"},"east":{"uv":[0,0,0.075,1.525],"texture":"#5"},"south":{"uv":[0,0,5.575,1.525],"texture":"#5"},"west":{"uv":[0,0,0.075,1.525],"texture":"#5"},"up":{"uv":[0,0,5.575,0.075],"texture":"#5"},"down":{"uv":[0,0,5.575,0.075],"texture":"#5"}}},{"from":[4.075,0,10.025],"to":[9.65,1.525,10.1],"faces":{"north":{"uv":[0,0,5.575,1.525],"texture":"#5"},"east":{"uv":[0,0,0.075,1.525],"texture":"#5"},"south":{"uv":[0,0,5.575,1.525],"texture":"#5"},"west":{"uv":[0,0,0.075,1.525],"texture":"#5"},"up":{"uv":[0,0,5.575,0.075],"texture":"#5"},"down":{"uv":[0,0,5.575,0.075],"texture":"#5"}}},{"from":[5.875,0.35,10.1],"to":[6.25,1.175,10.775],"faces":{"north":{"uv":[0,0,0.375,0.825],"texture":"#5"},"east":{"uv":[0,0,0.675,0.825],"texture":"#5"},"south":{"uv":[0,0,0.375,0.825],"texture":"#5"},"west":{"uv":[0,0,0.675,0.825],"texture":"#5"},"up":{"uv":[0,0,0.375,0.675],"texture":"#5"},"down":{"uv":[0,0,0.375,0.675],"texture":"#5"}}},{"from":[7.475,0.35,10.1],"to":[7.85,1.175,10.775],"faces":{"north":{"uv":[0,0,0.375,0.825],"texture":"#5"},"east":{"uv":[0,0,0.675,0.825],"texture":"#5"},"south":{"uv":[0,0,0.375,0.825],"texture":"#5"},"west":{"uv":[0,0,0.675,0.825],"texture":"#5"},"up":{"uv":[0,0,0.375,0.675],"texture":"#5"},"down":{"uv":[0,0,0.375,0.675],"texture":"#5"}}},{"from":[5.875,0.35,10.75],"to":[7.85,1.175,11.05],"faces":{"north":{"uv":[0,0,1.975,0.825],"texture":"#5"},"east":{"uv":[0,0,0.3,0.825],"texture":"#5"},"south":{"uv":[0,0,1.975,0.825],"texture":"#5"},"west":{"uv":[0,0,0.3,0.825],"texture":"#5"},"up":{"uv":[0,0,1.975,0.3],"texture":"#5"},"down":{"uv":[0,0,1.975,0.3],"texture":"#5"}}},{"from":[8.55,1.625,6.5],"to":[9.4,1.725,10.025],"faces":{"north":{"uv":[0,0,0.85,0.1],"texture":"#4"},"east":{"uv":[0,0,3.525,0.1],"texture":"#4"},"south":{"uv":[0,0,0.85,0.1],"texture":"#4"},"west":{"uv":[0,0,3.525,0.1],"texture":"#4"},"up":{"uv":[0,0,0.85,3.525],"texture":"#4"},"down":{"uv":[0,0,0.85,3.525],"texture":"#4"}}},{"from":[8.55,0.025,6.4],"to":[9.4,1.725,6.5],"faces":{"north":{"uv":[0,0,0.85,1.7],"rotation":180,"texture":"#4"},"east":{"uv":[0,0,1.7,0.1],"rotation":90,"texture":"#4"},"south":{"uv":[0,0,0.85,1.7],"texture":"#4"},"west":{"uv":[0,0,1.7,0.1],"rotation":270,"texture":"#4"},"up":{"uv":[0,0,0.85,0.1],"texture":"#4"},"down":{"uv":[0,0,0.85,0.1],"rotation":180,"texture":"#4"}}},{"from":[4.325,0.025,6.4],"to":[5.175,1.725,6.5],"faces":{"north":{"uv":[0,0,0.85,1.7],"rotation":180,"texture":"#4"},"east":{"uv":[0,0,1.7,0.1],"rotation":90,"texture":"#4"},"south":{"uv":[0,0,0.85,1.7],"texture":"#4"},"west":{"uv":[0,0,1.7,0.1],"rotation":270,"texture":"#4"},"up":{"uv":[0,0,0.85,0.1],"texture":"#4"},"down":{"uv":[0,0,0.85,0.1],"rotation":180,"texture":"#4"}}},{"from":[4.325,0.025,10.025],"to":[5.175,1.725,10.125],"faces":{"north":{"uv":[0,0,0.85,1.7],"rotation":180,"texture":"#4"},"east":{"uv":[0,0,1.7,0.1],"rotation":90,"texture":"#4"},"south":{"uv":[0,0,0.85,1.7],"texture":"#4"},"west":{"uv":[0,0,1.7,0.1],"rotation":270,"texture":"#4"},"up":{"uv":[0,0,0.85,0.1],"texture":"#4"},"down":{"uv":[0,0,0.85,0.1],"rotation":180,"texture":"#4"}}},{"from":[8.55,0.025,10.025],"to":[9.4,1.725,10.125],"faces":{"north":{"uv":[0,0,0.85,1.7],"rotation":180,"texture":"#4"},"east":{"uv":[0,0,1.7,0.1],"rotation":90,"texture":"#4"},"south":{"uv":[0,0,0.85,1.7],"texture":"#4"},"west":{"uv":[0,0,1.7,0.1],"rotation":270,"texture":"#4"},"up":{"uv":[0,0,0.85,0.1],"texture":"#4"},"down":{"uv":[0,0,0.85,0.1],"rotation":180,"texture":"#4"}}},{"from":[5.875,1.625,7.975],"to":[7.85,1.725,8.55],"faces":{"north":{"uv":[0,0,1.925,0.1],"texture":"#4"},"east":{"uv":[0,0,0.625,0.1],"texture":"#4"},"south":{"uv":[0,0,1.925,0.1],"texture":"#4"},"west":{"uv":[0,0,0.625,0.1],"texture":"#4"},"up":{"uv":[0,0,1.925,0.625],"texture":"#4"},"down":{"uv":[0,0,1.925,0.625],"texture":"#4"}}},{"from":[6.575,1.625,7.275],"to":[7.15,1.725,9.25],"faces":{"north":{"uv":[0,0,0.625,0.1],"texture":"#4"},"east":{"uv":[0,0,1.925,0.1],"texture":"#4"},"south":{"uv":[0,0,0.625,0.1],"texture":"#4"},"west":{"uv":[0,0,1.925,0.1],"texture":"#4"},"up":{"uv":[0,0,1.925,0.625],"rotation":90,"texture":"#4"},"down":{"uv":[0,0,1.925,0.625],"rotation":270,"texture":"#4"}}},{"from":[4.325,1.625,6.5],"to":[5.175,1.725,10.025],"faces":{"north":{"uv":[0,0,0.85,0.1],"texture":"#4"},"east":{"uv":[0,0,3.525,0.1],"texture":"#4"},"south":{"uv":[0,0,0.85,0.1],"texture":"#4"},"west":{"uv":[0,0,3.525,0.1],"texture":"#4"},"up":{"uv":[0,0,0.85,3.525],"texture":"#4"},"down":{"uv":[0,0,0.85,3.525],"texture":"#4"}}}],"gui_light":"front","display":{"thirdperson_righthand":{"translation":[1.75,9.75,-4.12],"scale":[1.5,1.5,1.5]},"thirdperson_lefthand":{"translation":[-1.79,9.75,-4.12],"scale":[1.5,1.5,1.5]},"firstperson_righthand":{"translation":[0,11.75,1],"scale":[1.25,1.25,1.25]},"firstperson_lefthand":{"translation":[-4,11.75,1],"scale":[1.25,1.25,1.25]},"ground":{"translation":[1.75,7.5,0],"scale":[1.75,1.35,1.75]},"gui":{"rotation":[90,180,0],"translation":[-2.5,-1,0],"scale":[2.1,2,2.1]},"fixed":{"rotation":[-90,0,0],"translation":[2.25,-0.25,-14.25],"scale":[2,2,2]}}}