{"display":{"thirdperson_righthand":{"rotation":[0,180,90],"translation":[9,9.75,1],"scale":[1.7,1.7,1.7]},"thirdperson_lefthand":{"rotation":[0,180,-90],"translation":[-9.25,9.75,1],"scale":[1.7,1.7,1.7]},"firstperson_righthand":{"rotation":[0,180,90],"translation":[3.15,8.75,3.25]},"firstperson_lefthand":{"rotation":[0,180,-90],"translation":[-6.1,8.75,3.25]},"ground":{"translation":[0,6,0.5],"scale":[1.96,1.96,1.96]},"gui":{"rotation":[90,48,0],"translation":[0.25,2.25,-9.25],"scale":[1.47,1.47,1.47]},"fixed":{"rotation":[-90,-133,0],"translation":[-0.25,2.5,-9.25],"scale":[1.75,1.75,1.75]}},"textures":{"2":"guns/1-metal-light","3":"guns/1-metal-mixed","8":"guns/hardened_clay_stained_black"},"elements":[{"from":[2.9,2.6,8.25],"to":[11.275,2.75,8.4],"rotation":{"angle":0,"axis":"y","origin":[1.4,2.35,0.025]},"faces":{"north":{"uv":[0,0,10.7,3.25],"texture":"#2"},"east":{"uv":[0,0,10.7,3.25],"texture":"#2"},"south":{"uv":[0,0,10.7,3.25],"texture":"#2"},"west":{"uv":[0,0,10.7,3.25],"texture":"#2"},"up":{"uv":[0,0,10.7,3.25],"texture":"#2"},"down":{"uv":[0,0,10.7,3.25],"texture":"#2"}}},{"from":[11.4,2.55,8.15],"to":[12.325,2.8,8.5],"rotation":{"angle":0,"axis":"z","origin":[1.4,2.35,0]},"faces":{"north":{"uv":[4.5,11.275,7.65,13.825],"texture":"#3"},"east":{"uv":[4.5,11.275,7.65,13.825],"texture":"#3"},"south":{"uv":[4.5,11.275,7.65,13.825],"texture":"#3"},"west":{"uv":[4.5,11.275,7.65,13.825],"texture":"#3"},"up":{"uv":[4.5,11.275,7.65,13.825],"texture":"#3"},"down":{"uv":[4.5,11.275,7.65,13.825],"texture":"#3"}}},{"from":[12.15,2.475,8.8],"to":[12.225,2.9,9.8],"rotation":{"angle":0,"axis":"z","origin":[0.725,2.35,0.55]},"faces":{"north":{"uv":[3.5,9,3.725,10.175],"texture":"#3"},"east":{"uv":[3.5,9,3.725,10.175],"texture":"#3"},"south":{"uv":[3.5,9,3.725,10.175],"texture":"#3"},"west":{"uv":[3.5,9,3.725,10.175],"texture":"#3"},"up":{"uv":[3.5,9,3.725,10.175],"texture":"#3"},"down":{"uv":[3.5,9,3.725,10.175],"texture":"#3"}}},{"from":[12.325,2.55,8.325],"to":[13,2.8,8.45],"rotation":{"angle":0,"axis":"z","origin":[1,2.35,0.15]},"faces":{"north":{"uv":[1.025,7.325,4.6,8.775],"texture":"#3"},"east":{"uv":[1.025,7.325,4.6,8.775],"texture":"#3"},"south":{"uv":[1.025,7.325,4.6,8.775],"texture":"#3"},"west":{"uv":[1.025,7.325,4.6,8.775],"texture":"#3"},"up":{"uv":[1.025,7.325,4.6,8.775],"texture":"#3"},"down":{"uv":[1.025,7.325,4.6,8.775],"texture":"#3"}}},{"from":[12.325,2.55,8.2],"to":[12.925,2.8,8.325],"rotation":{"angle":0,"axis":"z","origin":[1,2.35,0.025]},"faces":{"north":{"uv":[2.5,9.25,6.075,10.7],"texture":"#3"},"east":{"uv":[2.5,9.25,6.075,10.7],"texture":"#3"},"south":{"uv":[2.5,9.25,6.075,10.7],"texture":"#3"},"west":{"uv":[2.5,9.25,6.075,10.7],"texture":"#3"},"up":{"uv":[2.5,9.25,6.075,10.7],"texture":"#3"},"down":{"uv":[2.5,9.25,6.075,10.7],"texture":"#3"}}},{"from":[12.325,2.55,8.15],"to":[12.85,2.8,8.2],"rotation":{"angle":0,"axis":"z","origin":[1,2.35,-0.05]},"faces":{"north":{"uv":[4.175,9.05,7.75,10.5],"texture":"#3"},"east":{"uv":[4.175,9.05,7.75,10.5],"texture":"#3"},"south":{"uv":[4.175,9.05,7.75,10.5],"texture":"#3"},"west":{"uv":[4.175,9.05,7.75,10.5],"texture":"#3"},"up":{"uv":[4.175,9.05,7.75,10.5],"texture":"#3"},"down":{"uv":[4.175,9.05,7.75,10.5],"texture":"#3"}}},{"from":[12.325,2.475,8.45],"to":[13.075,2.875,8.6],"rotation":{"angle":0,"axis":"z","origin":[1,2.35,0.475]},"faces":{"north":{"uv":[1.4,8.225,2.8,8.8],"texture":"#3"},"east":{"uv":[1.4,8.225,2.8,8.8],"texture":"#3"},"south":{"uv":[1.4,8.225,2.8,8.8],"texture":"#3"},"west":{"uv":[1.4,8.225,2.8,8.8],"texture":"#3"},"up":{"uv":[1.4,8.225,2.8,8.8],"texture":"#3"},"down":{"uv":[1.4,8.225,2.8,8.8],"texture":"#3"}}},{"from":[12.275,2.475,8.6],"to":[13.15,2.875,8.8],"rotation":{"angle":0,"axis":"z","origin":[1.125,2.35,0.675]},"faces":{"north":{"uv":[2.5,9.75,3.9,10.325],"texture":"#3"},"east":{"uv":[2.5,9.75,3.9,10.325],"texture":"#3"},"south":{"uv":[2.5,9.75,3.9,10.325],"texture":"#3"},"west":{"uv":[2.5,9.75,3.9,10.325],"texture":"#3"},"up":{"uv":[2.5,9.75,3.9,10.325],"texture":"#3"},"down":{"uv":[2.5,9.75,3.9,10.325],"texture":"#3"}}},{"from":[13.15,2.475,8.8],"to":[13.2,2.875,9],"rotation":{"angle":0,"axis":"z","origin":[1.125,2.35,0.825]},"faces":{"north":{"uv":[2.775,8.325,5.85,11],"texture":"#3"},"east":{"uv":[2.775,8.325,5.85,11],"texture":"#3"},"south":{"uv":[2.775,8.325,5.85,11],"texture":"#3"},"west":{"uv":[2.775,8.325,5.85,11],"texture":"#3"},"up":{"uv":[2.775,8.325,5.85,11],"texture":"#3"},"down":{"uv":[2.775,8.325,5.85,11],"texture":"#3"}}},{"from":[13.15,2.475,9],"to":[13.25,2.875,9.2],"rotation":{"angle":0,"axis":"z","origin":[1.125,2.35,1.025]},"faces":{"north":{"uv":[2.775,8.325,5.85,11],"texture":"#3"},"east":{"uv":[2.775,8.325,5.85,11],"texture":"#3"},"south":{"uv":[2.775,8.325,5.85,11],"texture":"#3"},"west":{"uv":[2.775,8.325,5.85,11],"texture":"#3"},"up":{"uv":[2.775,8.325,5.85,11],"texture":"#3"},"down":{"uv":[2.775,8.325,5.85,11],"texture":"#3"}}},{"from":[13.15,2.475,9.2],"to":[13.275,2.875,9.4],"rotation":{"angle":0,"axis":"z","origin":[1.125,2.35,1.225]},"faces":{"north":{"uv":[2.775,8.325,5.85,11],"texture":"#3"},"east":{"uv":[2.775,8.325,5.85,11],"texture":"#3"},"south":{"uv":[2.775,8.325,5.85,11],"texture":"#3"},"west":{"uv":[2.775,8.325,5.85,11],"texture":"#3"},"up":{"uv":[2.775,8.325,5.85,11],"texture":"#3"},"down":{"uv":[2.775,8.325,5.85,11],"texture":"#3"}}},{"from":[13.15,2.475,9.4],"to":[13.3,2.875,9.6],"rotation":{"angle":0,"axis":"z","origin":[1.125,2.35,1.425]},"faces":{"north":{"uv":[2.775,8.325,5.85,11],"texture":"#3"},"east":{"uv":[2.775,8.325,5.85,11],"texture":"#3"},"south":{"uv":[2.775,8.325,5.85,11],"texture":"#3"},"west":{"uv":[2.775,8.325,5.85,11],"texture":"#3"},"up":{"uv":[2.775,8.325,5.85,11],"texture":"#3"},"down":{"uv":[2.775,8.325,5.85,11],"texture":"#3"}}},{"from":[13.15,2.475,9.6],"to":[13.325,2.875,9.8],"rotation":{"angle":0,"axis":"z","origin":[1.125,2.35,1.625]},"faces":{"north":{"uv":[2.775,8.325,5.85,11],"texture":"#3"},"east":{"uv":[2.775,8.325,5.85,11],"texture":"#3"},"south":{"uv":[2.775,8.325,5.85,11],"texture":"#3"},"west":{"uv":[2.775,8.325,5.85,11],"texture":"#3"},"up":{"uv":[2.775,8.325,5.85,11],"texture":"#3"},"down":{"uv":[2.775,8.325,5.85,11],"texture":"#3"}}},{"from":[13.25,2.475,9.8],"to":[13.325,2.875,9.975],"rotation":{"angle":0,"axis":"z","origin":[1.125,2.35,1.7]},"faces":{"north":{"uv":[3.5,13.225,7.6,14.3],"texture":"#3"},"east":{"uv":[2.775,8.325,5.85,11],"texture":"#3"},"south":{"uv":[3.5,13.225,7.6,14.3],"texture":"#3"},"west":{"uv":[3.5,13.225,7.6,14.3],"texture":"#3"},"up":{"uv":[3.5,13.225,7.6,14.3],"texture":"#3"},"down":{"uv":[3.5,13.225,7.6,14.3],"texture":"#3"}}},{"from":[12.15,2.475,9.8],"to":[13.25,2.875,10.05],"rotation":{"angle":0,"axis":"z","origin":[1.05,2.35,1.875]},"faces":{"north":{"uv":[1.5,9.125,5.475,12.3],"texture":"#3"},"east":{"uv":[1.5,9.125,5.475,12.3],"texture":"#3"},"south":{"uv":[1.5,9.125,5.475,12.3],"texture":"#3"},"west":{"uv":[1.5,9.125,5.475,12.3],"texture":"#3"},"up":{"uv":[1.5,9.125,5.475,12.3],"texture":"#3"},"down":{"uv":[1.5,9.125,5.475,12.3],"texture":"#3"}}},{"from":[12.2,2.475,10.05],"to":[13.175,2.875,10.1],"rotation":{"angle":0,"axis":"z","origin":[1.05,2.35,1.975]},"faces":{"north":{"uv":[1.5,9.375,3.475,9.55],"texture":"#3"},"east":{"uv":[1.5,9.375,3.475,9.55],"texture":"#3"},"south":{"uv":[1.5,9.375,3.475,9.55],"texture":"#3"},"west":{"uv":[1.5,9.375,3.475,9.55],"texture":"#3"},"up":{"uv":[1.5,9.375,3.475,9.55],"texture":"#3"},"down":{"uv":[1.5,9.375,3.475,9.55],"texture":"#3"}}},{"from":[12.1,2.475,8.975],"to":[12.15,2.875,10],"rotation":{"angle":0,"axis":"z","origin":[0.675,2.35,0.6]},"faces":{"north":{"uv":[3.75,9,4.1,10.3],"texture":"#3"},"east":{"uv":[3.75,9,4.1,10.3],"texture":"#3"},"south":{"uv":[3.75,9,4.1,10.3],"texture":"#3"},"west":{"uv":[3.75,9,4.1,10.3],"texture":"#3"},"up":{"uv":[3.75,9,4.1,10.3],"texture":"#3"},"down":{"uv":[3.75,9,4.1,10.3],"texture":"#3"}}},{"from":[12.05,2.475,9.125],"to":[12.1,2.875,9.925],"rotation":{"angle":0,"axis":"z","origin":[0.625,2.35,0.6]},"faces":{"north":{"uv":[3.75,9,4.1,10.3],"texture":"#3"},"east":{"uv":[3.75,9,4.1,10.3],"texture":"#3"},"south":{"uv":[3.75,9,4.1,10.3],"texture":"#3"},"west":{"uv":[3.75,9,4.1,10.3],"texture":"#3"},"up":{"uv":[3.75,9,4.1,10.3],"texture":"#3"},"down":{"uv":[3.75,9,4.1,10.3],"texture":"#3"}}},{"from":[12.25,2.475,10.1],"to":[13.075,2.875,10.15],"rotation":{"angle":0,"axis":"z","origin":[1.05,2.35,2]},"faces":{"north":{"uv":[1.5,9.625,3.475,9.8],"texture":"#3"},"east":{"uv":[1.5,9.625,3.475,9.8],"texture":"#3"},"south":{"uv":[1.5,9.625,3.475,9.8],"texture":"#3"},"west":{"uv":[1.5,9.625,3.475,9.8],"texture":"#3"},"up":{"uv":[1.5,9.625,3.475,9.8],"texture":"#3"},"down":{"uv":[1.5,9.625,3.475,9.8],"texture":"#3"}}},{"from":[13,2.475,8.8],"to":[13.15,2.9,9.8],"rotation":{"angle":0,"axis":"z","origin":[1.35,2.35,0.55]},"faces":{"north":{"uv":[3.5,8.75,3.85,10.3],"texture":"#3"},"east":{"uv":[3.5,8.75,3.85,10.3],"texture":"#3"},"south":{"uv":[3.5,8.75,3.85,10.3],"texture":"#3"},"west":{"uv":[3.5,8.75,3.85,10.3],"texture":"#3"},"up":{"uv":[3.5,8.75,3.85,10.3],"texture":"#3"},"down":{"uv":[3.5,8.75,3.85,10.3],"texture":"#3"}}},{"from":[12.225,2.425,8.8],"to":[13,2.9,9.85],"rotation":{"angle":0,"axis":"z","origin":[0.575,2.35,0.55]},"faces":{"north":{"uv":[2.75,9.875,8.85,12.8],"rotation":270,"texture":"#3"},"east":{"uv":[2.75,9.875,8.85,12.8],"rotation":270,"texture":"#3"},"south":{"uv":[2.75,9.875,8.85,12.8],"rotation":270,"texture":"#3"},"west":{"uv":[2.75,9.875,8.85,12.8],"rotation":270,"texture":"#3"},"up":{"uv":[2.75,9.875,8.85,12.8],"rotation":270,"texture":"#3"},"down":{"uv":[2.75,9.875,8.85,12.8],"rotation":270,"texture":"#3"}}},{"from":[11.25,2.575,8.175],"to":[11.4,2.775,8.475],"rotation":{"angle":0,"axis":"y","origin":[1.225,2.35,0]},"faces":{"north":{"uv":[3.25,2.625,3.375,3.1],"texture":"#8"},"east":{"uv":[3.25,2.625,3.375,3.1],"texture":"#8"},"south":{"uv":[3.25,2.625,3.375,3.1],"texture":"#8"},"west":{"uv":[3.25,2.625,3.375,3.1],"texture":"#8"},"up":{"uv":[2.25,9.625,2.525,10.2],"texture":"#8"},"down":{"uv":[3.25,2.625,3.375,3.1],"texture":"#8"}}},{"from":[1.45,2.475,8.125],"to":[2.625,2.875,8.525],"rotation":{"angle":0,"axis":"y","origin":[1.1,2.35,0]},"faces":{"north":{"uv":[1,7,11.7,14.15],"texture":"#8"},"east":{"uv":[1,7,11.7,14.15],"texture":"#8"},"south":{"uv":[1,7,11.7,14.15],"texture":"#8"},"west":{"uv":[1,7,11.7,14.15],"texture":"#8"},"up":{"uv":[1,7,11.7,14.15],"texture":"#8"},"down":{"uv":[1,7,11.7,14.15],"texture":"#8"}}},{"from":[0.125,2.45,8.1],"to":[1.475,2.9,8.55],"rotation":{"angle":0,"axis":"y","origin":[0.45,2.35,0]},"faces":{"north":{"uv":[0,0,10.7,7.15],"texture":"#8"},"east":{"uv":[0,0,10.7,7.15],"texture":"#8"},"south":{"uv":[0,0,10.7,7.15],"texture":"#8"},"west":{"uv":[0,0,10.7,7.15],"texture":"#8"},"up":{"uv":[0,0,10.7,7.15],"texture":"#8"},"down":{"uv":[0,0,10.7,7.15],"texture":"#8"}}},{"from":[2.625,2.5,8.15],"to":[2.85,2.85,8.5],"rotation":{"angle":0,"axis":"y","origin":[1.3,2.35,0]},"faces":{"north":{"uv":[0,0,6.075,15.3],"texture":"#8"},"east":{"uv":[0,0,6.075,15.3],"texture":"#8"},"south":{"uv":[0,0,6.075,15.3],"texture":"#8"},"west":{"uv":[0,0,6.075,15.3],"texture":"#8"},"up":{"uv":[0,0,6.075,15.3],"texture":"#8"},"down":{"uv":[0,0,6.075,15.3],"texture":"#8"}}},{"from":[2.85,2.525,8.175],"to":[2.95,2.825,8.475],"rotation":{"angle":0,"axis":"y","origin":[1.375,2.35,0]},"faces":{"north":{"uv":[0,0,4.075,15.3],"texture":"#8"},"east":{"uv":[0,0,4.075,15.3],"texture":"#8"},"south":{"uv":[0,0,4.075,15.3],"texture":"#8"},"west":{"uv":[0,0,4.075,15.3],"texture":"#8"},"up":{"uv":[0,0,4.075,15.3],"texture":"#8"},"down":{"uv":[0,0,4.075,15.3],"texture":"#8"}}},{"from":[2.95,2.575,8.225],"to":[3,2.775,8.425],"rotation":{"angle":0,"axis":"y","origin":[1.425,2.35,0]},"faces":{"north":{"uv":[0,0,4.075,15.3],"texture":"#8"},"east":{"uv":[0,0,4.075,15.3],"texture":"#8"},"south":{"uv":[0,0,4.075,15.3],"texture":"#8"},"west":{"uv":[0,0,4.075,15.3],"texture":"#8"},"up":{"uv":[0,0,4.075,15.3],"texture":"#8"},"down":{"uv":[0,0,4.075,15.3],"texture":"#8"}}},{"from":[0.075,2.475,8.125],"to":[0.15,2.875,8.525],"rotation":{"angle":0,"axis":"y","origin":[-1.275,2.35,0]},"faces":{"north":{"uv":[0,0,2.075,15.3],"texture":"#8"},"east":{"uv":[0,0,2.075,15.3],"texture":"#8"},"south":{"uv":[0,0,2.075,15.3],"texture":"#8"},"west":{"uv":[0,0,14.075,15.3],"texture":"#8"},"up":{"uv":[0,0,2.075,15.3],"texture":"#8"},"down":{"uv":[0,0,2.075,15.3],"texture":"#8"}}}]}