{"__comment":"Designed by CorporalBLOBER with Cubik Studio","textures":{"particle":"crates/crate1/crate1","texture":"crates/crate6/crate1","mesh_palette":"crates/star1"},"elements":[{"__comment":"Cube1","from":[-2,-2,-2],"to":[18,18.5,18],"faces":{"down":{"uv":[0.5,0.5,15.5,15.5],"texture":"#texture"},"up":{"uv":[0.5,0.5,15.5,15.5],"texture":"#texture"},"north":{"uv":[0.5,0.5,15.5,15.5],"texture":"#texture"},"south":{"uv":[0.5,0.5,15.5,15.5],"texture":"#texture"},"west":{"uv":[0.5,0.5,15.5,15.5],"texture":"#texture"},"east":{"uv":[0.5,0.5,15.5,15.5],"texture":"#texture"}}},{"__comment":"Cube4","from":[17,-1,-4],"to":[20,17,-1],"faces":{"down":{"uv":[13,13,16,16],"texture":"#texture"},"up":{"uv":[13,13,16,16],"texture":"#texture"},"north":{"uv":[0,1.5,1.5,14.5],"texture":"#texture"},"south":{"uv":[14.5,1.5,16,14.5],"texture":"#texture"},"west":{"uv":[0,1.5,1.5,14.5],"texture":"#texture"},"east":{"uv":[14.5,1.5,16,14.5],"texture":"#texture"}}},{"__comment":"Cube3","from":[-4,17,-4],"to":[20,20,-1],"faces":{"down":{"uv":[0,0,16,1.5],"texture":"#texture"},"up":{"uv":[0,0,16,1.5],"texture":"#texture"},"north":{"uv":[0,0,16,1.5],"texture":"#texture"},"south":{"uv":[0,0,16,1.5],"texture":"#texture"},"west":{"uv":[0,0,1.5,1.5],"texture":"#texture"},"east":{"uv":[14.5,0,16,1.5],"texture":"#texture"}}},{"__comment":"Cube3","from":[-4,17,-1],"to":[-1,20,17],"faces":{"down":{"uv":[14.5,1.5,16,14.5],"texture":"#texture"},"up":{"uv":[14.5,1.5,16,14.5],"texture":"#texture"},"north":{"uv":[0,13,3,16],"texture":"#texture"},"south":{"uv":[13,13,16,16],"texture":"#texture"},"west":{"uv":[1.5,0,14.5,1.5],"texture":"#texture"},"east":{"uv":[1.5,0,14.5,1.5],"texture":"#texture"}}},{"__comment":"Cube4","from":[-4,-1,-4],"to":[-1,17,-1],"faces":{"down":{"uv":[13,13,16,16],"texture":"#texture"},"up":{"uv":[13,13,16,16],"texture":"#texture"},"north":{"uv":[0,1.5,1.5,14.5],"texture":"#texture"},"south":{"uv":[14.5,1.5,16,14.5],"texture":"#texture"},"west":{"uv":[0,1.5,1.5,14.5],"texture":"#texture"},"east":{"uv":[14.5,1.5,16,14.5],"texture":"#texture"}}},{"__comment":"Cube4","from":[-4,-1,17],"to":[-1,17,20],"faces":{"down":{"uv":[13,13,16,16],"texture":"#texture"},"up":{"uv":[13,13,16,16],"texture":"#texture"},"north":{"uv":[14.5,1.5,16,14.5],"texture":"#texture"},"south":{"uv":[0,1.5,1.5,14.5],"texture":"#texture"},"west":{"uv":[0,1.5,1.5,14.5],"texture":"#texture"},"east":{"uv":[14.5,1.5,16,14.5],"texture":"#texture"}}},{"__comment":"Cube3","from":[-4,17,17],"to":[20,20,20],"faces":{"down":{"uv":[0,0,16,1.5],"texture":"#texture"},"up":{"uv":[0,0,16,1.5],"texture":"#texture"},"north":{"uv":[0,0,16,1.5],"texture":"#texture"},"south":{"uv":[0,0,16,1.5],"texture":"#texture"},"west":{"uv":[14.5,0,16,1.5],"texture":"#texture"},"east":{"uv":[0,0,1.5,1.5],"texture":"#texture"}}},{"__comment":"Cube3","from":[-4,-4,-4],"to":[20,-1,-1],"faces":{"down":{"uv":[0,14.5,16,16],"texture":"#texture"},"up":{"uv":[0,14.5,16,16],"texture":"#texture"},"north":{"uv":[0,14.5,16,16],"texture":"#texture"},"south":{"uv":[0,14.5,16,16],"texture":"#texture","rotation":270},"west":{"uv":[14.5,14.5,16,16],"texture":"#texture"},"east":{"uv":[0,14.5,1.5,16],"texture":"#texture"}}},{"__comment":"Cube3","from":[-4,-4,17],"to":[20,-1,20],"faces":{"down":{"uv":[0,14.5,16,16],"texture":"#texture"},"up":{"uv":[0,14.5,16,16],"texture":"#texture"},"north":{"uv":[0,14.5,16,16],"texture":"#texture"},"south":{"uv":[0,14.5,16,16],"texture":"#texture"},"west":{"uv":[14.5,14.5,16,16],"texture":"#texture"},"east":{"uv":[0,14.5,1.5,16],"texture":"#texture"}}},{"__comment":"Cube4","from":[17,-1,17],"to":[20,17,20],"faces":{"down":{"uv":[13,13,16,16],"texture":"#texture"},"up":{"uv":[13,13,16,16],"texture":"#texture"},"north":{"uv":[0,1.5,1.5,14.5],"texture":"#texture"},"south":{"uv":[14.5,1.5,16,14.5],"texture":"#texture"},"west":{"uv":[0,1.5,1.5,14.5],"texture":"#texture"},"east":{"uv":[14.5,1.5,16,14.5],"texture":"#texture"}}},{"__comment":"Cube3","from":[17,17,-1],"to":[20,20,17],"faces":{"down":{"uv":[14.5,1.5,16,14.5],"texture":"#texture"},"up":{"uv":[14.5,1.5,16,14.5],"texture":"#texture"},"north":{"uv":[0,13,3,16],"texture":"#texture"},"south":{"uv":[13,13,16,16],"texture":"#texture"},"west":{"uv":[1.5,0,14.5,1.5],"texture":"#texture"},"east":{"uv":[1.5,0,14.5,1.5],"texture":"#texture"}}},{"__comment":"Cube3","from":[-4,-4,-1],"to":[-1,-1,17],"faces":{"down":{"uv":[14.5,1.5,16,14.5],"texture":"#texture"},"up":{"uv":[14.5,1.5,16,14.5],"texture":"#texture"},"north":{"uv":[0,13,3,16],"texture":"#texture"},"south":{"uv":[13,13,16,16],"texture":"#texture"},"west":{"uv":[1.5,14.5,14.5,16],"texture":"#texture"},"east":{"uv":[1.5,14.5,14.5,16],"texture":"#texture"}}},{"__comment":"Cube3","from":[17,-4,-1],"to":[20,-1,17],"faces":{"down":{"uv":[14.5,1.5,16,14.5],"texture":"#texture"},"up":{"uv":[14.5,1.5,16,14.5],"texture":"#texture"},"north":{"uv":[0,13,3,16],"texture":"#texture"},"south":{"uv":[13,13,16,16],"texture":"#texture"},"west":{"uv":[1.5,14.5,14.5,16],"texture":"#texture"},"east":{"uv":[1.5,14.5,14.5,16],"texture":"#texture"}}},{"__comment":"Cube3","from":[-1.5,15.5,-4],"to":[22.5,18.5,-1],"rotation":{"origin":[-1.5,15.5,-4],"axis":"z","angle":-45},"faces":{"down":{"uv":[0,0,16,1.5],"texture":"#texture"},"up":{"uv":[0,0,16,1.5],"texture":"#texture"},"north":{"uv":[0,0,16,1.5],"texture":"#texture"},"south":{"uv":[0,0,16,1.5],"texture":"#texture"},"west":{"uv":[14.5,0,16,1.5],"texture":"#texture"},"east":{"uv":[0,0,1.5,1.5],"texture":"#texture"}}},{"__comment":"Cube3","from":[-3,15.5,-1.5],"to":[0,18.5,22.5],"rotation":{"origin":[-3,15.5,-1.5],"axis":"x","angle":45},"faces":{"down":{"uv":[14.5,1.5,16,14.5],"texture":"#texture"},"up":{"uv":[14.5,1.5,16,14.5],"texture":"#texture"},"north":{"uv":[0,13,3,16],"texture":"#texture"},"south":{"uv":[13,13,16,16],"texture":"#texture"},"west":{"uv":[1.5,0,14.5,1.5],"texture":"#texture"},"east":{"uv":[1.5,0,14.5,1.5],"texture":"#texture"}}},{"__comment":"Cube3","from":[16,15.5,-1.5],"to":[19,18.5,22.5],"rotation":{"origin":[16,15.5,-1.5],"axis":"x","angle":45},"faces":{"down":{"uv":[14.5,1.5,16,14.5],"texture":"#texture"},"up":{"uv":[14.5,1.5,16,14.5],"texture":"#texture"},"north":{"uv":[0,13,3,16],"texture":"#texture"},"south":{"uv":[13,13,16,16],"texture":"#texture"},"west":{"uv":[1.5,0,14.5,1.5],"texture":"#texture"},"east":{"uv":[1.5,0,14.5,1.5],"texture":"#texture"}}},{"__comment":"Cube3","from":[-1.5,15.5,16],"to":[22.5,18.5,19],"rotation":{"origin":[-1.5,15.5,16],"axis":"z","angle":-45},"faces":{"down":{"uv":[0,0,16,1.5],"texture":"#texture"},"up":{"uv":[0,0,16,1.5],"texture":"#texture"},"north":{"uv":[0,0,16,1.5],"texture":"#texture"},"south":{"uv":[0,0,16,1.5],"texture":"#texture"},"west":{"uv":[14.5,0,16,1.5],"texture":"#texture"},"east":{"uv":[0,0,1.5,1.5],"texture":"#texture"}}}],"gui_light":"front","display":{"thirdperson_righthand":{"rotation":[33,17,0],"translation":[-0.695,2.7826,0.0003],"scale":[0.25,0.25,0.25]},"thirdperson_lefthand":{"rotation":[33,17,0],"translation":[-0.695,2.7826,0.0003],"scale":[0.25,0.25,0.25]},"firstperson_righthand":{"rotation":[0,117,0],"translation":[0,4.1739,0],"scale":[0.2,0.2,0.2]},"firstperson_lefthand":{"rotation":[0,117,0],"translation":[0,4.1739,0],"scale":[0.2,0.2,0.2]},"gui":{"rotation":[11,155,0],"scale":[0.4,0.4,0.4]},"head":{"translation":[0,-33.39,0]},"ground":{"translation":[0,2.7826,0],"scale":[0.3,0.3,0.3]},"fixed":{"scale":[0.6,0.6,0.6]}}}