{
	"format_version": "1.21.6",
	"credit": "Made with Blockbench",
	"texture_size": [64, 64],
	"textures": {
		"0": "item/flans/weapons/launcher/rpg",
		"particle": "item/flans/weapons/launcher/rpg"
	},
	"elements": [
		{
			"name": "rpg_0",
			"from": [0, 15, 0],
			"to": [1, 16, 1],
			"faces": {
				"north": {"uv": [1, 0, 0, 1], "texture": "#0"},
				"east": {"uv": [0, 0, 1, 1], "texture": "#0"},
				"south": {"uv": [0, 0, 1, 1], "texture": "#0"},
				"west": {"uv": [0, 0, 1, 1], "texture": "#0"},
				"up": {"uv": [0, 0, 1, 1], "texture": "#0"},
				"down": {"uv": [0, 0, 1, 1], "texture": "#0"}
			}
		},
		{
			"name": "rpg_1",
			"from": [1, 12, 0],
			"to": [4, 15, 1],
			"faces": {
				"north": {"uv": [4, 1, 1, 4], "texture": "#0"},
				"east": {"uv": [3, 1, 4, 4], "texture": "#0"},
				"south": {"uv": [1, 1, 4, 4], "texture": "#0"},
				"west": {"uv": [1, 1, 2, 4], "texture": "#0"},
				"up": {"uv": [1, 1, 4, 2], "texture": "#0"},
				"down": {"uv": [1, 3, 4, 4], "texture": "#0"}
			}
		},
		{
			"name": "rpg_2",
			"from": [4, 10, 0],
			"to": [5, 14, 1],
			"faces": {
				"north": {"uv": [5, 2, 4, 6], "texture": "#0"},
				"east": {"uv": [4, 2, 5, 6], "texture": "#0"},
				"south": {"uv": [4, 2, 5, 6], "texture": "#0"},
				"west": {"uv": [4, 2, 5, 6], "texture": "#0"},
				"up": {"uv": [4, 2, 5, 3], "texture": "#0"},
				"down": {"uv": [4, 5, 5, 6], "texture": "#0"}
			}
		},
		{
			"name": "rpg_3",
			"from": [2, 11, 0],
			"to": [4, 12, 1],
			"faces": {
				"north": {"uv": [4, 4, 2, 5], "texture": "#0"},
				"east": {"uv": [3, 4, 4, 5], "texture": "#0"},
				"south": {"uv": [2, 4, 4, 5], "texture": "#0"},
				"west": {"uv": [2, 4, 3, 5], "texture": "#0"},
				"up": {"uv": [2, 4, 4, 5], "texture": "#0"},
				"down": {"uv": [2, 4, 4, 5], "texture": "#0"}
			}
		},
		{
			"name": "rpg_4",
			"from": [5, 7, 0],
			"to": [6, 12, 1],
			"faces": {
				"north": {"uv": [6, 4, 5, 9], "texture": "#0"},
				"east": {"uv": [5, 4, 6, 9], "texture": "#0"},
				"south": {"uv": [5, 4, 6, 9], "texture": "#0"},
				"west": {"uv": [5, 4, 6, 9], "texture": "#0"},
				"up": {"uv": [5, 4, 6, 5], "texture": "#0"},
				"down": {"uv": [5, 8, 6, 9], "texture": "#0"}
			}
		},
		{
			"name": "rpg_5",
			"from": [6, 8, 0],
			"to": [7, 11, 1],
			"faces": {
				"north": {"uv": [7, 5, 6, 8], "texture": "#0"},
				"east": {"uv": [6, 5, 7, 8], "texture": "#0"},
				"south": {"uv": [6, 5, 7, 8], "texture": "#0"},
				"west": {"uv": [6, 5, 7, 8], "texture": "#0"},
				"up": {"uv": [6, 5, 7, 6], "texture": "#0"},
				"down": {"uv": [6, 7, 7, 8], "texture": "#0"}
			}
		},
		{
			"name": "rpg_6",
			"from": [7, 6, 0],
			"to": [8, 10, 1],
			"faces": {
				"north": {"uv": [8, 6, 7, 10], "texture": "#0"},
				"east": {"uv": [7, 6, 8, 10], "texture": "#0"},
				"south": {"uv": [7, 6, 8, 10], "texture": "#0"},
				"west": {"uv": [7, 6, 8, 10], "texture": "#0"},
				"up": {"uv": [7, 6, 8, 7], "texture": "#0"},
				"down": {"uv": [7, 9, 8, 10], "texture": "#0"}
			}
		},
		{
			"name": "rpg_7",
			"from": [4, 6, 0],
			"to": [5, 9, 1],
			"faces": {
				"north": {"uv": [5, 7, 4, 10], "texture": "#0"},
				"east": {"uv": [4, 7, 5, 10], "texture": "#0"},
				"south": {"uv": [4, 7, 5, 10], "texture": "#0"},
				"west": {"uv": [4, 7, 5, 10], "texture": "#0"},
				"up": {"uv": [4, 7, 5, 8], "texture": "#0"},
				"down": {"uv": [4, 9, 5, 10], "texture": "#0"}
			}
		},
		{
			"name": "rpg_8",
			"from": [8, 4, 0],
			"to": [10, 9, 1],
			"faces": {
				"north": {"uv": [10, 7, 8, 12], "texture": "#0"},
				"east": {"uv": [9, 7, 10, 12], "texture": "#0"},
				"south": {"uv": [8, 7, 10, 12], "texture": "#0"},
				"west": {"uv": [8, 7, 9, 12], "texture": "#0"},
				"up": {"uv": [8, 7, 10, 8], "texture": "#0"},
				"down": {"uv": [8, 11, 10, 12], "texture": "#0"}
			}
		},
		{
			"name": "rpg_9",
			"from": [3, 7, 0],
			"to": [4, 8, 1],
			"faces": {
				"north": {"uv": [4, 8, 3, 9], "texture": "#0"},
				"east": {"uv": [3, 8, 4, 9], "texture": "#0"},
				"south": {"uv": [3, 8, 4, 9], "texture": "#0"},
				"west": {"uv": [3, 8, 4, 9], "texture": "#0"},
				"up": {"uv": [3, 8, 4, 9], "texture": "#0"},
				"down": {"uv": [3, 8, 4, 9], "texture": "#0"}
			}
		},
		{
			"name": "rpg_10",
			"from": [10, 3, 0],
			"to": [11, 8, 1],
			"faces": {
				"north": {"uv": [11, 8, 10, 13], "texture": "#0"},
				"east": {"uv": [10, 8, 11, 13], "texture": "#0"},
				"south": {"uv": [10, 8, 11, 13], "texture": "#0"},
				"west": {"uv": [10, 8, 11, 13], "texture": "#0"},
				"up": {"uv": [10, 8, 11, 9], "texture": "#0"},
				"down": {"uv": [10, 12, 11, 13], "texture": "#0"}
			}
		},
		{
			"name": "rpg_11",
			"from": [11, 3, 0],
			"to": [12, 7, 1],
			"faces": {
				"north": {"uv": [12, 9, 11, 13], "texture": "#0"},
				"east": {"uv": [11, 9, 12, 13], "texture": "#0"},
				"south": {"uv": [11, 9, 12, 13], "texture": "#0"},
				"west": {"uv": [11, 9, 12, 13], "texture": "#0"},
				"up": {"uv": [11, 9, 12, 10], "texture": "#0"},
				"down": {"uv": [11, 12, 12, 13], "texture": "#0"}
			}
		},
		{
			"name": "rpg_12",
			"from": [12, 1, 0],
			"to": [13, 6, 1],
			"faces": {
				"north": {"uv": [13, 10, 12, 15], "texture": "#0"},
				"east": {"uv": [12, 10, 13, 15], "texture": "#0"},
				"south": {"uv": [12, 10, 13, 15], "texture": "#0"},
				"west": {"uv": [12, 10, 13, 15], "texture": "#0"},
				"up": {"uv": [12, 10, 13, 11], "texture": "#0"},
				"down": {"uv": [12, 14, 13, 15], "texture": "#0"}
			}
		},
		{
			"name": "rpg_13",
			"from": [7, 4, 0],
			"to": [8, 5, 1],
			"faces": {
				"north": {"uv": [8, 11, 7, 12], "texture": "#0"},
				"east": {"uv": [7, 11, 8, 12], "texture": "#0"},
				"south": {"uv": [7, 11, 8, 12], "texture": "#0"},
				"west": {"uv": [7, 11, 8, 12], "texture": "#0"},
				"up": {"uv": [7, 11, 8, 12], "texture": "#0"},
				"down": {"uv": [7, 11, 8, 12], "texture": "#0"}
			}
		},
		{
			"name": "rpg_14",
			"from": [13, 1, 0],
			"to": [15, 4, 1],
			"faces": {
				"north": {"uv": [15, 12, 13, 15], "texture": "#0"},
				"east": {"uv": [14, 12, 15, 15], "texture": "#0"},
				"south": {"uv": [13, 12, 15, 15], "texture": "#0"},
				"west": {"uv": [13, 12, 14, 15], "texture": "#0"},
				"up": {"uv": [13, 12, 15, 13], "texture": "#0"},
				"down": {"uv": [13, 14, 15, 15], "texture": "#0"}
			}
		},
		{
			"name": "rpg_15",
			"from": [15, 2, 0],
			"to": [16, 3, 1],
			"faces": {
				"north": {"uv": [16, 13, 15, 14], "texture": "#0"},
				"east": {"uv": [15, 13, 16, 14], "texture": "#0"},
				"south": {"uv": [15, 13, 16, 14], "texture": "#0"},
				"west": {"uv": [15, 13, 16, 14], "texture": "#0"},
				"up": {"uv": [15, 13, 16, 14], "texture": "#0"},
				"down": {"uv": [15, 13, 16, 14], "texture": "#0"}
			}
		},
		{
			"name": "rpg_16",
			"from": [13, 0, 0],
			"to": [14, 1, 1],
			"faces": {
				"north": {"uv": [14, 15, 13, 16], "texture": "#0"},
				"east": {"uv": [13, 15, 14, 16], "texture": "#0"},
				"south": {"uv": [13, 15, 14, 16], "texture": "#0"},
				"west": {"uv": [13, 15, 14, 16], "texture": "#0"},
				"up": {"uv": [13, 15, 14, 16], "texture": "#0"},
				"down": {"uv": [13, 15, 14, 16], "texture": "#0"}
			}
		}
	],
	"gui_light": "front",
	"display": {
		"thirdperson_righthand": {
			"rotation": [-40, -90, 0],
			"translation": [-7, 1.75, 2.5]
		},
		"thirdperson_lefthand": {
			"rotation": [-40, 90, 0],
			"translation": [7, 1.25, 3]
		},
		"firstperson_righthand": {
			"rotation": [1, -90, 35],
			"translation": [-5, 3.75, -2.5]
		},
		"firstperson_lefthand": {
			"rotation": [0, 90, -35],
			"translation": [6, 4, -1.5]
		},
		"ground": {
			"translation": [0, 3.5, 1.5],
			"scale": [0.8, 0.8, 0.8]
		},
		"gui": {
			"rotation": [14, -180, 0],
			"translation": [0.31, 1.75, 0]
		},
		"head": {
			"translation": [0, 13, 2]
		},
		"fixed": {
			"rotation": [1, -3, 90],
			"translation": [-0.25, -0.25, 7.5]
		}
	},
	"groups": [
		{
			"name": "rpg",
			"origin": [8, 8, 8],
			"color": 0,
			"children": [0, 1, 2, 3, 4, 5, 6, 7, 8, 9, 10, 11, 12, 13, 14, 15, 16]
		}
	]
}