{"display":{"thirdperson_righthand":{"translation":[-1.25,7.75,-1.5],"scale":[1.91,1.91,1.91]},"thirdperson_lefthand":{"translation":[1.25,7.75,-1.5],"scale":[1.91,1.91,1.91]},"firstperson_righthand":{"rotation":[0,0,-28],"translation":[-2.25,7,0],"scale":[1.7,1.7,1.7]},"firstperson_lefthand":{"rotation":[0,0,-28],"translation":[-1.25,6,0],"scale":[1.7,1.7,1.7]},"ground":{"rotation":[0,0,28],"translation":[0,3,0],"scale":[1.37,1.37,1.37]},"gui":{"rotation":[-90,-45,-90],"translation":[-0.25,0.25,0],"scale":[1.22,1.22,1.22]},"head":{"rotation":[0,-85,0],"scale":[2.54,2.54,2.54]},"fixed":{"rotation":[90,-45,90],"translation":[0,0,-0.5],"scale":[1.55,1.55,1.55]}},"textures":{"0":"guns/stone","2":"guns/darkoak","9":"guns/mc-coal-b","particle":"guns/stone"},"elements":[{"from":[8.5,0.35,8.45],"to":[8.85,4.875,8.95],"rotation":{"angle":0,"axis":"y","origin":[8,2.125,8]},"faces":{"north":{"uv":[3.125,0,3.925,6.725],"texture":"#9"},"east":{"uv":[3.125,0,3.925,6.725],"texture":"#9"},"south":{"uv":[3.125,0,3.925,6.725],"texture":"#9"},"west":{"uv":[3.125,0,3.925,6.725],"texture":"#9"},"up":{"uv":[3.125,0,3.925,6.725],"texture":"#9"},"down":{"uv":[3.125,0,3.925,6.725],"texture":"#9"}}},{"from":[8.55,0.05,8.5],"to":[8.8,0.5,8.9],"rotation":{"angle":0,"axis":"y","origin":[8,0.625,8]},"faces":{"north":{"uv":[0.5,0.75,0.9,1.2],"texture":"#2"},"east":{"uv":[0.5,0.75,0.9,1.2],"texture":"#2"},"south":{"uv":[0.5,0.75,0.9,1.2],"texture":"#2"},"west":{"uv":[0.5,0.75,0.9,1.2],"texture":"#2"},"up":{"uv":[0.5,0.75,0.9,1.2],"texture":"#2"},"down":{"uv":[0.5,0.75,0.9,1.2],"texture":"#2"}}},{"from":[8.55,3.375,8.525],"to":[8.8,9.55,8.875],"rotation":{"angle":0,"axis":"y","origin":[8,3.8,8]},"faces":{"north":{"uv":[2.25,1.14375,2.7,7.925],"texture":"#2"},"east":{"uv":[2.25,1.14375,2.7,7.925],"texture":"#2"},"south":{"uv":[2.25,1.14375,2.7,7.925],"texture":"#2"},"west":{"uv":[2.25,1.14375,2.7,7.925],"texture":"#2"},"up":{"uv":[2.25,1.14375,2.7,7.925],"texture":"#2"},"down":{"uv":[2.25,1.14375,2.7,7.925],"texture":"#2"}}},{"from":[8.55,9.72236,8.70847],"to":[8.8,11.47236,9.03347],"rotation":{"angle":22.5,"axis":"x","origin":[8,10.09736,8.13347]},"faces":{"north":{"uv":[2.25,0,2.48125,1.75],"texture":"#2"},"east":{"uv":[2.25,0,2.48125,1.75],"texture":"#2"},"south":{"uv":[2.25,0,2.48125,1.75],"texture":"#2"},"west":{"uv":[2.25,0,2.48125,1.75],"texture":"#2"},"up":{"uv":[2.25,0,2.48125,1.75],"texture":"#2"},"down":{"uv":[2.25,0,2.48125,1.75],"texture":"#2"}}},{"from":[8.55,11.47236,8.63347],"to":[8.8,11.99736,9.10847],"rotation":{"angle":22.5,"axis":"x","origin":[8,10.09736,8.13347]},"faces":{"north":{"uv":[0,5.475,0.475,6],"texture":"#0"},"east":{"uv":[0,5.475,0.475,6],"texture":"#0"},"south":{"uv":[0,5.475,0.475,6],"texture":"#0"},"west":{"uv":[0,5.475,0.475,6],"texture":"#0"},"up":{"uv":[0,5.475,0.475,6],"texture":"#0"},"down":{"uv":[0,5.475,0.475,6],"texture":"#0"}}},{"from":[8.55,11.99736,8.68347],"to":[8.8,12.22236,9.05847],"rotation":{"angle":22.5,"axis":"x","origin":[8,10.09736,8.13347]},"faces":{"north":{"uv":[0,5.475,0.475,6],"texture":"#0"},"east":{"uv":[0,5.475,0.475,6],"texture":"#0"},"south":{"uv":[0,5.475,0.475,6],"texture":"#0"},"west":{"uv":[0,5.475,0.475,6],"texture":"#0"},"up":{"uv":[0,5.475,0.475,6],"texture":"#0"},"down":{"uv":[0,5.475,0.475,6],"texture":"#0"}}},{"from":[8.55,12.22236,8.68347],"to":[8.8,12.24736,8.95847],"rotation":{"angle":22.5,"axis":"x","origin":[8,10.09736,8.13347]},"faces":{"north":{"uv":[0,0,0.25,0.025],"texture":"#0"},"east":{"uv":[0,0,0.275,0.025],"texture":"#0"},"south":{"uv":[0,0,0.25,0.025],"texture":"#0"},"west":{"uv":[0,0,0.275,0.025],"texture":"#0"},"up":{"uv":[0,0,0.25,0.275],"texture":"#0"},"down":{"uv":[0,0,0.25,0.275],"texture":"#0"}}},{"from":[8.55,12.24736,8.68347],"to":[8.8,12.27236,8.85847],"rotation":{"angle":22.5,"axis":"x","origin":[8,10.09736,8.13347]},"faces":{"north":{"uv":[0,0,0.25,0.025],"texture":"#0"},"east":{"uv":[0,0,0.175,0.025],"texture":"#0"},"south":{"uv":[0,0,0.25,0.025],"texture":"#0"},"west":{"uv":[0,0,0.175,0.025],"texture":"#0"},"up":{"uv":[0,0,0.25,0.175],"texture":"#0"},"down":{"uv":[0,0,0.25,0.175],"texture":"#0"}}},{"from":[8.45,12.12236,9.03347],"to":[8.925,13.47236,9.18347],"rotation":{"angle":22.5,"axis":"x","origin":[8,10.09736,8.13347]},"faces":{"north":{"uv":[3,0,2.075,0.975],"texture":"#0"},"east":{"uv":[3,0,2.075,0.975],"texture":"#0"},"south":{"uv":[3,0,2.075,0.975],"texture":"#0"},"west":{"uv":[3,0,2.075,0.975],"texture":"#0"},"up":{"uv":[3,0,2.075,0.975],"texture":"#0"},"down":{"uv":[3,0,2.075,0.975],"texture":"#0"}}},{"from":[8.45,12.22236,8.95847],"to":[8.925,13.49736,9.03347],"rotation":{"angle":22.5,"axis":"x","origin":[8,10.09736,8.13347]},"faces":{"north":{"uv":[3,0,2.075,0.975],"texture":"#0"},"east":{"uv":[3,0,2.075,0.975],"texture":"#0"},"south":{"uv":[3,0,2.075,0.975],"texture":"#0"},"west":{"uv":[3,0,2.075,0.975],"texture":"#0"},"up":{"uv":[3,0,2.075,0.975],"texture":"#0"},"down":{"uv":[3,0,2.075,0.975],"texture":"#0"}}},{"from":[8.45,12.24736,8.85847],"to":[8.925,13.49736,8.95847],"rotation":{"angle":22.5,"axis":"x","origin":[8,10.09736,8.13347]},"faces":{"north":{"uv":[3,0,2.075,0.975],"texture":"#0"},"east":{"uv":[3,0,2.075,0.975],"texture":"#0"},"south":{"uv":[3,0,2.075,0.975],"texture":"#0"},"west":{"uv":[3,0,2.075,0.975],"texture":"#0"},"up":{"uv":[3,0,2.075,0.975],"texture":"#0"},"down":{"uv":[3,0,2.075,0.975],"texture":"#0"}}},{"from":[8.45,12.27236,8.75847],"to":[8.925,13.49736,8.85847],"rotation":{"angle":22.5,"axis":"x","origin":[8,10.09736,8.13347]},"faces":{"north":{"uv":[3.25,0,3.75,0.375],"texture":"#0"},"east":{"uv":[3.25,0,3.75,0.375],"texture":"#0"},"south":{"uv":[3.25,0,3.75,0.375],"texture":"#0"},"west":{"uv":[3.25,0,3.75,0.375],"texture":"#0"},"up":{"uv":[3.25,0,3.75,0.375],"texture":"#0"},"down":{"uv":[3.25,0,3.75,0.375],"texture":"#0"}}},{"from":[8.45,12.27236,8.65847],"to":[8.925,13.49736,8.75847],"rotation":{"angle":22.5,"axis":"x","origin":[8,10.09736,8.13347]},"faces":{"north":{"uv":[3.25,0,3.75,0.375],"texture":"#0"},"east":{"uv":[3.25,0,3.75,0.375],"texture":"#0"},"south":{"uv":[3.25,0,3.75,0.375],"texture":"#0"},"west":{"uv":[3.25,0,3.75,0.375],"texture":"#0"},"up":{"uv":[3.25,0,3.75,0.375],"texture":"#0"},"down":{"uv":[3.25,0,3.75,0.375],"texture":"#0"}}},{"from":[8.45,12.32236,8.53347],"to":[8.925,13.49736,8.65847],"rotation":{"angle":22.5,"axis":"x","origin":[8,10.09736,8.13347]},"faces":{"north":{"uv":[0,0,0.475,1.175],"texture":"#0"},"east":{"uv":[0,0,0.125,1.175],"texture":"#0"},"south":{"uv":[0,0,0.475,1.175],"texture":"#0"},"west":{"uv":[0,0,0.125,1.175],"texture":"#0"},"up":{"uv":[0,0,0.475,0.125],"texture":"#0"},"down":{"uv":[0,0,0.475,0.125],"texture":"#0"}}},{"from":[8.45,12.34736,8.38347],"to":[8.925,13.49736,8.53347],"rotation":{"angle":22.5,"axis":"x","origin":[8,10.09736,8.13347]},"faces":{"north":{"uv":[0,0,0.475,1.15],"texture":"#0"},"east":{"uv":[0,0,0.15,1.15],"texture":"#0"},"south":{"uv":[0,0,0.475,1.15],"texture":"#0"},"west":{"uv":[0,0,0.15,1.15],"texture":"#0"},"up":{"uv":[0,0,0.475,0.15],"texture":"#0"},"down":{"uv":[0,0,0.475,0.15],"texture":"#0"}}},{"from":[8.45,12.37236,8.20847],"to":[8.925,13.47236,8.38347],"rotation":{"angle":22.5,"axis":"x","origin":[8,10.09736,8.13347]},"faces":{"north":{"uv":[0,0,0.475,1.1],"texture":"#0"},"east":{"uv":[0,0,0.175,1.1],"texture":"#0"},"south":{"uv":[0,0,0.475,1.1],"texture":"#0"},"west":{"uv":[0,0,0.175,1.1],"texture":"#0"},"up":{"uv":[0,0,0.475,0.175],"texture":"#0"},"down":{"uv":[0,0,0.475,0.175],"texture":"#0"}}},{"from":[8.45,12.42236,8.05847],"to":[8.925,13.47236,8.20847],"rotation":{"angle":22.5,"axis":"x","origin":[8,10.09736,8.13347]},"faces":{"north":{"uv":[0,0,0.475,1.05],"texture":"#0"},"east":{"uv":[0,0,0.15,1.05],"texture":"#0"},"south":{"uv":[0,0,0.475,1.05],"texture":"#0"},"west":{"uv":[0,0,0.15,1.05],"texture":"#0"},"up":{"uv":[0,0,0.475,0.15],"texture":"#0"},"down":{"uv":[0,0,0.475,0.15],"texture":"#0"}}},{"from":[8.45,12.44736,7.85847],"to":[8.925,13.47236,8.05847],"rotation":{"angle":22.5,"axis":"x","origin":[8,10.09736,8.13347]},"faces":{"north":{"uv":[0,0,0.475,1.025],"texture":"#0"},"east":{"uv":[0,0,0.2,1.025],"texture":"#0"},"south":{"uv":[0,0,0.475,1.025],"texture":"#0"},"west":{"uv":[0,0,0.2,1.025],"texture":"#0"},"up":{"uv":[0,0,0.475,0.2],"texture":"#0"},"down":{"uv":[0,0,0.475,0.2],"texture":"#0"}}},{"from":[8.5,12.47236,7.60847],"to":[8.875,13.47236,7.85847],"rotation":{"angle":22.5,"axis":"x","origin":[8,10.09736,8.13347]},"faces":{"north":{"uv":[0,0,0.375,1],"texture":"#0"},"east":{"uv":[0,0,0.25,1],"texture":"#0"},"south":{"uv":[0,0,0.375,1],"texture":"#0"},"west":{"uv":[0,0,0.25,1],"texture":"#0"},"up":{"uv":[0,0,0.375,0.25],"texture":"#0"},"down":{"uv":[0,0,0.375,0.25],"texture":"#0"}}},{"from":[8.5,12.47236,7.30847],"to":[8.875,13.44736,7.60847],"rotation":{"angle":22.5,"axis":"x","origin":[8,10.09736,8.13347]},"faces":{"north":{"uv":[0,0,0.375,0.975],"texture":"#0"},"east":{"uv":[0,0,0.3,0.975],"texture":"#0"},"south":{"uv":[0,0,0.375,0.975],"texture":"#0"},"west":{"uv":[0,0,0.3,0.975],"texture":"#0"},"up":{"uv":[0,0,0.375,0.3],"texture":"#0"},"down":{"uv":[0,0,0.375,0.3],"texture":"#0"}}},{"from":[8.5,12.47236,7.13347],"to":[8.875,13.42236,7.30847],"rotation":{"angle":22.5,"axis":"x","origin":[8,10.09736,8.13347]},"faces":{"north":{"uv":[0,0,0.375,0.95],"texture":"#0"},"east":{"uv":[0,0,0.175,0.95],"texture":"#0"},"south":{"uv":[0,0,0.375,0.95],"texture":"#0"},"west":{"uv":[0,0,0.175,0.95],"texture":"#0"},"up":{"uv":[0,0,0.375,0.175],"texture":"#0"},"down":{"uv":[0,0,0.375,0.175],"texture":"#0"}}},{"from":[8.5,12.47236,6.98347],"to":[8.875,13.39736,7.13347],"rotation":{"angle":22.5,"axis":"x","origin":[8,10.09736,8.13347]},"faces":{"north":{"uv":[0,0,0.375,0.925],"texture":"#0"},"east":{"uv":[0,0,0.15,0.925],"texture":"#0"},"south":{"uv":[0,0,0.375,0.925],"texture":"#0"},"west":{"uv":[0,0,0.15,0.925],"texture":"#0"},"up":{"uv":[0,0,0.375,0.15],"texture":"#0"},"down":{"uv":[0,0,0.375,0.15],"texture":"#0"}}},{"from":[8.5,12.44736,6.80847],"to":[8.875,13.37236,6.98347],"rotation":{"angle":22.5,"axis":"x","origin":[8,10.09736,8.13347]},"faces":{"north":{"uv":[0,0,0.375,0.925],"texture":"#0"},"east":{"uv":[0,0,0.175,0.925],"texture":"#0"},"south":{"uv":[0,0,0.375,0.925],"texture":"#0"},"west":{"uv":[0,0,0.175,0.925],"texture":"#0"},"up":{"uv":[0,0,0.375,0.175],"texture":"#0"},"down":{"uv":[0,0,0.375,0.175],"texture":"#0"}}},{"from":[8.5,12.42236,6.65847],"to":[8.875,13.34736,6.80847],"rotation":{"angle":22.5,"axis":"x","origin":[8,10.09736,8.13347]},"faces":{"north":{"uv":[0,0,0.375,0.925],"texture":"#0"},"east":{"uv":[0,0,0.15,0.925],"texture":"#0"},"south":{"uv":[0,0,0.375,0.925],"texture":"#0"},"west":{"uv":[0,0,0.15,0.925],"texture":"#0"},"up":{"uv":[0,0,0.375,0.15],"texture":"#0"},"down":{"uv":[0,0,0.375,0.15],"texture":"#0"}}},{"from":[8.575,12.39736,6.50847],"to":[8.8,13.32236,6.65847],"rotation":{"angle":22.5,"axis":"x","origin":[8,10.09736,8.13347]},"faces":{"north":{"uv":[0,0,0.225,0.925],"texture":"#0"},"east":{"uv":[0,0,0.15,0.925],"texture":"#0"},"south":{"uv":[0,0,0.225,0.925],"texture":"#0"},"west":{"uv":[0,0,0.15,0.925],"texture":"#0"},"up":{"uv":[0,0,0.225,0.15],"texture":"#0"},"down":{"uv":[0,0,0.225,0.15],"texture":"#0"}}},{"from":[8.575,12.37236,6.35847],"to":[8.8,13.27236,6.50847],"rotation":{"angle":22.5,"axis":"x","origin":[8,10.09736,8.13347]},"faces":{"north":{"uv":[0,0,0.225,0.9],"texture":"#0"},"east":{"uv":[0,0,0.15,0.9],"texture":"#0"},"south":{"uv":[0,0,0.225,0.9],"texture":"#0"},"west":{"uv":[0,0,0.15,0.9],"texture":"#0"},"up":{"uv":[0,0,0.225,0.15],"texture":"#0"},"down":{"uv":[0,0,0.225,0.15],"texture":"#0"}}},{"from":[8.575,12.89736,6.80847],"to":[8.8,13.79736,6.98347],"rotation":{"angle":0,"axis":"x","origin":[8,10.52236,8.13347]},"faces":{"north":{"uv":[0,0,0.225,0.9],"texture":"#0"},"east":{"uv":[0,0,0.175,0.9],"texture":"#0"},"south":{"uv":[0,0,0.225,0.9],"texture":"#0"},"west":{"uv":[0,0,0.175,0.9],"texture":"#0"},"up":{"uv":[0,0,0.225,0.175],"texture":"#0"},"down":{"uv":[0,0,0.225,0.175],"texture":"#0"}}},{"from":[8.625,12.87236,6.33347],"to":[8.75,13.77236,6.80847],"rotation":{"angle":0,"axis":"x","origin":[8,10.49736,7.95847]},"faces":{"north":{"uv":[0,0,0.125,0.9],"texture":"#0"},"east":{"uv":[0,0,0.475,0.9],"texture":"#0"},"south":{"uv":[0,0,0.125,0.9],"texture":"#0"},"west":{"uv":[0,0,0.475,0.9],"texture":"#0"},"up":{"uv":[0,0,0.125,0.475],"texture":"#0"},"down":{"uv":[0,0,0.125,0.475],"texture":"#0"}}},{"from":[8.625,12.87236,6.08347],"to":[8.75,13.74736,6.33347],"rotation":{"angle":0,"axis":"x","origin":[8,10.49736,7.48347]},"faces":{"north":{"uv":[0,0,0.125,0.875],"texture":"#0"},"east":{"uv":[0,0,0.25,0.875],"texture":"#0"},"south":{"uv":[0,0,0.125,0.875],"texture":"#0"},"west":{"uv":[0,0,0.25,0.875],"texture":"#0"},"up":{"uv":[0,0,0.125,0.25],"texture":"#0"},"down":{"uv":[0,0,0.125,0.25],"texture":"#0"}}},{"from":[8.625,12.84736,5.80847],"to":[8.75,13.72236,6.08347],"rotation":{"angle":0,"axis":"x","origin":[8,10.49736,7.48347]},"faces":{"north":{"uv":[0,0,0.125,0.875],"texture":"#0"},"east":{"uv":[0,0,0.275,0.875],"texture":"#0"},"south":{"uv":[0,0,0.125,0.875],"texture":"#0"},"west":{"uv":[0,0,0.275,0.875],"texture":"#0"},"up":{"uv":[0,0,0.125,0.275],"texture":"#0"},"down":{"uv":[0,0,0.125,0.275],"texture":"#0"}}},{"from":[8.625,12.82236,5.50847],"to":[8.75,13.72236,5.80847],"rotation":{"angle":0,"axis":"x","origin":[8,10.49736,7.20847]},"faces":{"north":{"uv":[0,0,0.125,0.9],"texture":"#0"},"east":{"uv":[0,0,0.3,0.9],"texture":"#0"},"south":{"uv":[0,0,0.125,0.9],"texture":"#0"},"west":{"uv":[0,0,0.3,0.9],"texture":"#0"},"up":{"uv":[0,0,0.125,0.3],"texture":"#0"},"down":{"uv":[0,0,0.125,0.3],"texture":"#0"}}},{"from":[8.625,13.6498,6.31692],"to":[8.75,14.4998,6.64192],"rotation":{"angle":-22.5,"axis":"x","origin":[8,11.2748,8.04192]},"faces":{"north":{"uv":[0,0,0.125,0.85],"texture":"#0"},"east":{"uv":[0,0,0.325,0.85],"texture":"#0"},"south":{"uv":[0,0,0.125,0.85],"texture":"#0"},"west":{"uv":[0,0,0.325,0.85],"texture":"#0"},"up":{"uv":[0,0,0.125,0.325],"texture":"#0"},"down":{"uv":[0,0,0.125,0.325],"texture":"#0"}}},{"from":[8.625,13.6498,6.06692],"to":[8.75,14.5248,6.31692],"rotation":{"angle":-22.5,"axis":"x","origin":[8,11.2748,8.04192]},"faces":{"north":{"uv":[0,0,0.125,0.875],"texture":"#0"},"east":{"uv":[0,0,0.25,0.875],"texture":"#0"},"south":{"uv":[0,0,0.125,0.875],"texture":"#0"},"west":{"uv":[0,0,0.25,0.875],"texture":"#0"},"up":{"uv":[0,0,0.125,0.25],"texture":"#0"},"down":{"uv":[0,0,0.125,0.25],"texture":"#0"}}},{"from":[8.625,13.6998,5.84192],"to":[8.75,14.5498,6.06692],"rotation":{"angle":-22.5,"axis":"x","origin":[8,11.2748,8.04192]},"faces":{"north":{"uv":[0,0,0.125,0.85],"texture":"#0"},"east":{"uv":[0,0,0.225,0.85],"texture":"#0"},"south":{"uv":[0,0,0.125,0.85],"texture":"#0"},"west":{"uv":[0,0,0.225,0.85],"texture":"#0"},"up":{"uv":[0,0,0.125,0.225],"texture":"#0"},"down":{"uv":[0,0,0.125,0.225],"texture":"#0"}}},{"from":[8.625,13.7248,5.74192],"to":[8.75,14.5248,5.84192],"rotation":{"angle":-22.5,"axis":"x","origin":[8,11.2748,8.04192]},"faces":{"north":{"uv":[0,0,0.125,0.8],"texture":"#0"},"east":{"uv":[0,0,0.1,0.8],"texture":"#0"},"south":{"uv":[0,0,0.125,0.8],"texture":"#0"},"west":{"uv":[0,0,0.1,0.8],"texture":"#0"},"up":{"uv":[0,0,0.125,0.1],"texture":"#0"},"down":{"uv":[0,0,0.125,0.1],"texture":"#0"}}},{"from":[8.625,13.7498,5.56692],"to":[8.75,14.4998,5.74192],"rotation":{"angle":-22.5,"axis":"x","origin":[8,11.2748,8.04192]},"faces":{"north":{"uv":[0,0,0.125,0.75],"texture":"#0"},"east":{"uv":[0,0,0.175,0.75],"texture":"#0"},"south":{"uv":[0,0,0.125,0.75],"texture":"#0"},"west":{"uv":[0,0,0.175,0.75],"texture":"#0"},"up":{"uv":[0,0,0.125,0.175],"texture":"#0"},"down":{"uv":[0,0,0.125,0.175],"texture":"#0"}}},{"from":[8.65,13.7498,5.29192],"to":[8.725,14.4998,5.56692],"rotation":{"angle":-22.5,"axis":"x","origin":[8,11.2748,8.04192]},"faces":{"north":{"uv":[0,0,0.075,0.75],"texture":"#0"},"east":{"uv":[0,0,0.275,0.75],"texture":"#0"},"south":{"uv":[0,0,0.075,0.75],"texture":"#0"},"west":{"uv":[0,0,0.275,0.75],"texture":"#0"},"up":{"uv":[0,0,0.075,0.275],"texture":"#0"},"down":{"uv":[0,0,0.075,0.275],"texture":"#0"}}},{"from":[8.65,13.7748,5.14192],"to":[8.725,14.4748,5.29192],"rotation":{"angle":-22.5,"axis":"x","origin":[8,11.2748,8.04192]},"faces":{"north":{"uv":[0,0,0.075,0.7],"texture":"#0"},"east":{"uv":[0,0,0.15,0.7],"texture":"#0"},"south":{"uv":[0,0,0.075,0.7],"texture":"#0"},"west":{"uv":[0,0,0.15,0.7],"texture":"#0"},"up":{"uv":[0,0,0.075,0.15],"texture":"#0"},"down":{"uv":[0,0,0.075,0.15],"texture":"#0"}}},{"from":[8.65,13.7998,5.04192],"to":[8.725,14.4498,5.14192],"rotation":{"angle":-22.5,"axis":"x","origin":[8,11.2748,8.04192]},"faces":{"north":{"uv":[0,0,0.075,0.65],"texture":"#0"},"east":{"uv":[0,0,0.1,0.65],"texture":"#0"},"south":{"uv":[0,0,0.075,0.65],"texture":"#0"},"west":{"uv":[0,0,0.1,0.65],"texture":"#0"},"up":{"uv":[0,0,0.075,0.1],"texture":"#0"},"down":{"uv":[0,0,0.075,0.1],"texture":"#0"}}},{"from":[8.65,13.7998,4.94192],"to":[8.725,14.4248,5.04192],"rotation":{"angle":-22.5,"axis":"x","origin":[8,11.2748,8.04192]},"faces":{"north":{"uv":[0,0,0.075,0.625],"texture":"#0"},"east":{"uv":[0,0,0.1,0.625],"texture":"#0"},"south":{"uv":[0,0,0.075,0.625],"texture":"#0"},"west":{"uv":[0,0,0.1,0.625],"texture":"#0"},"up":{"uv":[0,0,0.075,0.1],"texture":"#0"},"down":{"uv":[0,0,0.075,0.1],"texture":"#0"}}},{"from":[8.65,13.7998,4.86692],"to":[8.725,14.3998,4.94192],"rotation":{"angle":-22.5,"axis":"x","origin":[8,11.2748,8.04192]},"faces":{"north":{"uv":[0,0,0.075,0.6],"texture":"#0"},"east":{"uv":[0,0,0.075,0.6],"texture":"#0"},"south":{"uv":[0,0,0.075,0.6],"texture":"#0"},"west":{"uv":[0,0,0.075,0.6],"texture":"#0"},"up":{"uv":[0,0,0.075,0.075],"texture":"#0"},"down":{"uv":[0,0,0.075,0.075],"texture":"#0"}}},{"from":[8.65,13.7998,4.79192],"to":[8.725,14.3748,4.86692],"rotation":{"angle":-22.5,"axis":"x","origin":[8,11.2748,8.04192]},"faces":{"north":{"uv":[0,0,0.075,0.575],"texture":"#0"},"east":{"uv":[0,0,0.075,0.575],"texture":"#0"},"south":{"uv":[0,0,0.075,0.575],"texture":"#0"},"west":{"uv":[0,0,0.075,0.575],"texture":"#0"},"up":{"uv":[0,0,0.075,0.075],"texture":"#0"},"down":{"uv":[0,0,0.075,0.075],"texture":"#0"}}},{"from":[8.65,13.7748,4.71692],"to":[8.725,14.3248,4.79192],"rotation":{"angle":-22.5,"axis":"x","origin":[8,11.2748,8.04192]},"faces":{"north":{"uv":[0,0,0.075,0.55],"texture":"#0"},"east":{"uv":[0,0,0.075,0.55],"texture":"#0"},"south":{"uv":[0,0,0.075,0.55],"texture":"#0"},"west":{"uv":[0,0,0.075,0.55],"texture":"#0"},"up":{"uv":[0,0,0.075,0.075],"texture":"#0"},"down":{"uv":[0,0,0.075,0.075],"texture":"#0"}}},{"from":[8.65,13.7748,4.61692],"to":[8.725,14.2998,4.71692],"rotation":{"angle":-22.5,"axis":"x","origin":[8,11.2748,8.04192]},"faces":{"north":{"uv":[0,0,0.075,0.525],"texture":"#0"},"east":{"uv":[0,0,0.1,0.525],"texture":"#0"},"south":{"uv":[0,0,0.075,0.525],"texture":"#0"},"west":{"uv":[0,0,0.1,0.525],"texture":"#0"},"up":{"uv":[0,0,0.075,0.1],"texture":"#0"},"down":{"uv":[0,0,0.075,0.1],"texture":"#0"}}},{"from":[8.65,13.7748,4.51692],"to":[8.725,14.2498,4.61692],"rotation":{"angle":-22.5,"axis":"x","origin":[8,11.2748,8.04192]},"faces":{"north":{"uv":[0,0,0.075,0.475],"texture":"#0"},"east":{"uv":[0,0,0.1,0.475],"texture":"#0"},"south":{"uv":[0,0,0.075,0.475],"texture":"#0"},"west":{"uv":[0,0,0.1,0.475],"texture":"#0"},"up":{"uv":[0,0,0.075,0.1],"texture":"#0"},"down":{"uv":[0,0,0.075,0.1],"texture":"#0"}}},{"from":[8.65,13.7748,4.46692],"to":[8.725,14.1998,4.51692],"rotation":{"angle":-22.5,"axis":"x","origin":[8,11.2748,8.04192]},"faces":{"north":{"uv":[0,0,0.075,0.425],"texture":"#0"},"east":{"uv":[0,0,0.05,0.425],"texture":"#0"},"south":{"uv":[0,0,0.075,0.425],"texture":"#0"},"west":{"uv":[0,0,0.05,0.425],"texture":"#0"},"up":{"uv":[0,0,0.075,0.05],"texture":"#0"},"down":{"uv":[0,0,0.075,0.05],"texture":"#0"}}},{"from":[8.65,13.7748,4.39192],"to":[8.725,14.1498,4.46692],"rotation":{"angle":-22.5,"axis":"x","origin":[8,11.2748,8.04192]},"faces":{"north":{"uv":[0,0,0.075,0.375],"texture":"#0"},"east":{"uv":[0,0,0.075,0.375],"texture":"#0"},"south":{"uv":[0,0,0.075,0.375],"texture":"#0"},"west":{"uv":[0,0,0.075,0.375],"texture":"#0"},"up":{"uv":[0,0,0.075,0.075],"texture":"#0"},"down":{"uv":[0,0,0.075,0.075],"texture":"#0"}}},{"from":[8.65,13.7498,4.31692],"to":[8.725,14.1248,4.39192],"rotation":{"angle":-22.5,"axis":"x","origin":[8,11.2748,8.04192]},"faces":{"north":{"uv":[0,0,0.075,0.375],"texture":"#0"},"east":{"uv":[0,0,0.075,0.375],"texture":"#0"},"south":{"uv":[0,0,0.075,0.375],"texture":"#0"},"west":{"uv":[0,0,0.075,0.375],"texture":"#0"},"up":{"uv":[0,0,0.075,0.075],"texture":"#0"},"down":{"uv":[0,0,0.075,0.075],"texture":"#0"}}},{"from":[8.65,13.7498,4.26692],"to":[8.725,14.0748,4.31692],"rotation":{"angle":-22.5,"axis":"x","origin":[8,11.2748,8.04192]},"faces":{"north":{"uv":[0,0,0.075,0.325],"texture":"#0"},"east":{"uv":[0,0,0.05,0.325],"texture":"#0"},"south":{"uv":[0,0,0.075,0.325],"texture":"#0"},"west":{"uv":[0,0,0.05,0.325],"texture":"#0"},"up":{"uv":[0,0,0.075,0.05],"texture":"#0"},"down":{"uv":[0,0,0.075,0.05],"texture":"#0"}}},{"from":[8.65,13.7498,4.21692],"to":[8.725,14.0248,4.26692],"rotation":{"angle":-22.5,"axis":"x","origin":[8,11.2748,8.04192]},"faces":{"north":{"uv":[0,0,0.075,0.275],"texture":"#0"},"east":{"uv":[0,0,0.05,0.275],"texture":"#0"},"south":{"uv":[0,0,0.075,0.275],"texture":"#0"},"west":{"uv":[0,0,0.05,0.275],"texture":"#0"},"up":{"uv":[0,0,0.075,0.05],"texture":"#0"},"down":{"uv":[0,0,0.075,0.05],"texture":"#0"}}},{"from":[8.65,13.7998,4.16692],"to":[8.725,13.9748,4.21692],"rotation":{"angle":-22.5,"axis":"x","origin":[8,11.2748,8.04192]},"faces":{"north":{"uv":[0,0,0.075,0.175],"texture":"#0"},"east":{"uv":[0,0,0.05,0.175],"texture":"#0"},"south":{"uv":[0,0,0.075,0.175],"texture":"#0"},"west":{"uv":[0,0,0.05,0.175],"texture":"#0"},"up":{"uv":[0,0,0.075,0.05],"texture":"#0"},"down":{"uv":[0,0,0.075,0.05],"texture":"#0"}}},{"from":[8.65,13.7498,4.14192],"to":[8.725,13.9998,4.21692],"rotation":{"angle":-22.5,"axis":"x","origin":[8,11.2748,8.04192]},"faces":{"north":{"uv":[0,0,0.075,0.25],"texture":"#0"},"east":{"uv":[0,0,0.075,0.25],"texture":"#0"},"south":{"uv":[0,0,0.075,0.25],"texture":"#0"},"west":{"uv":[0,0,0.075,0.25],"texture":"#0"},"up":{"uv":[0,0,0.075,0.075],"texture":"#0"},"down":{"uv":[0,0,0.075,0.075],"texture":"#0"}}},{"from":[8.65,13.7498,4.09192],"to":[8.725,13.9498,4.14192],"rotation":{"angle":-22.5,"axis":"x","origin":[8,11.2748,8.04192]},"faces":{"north":{"uv":[0,0,0.075,0.2],"texture":"#0"},"east":{"uv":[0,0,0.05,0.2],"texture":"#0"},"south":{"uv":[0,0,0.075,0.2],"texture":"#0"},"west":{"uv":[0,0,0.05,0.2],"texture":"#0"},"up":{"uv":[0,0,0.075,0.05],"texture":"#0"},"down":{"uv":[0,0,0.075,0.05],"texture":"#0"}}},{"from":[8.65,13.7498,4.04192],"to":[8.725,13.9248,4.09192],"rotation":{"angle":-22.5,"axis":"x","origin":[8,11.2748,8.04192]},"faces":{"north":{"uv":[0,0,0.075,0.175],"texture":"#0"},"east":{"uv":[0,0,0.05,0.175],"texture":"#0"},"south":{"uv":[0,0,0.075,0.175],"texture":"#0"},"west":{"uv":[0,0,0.05,0.175],"texture":"#0"},"up":{"uv":[0,0,0.075,0.05],"texture":"#0"},"down":{"uv":[0,0,0.075,0.05],"texture":"#0"}}},{"from":[8.65,13.7248,3.99192],"to":[8.725,13.8748,4.04192],"rotation":{"angle":-22.5,"axis":"x","origin":[8,11.2748,8.04192]},"faces":{"north":{"uv":[0,0,0.075,0.15],"texture":"#0"},"east":{"uv":[0,0,0.05,0.15],"texture":"#0"},"south":{"uv":[0,0,0.075,0.15],"texture":"#0"},"west":{"uv":[0,0,0.05,0.15],"texture":"#0"},"up":{"uv":[0,0,0.075,0.05],"texture":"#0"},"down":{"uv":[0,0,0.075,0.05],"texture":"#0"}}},{"from":[8.65,13.7248,3.94192],"to":[8.725,13.8498,3.99192],"rotation":{"angle":-22.5,"axis":"x","origin":[8,11.2748,8.04192]},"faces":{"north":{"uv":[0,0,0.075,0.125],"texture":"#0"},"east":{"uv":[0,0,0.05,0.125],"texture":"#0"},"south":{"uv":[0,0,0.075,0.125],"texture":"#0"},"west":{"uv":[0,0,0.05,0.125],"texture":"#0"},"up":{"uv":[0,0,0.075,0.05],"texture":"#0"},"down":{"uv":[0,0,0.075,0.05],"texture":"#0"}}},{"from":[8.65,13.7248,3.89192],"to":[8.725,13.8248,3.94192],"rotation":{"angle":-22.5,"axis":"x","origin":[8,11.2748,8.04192]},"faces":{"north":{"uv":[0,0,0.075,0.1],"texture":"#0"},"east":{"uv":[0,0,0.05,0.1],"texture":"#0"},"south":{"uv":[0,0,0.075,0.1],"texture":"#0"},"west":{"uv":[0,0,0.05,0.1],"texture":"#0"},"up":{"uv":[0,0,0.075,0.05],"texture":"#0"},"down":{"uv":[0,0,0.075,0.05],"texture":"#0"}}},{"from":[8.65,13.7248,3.84192],"to":[8.725,13.7748,3.89192],"rotation":{"angle":-22.5,"axis":"x","origin":[8,11.2748,8.04192]},"faces":{"north":{"uv":[0,0,0.075,0.05],"texture":"#0"},"east":{"uv":[0,0,0.05,0.05],"texture":"#0"},"south":{"uv":[0,0,0.075,0.05],"texture":"#0"},"west":{"uv":[0,0,0.05,0.05],"texture":"#0"},"up":{"uv":[0,0,0.075,0.05],"texture":"#0"},"down":{"uv":[0,0,0.075,0.05],"texture":"#0"}}},{"from":[8.65,13.7248,3.79192],"to":[8.725,13.7498,3.84192],"rotation":{"angle":-22.5,"axis":"x","origin":[8,11.2748,8.04192]},"faces":{"north":{"uv":[0,0,0.075,0.025],"texture":"#0"},"east":{"uv":[0,0,0.05,0.025],"texture":"#0"},"south":{"uv":[0,0,0.075,0.025],"texture":"#0"},"west":{"uv":[0,0,0.05,0.025],"texture":"#0"},"up":{"uv":[0,0,0.075,0.05],"texture":"#0"},"down":{"uv":[0,0,0.075,0.05],"texture":"#0"}}},{"from":[8.575,13.72236,6.98347],"to":[8.8,13.77236,7.45847],"rotation":{"angle":0,"axis":"x","origin":[8,10.52236,8.13347]},"faces":{"north":{"uv":[0,0,0.225,0.05],"texture":"#0"},"east":{"uv":[0,0,0.475,0.05],"texture":"#0"},"south":{"uv":[0,0,0.225,0.05],"texture":"#0"},"west":{"uv":[0,0,0.475,0.05],"texture":"#0"},"up":{"uv":[0,0,0.225,0.475],"texture":"#0"},"down":{"uv":[0,0,0.225,0.475],"texture":"#0"}}},{"from":[8.575,12.87236,6.95847],"to":[8.8,13.72236,7.70847],"rotation":{"angle":0,"axis":"x","origin":[8,10.47236,8.35847]},"faces":{"north":{"uv":[0,0,0.225,0.85],"texture":"#0"},"east":{"uv":[0,0,0.75,0.85],"texture":"#0"},"south":{"uv":[0,0,0.225,0.85],"texture":"#0"},"west":{"uv":[0,0,0.75,0.85],"texture":"#0"},"up":{"uv":[0,0,0.225,0.75],"texture":"#0"},"down":{"uv":[0,0,0.225,0.75],"texture":"#0"}}},{"from":[8.45,12.49736,9.18347],"to":[8.925,13.47236,9.25847],"rotation":{"angle":22.5,"axis":"x","origin":[8,10.09736,8.13347]},"faces":{"north":{"uv":[3,0,2.075,0.975],"texture":"#0"},"east":{"uv":[3,0,2.075,0.975],"texture":"#0"},"south":{"uv":[3,0,2.075,0.975],"texture":"#0"},"west":{"uv":[3,0,2.075,0.975],"texture":"#0"},"up":{"uv":[3,0,2.075,0.975],"texture":"#0"},"down":{"uv":[3,0,2.075,0.975],"texture":"#0"}}},{"from":[8.45,13.47236,9.03347],"to":[8.925,13.49736,9.25847],"rotation":{"angle":22.5,"axis":"x","origin":[8,10.09736,8.13347]},"faces":{"north":{"uv":[3,0,2.075,0.975],"texture":"#0"},"east":{"uv":[3,0,2.075,0.975],"texture":"#0"},"south":{"uv":[3,0,2.075,0.975],"texture":"#0"},"west":{"uv":[3,0,2.075,0.975],"texture":"#0"},"up":{"uv":[3,0,2.075,0.975],"texture":"#0"},"down":{"uv":[3,0,2.075,0.975],"texture":"#0"}}},{"from":[8.45,12.72236,9.25847],"to":[8.925,13.47236,9.28347],"rotation":{"angle":22.5,"axis":"x","origin":[8,10.09736,8.13347]},"faces":{"north":{"uv":[3,0,2.075,0.975],"texture":"#0"},"east":{"uv":[3,0,2.075,0.975],"texture":"#0"},"south":{"uv":[3,0,2.075,0.975],"texture":"#0"},"west":{"uv":[3,0,2.075,0.975],"texture":"#0"},"up":{"uv":[3,0,2.075,0.975],"texture":"#0"},"down":{"uv":[3,0,2.075,0.975],"texture":"#0"}}},{"from":[8.45,12.24736,9.18347],"to":[8.925,12.49736,9.23347],"rotation":{"angle":22.5,"axis":"x","origin":[8,10.09736,8.13347]},"faces":{"north":{"uv":[3,0,2.075,0.975],"texture":"#0"},"east":{"uv":[3,0,2.075,0.975],"texture":"#0"},"south":{"uv":[3,0,2.075,0.975],"texture":"#0"},"west":{"uv":[3,0,2.075,0.975],"texture":"#0"},"up":{"uv":[3,0,2.075,0.975],"texture":"#0"},"down":{"uv":[3,0,2.075,0.975],"texture":"#0"}}},{"from":[8.45,12.17236,9.18347],"to":[8.925,12.24736,9.20847],"rotation":{"angle":22.5,"axis":"x","origin":[8,10.09736,8.13347]},"faces":{"north":{"uv":[0,0,0.475,0.075],"texture":"#0"},"east":{"uv":[0,0,0.025,0.075],"texture":"#0"},"south":{"uv":[0,0,0.475,0.075],"texture":"#0"},"west":{"uv":[0,0,0.025,0.075],"texture":"#0"},"up":{"uv":[0,0,0.475,0.025],"texture":"#0"},"down":{"uv":[0,0,0.475,0.025],"texture":"#0"}}}]}