{"display":{"thirdperson_righthand":{"rotation":[-180,-90,-180],"translation":[0,0,-1.7],"scale":[0.7,0.7,0.7]},"thirdperson_lefthand":{"rotation":[-180,90,-180],"translation":[0,0,-1.7],"scale":[0.7,0.7,0.7]},"ground":{"rotation":[90,0,0],"translation":[0,0,-2.08],"scale":[1,1,1]},"fixed":{"rotation":[0,180,-45],"translation":[0.4,0.19,-2.27],"scale":[1.5,1.5,1.5]},"firstperson_righthand":{"rotation":[4,-85,0],"translation":[-2.65,0,0],"scale":[0.9,0.9,0.9]},"firstperson_lefthand":{"rotation":[4,95,0],"translation":[-2.65,0,0],"scale":[0.9,0.9,0.9]},"gui":{"rotation":[0,0,-45],"translation":[0,-1.13,0],"scale":[0.55,0.55,0.55]}},"textures":{"particle":"guns/1-metal","texture":"guns/1-metal","backheadlight":"guns/backheadlight","yellow":"other/woolcoloredwhite","vent":"guns/vent","woolcoloredyellow":"guns/yellow"},"elements":[{"from":[-7,11.5,6.5],"to":[9,12,7],"faces":{"down":{"uv":[0,6.5,16,7],"texture":"#texture"},"up":{"uv":[0,6.5,16,7],"texture":"#texture"},"north":{"uv":[0,4,16,4.5],"texture":"#texture"},"south":{"uv":[0,4,16,4.5],"texture":"#texture"},"west":{"uv":[6.5,4,7,4.5],"texture":"#texture"},"east":{"uv":[6.5,4,7,4.5],"texture":"#texture"}}},{"from":[-7,9.5,6],"to":[9,11.5,6.5],"faces":{"down":{"uv":[0,6,16,6.5],"texture":"#texture"},"up":{"uv":[0,6,16,6.5],"texture":"#texture"},"north":{"uv":[0,4.5,16,6.5],"texture":"#texture"},"south":{"uv":[0,4.5,16,6.5],"texture":"#texture"},"west":{"uv":[6,4.5,6.5,6.5],"texture":"#texture"},"east":{"uv":[6,4.5,6.5,6.5],"texture":"#texture"}}},{"from":[-7,8.5,7],"to":[9,9,9],"faces":{"down":{"uv":[0,7,16,9],"texture":"#texture"},"up":{"uv":[0,7,16,9],"texture":"#texture"},"north":{"uv":[0,7,16,7.5],"texture":"#texture"},"south":{"uv":[0,7,16,7.5],"texture":"#texture"},"west":{"uv":[7,7,9,7.5],"texture":"#texture"},"east":{"uv":[7,7,9,7.5],"texture":"#texture"}}},{"from":[-7,9,6.5],"to":[9,9.5,7],"faces":{"down":{"uv":[0,6.5,16,7],"texture":"#texture"},"up":{"uv":[0,6.5,16,7],"texture":"#texture"},"north":{"uv":[0,6.5,16,7],"texture":"#texture"},"south":{"uv":[0,6.5,16,7],"texture":"#texture"},"west":{"uv":[6.5,6.5,7,7],"texture":"#texture"},"east":{"uv":[6.5,6.5,7,7],"texture":"#texture"}}},{"from":[-7,11.5,9],"to":[9,12,9.5],"faces":{"down":{"uv":[0,9,16,9.5],"texture":"#texture"},"up":{"uv":[0,9,16,9.5],"texture":"#texture"},"north":{"uv":[0,4,16,4.5],"texture":"#texture"},"south":{"uv":[0,4,16,4.5],"texture":"#texture"},"west":{"uv":[9,4,9.5,4.5],"texture":"#texture"},"east":{"uv":[9,4,9.5,4.5],"texture":"#texture"}}},{"from":[-7,9,9],"to":[9,9.5,9.5],"faces":{"down":{"uv":[0,9,16,9.5],"texture":"#texture"},"up":{"uv":[0,9,16,9.5],"texture":"#texture"},"north":{"uv":[0,6.5,16,7],"texture":"#texture"},"south":{"uv":[0,6.5,16,7],"texture":"#texture"},"west":{"uv":[9,6.5,9.5,7],"texture":"#texture"},"east":{"uv":[9,6.5,9.5,7],"texture":"#texture"}}},{"from":[-7,9.5,9.5],"to":[9,11.5,10],"faces":{"down":{"uv":[0,9.5,16,10],"texture":"#texture"},"up":{"uv":[0,9.5,16,10],"texture":"#texture"},"north":{"uv":[0,4.5,16,6.5],"texture":"#texture"},"south":{"uv":[0,4.5,16,6.5],"texture":"#texture"},"west":{"uv":[9.5,4.5,10,6.5],"texture":"#texture"},"east":{"uv":[9.5,4.5,10,6.5],"texture":"#texture"}}},{"from":[-6.5,12.5,7],"to":[-5,13,9],"faces":{"down":{"uv":[9,7,10.5,9],"texture":"#texture"},"up":{"uv":[9,7,10.5,9],"texture":"#texture"},"north":{"uv":[9,3,10.5,8],"texture":"#texture"},"south":{"uv":[9,3,10.5,8],"texture":"#texture"},"west":{"uv":[7,3,9,3.5],"texture":"#texture"},"east":{"uv":[7,3,9,3.5],"texture":"#texture"}}},{"from":[4.5,8.5,6],"to":[7,12.5,10],"faces":{"down":{"uv":[4.5,6,7,10],"texture":"#texture"},"up":{"uv":[4.5,6,7,10],"texture":"#texture"},"north":{"uv":[4.5,3.5,7,7.5],"texture":"#texture"},"south":{"uv":[4.5,3.5,7,7.5],"texture":"#texture"},"west":{"uv":[6,3.5,10,7.5],"texture":"#texture"},"east":{"uv":[6,3.5,10,7.5],"texture":"#texture"}}},{"from":[4.5,9.5,5.5],"to":[7,11.5,10.5],"faces":{"down":{"uv":[4.5,5.5,7,10.5],"texture":"#texture"},"up":{"uv":[4.5,5.5,7,10.5],"texture":"#texture"},"north":{"uv":[4.5,4.5,7,6.5],"texture":"#texture"},"south":{"uv":[4.5,4.5,7,6.5],"texture":"#texture"},"west":{"uv":[5.5,4.5,10.5,6.5],"texture":"#texture"},"east":{"uv":[5.5,4.5,10.5,6.5],"texture":"#texture"}}},{"from":[14,7.5,7],"to":[20,12.5,9],"faces":{"down":{"uv":[10,7,16,9],"texture":"#texture"},"up":{"uv":[10,7,16,9],"texture":"#texture"},"north":{"uv":[10,3.5,16,9],"texture":"#texture"},"south":{"uv":[10,3.5,16,9],"texture":"#texture"},"west":{"uv":[7,3.5,9,9],"texture":"#texture"},"east":{"uv":[7,3.5,9,9],"texture":"#texture"}}},{"from":[14,12.5,7.5],"to":[20,13,8.5],"faces":{"down":{"uv":[10,7.5,16,8.5],"texture":"#texture"},"up":{"uv":[10,7.5,16,8.5],"texture":"#texture"},"north":{"uv":[10,3,16,3.5],"texture":"#texture"},"south":{"uv":[10,3,16,3.5],"texture":"#texture"},"west":{"uv":[7.5,3,8.5,3.5],"texture":"#texture"},"east":{"uv":[7.5,3,8.5,3.5],"texture":"#texture"}}},{"from":[20,9.5,6.5],"to":[20.5,13.5,9.5],"faces":{"down":{"uv":[15.5,6.5,16,9.5],"texture":"#texture"},"up":{"uv":[15.5,6.5,16,9.5],"texture":"#texture"},"north":{"uv":[15.5,2.5,16,6.5],"texture":"#texture"},"south":{"uv":[15.5,2.5,16,6.5],"texture":"#texture"},"west":{"uv":[6.5,2.5,9.5,6.5],"texture":"#texture"},"east":{"uv":[6.5,2.5,9.5,6.5],"texture":"#texture"}}},{"from":[20,9,7],"to":[20.5,14,9],"faces":{"down":{"uv":[15.5,7,16,9],"texture":"#texture"},"up":{"uv":[15.5,7,16,9],"texture":"#texture"},"north":{"uv":[15.5,2,16,7],"texture":"#texture"},"south":{"uv":[15.5,2,16,7],"texture":"#texture"},"west":{"uv":[7,2,9,7],"texture":"#texture"},"east":{"uv":[7,2,9,7],"texture":"#texture"}}},{"from":[20,8.5,7.5],"to":[20.5,14.5,8.5],"faces":{"down":{"uv":[15.5,7.5,16,8.5],"texture":"#texture"},"up":{"uv":[15.5,7.5,16,8.5],"texture":"#texture"},"north":{"uv":[15.5,1.5,16,7.5],"texture":"#texture"},"south":{"uv":[15.5,1.5,16,7.5],"texture":"#texture"},"west":{"uv":[7.5,1.5,8.5,7.5],"texture":"#texture"},"east":{"uv":[7.5,1.5,8.5,7.5],"texture":"#texture"}}},{"from":[20.5,9.5,6.5],"to":[22,13.5,9.5],"faces":{"down":{"uv":[14.5,6.5,16,9.5],"texture":"#backheadlight"},"up":{"uv":[14.5,6.5,16,9.5],"texture":"#backheadlight"},"north":{"uv":[14.5,2.5,16,6.5],"texture":"#backheadlight"},"south":{"uv":[14.5,2.5,16,6.5],"texture":"#backheadlight"},"west":{"uv":[6.5,2.5,9.5,6.5],"texture":"#backheadlight"},"east":{"uv":[6.5,2.5,9.5,6.5],"texture":"#backheadlight"}}},{"from":[20.5,9,7],"to":[22,14,9],"faces":{"down":{"uv":[0,9,0.05,7],"texture":"#backheadlight"},"up":{"uv":[15.95,7,16,9],"texture":"#backheadlight"},"north":{"uv":[0,2,0.05,7],"texture":"#backheadlight"},"south":{"uv":[15.95,2,16,7],"texture":"#backheadlight"},"west":{"uv":[7,2,9,7],"texture":"#backheadlight"},"east":{"uv":[7,2,9,7],"texture":"#backheadlight"}}},{"from":[20.5,8.5,7.5],"to":[22,14.5,8.5],"faces":{"down":{"uv":[0,8.5,0.05,7.5],"texture":"#backheadlight"},"up":{"uv":[15.95,7.5,16,8.5],"texture":"#backheadlight"},"north":{"uv":[0,1.5,0.05,7.5],"texture":"#backheadlight"},"south":{"uv":[15.95,1.5,16,7.5],"texture":"#backheadlight"},"west":{"uv":[7.5,1.5,8.5,7.5],"texture":"#backheadlight"},"east":{"uv":[7.5,1.5,8.5,7.5],"texture":"#backheadlight"}}},{"from":[15,10.5,9],"to":[16,11.5,9.5],"faces":{"down":{"uv":[15,9,16,9.5],"texture":"#woolcoloredyellow"},"up":{"uv":[15,9,16,9.5],"texture":"#woolcoloredyellow"},"north":{"uv":[15,4.5,16,5.5],"texture":"#woolcoloredyellow"},"south":{"uv":[15,4.5,16,5.5],"texture":"#woolcoloredyellow"},"west":{"uv":[9,4.5,9.5,5.5],"texture":"#woolcoloredyellow"},"east":{"uv":[9,4.5,9.5,5.5],"texture":"#woolcoloredyellow"}}},{"from":[15.25,11.5,9],"to":[15.75,13,9.5],"faces":{"down":{"uv":[15.25,9,15.75,9.5],"texture":"#woolcoloredyellow"},"up":{"uv":[15.25,9,15.75,9.5],"texture":"#woolcoloredyellow"},"north":{"uv":[15.25,3,15.75,4.5],"texture":"#woolcoloredyellow"},"south":{"uv":[15.25,3,15.75,4.5],"texture":"#woolcoloredyellow"},"west":{"uv":[9,3,9.5,4.5],"texture":"#woolcoloredyellow"},"east":{"uv":[9,3,9.5,4.5],"texture":"#woolcoloredyellow"}}},{"from":[9,8,7],"to":[14,13,9],"faces":{"down":{"uv":[9,7,14,9],"texture":"#texture"},"up":{"uv":[9,7,14,9],"texture":"#texture"},"north":{"uv":[9,3,14,8],"texture":"#texture"},"south":{"uv":[9,3,14,8],"texture":"#texture"},"west":{"uv":[7,3,9,8],"texture":"#texture"},"east":{"uv":[7,3,9,8],"texture":"#texture"}}},{"from":[-6.5,8.5,6],"to":[-5,9,10],"faces":{"down":{"uv":[0.5,6,2,10],"texture":"#texture"},"up":{"uv":[0.5,6,2,10],"texture":"#texture"},"north":{"uv":[9,3.5,10.5,4],"texture":"#texture"},"south":{"uv":[9,3.5,10.5,4],"texture":"#texture"},"west":{"uv":[6,3.5,10,4],"texture":"#texture"},"east":{"uv":[6,3.5,10,4],"texture":"#texture"}}},{"from":[-6.5,9.5,10],"to":[-5,11.5,10.5],"faces":{"down":{"uv":[9,5.5,10.5,10.5],"texture":"#texture"},"up":{"uv":[9,5.5,10.5,10.5],"texture":"#texture"},"north":{"uv":[9,4.5,10.5,6.5],"texture":"#texture"},"south":{"uv":[9,4.5,10.5,6.5],"texture":"#texture"},"west":{"uv":[5.5,4.5,6,6.5],"texture":"#texture"},"east":{"uv":[5.5,4.5,6,6.5],"texture":"#texture"}}},{"from":[-6.5,12,6],"to":[-5,12.5,10],"faces":{"down":{"uv":[0.5,6,2,10],"texture":"#texture"},"up":{"uv":[0.5,6,2,10],"texture":"#texture"},"north":{"uv":[0.5,3.5,2,4],"texture":"#texture"},"south":{"uv":[0.5,3.5,2,4],"texture":"#texture"},"west":{"uv":[6,3.5,10,4],"texture":"#texture"},"east":{"uv":[6,3.5,10,4],"texture":"#texture"}}},{"from":[-7,12,7],"to":[9,12.5,9],"faces":{"down":{"uv":[0,7,16,9],"texture":"#texture"},"up":{"uv":[0,7,16,9],"texture":"#texture"},"north":{"uv":[0,3.5,16,4],"texture":"#texture"},"south":{"uv":[0,3.5,16,4],"texture":"#texture"},"west":{"uv":[7,3.5,9,4],"texture":"#texture"},"east":{"uv":[7,3.5,9,4],"texture":"#texture"}}},{"from":[-6.5,9.5,5.5],"to":[-5,11.5,6],"faces":{"down":{"uv":[9,5.5,10.5,10.5],"texture":"#texture"},"up":{"uv":[9,5.5,10.5,10.5],"texture":"#texture"},"north":{"uv":[9,4.5,10.5,6.5],"texture":"#texture"},"south":{"uv":[9,4.5,10.5,6.5],"texture":"#texture"},"west":{"uv":[5.5,4.5,6,6.5],"texture":"#texture"},"east":{"uv":[5.5,4.5,6,6.5],"texture":"#texture"}}},{"from":[-6.5,9,9.5],"to":[-5,12,10],"faces":{"down":{"uv":[0.5,6,2,6.5],"texture":"#texture"},"up":{"uv":[0.5,6,2,6.5],"texture":"#texture"},"north":{"uv":[0.5,4,2,7],"texture":"#texture"},"south":{"uv":[0.5,4,2,7],"texture":"#texture"},"west":{"uv":[6,4,6.5,7],"texture":"#texture"},"east":{"uv":[6,4,6.5,7],"texture":"#texture"}}},{"from":[-6.5,9,6],"to":[-5,12,6.5],"faces":{"down":{"uv":[0.5,6,2,6.5],"texture":"#texture"},"up":{"uv":[0.5,6,2,6.5],"texture":"#texture"},"north":{"uv":[0.5,4,2,7],"texture":"#texture"},"south":{"uv":[0.5,4,2,7],"texture":"#texture"},"west":{"uv":[6,4,6.5,7],"texture":"#texture"},"east":{"uv":[6,4,6.5,7],"texture":"#texture"}}},{"from":[-6.5,8,7],"to":[-5,8.5,9],"faces":{"down":{"uv":[9,7,10.5,9],"texture":"#texture"},"up":{"uv":[9,7,10.5,9],"texture":"#texture"},"north":{"uv":[9,3,10.5,8],"texture":"#texture"},"south":{"uv":[9,3,10.5,8],"texture":"#texture"},"west":{"uv":[7,3,9,3.5],"texture":"#texture"},"east":{"uv":[7,3,9,3.5],"texture":"#texture"}}},{"from":[9,8.5,6],"to":[14,12.5,10],"faces":{"down":{"uv":[9,6,14,10],"texture":"#texture"},"up":{"uv":[9,6,14,10],"texture":"#texture"},"north":{"uv":[9,3.5,14,7.5],"texture":"#texture"},"south":{"uv":[9,3.5,14,7.5],"texture":"#texture"},"west":{"uv":[6,3.5,10,7.5],"texture":"#texture"},"east":{"uv":[6,3.5,10,7.5],"texture":"#texture"}}},{"from":[9,9.5,5.5],"to":[14,11.5,10.5],"faces":{"down":{"uv":[9,5.5,14,10.5],"texture":"#texture"},"up":{"uv":[9,5.5,14,10.5],"texture":"#texture"},"north":{"uv":[9,4.5,14,6.5],"texture":"#texture"},"south":{"uv":[9,4.5,14,6.5],"texture":"#texture"},"west":{"uv":[5.5,4.5,10.5,6.5],"texture":"#texture"},"east":{"uv":[5.5,4.5,10.5,6.5],"texture":"#texture"}}},{"from":[4.5,8,7],"to":[7,13,9],"faces":{"down":{"uv":[4.5,7,7,9],"texture":"#texture"},"up":{"uv":[4.5,7,7,9],"texture":"#texture"},"north":{"uv":[4.5,3,7,8],"texture":"#texture"},"south":{"uv":[4.5,3,7,8],"texture":"#texture"},"west":{"uv":[7,3,9,8],"texture":"#texture"},"east":{"uv":[7,3,9,8],"texture":"#texture"}}},{"from":[6,10,10.5],"to":[7,11,11],"faces":{"down":{"uv":[10,11,9,10.5],"texture":"#texture"},"up":{"uv":[6,10.5,7,11],"texture":"#texture"},"north":{"uv":[9,5,10,6],"texture":"#texture"},"south":{"uv":[6,5,7,6],"texture":"#texture"},"west":{"uv":[10.5,5,11,6],"texture":"#texture"},"east":{"uv":[5,5,5.5,6],"texture":"#texture"}}},{"from":[5.5,9.5,11],"to":[7.5,11.5,11.5],"faces":{"down":{"uv":[10.5,11.5,8.5,11],"texture":"#texture"},"up":{"uv":[5.5,11,7.5,11.5],"texture":"#texture"},"north":{"uv":[8.5,4.5,10.5,6.5],"texture":"#texture"},"south":{"uv":[5.5,4.5,7.5,6.5],"texture":"#texture"},"west":{"uv":[11,4.5,11.5,6.5],"texture":"#texture"},"east":{"uv":[4.5,4.5,5,6.5],"texture":"#texture"}}},{"from":[-4,14,7.5],"to":[4,15,8.5],"faces":{"down":{"uv":[0,7.5,8,8.5],"texture":"#texture"},"up":{"uv":[0,7.5,8,8.5],"texture":"#texture"},"north":{"uv":[0,1,8,2],"texture":"#texture"},"south":{"uv":[0,1,8,2],"texture":"#texture"},"west":{"uv":[7.5,1,8.5,2],"texture":"#texture"},"east":{"uv":[7.5,1,8.5,2],"texture":"#texture"}}},{"from":[4,14,7.5],"to":[7,15,8.5],"rotation":{"origin":[4,15,7.5],"axis":"z","angle":-45},"faces":{"down":{"uv":[4,7.5,7,8.5],"texture":"#texture"},"up":{"uv":[4,7.5,7,8.5],"texture":"#texture"},"north":{"uv":[4,1,7,2],"texture":"#texture"},"south":{"uv":[4,1,7,2],"texture":"#texture"},"west":{"uv":[7.5,1,8.5,2],"texture":"#texture"},"east":{"uv":[7.5,1,8.5,2],"texture":"#texture"}}},{"from":[-6.125,11.875,7.5],"to":[-3.125,12.875,8.5],"rotation":{"origin":[-6.125,12.875,7.5],"axis":"z","angle":45},"faces":{"down":{"uv":[0,7.5,3,8.5],"texture":"#texture"},"up":{"uv":[0,7.5,3,8.5],"texture":"#texture"},"north":{"uv":[0,0,3,1],"texture":"#texture"},"south":{"uv":[0,0,3,1],"texture":"#texture"},"west":{"uv":[7.5,0,8.5,1],"texture":"#texture"},"east":{"uv":[7.5,0,8.5,1],"texture":"#texture"}}},{"from":[13.5,6,7.25],"to":[20,7.5,8.75],"faces":{"down":{"uv":[2.5,8.75,0,7.25],"texture":"#texture"},"up":{"uv":[13.5,7.25,16,8.75],"texture":"#texture"},"north":{"uv":[0,8.5,2.5,10],"texture":"#texture"},"south":{"uv":[13.5,8.5,16,10],"texture":"#texture"},"west":{"uv":[7.25,8.5,8.75,10],"texture":"#texture"},"east":{"uv":[7.25,8.5,8.75,10],"texture":"#texture"}}},{"from":[9.5,7,7],"to":[13,8,9],"faces":{"down":{"uv":[6.5,9,3,7],"texture":"#texture"},"up":{"uv":[9.5,7,13,9],"texture":"#texture"},"north":{"uv":[3,8,6.5,9],"texture":"#texture"},"south":{"uv":[9.5,8,13,9],"texture":"#texture"},"west":{"uv":[7,8,9,9],"texture":"#texture"},"east":{"uv":[7,8,9,9],"texture":"#texture"}}},{"from":[10,3.5,7.25],"to":[12,7,8.75],"faces":{"down":{"uv":[6,8.75,4,7.25],"texture":"#texture"},"up":{"uv":[10,7.25,12,8.75],"texture":"#texture"},"north":{"uv":[4,9,6,12.5],"texture":"#texture"},"south":{"uv":[10,9,12,12.5],"texture":"#texture"},"west":{"uv":[7.25,9,8.75,12.5],"texture":"#texture"},"east":{"uv":[7.25,9,8.75,12.5],"texture":"#texture"}}},{"from":[9.5,3,7],"to":[16,3.5,9],"faces":{"down":{"uv":[9.5,7,16,9],"texture":"#texture"},"up":{"uv":[9.5,7,16,9],"texture":"#texture"},"north":{"uv":[9.5,12.5,16,13],"texture":"#texture"},"south":{"uv":[9.5,12.5,16,13],"texture":"#texture"},"west":{"uv":[7,12.5,9,13],"texture":"#texture"},"east":{"uv":[7,12.5,9,13],"texture":"#texture"}}},{"from":[20,4.9375,7],"to":[20.5,7.5,9],"faces":{"down":{"uv":[15.5,7,16,9],"texture":"#texture"},"up":{"uv":[15.5,7,16,9],"texture":"#texture"},"north":{"uv":[15.5,8.5,16,11.0625],"texture":"#texture"},"south":{"uv":[15.5,8.5,16,11.0625],"texture":"#texture"},"west":{"uv":[7,8.5,9,11.0625],"texture":"#texture"},"east":{"uv":[7,8.5,9,11.0625],"texture":"#texture"}}},{"from":[15.8125,2.9375,7],"to":[20.6875,3.4375,9],"rotation":{"origin":[15.8125,3.4375,7],"axis":"z","angle":22.5},"faces":{"down":{"uv":[11.125,7,16,9],"texture":"#texture"},"up":{"uv":[11.125,7,16,9],"texture":"#texture"},"north":{"uv":[11.125,12.5,16,13],"texture":"#texture"},"south":{"uv":[11.125,12.5,16,13],"texture":"#texture"},"west":{"uv":[7,12.5625,9,13.0625],"texture":"#texture"},"east":{"uv":[7,12.5625,9,13.0625],"texture":"#texture"}}},{"from":[9.5625,5.375,7.75],"to":[11.0625,7.375,8.25],"rotation":{"origin":[9.5625,7.375,7.75],"axis":"z","angle":-22.5},"faces":{"down":{"uv":[9.5625,7.75,11.0625,8.25],"texture":"#texture"},"up":{"uv":[9.5625,7.75,11.0625,8.25],"texture":"#texture"},"north":{"uv":[9.5625,8.625,11.0625,10.625],"texture":"#texture"},"south":{"uv":[9.5625,8.625,11.0625,10.625],"texture":"#texture"},"west":{"uv":[7.75,8.625,8.25,10.625],"texture":"#texture"},"east":{"uv":[7.75,8.625,8.25,10.625],"texture":"#texture"}}},{"from":[-9.5,10,7.5],"to":[4.5,11,8.5],"faces":{"down":{"uv":[0,7.5,14,8.5],"texture":"#texture"},"up":{"uv":[0,7.5,14,8.5],"texture":"#texture"},"north":{"uv":[0,5,14,6],"texture":"#texture"},"south":{"uv":[0,5,14,6],"texture":"#texture"},"west":{"uv":[7.5,5,8.5,6],"texture":"#texture"},"east":{"uv":[7.5,5,8.5,6],"texture":"#texture"}}},{"from":[-9,7.5,7.5],"to":[-8.5,10,8],"faces":{"down":{"uv":[9,7.5,9.5,8],"texture":"#yellow"},"up":{"uv":[9,7.5,9.5,8],"texture":"#yellow"},"north":{"uv":[9,0.5,9.5,3],"texture":"#yellow"},"south":{"uv":[9,0.5,9.5,3],"texture":"#yellow"},"west":{"uv":[7.5,0.5,8,3],"texture":"#yellow"},"east":{"uv":[7.5,0.5,8,3],"texture":"#yellow"}}},{"from":[-7.5,7.5,4],"to":[7.5,8,12],"faces":{"down":{"uv":[16,12,8.5,4],"texture":"#texture"},"up":{"uv":[0,4,7.5,12],"texture":"#texture"},"north":{"uv":[8.5,8,16,8.5],"texture":"#texture"},"south":{"uv":[0,8,7.5,8.5],"texture":"#texture"},"west":{"uv":[4,8,12,8.5],"texture":"#texture"},"east":{"uv":[4,8,12,8.5],"texture":"#texture"}}},{"from":[-5.5,3.5,11.5],"to":[-4.5,7.5,12],"faces":{"down":{"uv":[15.95,12,16,11.5],"texture":"#texture"},"up":{"uv":[0,11.5,0.05,12],"texture":"#texture"},"north":{"uv":[15.95,8.5,16,12.5],"texture":"#texture"},"south":{"uv":[0,8.5,0.05,12.5],"texture":"#texture"},"west":{"uv":[11.5,8.5,12,12.5],"texture":"#texture"},"east":{"uv":[4,8.5,4.5,12.5],"texture":"#texture"}}},{"from":[-7.5,3.5,11.5],"to":[-6.5,7.5,12],"faces":{"down":{"uv":[15.95,12,16,11.5],"texture":"#texture"},"up":{"uv":[0,11.5,0.05,12],"texture":"#texture"},"north":{"uv":[15.95,8.5,16,12.5],"texture":"#texture"},"south":{"uv":[0,8.5,0.05,12.5],"texture":"#texture"},"west":{"uv":[11.5,8.5,12,12.5],"texture":"#texture"},"east":{"uv":[4,8.5,4.5,12.5],"texture":"#texture"}}},{"from":[-3.5,3.5,11.5],"to":[-2.5,7.5,12],"faces":{"down":{"uv":[15.95,12,16,11.5],"texture":"#texture"},"up":{"uv":[0,11.5,0.05,12],"texture":"#texture"},"north":{"uv":[15.95,8.5,16,12.5],"texture":"#texture"},"south":{"uv":[0,8.5,0.05,12.5],"texture":"#texture"},"west":{"uv":[11.5,8.5,12,12.5],"texture":"#texture"},"east":{"uv":[4,8.5,4.5,12.5],"texture":"#texture"}}},{"from":[0.5,3.5,11.5],"to":[1.5,7.5,12],"faces":{"down":{"uv":[15.5,12,14.5,11.5],"texture":"#texture"},"up":{"uv":[0.5,11.5,1.5,12],"texture":"#texture"},"north":{"uv":[14.5,8.5,15.5,12.5],"texture":"#texture"},"south":{"uv":[0.5,8.5,1.5,12.5],"texture":"#texture"},"west":{"uv":[11.5,8.5,12,12.5],"texture":"#texture"},"east":{"uv":[4,8.5,4.5,12.5],"texture":"#texture"}}},{"from":[-1.5,3.5,11.5],"to":[-0.5,7.5,12],"faces":{"down":{"uv":[15.95,12,16,11.5],"texture":"#texture"},"up":{"uv":[0,11.5,0.05,12],"texture":"#texture"},"north":{"uv":[15.95,8.5,16,12.5],"texture":"#texture"},"south":{"uv":[0,8.5,0.05,12.5],"texture":"#texture"},"west":{"uv":[11.5,8.5,12,12.5],"texture":"#texture"},"east":{"uv":[4,8.5,4.5,12.5],"texture":"#texture"}}},{"from":[2.5,3.5,11.5],"to":[3.5,7.5,12],"faces":{"down":{"uv":[13.5,12,12.5,11.5],"texture":"#texture"},"up":{"uv":[2.5,11.5,3.5,12],"texture":"#texture"},"north":{"uv":[12.5,8.5,13.5,12.5],"texture":"#texture"},"south":{"uv":[2.5,8.5,3.5,12.5],"texture":"#texture"},"west":{"uv":[11.5,8.5,12,12.5],"texture":"#texture"},"east":{"uv":[4,8.5,4.5,12.5],"texture":"#texture"}}},{"from":[4.5,3.5,11.5],"to":[5.5,7.5,12],"faces":{"down":{"uv":[11.5,12,10.5,11.5],"texture":"#texture"},"up":{"uv":[4.5,11.5,5.5,12],"texture":"#texture"},"north":{"uv":[10.5,8.5,11.5,12.5],"texture":"#texture"},"south":{"uv":[4.5,8.5,5.5,12.5],"texture":"#texture"},"west":{"uv":[11.5,8.5,12,12.5],"texture":"#texture"},"east":{"uv":[4,8.5,4.5,12.5],"texture":"#texture"}}},{"from":[6.5,3.5,4],"to":[7.5,7.5,4.5],"faces":{"down":{"uv":[9.5,4.5,8.5,4],"texture":"#texture"},"up":{"uv":[6.5,4,7.5,4.5],"texture":"#texture"},"north":{"uv":[8.5,8.5,9.5,12.5],"texture":"#texture"},"south":{"uv":[6.5,8.5,7.5,12.5],"texture":"#texture"},"west":{"uv":[4,8.5,4.5,12.5],"texture":"#texture"},"east":{"uv":[11.5,8.5,12,12.5],"texture":"#texture"}}},{"from":[-7.5,3,4],"to":[7.5,3.5,12],"faces":{"down":{"uv":[16,12,8.5,4],"texture":"#texture"},"up":{"uv":[0,4,7.5,12],"texture":"#texture"},"north":{"uv":[8.5,12.5,16,13],"texture":"#texture"},"south":{"uv":[0,12.5,7.5,13],"texture":"#texture"},"west":{"uv":[4,12.5,12,13],"texture":"#texture"},"east":{"uv":[4,12.5,12,13],"texture":"#texture"}}},{"from":[7,3.5,4.5],"to":[7.5,7.5,11.5],"faces":{"down":{"uv":[9,11.5,8.5,4.5],"texture":"#texture"},"up":{"uv":[7,4.5,7.5,11.5],"texture":"#texture"},"north":{"uv":[8.5,8.5,9,12.5],"texture":"#texture"},"south":{"uv":[7,8.5,7.5,12.5],"texture":"#texture"},"west":{"uv":[4.5,8.5,11.5,12.5],"texture":"#texture"},"east":{"uv":[4.5,8.5,11.5,12.5],"texture":"#texture"}}},{"from":[-6.5,6,11.5],"to":[-5.5,7,12],"faces":{"down":{"uv":[15.95,12,16,11.5],"texture":"#texture"},"up":{"uv":[0,11.5,0.05,12],"texture":"#texture"},"north":{"uv":[15.95,9,16,10],"texture":"#texture"},"south":{"uv":[0,9,0.05,10],"texture":"#texture"},"west":{"uv":[11.5,9,12,10],"texture":"#texture"},"east":{"uv":[4,9,4.5,10],"texture":"#texture"}}},{"from":[-6.5,4,11.5],"to":[-5.5,5,12],"faces":{"down":{"uv":[15.95,12,16,11.5],"texture":"#texture"},"up":{"uv":[0,11.5,0.05,12],"texture":"#texture"},"north":{"uv":[15.95,11,16,12],"texture":"#texture"},"south":{"uv":[0,11,0.05,12],"texture":"#texture"},"west":{"uv":[11.5,11,12,12],"texture":"#texture"},"east":{"uv":[4,11,4.5,12],"texture":"#texture"}}},{"from":[-2.5,6,11.5],"to":[-1.5,7,12],"faces":{"down":{"uv":[15.95,12,16,11.5],"texture":"#texture"},"up":{"uv":[0,11.5,0.05,12],"texture":"#texture"},"north":{"uv":[15.95,9,16,10],"texture":"#texture"},"south":{"uv":[0,9,0.05,10],"texture":"#texture"},"west":{"uv":[11.5,9,12,10],"texture":"#texture"},"east":{"uv":[4,9,4.5,10],"texture":"#texture"}}},{"from":[-2.5,4,11.5],"to":[-1.5,5,12],"faces":{"down":{"uv":[15.95,12,16,11.5],"texture":"#texture"},"up":{"uv":[0,11.5,0.05,12],"texture":"#texture"},"north":{"uv":[15.95,11,16,12],"texture":"#texture"},"south":{"uv":[0,11,0.05,12],"texture":"#texture"},"west":{"uv":[11.5,11,12,12],"texture":"#texture"},"east":{"uv":[4,11,4.5,12],"texture":"#texture"}}},{"from":[-4.5,5,11.5],"to":[-3.5,6,12],"faces":{"down":{"uv":[15.95,12,16,11.5],"texture":"#texture"},"up":{"uv":[0,11.5,0.05,12],"texture":"#texture"},"north":{"uv":[15.95,10,16,11],"texture":"#texture"},"south":{"uv":[0,10,0.05,11],"texture":"#texture"},"west":{"uv":[11.5,10,12,11],"texture":"#texture"},"east":{"uv":[4,10,4.5,11],"texture":"#texture"}}},{"from":[-4.5,7,11.5],"to":[-3.5,7.5,12],"faces":{"down":{"uv":[15.95,12,16,11.5],"texture":"#texture"},"up":{"uv":[0,11.5,0.05,12],"texture":"#texture"},"north":{"uv":[15.95,8.5,16,9],"texture":"#texture"},"south":{"uv":[0,8.5,0.05,9],"texture":"#texture"},"west":{"uv":[11.5,8.5,12,9],"texture":"#texture"},"east":{"uv":[4,8.5,4.5,9],"texture":"#texture"}}},{"from":[-4.5,3.5,11.5],"to":[-3.5,4,12],"faces":{"down":{"uv":[15.95,12,16,11.5],"texture":"#texture"},"up":{"uv":[0,11.5,0.05,12],"texture":"#texture"},"north":{"uv":[15.95,12,16,12.5],"texture":"#texture"},"south":{"uv":[0,12,0.05,12.5],"texture":"#texture"},"west":{"uv":[11.5,12,12,12.5],"texture":"#texture"},"east":{"uv":[4,12,4.5,12.5],"texture":"#texture"}}},{"from":[-0.5,5,11.5],"to":[0.5,6,12],"faces":{"down":{"uv":[16,12,15.5,11.5],"texture":"#texture"},"up":{"uv":[0,11.5,0.5,12],"texture":"#texture"},"north":{"uv":[15.5,10,16,11],"texture":"#texture"},"south":{"uv":[0,10,0.5,11],"texture":"#texture"},"west":{"uv":[11.5,10,12,11],"texture":"#texture"},"east":{"uv":[4,10,4.5,11],"texture":"#texture"}}},{"from":[-0.5,7,11.5],"to":[0.5,7.5,12],"faces":{"down":{"uv":[16,12,15.5,11.5],"texture":"#texture"},"up":{"uv":[0,11.5,0.5,12],"texture":"#texture"},"north":{"uv":[15.5,8.5,16,9],"texture":"#texture"},"south":{"uv":[0,8.5,0.5,9],"texture":"#texture"},"west":{"uv":[11.5,8.5,12,9],"texture":"#texture"},"east":{"uv":[4,8.5,4.5,9],"texture":"#texture"}}},{"from":[-0.5,3.5,11.5],"to":[0.5,4,12],"faces":{"down":{"uv":[16,12,15.5,11.5],"texture":"#texture"},"up":{"uv":[0,11.5,0.5,12],"texture":"#texture"},"north":{"uv":[15.5,12,16,12.5],"texture":"#texture"},"south":{"uv":[0,12,0.5,12.5],"texture":"#texture"},"west":{"uv":[11.5,12,12,12.5],"texture":"#texture"},"east":{"uv":[4,12,4.5,12.5],"texture":"#texture"}}},{"from":[1.5,4,11.5],"to":[2.5,5,12],"faces":{"down":{"uv":[14.5,12,13.5,11.5],"texture":"#texture"},"up":{"uv":[1.5,11.5,2.5,12],"texture":"#texture"},"north":{"uv":[13.5,11,14.5,12],"texture":"#texture"},"south":{"uv":[1.5,11,2.5,12],"texture":"#texture"},"west":{"uv":[11.5,11,12,12],"texture":"#texture"},"east":{"uv":[4,11,4.5,12],"texture":"#texture"}}},{"from":[1.5,6,11.5],"to":[2.5,7,12],"faces":{"down":{"uv":[14.5,12,13.5,11.5],"texture":"#texture"},"up":{"uv":[1.5,11.5,2.5,12],"texture":"#texture"},"north":{"uv":[13.5,9,14.5,10],"texture":"#texture"},"south":{"uv":[1.5,9,2.5,10],"texture":"#texture"},"west":{"uv":[11.5,9,12,10],"texture":"#texture"},"east":{"uv":[4,9,4.5,10],"texture":"#texture"}}},{"from":[3.5,5,11.5],"to":[4.5,6,12],"faces":{"down":{"uv":[12.5,12,11.5,11.5],"texture":"#texture"},"up":{"uv":[3.5,11.5,4.5,12],"texture":"#texture"},"north":{"uv":[11.5,10,12.5,11],"texture":"#texture"},"south":{"uv":[3.5,10,4.5,11],"texture":"#texture"},"west":{"uv":[11.5,10,12,11],"texture":"#texture"},"east":{"uv":[4,10,4.5,11],"texture":"#texture"}}},{"from":[5.5,4,11.5],"to":[6.5,5,12],"faces":{"down":{"uv":[10.5,12,9.5,11.5],"texture":"#texture"},"up":{"uv":[5.5,11.5,6.5,12],"texture":"#texture"},"north":{"uv":[9.5,11,10.5,12],"texture":"#texture"},"south":{"uv":[5.5,11,6.5,12],"texture":"#texture"},"west":{"uv":[11.5,11,12,12],"texture":"#texture"},"east":{"uv":[4,11,4.5,12],"texture":"#texture"}}},{"from":[5.5,6,11.5],"to":[6.5,7,12],"faces":{"down":{"uv":[10.5,12,9.5,11.5],"texture":"#texture"},"up":{"uv":[5.5,11.5,6.5,12],"texture":"#texture"},"north":{"uv":[9.5,9,10.5,10],"texture":"#texture"},"south":{"uv":[5.5,9,6.5,10],"texture":"#texture"},"west":{"uv":[11.5,9,12,10],"texture":"#texture"},"east":{"uv":[4,9,4.5,10],"texture":"#texture"}}},{"from":[3.5,7,11.5],"to":[4.5,7.5,12],"faces":{"down":{"uv":[12.5,12,11.5,11.5],"texture":"#texture"},"up":{"uv":[3.5,11.5,4.5,12],"texture":"#texture"},"north":{"uv":[11.5,8.5,12.5,9],"texture":"#texture"},"south":{"uv":[3.5,8.5,4.5,9],"texture":"#texture"},"west":{"uv":[11.5,8.5,12,9],"texture":"#texture"},"east":{"uv":[4,8.5,4.5,9],"texture":"#texture"}}},{"from":[3.5,3.5,11.5],"to":[4.5,4,12],"faces":{"down":{"uv":[12.5,12,11.5,11.5],"texture":"#texture"},"up":{"uv":[3.5,11.5,4.5,12],"texture":"#texture"},"north":{"uv":[11.5,12,12.5,12.5],"texture":"#texture"},"south":{"uv":[3.5,12,4.5,12.5],"texture":"#texture"},"west":{"uv":[11.5,12,12,12.5],"texture":"#texture"},"east":{"uv":[4,12,4.5,12.5],"texture":"#texture"}}},{"from":[-5.5,3.5,4],"to":[-4.5,7.5,4.5],"faces":{"down":{"uv":[15.95,4.5,16,4],"texture":"#texture"},"up":{"uv":[0,4,0.05,4.5],"texture":"#texture"},"north":{"uv":[15.95,8.5,16,12.5],"texture":"#texture"},"south":{"uv":[0,8.5,0.05,12.5],"texture":"#texture"},"west":{"uv":[4,8.5,4.5,12.5],"texture":"#texture"},"east":{"uv":[11.5,8.5,12,12.5],"texture":"#texture"}}},{"from":[-7.5,3.5,4],"to":[-6.5,7.5,4.5],"faces":{"down":{"uv":[15.95,4.5,16,4],"texture":"#texture"},"up":{"uv":[0,4,0.05,4.5],"texture":"#texture"},"north":{"uv":[15.95,8.5,16,12.5],"texture":"#texture"},"south":{"uv":[0,8.5,0.05,12.5],"texture":"#texture"},"west":{"uv":[4,8.5,4.5,12.5],"texture":"#texture"},"east":{"uv":[11.5,8.5,12,12.5],"texture":"#texture"}}},{"from":[-3.5,3.5,4],"to":[-2.5,7.5,4.5],"faces":{"down":{"uv":[15.95,4.5,16,4],"texture":"#texture"},"up":{"uv":[0,4,0.05,4.5],"texture":"#texture"},"north":{"uv":[15.95,8.5,16,12.5],"texture":"#texture"},"south":{"uv":[0,8.5,0.05,12.5],"texture":"#texture"},"west":{"uv":[4,8.5,4.5,12.5],"texture":"#texture"},"east":{"uv":[11.5,8.5,12,12.5],"texture":"#texture"}}},{"from":[0.5,3.5,4],"to":[1.5,7.5,4.5],"faces":{"down":{"uv":[15.5,4.5,14.5,4],"texture":"#texture"},"up":{"uv":[0.5,4,1.5,4.5],"texture":"#texture"},"north":{"uv":[14.5,8.5,15.5,12.5],"texture":"#texture"},"south":{"uv":[0.5,8.5,1.5,12.5],"texture":"#texture"},"west":{"uv":[4,8.5,4.5,12.5],"texture":"#texture"},"east":{"uv":[11.5,8.5,12,12.5],"texture":"#texture"}}},{"from":[-1.5,3.5,4],"to":[-0.5,7.5,4.5],"faces":{"down":{"uv":[15.95,4.5,16,4],"texture":"#texture"},"up":{"uv":[0,4,0.05,4.5],"texture":"#texture"},"north":{"uv":[15.95,8.5,16,12.5],"texture":"#texture"},"south":{"uv":[0,8.5,0.05,12.5],"texture":"#texture"},"west":{"uv":[4,8.5,4.5,12.5],"texture":"#texture"},"east":{"uv":[11.5,8.5,12,12.5],"texture":"#texture"}}},{"from":[2.5,3.5,4],"to":[3.5,7.5,4.5],"faces":{"down":{"uv":[13.5,4.5,12.5,4],"texture":"#texture"},"up":{"uv":[2.5,4,3.5,4.5],"texture":"#texture"},"north":{"uv":[12.5,8.5,13.5,12.5],"texture":"#texture"},"south":{"uv":[2.5,8.5,3.5,12.5],"texture":"#texture"},"west":{"uv":[4,8.5,4.5,12.5],"texture":"#texture"},"east":{"uv":[11.5,8.5,12,12.5],"texture":"#texture"}}},{"from":[4.5,3.5,4],"to":[5.5,7.5,4.5],"faces":{"down":{"uv":[11.5,4.5,10.5,4],"texture":"#texture"},"up":{"uv":[4.5,4,5.5,4.5],"texture":"#texture"},"north":{"uv":[10.5,8.5,11.5,12.5],"texture":"#texture"},"south":{"uv":[4.5,8.5,5.5,12.5],"texture":"#texture"},"west":{"uv":[4,8.5,4.5,12.5],"texture":"#texture"},"east":{"uv":[11.5,8.5,12,12.5],"texture":"#texture"}}},{"from":[-6.5,6,4],"to":[-5.5,7,4.5],"faces":{"down":{"uv":[15.95,4.5,16,4],"texture":"#texture"},"up":{"uv":[0,4,0.05,4.5],"texture":"#texture"},"north":{"uv":[15.95,9,16,10],"texture":"#texture"},"south":{"uv":[0,9,0.05,10],"texture":"#texture"},"west":{"uv":[4,9,4.5,10],"texture":"#texture"},"east":{"uv":[11.5,9,12,10],"texture":"#texture"}}},{"from":[-6.5,4,4],"to":[-5.5,5,4.5],"faces":{"down":{"uv":[15.95,4.5,16,4],"texture":"#texture"},"up":{"uv":[0,4,0.05,4.5],"texture":"#texture"},"north":{"uv":[15.95,11,16,12],"texture":"#texture"},"south":{"uv":[0,11,0.05,12],"texture":"#texture"},"west":{"uv":[4,11,4.5,12],"texture":"#texture"},"east":{"uv":[11.5,11,12,12],"texture":"#texture"}}},{"from":[-2.5,6,4],"to":[-1.5,7,4.5],"faces":{"down":{"uv":[15.95,4.5,16,4],"texture":"#texture"},"up":{"uv":[0,4,0.05,4.5],"texture":"#texture"},"north":{"uv":[15.95,9,16,10],"texture":"#texture"},"south":{"uv":[0,9,0.05,10],"texture":"#texture"},"west":{"uv":[4,9,4.5,10],"texture":"#texture"},"east":{"uv":[11.5,9,12,10],"texture":"#texture"}}},{"from":[-2.5,4,4],"to":[-1.5,5,4.5],"faces":{"down":{"uv":[15.95,4.5,16,4],"texture":"#texture"},"up":{"uv":[0,4,0.05,4.5],"texture":"#texture"},"north":{"uv":[15.95,11,16,12],"texture":"#texture"},"south":{"uv":[0,11,0.05,12],"texture":"#texture"},"west":{"uv":[4,11,4.5,12],"texture":"#texture"},"east":{"uv":[11.5,11,12,12],"texture":"#texture"}}},{"from":[-4.5,5,4],"to":[-3.5,6,4.5],"faces":{"down":{"uv":[15.95,4.5,16,4],"texture":"#texture"},"up":{"uv":[0,4,0.05,4.5],"texture":"#texture"},"north":{"uv":[15.95,10,16,11],"texture":"#texture"},"south":{"uv":[0,10,0.05,11],"texture":"#texture"},"west":{"uv":[4,10,4.5,11],"texture":"#texture"},"east":{"uv":[11.5,10,12,11],"texture":"#texture"}}},{"from":[-4.5,7,4],"to":[-3.5,7.5,4.5],"faces":{"down":{"uv":[15.95,4.5,16,4],"texture":"#texture"},"up":{"uv":[0,4,0.05,4.5],"texture":"#texture"},"north":{"uv":[15.95,8.5,16,9],"texture":"#texture"},"south":{"uv":[0,8.5,0.05,9],"texture":"#texture"},"west":{"uv":[4,8.5,4.5,9],"texture":"#texture"},"east":{"uv":[11.5,8.5,12,9],"texture":"#texture"}}},{"from":[-4.5,3.5,4],"to":[-3.5,4,4.5],"faces":{"down":{"uv":[15.95,4.5,16,4],"texture":"#texture"},"up":{"uv":[0,4,0.05,4.5],"texture":"#texture"},"north":{"uv":[15.95,12,16,12.5],"texture":"#texture"},"south":{"uv":[0,12,0.05,12.5],"texture":"#texture"},"west":{"uv":[4,12,4.5,12.5],"texture":"#texture"},"east":{"uv":[11.5,12,12,12.5],"texture":"#texture"}}},{"from":[-0.5,5,4],"to":[0.5,6,4.5],"faces":{"down":{"uv":[16,4.5,15.5,4],"texture":"#texture"},"up":{"uv":[0,4,0.5,4.5],"texture":"#texture"},"north":{"uv":[15.5,10,16,11],"texture":"#texture"},"south":{"uv":[0,10,0.5,11],"texture":"#texture"},"west":{"uv":[4,10,4.5,11],"texture":"#texture"},"east":{"uv":[11.5,10,12,11],"texture":"#texture"}}},{"from":[-0.5,7,4],"to":[0.5,7.5,4.5],"faces":{"down":{"uv":[16,4.5,15.5,4],"texture":"#texture"},"up":{"uv":[0,4,0.5,4.5],"texture":"#texture"},"north":{"uv":[15.5,8.5,16,9],"texture":"#texture"},"south":{"uv":[0,8.5,0.5,9],"texture":"#texture"},"west":{"uv":[4,8.5,4.5,9],"texture":"#texture"},"east":{"uv":[11.5,8.5,12,9],"texture":"#texture"}}},{"from":[-0.5,3.5,4],"to":[0.5,4,4.5],"faces":{"down":{"uv":[16,4.5,15.5,4],"texture":"#texture"},"up":{"uv":[0,4,0.5,4.5],"texture":"#texture"},"north":{"uv":[15.5,12,16,12.5],"texture":"#texture"},"south":{"uv":[0,12,0.5,12.5],"texture":"#texture"},"west":{"uv":[4,12,4.5,12.5],"texture":"#texture"},"east":{"uv":[11.5,12,12,12.5],"texture":"#texture"}}},{"from":[1.5,4,4],"to":[2.5,5,4.5],"faces":{"down":{"uv":[14.5,4.5,13.5,4],"texture":"#texture"},"up":{"uv":[1.5,4,2.5,4.5],"texture":"#texture"},"north":{"uv":[13.5,11,14.5,12],"texture":"#texture"},"south":{"uv":[1.5,11,2.5,12],"texture":"#texture"},"west":{"uv":[4,11,4.5,12],"texture":"#texture"},"east":{"uv":[11.5,11,12,12],"texture":"#texture"}}},{"from":[1.5,6,4],"to":[2.5,7,4.5],"faces":{"down":{"uv":[14.5,4.5,13.5,4],"texture":"#texture"},"up":{"uv":[1.5,4,2.5,4.5],"texture":"#texture"},"north":{"uv":[13.5,9,14.5,10],"texture":"#texture"},"south":{"uv":[1.5,9,2.5,10],"texture":"#texture"},"west":{"uv":[4,9,4.5,10],"texture":"#texture"},"east":{"uv":[11.5,9,12,10],"texture":"#texture"}}},{"from":[3.5,5,4],"to":[4.5,6,4.5],"faces":{"down":{"uv":[12.5,4.5,11.5,4],"texture":"#texture"},"up":{"uv":[3.5,4,4.5,4.5],"texture":"#texture"},"north":{"uv":[11.5,10,12.5,11],"texture":"#texture"},"south":{"uv":[3.5,10,4.5,11],"texture":"#texture"},"west":{"uv":[4,10,4.5,11],"texture":"#texture"},"east":{"uv":[11.5,10,12,11],"texture":"#texture"}}},{"from":[5.5,4,4],"to":[6.5,5,4.5],"faces":{"down":{"uv":[10.5,4.5,9.5,4],"texture":"#texture"},"up":{"uv":[5.5,4,6.5,4.5],"texture":"#texture"},"north":{"uv":[9.5,11,10.5,12],"texture":"#texture"},"south":{"uv":[5.5,11,6.5,12],"texture":"#texture"},"west":{"uv":[4,11,4.5,12],"texture":"#texture"},"east":{"uv":[11.5,11,12,12],"texture":"#texture"}}},{"from":[5.5,6,4],"to":[6.5,7,4.5],"faces":{"down":{"uv":[10.5,4.5,9.5,4],"texture":"#texture"},"up":{"uv":[5.5,4,6.5,4.5],"texture":"#texture"},"north":{"uv":[9.5,9,10.5,10],"texture":"#texture"},"south":{"uv":[5.5,9,6.5,10],"texture":"#texture"},"west":{"uv":[4,9,4.5,10],"texture":"#texture"},"east":{"uv":[11.5,9,12,10],"texture":"#texture"}}},{"from":[3.5,7,4],"to":[4.5,7.5,4.5],"faces":{"down":{"uv":[12.5,4.5,11.5,4],"texture":"#texture"},"up":{"uv":[3.5,4,4.5,4.5],"texture":"#texture"},"north":{"uv":[11.5,8.5,12.5,9],"texture":"#texture"},"south":{"uv":[3.5,8.5,4.5,9],"texture":"#texture"},"west":{"uv":[4,8.5,4.5,9],"texture":"#texture"},"east":{"uv":[11.5,8.5,12,9],"texture":"#texture"}}},{"from":[3.5,3.5,4],"to":[4.5,4,4.5],"faces":{"down":{"uv":[12.5,4.5,11.5,4],"texture":"#texture"},"up":{"uv":[3.5,4,4.5,4.5],"texture":"#texture"},"north":{"uv":[11.5,12,12.5,12.5],"texture":"#texture"},"south":{"uv":[3.5,12,4.5,12.5],"texture":"#texture"},"west":{"uv":[4,12,4.5,12.5],"texture":"#texture"},"east":{"uv":[11.5,12,12,12.5],"texture":"#texture"}}},{"from":[6.5,3.5,11.5],"to":[7.5,7.5,12],"faces":{"down":{"uv":[9.5,12,8.5,11.5],"texture":"#texture"},"up":{"uv":[6.5,11.5,7.5,12],"texture":"#texture"},"north":{"uv":[8.5,8.5,9.5,12.5],"texture":"#texture"},"south":{"uv":[6.5,8.5,7.5,12.5],"texture":"#texture"},"west":{"uv":[11.5,8.5,12,12.5],"texture":"#texture"},"east":{"uv":[4,8.5,4.5,12.5],"texture":"#texture"}}},{"from":[-3,3.5,5.5],"to":[3,6.5,10.5],"faces":{"down":{"uv":[16,10.5,13,5.5],"texture":"#yellow"},"up":{"uv":[0,5.5,3,10.5],"texture":"#yellow"},"north":{"uv":[13,9.5,16,12.5],"texture":"#yellow"},"south":{"uv":[0,9.5,3,12.5],"texture":"#yellow"},"west":{"uv":[5.5,9.5,10.5,12.5],"texture":"#yellow"},"east":{"uv":[5.5,9.5,10.5,12.5],"texture":"#yellow"}}},{"from":[-9,4,7.5],"to":[-8.5,7.5,8],"rotation":{"origin":[-9,7.5,7.5],"axis":"z","angle":45},"faces":{"down":{"uv":[7.5,7.5,8,8],"texture":"#yellow"},"up":{"uv":[7.5,7.5,8,8],"texture":"#yellow"},"north":{"uv":[7.5,0.5,8,4],"texture":"#yellow"},"south":{"uv":[7.5,0.5,8,4],"texture":"#yellow"},"west":{"uv":[7.5,0.5,8,4],"texture":"#yellow"},"east":{"uv":[7.5,0.5,8,4],"texture":"#yellow"}}},{"from":[-6.5,5,7.5],"to":[-3,5.5,8],"faces":{"down":{"uv":[9.5,7.5,13,8],"texture":"#yellow"},"up":{"uv":[9.5,7.5,13,8],"texture":"#yellow"},"north":{"uv":[9.5,0.5,13,1],"texture":"#yellow"},"south":{"uv":[9.5,0.5,13,1],"texture":"#yellow"},"west":{"uv":[7.5,0.5,8,1],"texture":"#yellow"},"east":{"uv":[7.5,0.5,8,1],"texture":"#yellow"}}}],"gui_light":"front"}