{
	"format_version": "1.21.6",
	"credit": "Made with Blockbench",
	"textures": {
		"0": "item/flans/weapons/ammo/minigun",
		"particle": "item/flans/weapons/ammo/minigun"
	},
	"elements": [
		{
			"name": "minigun_0",
			"from": [9, 1, 0],
			"to": [11, 16, 1],
			"faces": {
				"north": {"uv": [11, 0, 9, 15], "texture": "#0"},
				"east": {"uv": [10, 0, 11, 15], "texture": "#0"},
				"south": {"uv": [9, 0, 11, 15], "texture": "#0"},
				"west": {"uv": [9, 0, 10, 15], "texture": "#0"},
				"up": {"uv": [9, 0, 11, 1], "texture": "#0"},
				"down": {"uv": [9, 14, 11, 15], "texture": "#0"}
			}
		},
		{
			"name": "minigun_1",
			"from": [8, 1, 0],
			"to": [9, 15, 1],
			"faces": {
				"north": {"uv": [9, 1, 8, 15], "texture": "#0"},
				"east": {"uv": [8, 1, 9, 15], "texture": "#0"},
				"south": {"uv": [8, 1, 9, 15], "texture": "#0"},
				"west": {"uv": [8, 1, 9, 15], "texture": "#0"},
				"up": {"uv": [8, 1, 9, 2], "texture": "#0"},
				"down": {"uv": [8, 14, 9, 15], "texture": "#0"}
			}
		},
		{
			"name": "minigun_2",
			"from": [11, 1, 0],
			"to": [13, 15, 1],
			"faces": {
				"north": {"uv": [13, 1, 11, 15], "texture": "#0"},
				"east": {"uv": [12, 1, 13, 15], "texture": "#0"},
				"south": {"uv": [11, 1, 13, 15], "texture": "#0"},
				"west": {"uv": [11, 1, 12, 15], "texture": "#0"},
				"up": {"uv": [11, 1, 13, 2], "texture": "#0"},
				"down": {"uv": [11, 14, 13, 15], "texture": "#0"}
			}
		},
		{
			"name": "minigun_3",
			"from": [3, 4, 0],
			"to": [8, 14, 1],
			"faces": {
				"north": {"uv": [8, 2, 3, 12], "texture": "#0"},
				"east": {"uv": [7, 2, 8, 12], "texture": "#0"},
				"south": {"uv": [3, 2, 8, 12], "texture": "#0"},
				"west": {"uv": [3, 2, 4, 12], "texture": "#0"},
				"up": {"uv": [3, 2, 8, 3], "texture": "#0"},
				"down": {"uv": [3, 11, 8, 12], "texture": "#0"}
			}
		},
		{
			"name": "minigun_4",
			"from": [13, 11, 0],
			"to": [15, 14, 1],
			"faces": {
				"north": {"uv": [15, 2, 13, 5], "texture": "#0"},
				"east": {"uv": [14, 2, 15, 5], "texture": "#0"},
				"south": {"uv": [13, 2, 15, 5], "texture": "#0"},
				"west": {"uv": [13, 2, 14, 5], "texture": "#0"},
				"up": {"uv": [13, 2, 15, 3], "texture": "#0"},
				"down": {"uv": [13, 4, 15, 5], "texture": "#0"}
			}
		},
		{
			"name": "minigun_5",
			"from": [2, 4, 0],
			"to": [3, 13, 1],
			"faces": {
				"north": {"uv": [3, 3, 2, 12], "texture": "#0"},
				"east": {"uv": [2, 3, 3, 12], "texture": "#0"},
				"south": {"uv": [2, 3, 3, 12], "texture": "#0"},
				"west": {"uv": [2, 3, 3, 12], "texture": "#0"},
				"up": {"uv": [2, 3, 3, 4], "texture": "#0"},
				"down": {"uv": [2, 11, 3, 12], "texture": "#0"}
			}
		},
		{
			"name": "minigun_6",
			"from": [15, 12, 0],
			"to": [16, 13, 1],
			"faces": {
				"north": {"uv": [16, 3, 15, 4], "texture": "#0"},
				"east": {"uv": [15, 3, 16, 4], "texture": "#0"},
				"south": {"uv": [15, 3, 16, 4], "texture": "#0"},
				"west": {"uv": [15, 3, 16, 4], "texture": "#0"},
				"up": {"uv": [15, 3, 16, 4], "texture": "#0"},
				"down": {"uv": [15, 3, 16, 4], "texture": "#0"}
			}
		},
		{
			"name": "minigun_7",
			"from": [1, 5, 0],
			"to": [2, 12, 1],
			"faces": {
				"north": {"uv": [2, 4, 1, 11], "texture": "#0"},
				"east": {"uv": [1, 4, 2, 11], "texture": "#0"},
				"south": {"uv": [1, 4, 2, 11], "texture": "#0"},
				"west": {"uv": [1, 4, 2, 11], "texture": "#0"},
				"up": {"uv": [1, 4, 2, 5], "texture": "#0"},
				"down": {"uv": [1, 10, 2, 11], "texture": "#0"}
			}
		},
		{
			"name": "minigun_8",
			"from": [0, 6, 0],
			"to": [1, 11, 1],
			"faces": {
				"north": {"uv": [1, 5, 0, 10], "texture": "#0"},
				"east": {"uv": [0, 5, 1, 10], "texture": "#0"},
				"south": {"uv": [0, 5, 1, 10], "texture": "#0"},
				"west": {"uv": [0, 5, 1, 10], "texture": "#0"},
				"up": {"uv": [0, 5, 1, 6], "texture": "#0"},
				"down": {"uv": [0, 9, 1, 10], "texture": "#0"}
			}
		},
		{
			"name": "minigun_9",
			"from": [13, 2, 0],
			"to": [14, 11, 1],
			"faces": {
				"north": {"uv": [14, 5, 13, 14], "texture": "#0"},
				"east": {"uv": [13, 5, 14, 14], "texture": "#0"},
				"south": {"uv": [13, 5, 14, 14], "texture": "#0"},
				"west": {"uv": [13, 5, 14, 14], "texture": "#0"},
				"up": {"uv": [13, 5, 14, 6], "texture": "#0"},
				"down": {"uv": [13, 13, 14, 14], "texture": "#0"}
			}
		},
		{
			"name": "minigun_10",
			"from": [14, 3, 0],
			"to": [15, 10, 1],
			"faces": {
				"north": {"uv": [15, 6, 14, 13], "texture": "#0"},
				"east": {"uv": [14, 6, 15, 13], "texture": "#0"},
				"south": {"uv": [14, 6, 15, 13], "texture": "#0"},
				"west": {"uv": [14, 6, 15, 13], "texture": "#0"},
				"up": {"uv": [14, 6, 15, 7], "texture": "#0"},
				"down": {"uv": [14, 12, 15, 13], "texture": "#0"}
			}
		},
		{
			"name": "minigun_11",
			"from": [15, 4, 0],
			"to": [16, 9, 1],
			"faces": {
				"north": {"uv": [16, 7, 15, 12], "texture": "#0"},
				"east": {"uv": [15, 7, 16, 12], "texture": "#0"},
				"south": {"uv": [15, 7, 16, 12], "texture": "#0"},
				"west": {"uv": [15, 7, 16, 12], "texture": "#0"},
				"up": {"uv": [15, 7, 16, 8], "texture": "#0"},
				"down": {"uv": [15, 11, 16, 12], "texture": "#0"}
			}
		},
		{
			"name": "minigun_12",
			"from": [4, 3, 0],
			"to": [8, 4, 1],
			"faces": {
				"north": {"uv": [8, 12, 4, 13], "texture": "#0"},
				"east": {"uv": [7, 12, 8, 13], "texture": "#0"},
				"south": {"uv": [4, 12, 8, 13], "texture": "#0"},
				"west": {"uv": [4, 12, 5, 13], "texture": "#0"},
				"up": {"uv": [4, 12, 8, 13], "texture": "#0"},
				"down": {"uv": [4, 12, 8, 13], "texture": "#0"}
			}
		},
		{
			"name": "minigun_13",
			"from": [6, 2, 0],
			"to": [8, 3, 1],
			"faces": {
				"north": {"uv": [8, 13, 6, 14], "texture": "#0"},
				"east": {"uv": [7, 13, 8, 14], "texture": "#0"},
				"south": {"uv": [6, 13, 8, 14], "texture": "#0"},
				"west": {"uv": [6, 13, 7, 14], "texture": "#0"},
				"up": {"uv": [6, 13, 8, 14], "texture": "#0"},
				"down": {"uv": [6, 13, 8, 14], "texture": "#0"}
			}
		}
	],
	"gui_light": "front",
	"display": {
		"thirdperson_righthand": {
			"rotation": [-180, 0, -180],
			"translation": [0.25, 2.68, -2.62],
			"scale": [0.4, 0.4, 0.4]
		},
		"thirdperson_lefthand": {
			"rotation": [-180, 0, -180],
			"translation": [0, 2.68, -2.37],
			"scale": [0.4, 0.4, 0.4]
		},
		"firstperson_righthand": {
			"rotation": [4, 90, 0],
			"translation": [4.49, 4.39, 0.13],
			"scale": [0.4, 0.4, 0.4]
		},
		"firstperson_lefthand": {
			"rotation": [4, -90, 0],
			"translation": [-0.71, 4.64, -0.38],
			"scale": [0.4, 0.4, 0.4]
		},
		"ground": {
			"translation": [0, 5, 0],
			"scale": [0.8, 0.8, 0.8]
		},
		"gui": {
			"rotation": [14, -180, 0],
			"translation": [0.81, 1.75, 0]
		},
		"head": {
			"translation": [-0.25, 9.25, -2.5],
			"scale": [0.4, 0.4, 0.4]
		},
		"fixed": {
			"translation": [0.3, 0.2, 7.9]
		}
	},
	"groups": [
		{
			"name": "minigun",
			"origin": [8, 8, 8],
			"color": 0,
			"children": [0, 1, 2, 3, 4, 5, 6, 7, 8, 9, 10, 11, 12, 13]
		}
	]
}