{
	"format_version": "1.21.6",
	"credit": "Made with Blockbench",
	"textures": {
		"0": "item/flans/weapons/ammo/rockets",
		"particle": "item/flans/weapons/ammo/rockets"
	},
	"elements": [
		{
			"name": "rockets_0",
			"from": [1, 11, 0],
			"to": [5, 15, 1],
			"faces": {
				"north": {"uv": [5, 1, 1, 5], "texture": "#0"},
				"east": {"uv": [4, 1, 5, 5], "texture": "#0"},
				"south": {"uv": [1, 1, 5, 5], "texture": "#0"},
				"west": {"uv": [1, 1, 2, 5], "texture": "#0"},
				"up": {"uv": [1, 1, 5, 2], "texture": "#0"},
				"down": {"uv": [1, 4, 5, 5], "texture": "#0"}
			}
		},
		{
			"name": "rockets_1",
			"from": [5, 9, 0],
			"to": [6, 14, 1],
			"faces": {
				"north": {"uv": [6, 2, 5, 7], "texture": "#0"},
				"east": {"uv": [5, 2, 6, 7], "texture": "#0"},
				"south": {"uv": [5, 2, 6, 7], "texture": "#0"},
				"west": {"uv": [5, 2, 6, 7], "texture": "#0"},
				"up": {"uv": [5, 2, 6, 3], "texture": "#0"},
				"down": {"uv": [5, 6, 6, 7], "texture": "#0"}
			}
		},
		{
			"name": "rockets_2",
			"from": [6, 8, 0],
			"to": [7, 13, 1],
			"faces": {
				"north": {"uv": [7, 3, 6, 8], "texture": "#0"},
				"east": {"uv": [6, 3, 7, 8], "texture": "#0"},
				"south": {"uv": [6, 3, 7, 8], "texture": "#0"},
				"west": {"uv": [6, 3, 7, 8], "texture": "#0"},
				"up": {"uv": [6, 3, 7, 4], "texture": "#0"},
				"down": {"uv": [6, 7, 7, 8], "texture": "#0"}
			}
		},
		{
			"name": "rockets_3",
			"from": [2, 10, 0],
			"to": [5, 11, 1],
			"faces": {
				"north": {"uv": [5, 5, 2, 6], "texture": "#0"},
				"east": {"uv": [4, 5, 5, 6], "texture": "#0"},
				"south": {"uv": [2, 5, 5, 6], "texture": "#0"},
				"west": {"uv": [2, 5, 3, 6], "texture": "#0"},
				"up": {"uv": [2, 5, 5, 6], "texture": "#0"},
				"down": {"uv": [2, 5, 5, 6], "texture": "#0"}
			}
		},
		{
			"name": "rockets_4",
			"from": [3, 9, 0],
			"to": [5, 10, 1],
			"faces": {
				"north": {"uv": [5, 6, 3, 7], "texture": "#0"},
				"east": {"uv": [4, 6, 5, 7], "texture": "#0"},
				"south": {"uv": [3, 6, 5, 7], "texture": "#0"},
				"west": {"uv": [3, 6, 4, 7], "texture": "#0"},
				"up": {"uv": [3, 6, 5, 7], "texture": "#0"},
				"down": {"uv": [3, 6, 5, 7], "texture": "#0"}
			}
		},
		{
			"name": "rockets_5",
			"from": [7, 7, 0],
			"to": [8, 10, 1],
			"faces": {
				"north": {"uv": [8, 6, 7, 9], "texture": "#0"},
				"east": {"uv": [7, 6, 8, 9], "texture": "#0"},
				"south": {"uv": [7, 6, 8, 9], "texture": "#0"},
				"west": {"uv": [7, 6, 8, 9], "texture": "#0"},
				"up": {"uv": [7, 6, 8, 7], "texture": "#0"},
				"down": {"uv": [7, 8, 8, 9], "texture": "#0"}
			}
		},
		{
			"name": "rockets_6",
			"from": [8, 6, 0],
			"to": [9, 9, 1],
			"faces": {
				"north": {"uv": [9, 7, 8, 10], "texture": "#0"},
				"east": {"uv": [8, 7, 9, 10], "texture": "#0"},
				"south": {"uv": [8, 7, 9, 10], "texture": "#0"},
				"west": {"uv": [8, 7, 9, 10], "texture": "#0"},
				"up": {"uv": [8, 7, 9, 8], "texture": "#0"},
				"down": {"uv": [8, 9, 9, 10], "texture": "#0"}
			}
		},
		{
			"name": "rockets_7",
			"from": [9, 3, 0],
			"to": [10, 8, 1],
			"faces": {
				"north": {"uv": [10, 8, 9, 13], "texture": "#0"},
				"east": {"uv": [9, 8, 10, 13], "texture": "#0"},
				"south": {"uv": [9, 8, 10, 13], "texture": "#0"},
				"west": {"uv": [9, 8, 10, 13], "texture": "#0"},
				"up": {"uv": [9, 8, 10, 9], "texture": "#0"},
				"down": {"uv": [9, 12, 10, 13], "texture": "#0"}
			}
		},
		{
			"name": "rockets_8",
			"from": [10, 2, 0],
			"to": [13, 7, 1],
			"faces": {
				"north": {"uv": [13, 9, 10, 14], "texture": "#0"},
				"east": {"uv": [12, 9, 13, 14], "texture": "#0"},
				"south": {"uv": [10, 9, 13, 14], "texture": "#0"},
				"west": {"uv": [10, 9, 11, 14], "texture": "#0"},
				"up": {"uv": [10, 9, 13, 10], "texture": "#0"},
				"down": {"uv": [10, 13, 13, 14], "texture": "#0"}
			}
		},
		{
			"name": "rockets_9",
			"from": [13, 3, 0],
			"to": [14, 6, 1],
			"faces": {
				"north": {"uv": [14, 10, 13, 13], "texture": "#0"},
				"east": {"uv": [13, 10, 14, 13], "texture": "#0"},
				"south": {"uv": [13, 10, 14, 13], "texture": "#0"},
				"west": {"uv": [13, 10, 14, 13], "texture": "#0"},
				"up": {"uv": [13, 10, 14, 11], "texture": "#0"},
				"down": {"uv": [13, 12, 14, 13], "texture": "#0"}
			}
		},
		{
			"name": "rockets_10",
			"from": [14, 4, 0],
			"to": [15, 5, 1],
			"faces": {
				"north": {"uv": [15, 11, 14, 12], "texture": "#0"},
				"east": {"uv": [14, 11, 15, 12], "texture": "#0"},
				"south": {"uv": [14, 11, 15, 12], "texture": "#0"},
				"west": {"uv": [14, 11, 15, 12], "texture": "#0"},
				"up": {"uv": [14, 11, 15, 12], "texture": "#0"},
				"down": {"uv": [14, 11, 15, 12], "texture": "#0"}
			}
		},
		{
			"name": "rockets_11",
			"from": [11, 1, 0],
			"to": [12, 2, 1],
			"faces": {
				"north": {"uv": [12, 14, 11, 15], "texture": "#0"},
				"east": {"uv": [11, 14, 12, 15], "texture": "#0"},
				"south": {"uv": [11, 14, 12, 15], "texture": "#0"},
				"west": {"uv": [11, 14, 12, 15], "texture": "#0"},
				"up": {"uv": [11, 14, 12, 15], "texture": "#0"},
				"down": {"uv": [11, 14, 12, 15], "texture": "#0"}
			}
		}
	],
	"gui_light": "front",
	"display": {
		"thirdperson_righthand": {
			"rotation": [-180, 0, -180],
			"translation": [0.25, 2.68, -2.62],
			"scale": [0.4, 0.4, 0.4]
		},
		"thirdperson_lefthand": {
			"rotation": [-180, 0, -180],
			"translation": [0, 2.68, -2.37],
			"scale": [0.4, 0.4, 0.4]
		},
		"firstperson_righthand": {
			"rotation": [4, 90, 0],
			"translation": [4.49, 4.39, 0.13],
			"scale": [0.4, 0.4, 0.4]
		},
		"firstperson_lefthand": {
			"rotation": [4, -90, 0],
			"translation": [-0.71, 4.64, -0.38],
			"scale": [0.4, 0.4, 0.4]
		},
		"ground": {
			"translation": [0, 5, 0],
			"scale": [0.8, 0.8, 0.8]
		},
		"gui": {
			"rotation": [14, -180, 0],
			"translation": [0.81, 1.75, 0]
		},
		"head": {
			"translation": [-0.25, 9.25, -2.5],
			"scale": [0.4, 0.4, 0.4]
		},
		"fixed": {
			"translation": [0.3, 0.2, 7.9]
		}
	},
	"groups": [
		{
			"name": "rockets",
			"origin": [8, 8, 8],
			"color": 0,
			"children": [0, 1, 2, 3, 4, 5, 6, 7, 8, 9, 10, 11]
		}
	]
}