{"display":{"thirdperson_righthand":{"rotation":[13,0,0],"translation":[0,-2.086,0]},"thirdperson_lefthand":{"rotation":[13,0,0],"translation":[0,-2.086,0]},"firstperson_righthand":{"rotation":[0,23,13],"translation":[0,6.2608,0]},"firstperson_lefthand":{"rotation":[0,-157,13],"translation":[0,6.2608,0]},"gui":{"translation":[0,1.3913,0]},"ground":{"translation":[0,6.2608,0]},"fixed":{"translation":[0,1.3913,0]}},"textures":{"particle":"drugs/bong","mesh_palette":"drugs/bong","texture":"drugs/water_flow"},"elements":[{"faces":{"down":{"uv":[4.96,0.96,7.04,3.04],"texture":"#mesh_palette"},"up":{"uv":[4.96,0.96,7.04,3.04],"texture":"#mesh_palette"},"north":{"uv":[4.96,0.96,7.04,3.04],"texture":"#mesh_palette"},"south":{"uv":[4.96,0.96,7.04,3.04],"texture":"#mesh_palette"},"west":{"uv":[4.96,0.96,7.04,3.04],"texture":"#mesh_palette"},"east":{"uv":[4.96,0.96,7.04,3.04],"texture":"#mesh_palette"}},"from":[4,5,7.5],"to":[4.5,5.5,8.5]},{"faces":{"down":{"uv":[4.96,0.96,7.04,3.04],"texture":"#mesh_palette"},"up":{"uv":[4.96,0.96,7.04,3.04],"texture":"#mesh_palette"},"north":{"uv":[4.96,0.96,7.04,3.04],"texture":"#mesh_palette"},"south":{"uv":[4.96,0.96,7.04,3.04],"texture":"#mesh_palette"},"west":{"uv":[4.96,0.96,7.04,3.04],"texture":"#mesh_palette"},"east":{"uv":[4.96,0.96,7.04,3.04],"texture":"#mesh_palette"}},"from":[4.5,4.5,7.5],"to":[5.5,5,8.5]},{"faces":{"down":{"uv":[4.96,0.96,7.04,3.04],"texture":"#mesh_palette"},"up":{"uv":[4.96,0.96,7.04,3.04],"texture":"#mesh_palette"},"north":{"uv":[4.96,0.96,7.04,3.04],"texture":"#mesh_palette"},"south":{"uv":[4.96,0.96,7.04,3.04],"texture":"#mesh_palette"},"west":{"uv":[4.96,0.96,7.04,3.04],"texture":"#mesh_palette"},"east":{"uv":[4.96,0.96,7.04,3.04],"texture":"#mesh_palette"}},"from":[4.5,5,7],"to":[5.5,5.5,7.5]},{"faces":{"down":{"uv":[4.96,0.96,7.04,3.04],"texture":"#mesh_palette"},"up":{"uv":[4.96,0.96,7.04,3.04],"texture":"#mesh_palette"},"north":{"uv":[4.96,0.96,7.04,3.04],"texture":"#mesh_palette"},"south":{"uv":[4.96,0.96,7.04,3.04],"texture":"#mesh_palette"},"west":{"uv":[4.96,0.96,7.04,3.04],"texture":"#mesh_palette"},"east":{"uv":[4.96,0.96,7.04,3.04],"texture":"#mesh_palette"}},"from":[4.5,5,8.5],"to":[5.5,5.5,9]},{"faces":{"down":{"uv":[8.96,0.96,11.04,3.04],"texture":"#mesh_palette"},"up":{"uv":[8.96,0.96,11.04,3.04],"texture":"#mesh_palette"},"north":{"uv":[8.96,0.96,11.04,3.04],"texture":"#mesh_palette"},"south":{"uv":[8.96,0.96,11.04,3.04],"texture":"#mesh_palette"},"west":{"uv":[8.96,0.96,11.04,3.04],"texture":"#mesh_palette"},"east":{"uv":[8.96,0.96,11.04,3.04],"texture":"#mesh_palette"}},"from":[5,1,7.5],"to":[6,2,8.5]},{"faces":{"down":{"uv":[8.96,0.96,11.04,3.04],"texture":"#mesh_palette"},"up":{"uv":[8.96,0.96,11.04,3.04],"texture":"#mesh_palette"},"north":{"uv":[8.96,0.96,11.04,3.04],"texture":"#mesh_palette"},"south":{"uv":[8.96,0.96,11.04,3.04],"texture":"#mesh_palette"},"west":{"uv":[8.96,0.96,11.04,3.04],"texture":"#mesh_palette"},"east":{"uv":[8.96,0.96,11.04,3.04],"texture":"#mesh_palette"}},"from":[5,1.5,7],"to":[6,2.5,7.5]},{"faces":{"down":{"uv":[8.96,0.96,11.04,3.04],"texture":"#mesh_palette"},"up":{"uv":[8.96,0.96,11.04,3.04],"texture":"#mesh_palette"},"north":{"uv":[8.96,0.96,11.04,3.04],"texture":"#mesh_palette"},"south":{"uv":[8.96,0.96,11.04,3.04],"texture":"#mesh_palette"},"west":{"uv":[8.96,0.96,11.04,3.04],"texture":"#mesh_palette"},"east":{"uv":[8.96,0.96,11.04,3.04],"texture":"#mesh_palette"}},"from":[5,1.5,8.5],"to":[6,2.5,9]},{"faces":{"down":{"uv":[8.96,0.96,11.04,3.04],"texture":"#mesh_palette"},"up":{"uv":[8.96,0.96,11.04,3.04],"texture":"#mesh_palette"},"north":{"uv":[8.96,0.96,11.04,3.04],"texture":"#mesh_palette"},"south":{"uv":[8.96,0.96,11.04,3.04],"texture":"#mesh_palette"},"west":{"uv":[8.96,0.96,11.04,3.04],"texture":"#mesh_palette"},"east":{"uv":[8.96,0.96,11.04,3.04],"texture":"#mesh_palette"}},"from":[5,2,6.5],"to":[6,2.5,7]},{"faces":{"down":{"uv":[8.96,0.96,11.04,3.04],"texture":"#mesh_palette"},"up":{"uv":[8.96,0.96,11.04,3.04],"texture":"#mesh_palette"},"north":{"uv":[8.96,0.96,11.04,3.04],"texture":"#mesh_palette"},"south":{"uv":[8.96,0.96,11.04,3.04],"texture":"#mesh_palette"},"west":{"uv":[8.96,0.96,11.04,3.04],"texture":"#mesh_palette"},"east":{"uv":[8.96,0.96,11.04,3.04],"texture":"#mesh_palette"}},"from":[5,2,7.5],"to":[5.5,2.5,8.5]},{"faces":{"down":{"uv":[8.96,0.96,11.04,3.04],"texture":"#mesh_palette"},"up":{"uv":[8.96,0.96,11.04,3.04],"texture":"#mesh_palette"},"north":{"uv":[8.96,0.96,11.04,3.04],"texture":"#mesh_palette"},"south":{"uv":[8.96,0.96,11.04,3.04],"texture":"#mesh_palette"},"west":{"uv":[8.96,0.96,11.04,3.04],"texture":"#mesh_palette"},"east":{"uv":[8.96,0.96,11.04,3.04],"texture":"#mesh_palette"}},"from":[5,2,9],"to":[6,2.5,9.5]},{"faces":{"down":{"uv":[8.96,8.96,11.04,11.04],"texture":"#mesh_palette"},"up":{"uv":[8.96,8.96,11.04,11.04],"texture":"#mesh_palette"},"north":{"uv":[8.96,8.96,11.04,11.04],"texture":"#mesh_palette"},"south":{"uv":[8.96,8.96,11.04,11.04],"texture":"#mesh_palette"},"west":{"uv":[8.96,8.96,11.04,11.04],"texture":"#mesh_palette"},"east":{"uv":[8.96,8.96,11.04,11.04],"texture":"#mesh_palette"}},"from":[5,2.5,6.5],"to":[6,3,7.5]},{"faces":{"down":{"uv":[8.96,8.96,11.04,11.04],"texture":"#mesh_palette"},"up":{"uv":[8.96,8.96,11.04,11.04],"texture":"#mesh_palette"},"north":{"uv":[8.96,8.96,11.04,11.04],"texture":"#mesh_palette"},"south":{"uv":[8.96,8.96,11.04,11.04],"texture":"#mesh_palette"},"west":{"uv":[8.96,8.96,11.04,11.04],"texture":"#mesh_palette"},"east":{"uv":[8.96,8.96,11.04,11.04],"texture":"#mesh_palette"}},"from":[5,2.5,7.5],"to":[5.5,3,9.5]},{"faces":{"down":{"uv":[0.96,4.96,3.04,7.04],"texture":"#mesh_palette"},"up":{"uv":[0.96,4.96,3.04,7.04],"texture":"#mesh_palette"},"north":{"uv":[0.96,4.96,3.04,7.04],"texture":"#mesh_palette"},"south":{"uv":[0.96,4.96,3.04,7.04],"texture":"#mesh_palette"},"west":{"uv":[0.96,4.96,3.04,7.04],"texture":"#mesh_palette"},"east":{"uv":[0.96,4.96,3.04,7.04],"texture":"#mesh_palette"}},"from":[5,3,7],"to":[6,3.5,9]},{"faces":{"down":{"uv":[4.96,4.96,7.04,7.04],"texture":"#mesh_palette"},"up":{"uv":[4.96,4.96,7.04,7.04],"texture":"#mesh_palette"},"north":{"uv":[4.96,4.96,7.04,7.04],"texture":"#mesh_palette"},"south":{"uv":[4.96,4.96,7.04,7.04],"texture":"#mesh_palette"},"west":{"uv":[4.96,4.96,7.04,7.04],"texture":"#mesh_palette"},"east":{"uv":[4.96,4.96,7.04,7.04],"texture":"#mesh_palette"}},"from":[5,3.5,7.5],"to":[6,4,8.5]},{"faces":{"down":{"uv":[4.96,0.96,7.04,3.04],"texture":"#mesh_palette"},"up":{"uv":[4.96,0.96,7.04,3.04],"texture":"#mesh_palette"},"north":{"uv":[4.96,0.96,7.04,3.04],"texture":"#mesh_palette"},"south":{"uv":[4.96,0.96,7.04,3.04],"texture":"#mesh_palette"},"west":{"uv":[4.96,0.96,7.04,3.04],"texture":"#mesh_palette"},"east":{"uv":[4.96,0.96,7.04,3.04],"texture":"#mesh_palette"}},"from":[5,5.5,7],"to":[5.5,6,7.5]},{"faces":{"down":{"uv":[4.96,0.96,7.04,3.04],"texture":"#mesh_palette"},"up":{"uv":[4.96,0.96,7.04,3.04],"texture":"#mesh_palette"},"north":{"uv":[4.96,0.96,7.04,3.04],"texture":"#mesh_palette"},"south":{"uv":[4.96,0.96,7.04,3.04],"texture":"#mesh_palette"},"west":{"uv":[4.96,0.96,7.04,3.04],"texture":"#mesh_palette"},"east":{"uv":[4.96,0.96,7.04,3.04],"texture":"#mesh_palette"}},"from":[5,5.5,8.5],"to":[5.5,6,9]},{"faces":{"down":{"uv":[4.96,0.96,7.04,3.04],"texture":"#mesh_palette"},"up":{"uv":[4.96,0.96,7.04,3.04],"texture":"#mesh_palette"},"north":{"uv":[4.96,0.96,7.04,3.04],"texture":"#mesh_palette"},"south":{"uv":[4.96,0.96,7.04,3.04],"texture":"#mesh_palette"},"west":{"uv":[4.96,0.96,7.04,3.04],"texture":"#mesh_palette"},"east":{"uv":[4.96,0.96,7.04,3.04],"texture":"#mesh_palette"}},"from":[5,6,7.5],"to":[5.5,6.5,8.5]},{"faces":{"down":{"uv":[8.96,0.96,11.04,3.04],"texture":"#mesh_palette"},"up":{"uv":[8.96,0.96,11.04,3.04],"texture":"#mesh_palette"},"north":{"uv":[8.96,0.96,11.04,3.04],"texture":"#mesh_palette"},"south":{"uv":[8.96,0.96,11.04,3.04],"texture":"#mesh_palette"},"west":{"uv":[8.96,0.96,11.04,3.04],"texture":"#mesh_palette"},"east":{"uv":[8.96,0.96,11.04,3.04],"texture":"#mesh_palette"}},"from":[5.5,0.5,7],"to":[7,1,7.5]},{"faces":{"down":{"uv":[8.96,0.96,11.04,3.04],"texture":"#mesh_palette"},"up":{"uv":[8.96,0.96,11.04,3.04],"texture":"#mesh_palette"},"north":{"uv":[8.96,0.96,11.04,3.04],"texture":"#mesh_palette"},"south":{"uv":[8.96,0.96,11.04,3.04],"texture":"#mesh_palette"},"west":{"uv":[8.96,0.96,11.04,3.04],"texture":"#mesh_palette"},"east":{"uv":[8.96,0.96,11.04,3.04],"texture":"#mesh_palette"}},"from":[5.5,0.5,7.5],"to":[6.5,1,9]},{"faces":{"down":{"uv":[8.96,0.96,11.04,3.04],"texture":"#mesh_palette"},"up":{"uv":[8.96,0.96,11.04,3.04],"texture":"#mesh_palette"},"north":{"uv":[8.96,0.96,11.04,3.04],"texture":"#mesh_palette"},"south":{"uv":[8.96,0.96,11.04,3.04],"texture":"#mesh_palette"},"west":{"uv":[8.96,0.96,11.04,3.04],"texture":"#mesh_palette"},"east":{"uv":[8.96,0.96,11.04,3.04],"texture":"#mesh_palette"}},"from":[5.5,1,6.5],"to":[6.5,1.5,7.5]},{"faces":{"down":{"uv":[8.96,0.96,11.04,3.04],"texture":"#mesh_palette"},"up":{"uv":[8.96,0.96,11.04,3.04],"texture":"#mesh_palette"},"north":{"uv":[8.96,0.96,11.04,3.04],"texture":"#mesh_palette"},"south":{"uv":[8.96,0.96,11.04,3.04],"texture":"#mesh_palette"},"west":{"uv":[8.96,0.96,11.04,3.04],"texture":"#mesh_palette"},"east":{"uv":[8.96,0.96,11.04,3.04],"texture":"#mesh_palette"}},"from":[5.5,1,8.5],"to":[6.5,1.5,9.5]},{"faces":{"down":{"uv":[8.96,0.96,11.04,3.04],"texture":"#mesh_palette"},"up":{"uv":[8.96,0.96,11.04,3.04],"texture":"#mesh_palette"},"north":{"uv":[8.96,0.96,11.04,3.04],"texture":"#mesh_palette"},"south":{"uv":[8.96,0.96,11.04,3.04],"texture":"#mesh_palette"},"west":{"uv":[8.96,0.96,11.04,3.04],"texture":"#mesh_palette"},"east":{"uv":[8.96,0.96,11.04,3.04],"texture":"#mesh_palette"}},"from":[5.5,1.5,6],"to":[6.5,2.5,6.5]},{"faces":{"down":{"uv":[8.96,0.96,11.04,3.04],"texture":"#mesh_palette"},"up":{"uv":[8.96,0.96,11.04,3.04],"texture":"#mesh_palette"},"north":{"uv":[8.96,0.96,11.04,3.04],"texture":"#mesh_palette"},"south":{"uv":[8.96,0.96,11.04,3.04],"texture":"#mesh_palette"},"west":{"uv":[8.96,0.96,11.04,3.04],"texture":"#mesh_palette"},"east":{"uv":[8.96,0.96,11.04,3.04],"texture":"#mesh_palette"}},"from":[5.5,1.5,6.5],"to":[6,2,7]},{"faces":{"down":{"uv":[8.96,0.96,11.04,3.04],"texture":"#mesh_palette"},"up":{"uv":[8.96,0.96,11.04,3.04],"texture":"#mesh_palette"},"north":{"uv":[8.96,0.96,11.04,3.04],"texture":"#mesh_palette"},"south":{"uv":[8.96,0.96,11.04,3.04],"texture":"#mesh_palette"},"west":{"uv":[8.96,0.96,11.04,3.04],"texture":"#mesh_palette"},"east":{"uv":[8.96,0.96,11.04,3.04],"texture":"#mesh_palette"}},"from":[5.5,1.5,9],"to":[6,2,10]},{"faces":{"down":{"uv":[8.96,0.96,11.04,3.04],"texture":"#mesh_palette"},"up":{"uv":[8.96,0.96,11.04,3.04],"texture":"#mesh_palette"},"north":{"uv":[8.96,0.96,11.04,3.04],"texture":"#mesh_palette"},"south":{"uv":[8.96,0.96,11.04,3.04],"texture":"#mesh_palette"},"west":{"uv":[8.96,0.96,11.04,3.04],"texture":"#mesh_palette"},"east":{"uv":[8.96,0.96,11.04,3.04],"texture":"#mesh_palette"}},"from":[5.5,2,9.5],"to":[6.5,2.5,10]},{"faces":{"down":{"uv":[8.96,8.96,11.04,11.04],"texture":"#mesh_palette"},"up":{"uv":[8.96,8.96,11.04,11.04],"texture":"#mesh_palette"},"north":{"uv":[8.96,8.96,11.04,11.04],"texture":"#mesh_palette"},"south":{"uv":[8.96,8.96,11.04,11.04],"texture":"#mesh_palette"},"west":{"uv":[8.96,8.96,11.04,11.04],"texture":"#mesh_palette"},"east":{"uv":[8.96,8.96,11.04,11.04],"texture":"#mesh_palette"}},"from":[5.5,2.5,6],"to":[6.5,3,6.5]},{"faces":{"down":{"uv":[8.96,8.96,11.04,11.04],"texture":"#mesh_palette"},"up":{"uv":[8.96,8.96,11.04,11.04],"texture":"#mesh_palette"},"north":{"uv":[8.96,8.96,11.04,11.04],"texture":"#mesh_palette"},"south":{"uv":[8.96,8.96,11.04,11.04],"texture":"#mesh_palette"},"west":{"uv":[8.96,8.96,11.04,11.04],"texture":"#mesh_palette"},"east":{"uv":[8.96,8.96,11.04,11.04],"texture":"#mesh_palette"}},"from":[5.5,2.5,8.5],"to":[6,3,10]},{"faces":{"down":{"uv":[0.96,4.96,3.04,7.04],"texture":"#mesh_palette"},"up":{"uv":[0.96,4.96,3.04,7.04],"texture":"#mesh_palette"},"north":{"uv":[0.96,4.96,3.04,7.04],"texture":"#mesh_palette"},"south":{"uv":[0.96,4.96,3.04,7.04],"texture":"#mesh_palette"},"west":{"uv":[0.96,4.96,3.04,7.04],"texture":"#mesh_palette"},"east":{"uv":[0.96,4.96,3.04,7.04],"texture":"#mesh_palette"}},"from":[5.5,3,6],"to":[6.5,3.5,6.5]},{"faces":{"down":{"uv":[0.96,4.96,3.04,7.04],"texture":"#mesh_palette"},"up":{"uv":[0.96,4.96,3.04,7.04],"texture":"#mesh_palette"},"north":{"uv":[0.96,4.96,3.04,7.04],"texture":"#mesh_palette"},"south":{"uv":[0.96,4.96,3.04,7.04],"texture":"#mesh_palette"},"west":{"uv":[0.96,4.96,3.04,7.04],"texture":"#mesh_palette"},"east":{"uv":[0.96,4.96,3.04,7.04],"texture":"#mesh_palette"}},"from":[5.5,3,6.5],"to":[6,3.5,7]},{"faces":{"down":{"uv":[0.96,4.96,3.04,7.04],"texture":"#mesh_palette"},"up":{"uv":[0.96,4.96,3.04,7.04],"texture":"#mesh_palette"},"north":{"uv":[0.96,4.96,3.04,7.04],"texture":"#mesh_palette"},"south":{"uv":[0.96,4.96,3.04,7.04],"texture":"#mesh_palette"},"west":{"uv":[0.96,4.96,3.04,7.04],"texture":"#mesh_palette"},"east":{"uv":[0.96,4.96,3.04,7.04],"texture":"#mesh_palette"}},"from":[5.5,3,9],"to":[6,3.5,10]},{"faces":{"down":{"uv":[4.96,4.96,7.04,7.04],"texture":"#mesh_palette"},"up":{"uv":[4.96,4.96,7.04,7.04],"texture":"#mesh_palette"},"north":{"uv":[4.96,4.96,7.04,7.04],"texture":"#mesh_palette"},"south":{"uv":[4.96,4.96,7.04,7.04],"texture":"#mesh_palette"},"west":{"uv":[4.96,4.96,7.04,7.04],"texture":"#mesh_palette"},"east":{"uv":[4.96,4.96,7.04,7.04],"texture":"#mesh_palette"}},"from":[5.5,3.5,6.5],"to":[6.5,4,7.5]},{"faces":{"down":{"uv":[4.96,4.96,7.04,7.04],"texture":"#mesh_palette"},"up":{"uv":[4.96,4.96,7.04,7.04],"texture":"#mesh_palette"},"north":{"uv":[4.96,4.96,7.04,7.04],"texture":"#mesh_palette"},"south":{"uv":[4.96,4.96,7.04,7.04],"texture":"#mesh_palette"},"west":{"uv":[4.96,4.96,7.04,7.04],"texture":"#mesh_palette"},"east":{"uv":[4.96,4.96,7.04,7.04],"texture":"#mesh_palette"}},"from":[5.5,3.5,8.5],"to":[6.5,4,9.5]},{"faces":{"down":{"uv":[4.96,0.96,7.04,3.04],"texture":"#mesh_palette"},"up":{"uv":[4.96,0.96,7.04,3.04],"texture":"#mesh_palette"},"north":{"uv":[4.96,0.96,7.04,3.04],"texture":"#mesh_palette"},"south":{"uv":[4.96,0.96,7.04,3.04],"texture":"#mesh_palette"},"west":{"uv":[4.96,0.96,7.04,3.04],"texture":"#mesh_palette"},"east":{"uv":[4.96,0.96,7.04,3.04],"texture":"#mesh_palette"}},"from":[5.5,4,7],"to":[7,4.5,7.5]},{"faces":{"down":{"uv":[4.96,0.96,7.04,3.04],"texture":"#mesh_palette"},"up":{"uv":[4.96,0.96,7.04,3.04],"texture":"#mesh_palette"},"north":{"uv":[4.96,0.96,7.04,3.04],"texture":"#mesh_palette"},"south":{"uv":[4.96,0.96,7.04,3.04],"texture":"#mesh_palette"},"west":{"uv":[4.96,0.96,7.04,3.04],"texture":"#mesh_palette"},"east":{"uv":[4.96,0.96,7.04,3.04],"texture":"#mesh_palette"}},"from":[5.5,4,7.5],"to":[6.5,4.5,9]},{"faces":{"down":{"uv":[12.96,8.96,15.04,11.04],"texture":"#mesh_palette"},"up":{"uv":[12.96,8.96,15.04,11.04],"texture":"#mesh_palette"},"north":{"uv":[12.96,8.96,15.04,11.04],"texture":"#mesh_palette"},"south":{"uv":[12.96,8.96,15.04,11.04],"texture":"#mesh_palette"},"west":{"uv":[12.96,8.96,15.04,11.04],"texture":"#mesh_palette"},"east":{"uv":[12.96,8.96,15.04,11.04],"texture":"#mesh_palette"}},"from":[5.5,4.5,7.5],"to":[6,5,8.5]},{"faces":{"down":{"uv":[4.96,0.96,7.04,3.04],"texture":"#mesh_palette"},"up":{"uv":[4.96,0.96,7.04,3.04],"texture":"#mesh_palette"},"north":{"uv":[4.96,0.96,7.04,3.04],"texture":"#mesh_palette"},"south":{"uv":[4.96,0.96,7.04,3.04],"texture":"#mesh_palette"},"west":{"uv":[4.96,0.96,7.04,3.04],"texture":"#mesh_palette"},"east":{"uv":[4.96,0.96,7.04,3.04],"texture":"#mesh_palette"}},"from":[5.5,5,7.5],"to":[6,6,8.5]},{"faces":{"down":{"uv":[8.96,0.96,11.04,3.04],"texture":"#mesh_palette"},"up":{"uv":[8.96,0.96,11.04,3.04],"texture":"#mesh_palette"},"north":{"uv":[8.96,0.96,11.04,3.04],"texture":"#mesh_palette"},"south":{"uv":[8.96,0.96,11.04,3.04],"texture":"#mesh_palette"},"west":{"uv":[8.96,0.96,11.04,3.04],"texture":"#mesh_palette"},"east":{"uv":[8.96,0.96,11.04,3.04],"texture":"#mesh_palette"}},"from":[6,0,7],"to":[10,0.5,9]},{"faces":{"down":{"uv":[8.96,0.96,11.04,3.04],"texture":"#mesh_palette"},"up":{"uv":[8.96,0.96,11.04,3.04],"texture":"#mesh_palette"},"north":{"uv":[8.96,0.96,11.04,3.04],"texture":"#mesh_palette"},"south":{"uv":[8.96,0.96,11.04,3.04],"texture":"#mesh_palette"},"west":{"uv":[8.96,0.96,11.04,3.04],"texture":"#mesh_palette"},"east":{"uv":[8.96,0.96,11.04,3.04],"texture":"#mesh_palette"}},"from":[6,0.5,6.5],"to":[7.5,1,7]},{"faces":{"down":{"uv":[8.96,0.96,11.04,3.04],"texture":"#mesh_palette"},"up":{"uv":[8.96,0.96,11.04,3.04],"texture":"#mesh_palette"},"north":{"uv":[8.96,0.96,11.04,3.04],"texture":"#mesh_palette"},"south":{"uv":[8.96,0.96,11.04,3.04],"texture":"#mesh_palette"},"west":{"uv":[8.96,0.96,11.04,3.04],"texture":"#mesh_palette"},"east":{"uv":[8.96,0.96,11.04,3.04],"texture":"#mesh_palette"}},"from":[6,0.5,9],"to":[7.5,1,9.5]},{"faces":{"down":{"uv":[8.96,0.96,11.04,3.04],"texture":"#mesh_palette"},"up":{"uv":[8.96,0.96,11.04,3.04],"texture":"#mesh_palette"},"north":{"uv":[8.96,0.96,11.04,3.04],"texture":"#mesh_palette"},"south":{"uv":[8.96,0.96,11.04,3.04],"texture":"#mesh_palette"},"west":{"uv":[8.96,0.96,11.04,3.04],"texture":"#mesh_palette"},"east":{"uv":[8.96,0.96,11.04,3.04],"texture":"#mesh_palette"}},"from":[6,1,6],"to":[7.5,1.5,6.5]},{"faces":{"down":{"uv":[8.96,0.96,11.04,3.04],"texture":"#mesh_palette"},"up":{"uv":[8.96,0.96,11.04,3.04],"texture":"#mesh_palette"},"north":{"uv":[8.96,0.96,11.04,3.04],"texture":"#mesh_palette"},"south":{"uv":[8.96,0.96,11.04,3.04],"texture":"#mesh_palette"},"west":{"uv":[8.96,0.96,11.04,3.04],"texture":"#mesh_palette"},"east":{"uv":[8.96,0.96,11.04,3.04],"texture":"#mesh_palette"}},"from":[6,1,9.5],"to":[7.5,1.5,10]},{"faces":{"down":{"uv":[8.96,0.96,11.04,3.04],"texture":"#mesh_palette"},"up":{"uv":[8.96,0.96,11.04,3.04],"texture":"#mesh_palette"},"north":{"uv":[8.96,0.96,11.04,3.04],"texture":"#mesh_palette"},"south":{"uv":[8.96,0.96,11.04,3.04],"texture":"#mesh_palette"},"west":{"uv":[8.96,0.96,11.04,3.04],"texture":"#mesh_palette"},"east":{"uv":[8.96,0.96,11.04,3.04],"texture":"#mesh_palette"}},"from":[6,1.5,5.5],"to":[10,2,6]},{"faces":{"down":{"uv":[8.96,0.96,11.04,3.04],"texture":"#mesh_palette"},"up":{"uv":[8.96,0.96,11.04,3.04],"texture":"#mesh_palette"},"north":{"uv":[8.96,0.96,11.04,3.04],"texture":"#mesh_palette"},"south":{"uv":[8.96,0.96,11.04,3.04],"texture":"#mesh_palette"},"west":{"uv":[8.96,0.96,11.04,3.04],"texture":"#mesh_palette"},"east":{"uv":[8.96,0.96,11.04,3.04],"texture":"#mesh_palette"}},"from":[6,1.5,9.5],"to":[6.5,2,10.5]},{"faces":{"down":{"uv":[8.96,0.96,11.04,3.04],"texture":"#mesh_palette"},"up":{"uv":[8.96,0.96,11.04,3.04],"texture":"#mesh_palette"},"north":{"uv":[8.96,0.96,11.04,3.04],"texture":"#mesh_palette"},"south":{"uv":[8.96,0.96,11.04,3.04],"texture":"#mesh_palette"},"west":{"uv":[8.96,0.96,11.04,3.04],"texture":"#mesh_palette"},"east":{"uv":[8.96,0.96,11.04,3.04],"texture":"#mesh_palette"}},"from":[6,2,5.5],"to":[7.5,2.5,6]},{"faces":{"down":{"uv":[8.96,0.96,11.04,3.04],"texture":"#mesh_palette"},"up":{"uv":[8.96,0.96,11.04,3.04],"texture":"#mesh_palette"},"north":{"uv":[8.96,0.96,11.04,3.04],"texture":"#mesh_palette"},"south":{"uv":[8.96,0.96,11.04,3.04],"texture":"#mesh_palette"},"west":{"uv":[8.96,0.96,11.04,3.04],"texture":"#mesh_palette"},"east":{"uv":[8.96,0.96,11.04,3.04],"texture":"#mesh_palette"}},"from":[6,2,10],"to":[7.5,2.5,10.5]},{"faces":{"down":{"uv":[8.96,8.96,11.04,11.04],"texture":"#mesh_palette"},"up":{"uv":[8.96,8.96,11.04,11.04],"texture":"#mesh_palette"},"north":{"uv":[8.96,8.96,11.04,11.04],"texture":"#mesh_palette"},"south":{"uv":[8.96,8.96,11.04,11.04],"texture":"#mesh_palette"},"west":{"uv":[8.96,8.96,11.04,11.04],"texture":"#mesh_palette"},"east":{"uv":[8.96,8.96,11.04,11.04],"texture":"#mesh_palette"}},"from":[6,2.5,5.5],"to":[7.5,3,6]},{"faces":{"down":{"uv":[8.96,8.96,11.04,11.04],"texture":"#mesh_palette"},"up":{"uv":[8.96,8.96,11.04,11.04],"texture":"#mesh_palette"},"north":{"uv":[8.96,8.96,11.04,11.04],"texture":"#mesh_palette"},"south":{"uv":[8.96,8.96,11.04,11.04],"texture":"#mesh_palette"},"west":{"uv":[8.96,8.96,11.04,11.04],"texture":"#mesh_palette"},"east":{"uv":[8.96,8.96,11.04,11.04],"texture":"#mesh_palette"}},"from":[6,2.5,9.5],"to":[6.5,3,10.5]},{"faces":{"down":{"uv":[0.96,4.96,3.04,7.04],"texture":"#mesh_palette"},"up":{"uv":[0.96,4.96,3.04,7.04],"texture":"#mesh_palette"},"north":{"uv":[0.96,4.96,3.04,7.04],"texture":"#mesh_palette"},"south":{"uv":[0.96,4.96,3.04,7.04],"texture":"#mesh_palette"},"west":{"uv":[0.96,4.96,3.04,7.04],"texture":"#mesh_palette"},"east":{"uv":[0.96,4.96,3.04,7.04],"texture":"#mesh_palette"}},"from":[6,3,5.5],"to":[10,3.5,6]},{"faces":{"down":{"uv":[0.96,4.96,3.04,7.04],"texture":"#mesh_palette"},"up":{"uv":[0.96,4.96,3.04,7.04],"texture":"#mesh_palette"},"north":{"uv":[0.96,4.96,3.04,7.04],"texture":"#mesh_palette"},"south":{"uv":[0.96,4.96,3.04,7.04],"texture":"#mesh_palette"},"west":{"uv":[0.96,4.96,3.04,7.04],"texture":"#mesh_palette"},"east":{"uv":[0.96,4.96,3.04,7.04],"texture":"#mesh_palette"}},"from":[6,3,9.5],"to":[6.5,3.5,10.5]},{"faces":{"down":{"uv":[4.96,4.96,7.04,7.04],"texture":"#mesh_palette"},"up":{"uv":[4.96,4.96,7.04,7.04],"texture":"#mesh_palette"},"north":{"uv":[4.96,4.96,7.04,7.04],"texture":"#mesh_palette"},"south":{"uv":[4.96,4.96,7.04,7.04],"texture":"#mesh_palette"},"west":{"uv":[4.96,4.96,7.04,7.04],"texture":"#mesh_palette"},"east":{"uv":[4.96,4.96,7.04,7.04],"texture":"#mesh_palette"}},"from":[6,3.5,6],"to":[7.5,4,6.5]},{"faces":{"down":{"uv":[4.96,4.96,7.04,7.04],"texture":"#mesh_palette"},"up":{"uv":[4.96,4.96,7.04,7.04],"texture":"#mesh_palette"},"north":{"uv":[4.96,4.96,7.04,7.04],"texture":"#mesh_palette"},"south":{"uv":[4.96,4.96,7.04,7.04],"texture":"#mesh_palette"},"west":{"uv":[4.96,4.96,7.04,7.04],"texture":"#mesh_palette"},"east":{"uv":[4.96,4.96,7.04,7.04],"texture":"#mesh_palette"}},"from":[6,3.5,9.5],"to":[7.5,4,10]},{"faces":{"down":{"uv":[4.96,0.96,7.04,3.04],"texture":"#mesh_palette"},"up":{"uv":[4.96,0.96,7.04,3.04],"texture":"#mesh_palette"},"north":{"uv":[4.96,0.96,7.04,3.04],"texture":"#mesh_palette"},"south":{"uv":[4.96,0.96,7.04,3.04],"texture":"#mesh_palette"},"west":{"uv":[4.96,0.96,7.04,3.04],"texture":"#mesh_palette"},"east":{"uv":[4.96,0.96,7.04,3.04],"texture":"#mesh_palette"}},"from":[6,4,6.5],"to":[7.5,4.5,7]},{"faces":{"down":{"uv":[4.96,0.96,7.04,3.04],"texture":"#mesh_palette"},"up":{"uv":[4.96,0.96,7.04,3.04],"texture":"#mesh_palette"},"north":{"uv":[4.96,0.96,7.04,3.04],"texture":"#mesh_palette"},"south":{"uv":[4.96,0.96,7.04,3.04],"texture":"#mesh_palette"},"west":{"uv":[4.96,0.96,7.04,3.04],"texture":"#mesh_palette"},"east":{"uv":[4.96,0.96,7.04,3.04],"texture":"#mesh_palette"}},"from":[6,4,9],"to":[7.5,4.5,9.5]},{"faces":{"down":{"uv":[4.96,0.96,7.04,3.04],"texture":"#mesh_palette"},"up":{"uv":[4.96,0.96,7.04,3.04],"texture":"#mesh_palette"},"north":{"uv":[4.96,0.96,7.04,3.04],"texture":"#mesh_palette"},"south":{"uv":[4.96,0.96,7.04,3.04],"texture":"#mesh_palette"},"west":{"uv":[4.96,0.96,7.04,3.04],"texture":"#mesh_palette"},"east":{"uv":[4.96,0.96,7.04,3.04],"texture":"#mesh_palette"}},"from":[6,4.5,7],"to":[7.5,5,7.5]},{"faces":{"down":{"uv":[4.96,0.96,7.04,3.04],"texture":"#mesh_palette"},"up":{"uv":[4.96,0.96,7.04,3.04],"texture":"#mesh_palette"},"north":{"uv":[4.96,0.96,7.04,3.04],"texture":"#mesh_palette"},"south":{"uv":[4.96,0.96,7.04,3.04],"texture":"#mesh_palette"},"west":{"uv":[4.96,0.96,7.04,3.04],"texture":"#mesh_palette"},"east":{"uv":[4.96,0.96,7.04,3.04],"texture":"#mesh_palette"}},"from":[6,4.5,7.5],"to":[7,5,9]},{"faces":{"down":{"uv":[8.96,0.96,11.04,3.04],"texture":"#mesh_palette"},"up":{"uv":[8.96,0.96,11.04,3.04],"texture":"#mesh_palette"},"north":{"uv":[8.96,0.96,11.04,3.04],"texture":"#mesh_palette"},"south":{"uv":[8.96,0.96,11.04,3.04],"texture":"#mesh_palette"},"west":{"uv":[8.96,0.96,11.04,3.04],"texture":"#mesh_palette"},"east":{"uv":[8.96,0.96,11.04,3.04],"texture":"#mesh_palette"}},"from":[6.5,0,6.5],"to":[9.5,0.5,7]},{"faces":{"down":{"uv":[8.96,0.96,11.04,3.04],"texture":"#mesh_palette"},"up":{"uv":[8.96,0.96,11.04,3.04],"texture":"#mesh_palette"},"north":{"uv":[8.96,0.96,11.04,3.04],"texture":"#mesh_palette"},"south":{"uv":[8.96,0.96,11.04,3.04],"texture":"#mesh_palette"},"west":{"uv":[8.96,0.96,11.04,3.04],"texture":"#mesh_palette"},"east":{"uv":[8.96,0.96,11.04,3.04],"texture":"#mesh_palette"}},"from":[6.5,0,9],"to":[9.5,0.5,9.5]},{"faces":{"down":{"uv":[8.96,0.96,11.04,3.04],"texture":"#mesh_palette"},"up":{"uv":[8.96,0.96,11.04,3.04],"texture":"#mesh_palette"},"north":{"uv":[8.96,0.96,11.04,3.04],"texture":"#mesh_palette"},"south":{"uv":[8.96,0.96,11.04,3.04],"texture":"#mesh_palette"},"west":{"uv":[8.96,0.96,11.04,3.04],"texture":"#mesh_palette"},"east":{"uv":[8.96,0.96,11.04,3.04],"texture":"#mesh_palette"}},"from":[6.5,0.5,6],"to":[9.5,1,6.5]},{"faces":{"down":{"uv":[8.96,0.96,11.04,3.04],"texture":"#mesh_palette"},"up":{"uv":[8.96,0.96,11.04,3.04],"texture":"#mesh_palette"},"north":{"uv":[8.96,0.96,11.04,3.04],"texture":"#mesh_palette"},"south":{"uv":[8.96,0.96,11.04,3.04],"texture":"#mesh_palette"},"west":{"uv":[8.96,0.96,11.04,3.04],"texture":"#mesh_palette"},"east":{"uv":[8.96,0.96,11.04,3.04],"texture":"#mesh_palette"}},"from":[6.5,0.5,8.5],"to":[7,1,9]},{"faces":{"down":{"uv":[8.96,0.96,11.04,3.04],"texture":"#mesh_palette"},"up":{"uv":[8.96,0.96,11.04,3.04],"texture":"#mesh_palette"},"north":{"uv":[8.96,0.96,11.04,3.04],"texture":"#mesh_palette"},"south":{"uv":[8.96,0.96,11.04,3.04],"texture":"#mesh_palette"},"west":{"uv":[8.96,0.96,11.04,3.04],"texture":"#mesh_palette"},"east":{"uv":[8.96,0.96,11.04,3.04],"texture":"#mesh_palette"}},"from":[6.5,0.5,9.5],"to":[9.5,1,10]},{"faces":{"down":{"uv":[8.96,0.96,11.04,3.04],"texture":"#mesh_palette"},"up":{"uv":[8.96,0.96,11.04,3.04],"texture":"#mesh_palette"},"north":{"uv":[8.96,0.96,11.04,3.04],"texture":"#mesh_palette"},"south":{"uv":[8.96,0.96,11.04,3.04],"texture":"#mesh_palette"},"west":{"uv":[8.96,0.96,11.04,3.04],"texture":"#mesh_palette"},"east":{"uv":[8.96,0.96,11.04,3.04],"texture":"#mesh_palette"}},"from":[6.5,1,5.5],"to":[9.5,1.5,6]},{"faces":{"down":{"uv":[8.96,0.96,11.04,3.04],"texture":"#mesh_palette"},"up":{"uv":[8.96,0.96,11.04,3.04],"texture":"#mesh_palette"},"north":{"uv":[8.96,0.96,11.04,3.04],"texture":"#mesh_palette"},"south":{"uv":[8.96,0.96,11.04,3.04],"texture":"#mesh_palette"},"west":{"uv":[8.96,0.96,11.04,3.04],"texture":"#mesh_palette"},"east":{"uv":[8.96,0.96,11.04,3.04],"texture":"#mesh_palette"}},"from":[6.5,1,10],"to":[9.5,2,10.5]},{"faces":{"down":{"uv":[8.96,0.96,11.04,3.04],"texture":"#mesh_palette"},"up":{"uv":[8.96,0.96,11.04,3.04],"texture":"#mesh_palette"},"north":{"uv":[8.96,0.96,11.04,3.04],"texture":"#mesh_palette"},"south":{"uv":[8.96,0.96,11.04,3.04],"texture":"#mesh_palette"},"west":{"uv":[8.96,0.96,11.04,3.04],"texture":"#mesh_palette"},"east":{"uv":[8.96,0.96,11.04,3.04],"texture":"#mesh_palette"}},"from":[6.5,2,5],"to":[9.5,2.5,5.5]},{"faces":{"down":{"uv":[8.96,0.96,11.04,3.04],"texture":"#mesh_palette"},"up":{"uv":[8.96,0.96,11.04,3.04],"texture":"#mesh_palette"},"north":{"uv":[8.96,0.96,11.04,3.04],"texture":"#mesh_palette"},"south":{"uv":[8.96,0.96,11.04,3.04],"texture":"#mesh_palette"},"west":{"uv":[8.96,0.96,11.04,3.04],"texture":"#mesh_palette"},"east":{"uv":[8.96,0.96,11.04,3.04],"texture":"#mesh_palette"}},"from":[6.5,2,10.5],"to":[9.5,2.5,11]},{"faces":{"down":{"uv":[8.96,8.96,11.04,11.04],"texture":"#mesh_palette"},"up":{"uv":[8.96,8.96,11.04,11.04],"texture":"#mesh_palette"},"north":{"uv":[8.96,8.96,11.04,11.04],"texture":"#mesh_palette"},"south":{"uv":[8.96,8.96,11.04,11.04],"texture":"#mesh_palette"},"west":{"uv":[8.96,8.96,11.04,11.04],"texture":"#mesh_palette"},"east":{"uv":[8.96,8.96,11.04,11.04],"texture":"#mesh_palette"}},"from":[6.5,2.5,5],"to":[9.5,3,5.5]},{"faces":{"down":{"uv":[8.96,8.96,11.04,11.04],"texture":"#mesh_palette"},"up":{"uv":[8.96,8.96,11.04,11.04],"texture":"#mesh_palette"},"north":{"uv":[8.96,8.96,11.04,11.04],"texture":"#mesh_palette"},"south":{"uv":[8.96,8.96,11.04,11.04],"texture":"#mesh_palette"},"west":{"uv":[8.96,8.96,11.04,11.04],"texture":"#mesh_palette"},"east":{"uv":[8.96,8.96,11.04,11.04],"texture":"#mesh_palette"}},"from":[6.5,2.5,10],"to":[7.5,3,11]},{"faces":{"down":{"uv":[0.96,4.96,3.04,7.04],"texture":"#mesh_palette"},"up":{"uv":[0.96,4.96,3.04,7.04],"texture":"#mesh_palette"},"north":{"uv":[0.96,4.96,3.04,7.04],"texture":"#mesh_palette"},"south":{"uv":[0.96,4.96,3.04,7.04],"texture":"#mesh_palette"},"west":{"uv":[0.96,4.96,3.04,7.04],"texture":"#mesh_palette"},"east":{"uv":[0.96,4.96,3.04,7.04],"texture":"#mesh_palette"}},"from":[6.5,3,10],"to":[10,3.5,10.5]},{"faces":{"down":{"uv":[4.96,4.96,7.04,7.04],"texture":"#mesh_palette"},"up":{"uv":[4.96,4.96,7.04,7.04],"texture":"#mesh_palette"},"north":{"uv":[4.96,4.96,7.04,7.04],"texture":"#mesh_palette"},"south":{"uv":[4.96,4.96,7.04,7.04],"texture":"#mesh_palette"},"west":{"uv":[4.96,4.96,7.04,7.04],"texture":"#mesh_palette"},"east":{"uv":[4.96,4.96,7.04,7.04],"texture":"#mesh_palette"}},"from":[6.5,3.5,5.5],"to":[9.5,4,6]},{"faces":{"down":{"uv":[4.96,4.96,7.04,7.04],"texture":"#mesh_palette"},"up":{"uv":[4.96,4.96,7.04,7.04],"texture":"#mesh_palette"},"north":{"uv":[4.96,4.96,7.04,7.04],"texture":"#mesh_palette"},"south":{"uv":[4.96,4.96,7.04,7.04],"texture":"#mesh_palette"},"west":{"uv":[4.96,4.96,7.04,7.04],"texture":"#mesh_palette"},"east":{"uv":[4.96,4.96,7.04,7.04],"texture":"#mesh_palette"}},"from":[6.5,3.5,10],"to":[9.5,4,10.5]},{"faces":{"down":{"uv":[4.96,0.96,7.04,3.04],"texture":"#mesh_palette"},"up":{"uv":[4.96,0.96,7.04,3.04],"texture":"#mesh_palette"},"north":{"uv":[4.96,0.96,7.04,3.04],"texture":"#mesh_palette"},"south":{"uv":[4.96,0.96,7.04,3.04],"texture":"#mesh_palette"},"west":{"uv":[4.96,0.96,7.04,3.04],"texture":"#mesh_palette"},"east":{"uv":[4.96,0.96,7.04,3.04],"texture":"#mesh_palette"}},"from":[6.5,4,6],"to":[9.5,4.5,6.5]},{"faces":{"down":{"uv":[4.96,0.96,7.04,3.04],"texture":"#mesh_palette"},"up":{"uv":[4.96,0.96,7.04,3.04],"texture":"#mesh_palette"},"north":{"uv":[4.96,0.96,7.04,3.04],"texture":"#mesh_palette"},"south":{"uv":[4.96,0.96,7.04,3.04],"texture":"#mesh_palette"},"west":{"uv":[4.96,0.96,7.04,3.04],"texture":"#mesh_palette"},"east":{"uv":[4.96,0.96,7.04,3.04],"texture":"#mesh_palette"}},"from":[6.5,4,8.5],"to":[7,4.5,9]},{"faces":{"down":{"uv":[4.96,0.96,7.04,3.04],"texture":"#mesh_palette"},"up":{"uv":[4.96,0.96,7.04,3.04],"texture":"#mesh_palette"},"north":{"uv":[4.96,0.96,7.04,3.04],"texture":"#mesh_palette"},"south":{"uv":[4.96,0.96,7.04,3.04],"texture":"#mesh_palette"},"west":{"uv":[4.96,0.96,7.04,3.04],"texture":"#mesh_palette"},"east":{"uv":[4.96,0.96,7.04,3.04],"texture":"#mesh_palette"}},"from":[6.5,4,9.5],"to":[9.5,4.5,10]},{"faces":{"down":{"uv":[4.96,0.96,7.04,3.04],"texture":"#mesh_palette"},"up":{"uv":[4.96,0.96,7.04,3.04],"texture":"#mesh_palette"},"north":{"uv":[4.96,0.96,7.04,3.04],"texture":"#mesh_palette"},"south":{"uv":[4.96,0.96,7.04,3.04],"texture":"#mesh_palette"},"west":{"uv":[4.96,0.96,7.04,3.04],"texture":"#mesh_palette"},"east":{"uv":[4.96,0.96,7.04,3.04],"texture":"#mesh_palette"}},"from":[6.5,4.5,6.5],"to":[9.5,5,7]},{"faces":{"down":{"uv":[4.96,0.96,7.04,3.04],"texture":"#mesh_palette"},"up":{"uv":[4.96,0.96,7.04,3.04],"texture":"#mesh_palette"},"north":{"uv":[4.96,0.96,7.04,3.04],"texture":"#mesh_palette"},"south":{"uv":[4.96,0.96,7.04,3.04],"texture":"#mesh_palette"},"west":{"uv":[4.96,0.96,7.04,3.04],"texture":"#mesh_palette"},"east":{"uv":[4.96,0.96,7.04,3.04],"texture":"#mesh_palette"}},"from":[6.5,4.5,9],"to":[9.5,5,9.5]},{"faces":{"down":{"uv":[4.96,0.96,7.04,3.04],"texture":"#mesh_palette"},"up":{"uv":[4.96,0.96,7.04,3.04],"texture":"#mesh_palette"},"north":{"uv":[4.96,0.96,7.04,3.04],"texture":"#mesh_palette"},"south":{"uv":[4.96,0.96,7.04,3.04],"texture":"#mesh_palette"},"west":{"uv":[4.96,0.96,7.04,3.04],"texture":"#mesh_palette"},"east":{"uv":[4.96,0.96,7.04,3.04],"texture":"#mesh_palette"}},"from":[6.5,5,7.5],"to":[7,5.5,8.5]},{"faces":{"down":{"uv":[12.96,4.96,15.04,7.04],"texture":"#mesh_palette"},"up":{"uv":[12.96,4.96,15.04,7.04],"texture":"#mesh_palette"},"north":{"uv":[12.96,4.96,15.04,7.04],"texture":"#mesh_palette"},"south":{"uv":[12.96,4.96,15.04,7.04],"texture":"#mesh_palette"},"west":{"uv":[12.96,4.96,15.04,7.04],"texture":"#mesh_palette"},"east":{"uv":[12.96,4.96,15.04,7.04],"texture":"#mesh_palette"}},"from":[6.5,12.5,7.5],"to":[7,13,8.5]},{"faces":{"down":{"uv":[8.96,0.96,11.04,3.04],"texture":"#mesh_palette"},"up":{"uv":[8.96,0.96,11.04,3.04],"texture":"#mesh_palette"},"north":{"uv":[8.96,0.96,11.04,3.04],"texture":"#mesh_palette"},"south":{"uv":[8.96,0.96,11.04,3.04],"texture":"#mesh_palette"},"west":{"uv":[8.96,0.96,11.04,3.04],"texture":"#mesh_palette"},"east":{"uv":[8.96,0.96,11.04,3.04],"texture":"#mesh_palette"}},"from":[7,0,6],"to":[9,0.5,6.5]},{"faces":{"down":{"uv":[8.96,0.96,11.04,3.04],"texture":"#mesh_palette"},"up":{"uv":[8.96,0.96,11.04,3.04],"texture":"#mesh_palette"},"north":{"uv":[8.96,0.96,11.04,3.04],"texture":"#mesh_palette"},"south":{"uv":[8.96,0.96,11.04,3.04],"texture":"#mesh_palette"},"west":{"uv":[8.96,0.96,11.04,3.04],"texture":"#mesh_palette"},"east":{"uv":[8.96,0.96,11.04,3.04],"texture":"#mesh_palette"}},"from":[7,0,9.5],"to":[9,0.5,10]},{"faces":{"down":{"uv":[8.96,0.96,11.04,3.04],"texture":"#mesh_palette"},"up":{"uv":[8.96,0.96,11.04,3.04],"texture":"#mesh_palette"},"north":{"uv":[8.96,0.96,11.04,3.04],"texture":"#mesh_palette"},"south":{"uv":[8.96,0.96,11.04,3.04],"texture":"#mesh_palette"},"west":{"uv":[8.96,0.96,11.04,3.04],"texture":"#mesh_palette"},"east":{"uv":[8.96,0.96,11.04,3.04],"texture":"#mesh_palette"}},"from":[7,0.5,5.5],"to":[9,1,6]},{"faces":{"down":{"uv":[8.96,0.96,11.04,3.04],"texture":"#mesh_palette"},"up":{"uv":[8.96,0.96,11.04,3.04],"texture":"#mesh_palette"},"north":{"uv":[8.96,0.96,11.04,3.04],"texture":"#mesh_palette"},"south":{"uv":[8.96,0.96,11.04,3.04],"texture":"#mesh_palette"},"west":{"uv":[8.96,0.96,11.04,3.04],"texture":"#mesh_palette"},"east":{"uv":[8.96,0.96,11.04,3.04],"texture":"#mesh_palette"}},"from":[7,0.5,10],"to":[9,1,10.5]},{"faces":{"down":{"uv":[8.96,0.96,11.04,3.04],"texture":"#mesh_palette"},"up":{"uv":[8.96,0.96,11.04,3.04],"texture":"#mesh_palette"},"north":{"uv":[8.96,0.96,11.04,3.04],"texture":"#mesh_palette"},"south":{"uv":[8.96,0.96,11.04,3.04],"texture":"#mesh_palette"},"west":{"uv":[8.96,0.96,11.04,3.04],"texture":"#mesh_palette"},"east":{"uv":[8.96,0.96,11.04,3.04],"texture":"#mesh_palette"}},"from":[7,1.5,5],"to":[9,2,5.5]},{"faces":{"down":{"uv":[8.96,0.96,11.04,3.04],"texture":"#mesh_palette"},"up":{"uv":[8.96,0.96,11.04,3.04],"texture":"#mesh_palette"},"north":{"uv":[8.96,0.96,11.04,3.04],"texture":"#mesh_palette"},"south":{"uv":[8.96,0.96,11.04,3.04],"texture":"#mesh_palette"},"west":{"uv":[8.96,0.96,11.04,3.04],"texture":"#mesh_palette"},"east":{"uv":[8.96,0.96,11.04,3.04],"texture":"#mesh_palette"}},"from":[7,1.5,10.5],"to":[9,2,11]},{"faces":{"down":{"uv":[0.96,4.96,3.04,7.04],"texture":"#mesh_palette"},"up":{"uv":[0.96,4.96,3.04,7.04],"texture":"#mesh_palette"},"north":{"uv":[0.96,4.96,3.04,7.04],"texture":"#mesh_palette"},"south":{"uv":[0.96,4.96,3.04,7.04],"texture":"#mesh_palette"},"west":{"uv":[0.96,4.96,3.04,7.04],"texture":"#mesh_palette"},"east":{"uv":[0.96,4.96,3.04,7.04],"texture":"#mesh_palette"}},"from":[7,3,5],"to":[9,3.5,5.5]},{"faces":{"down":{"uv":[0.96,4.96,3.04,7.04],"texture":"#mesh_palette"},"up":{"uv":[0.96,4.96,3.04,7.04],"texture":"#mesh_palette"},"north":{"uv":[0.96,4.96,3.04,7.04],"texture":"#mesh_palette"},"south":{"uv":[0.96,4.96,3.04,7.04],"texture":"#mesh_palette"},"west":{"uv":[0.96,4.96,3.04,7.04],"texture":"#mesh_palette"},"east":{"uv":[0.96,4.96,3.04,7.04],"texture":"#mesh_palette"}},"from":[7,3,10.5],"to":[9,3.5,11]},{"faces":{"down":{"uv":[4.96,0.96,7.04,3.04],"texture":"#mesh_palette"},"up":{"uv":[4.96,0.96,7.04,3.04],"texture":"#mesh_palette"},"north":{"uv":[4.96,0.96,7.04,3.04],"texture":"#mesh_palette"},"south":{"uv":[4.96,0.96,7.04,3.04],"texture":"#mesh_palette"},"west":{"uv":[4.96,0.96,7.04,3.04],"texture":"#mesh_palette"},"east":{"uv":[4.96,0.96,7.04,3.04],"texture":"#mesh_palette"}},"from":[7,4,5.5],"to":[9,4.5,6]},{"faces":{"down":{"uv":[4.96,0.96,7.04,3.04],"texture":"#mesh_palette"},"up":{"uv":[4.96,0.96,7.04,3.04],"texture":"#mesh_palette"},"north":{"uv":[4.96,0.96,7.04,3.04],"texture":"#mesh_palette"},"south":{"uv":[4.96,0.96,7.04,3.04],"texture":"#mesh_palette"},"west":{"uv":[4.96,0.96,7.04,3.04],"texture":"#mesh_palette"},"east":{"uv":[4.96,0.96,7.04,3.04],"texture":"#mesh_palette"}},"from":[7,4,10],"to":[9,4.5,10.5]},{"faces":{"down":{"uv":[4.96,0.96,7.04,3.04],"texture":"#mesh_palette"},"up":{"uv":[4.96,0.96,7.04,3.04],"texture":"#mesh_palette"},"north":{"uv":[4.96,0.96,7.04,3.04],"texture":"#mesh_palette"},"south":{"uv":[4.96,0.96,7.04,3.04],"texture":"#mesh_palette"},"west":{"uv":[4.96,0.96,7.04,3.04],"texture":"#mesh_palette"},"east":{"uv":[4.96,0.96,7.04,3.04],"texture":"#mesh_palette"}},"from":[7,4.5,6],"to":[9,5,6.5]},{"faces":{"down":{"uv":[4.96,0.96,7.04,3.04],"texture":"#mesh_palette"},"up":{"uv":[4.96,0.96,7.04,3.04],"texture":"#mesh_palette"},"north":{"uv":[4.96,0.96,7.04,3.04],"texture":"#mesh_palette"},"south":{"uv":[4.96,0.96,7.04,3.04],"texture":"#mesh_palette"},"west":{"uv":[4.96,0.96,7.04,3.04],"texture":"#mesh_palette"},"east":{"uv":[4.96,0.96,7.04,3.04],"texture":"#mesh_palette"}},"from":[7,4.5,8.5],"to":[7.5,5.5,9]},{"faces":{"down":{"uv":[4.96,0.96,7.04,3.04],"texture":"#mesh_palette"},"up":{"uv":[4.96,0.96,7.04,3.04],"texture":"#mesh_palette"},"north":{"uv":[4.96,0.96,7.04,3.04],"texture":"#mesh_palette"},"south":{"uv":[4.96,0.96,7.04,3.04],"texture":"#mesh_palette"},"west":{"uv":[4.96,0.96,7.04,3.04],"texture":"#mesh_palette"},"east":{"uv":[4.96,0.96,7.04,3.04],"texture":"#mesh_palette"}},"from":[7,4.5,9.5],"to":[9,5,10]},{"faces":{"down":{"uv":[4.96,0.96,7.04,3.04],"texture":"#mesh_palette"},"up":{"uv":[4.96,0.96,7.04,3.04],"texture":"#mesh_palette"},"north":{"uv":[4.96,0.96,7.04,3.04],"texture":"#mesh_palette"},"south":{"uv":[4.96,0.96,7.04,3.04],"texture":"#mesh_palette"},"west":{"uv":[4.96,0.96,7.04,3.04],"texture":"#mesh_palette"},"east":{"uv":[4.96,0.96,7.04,3.04],"texture":"#mesh_palette"}},"from":[7,5,7],"to":[7.5,5.5,7.5]},{"faces":{"down":{"uv":[4.96,0.96,7.04,3.04],"texture":"#mesh_palette"},"up":{"uv":[4.96,0.96,7.04,3.04],"texture":"#mesh_palette"},"north":{"uv":[4.96,0.96,7.04,3.04],"texture":"#mesh_palette"},"south":{"uv":[4.96,0.96,7.04,3.04],"texture":"#mesh_palette"},"west":{"uv":[4.96,0.96,7.04,3.04],"texture":"#mesh_palette"},"east":{"uv":[4.96,0.96,7.04,3.04],"texture":"#mesh_palette"}},"from":[7,5.5,7.5],"to":[7.5,7.5,8.5]},{"faces":{"down":{"uv":[8.96,4.96,11.04,7.04],"texture":"#mesh_palette"},"up":{"uv":[8.96,4.96,11.04,7.04],"texture":"#mesh_palette"},"north":{"uv":[8.96,4.96,11.04,7.04],"texture":"#mesh_palette"},"south":{"uv":[8.96,4.96,11.04,7.04],"texture":"#mesh_palette"},"west":{"uv":[8.96,4.96,11.04,7.04],"texture":"#mesh_palette"},"east":{"uv":[8.96,4.96,11.04,7.04],"texture":"#mesh_palette"}},"from":[7,7.5,7.5],"to":[7.5,8,8.5]},{"faces":{"down":{"uv":[0.96,8.96,3.04,11.04],"texture":"#mesh_palette"},"up":{"uv":[0.96,8.96,3.04,11.04],"texture":"#mesh_palette"},"north":{"uv":[0.96,8.96,3.04,11.04],"texture":"#mesh_palette"},"south":{"uv":[0.96,8.96,3.04,11.04],"texture":"#mesh_palette"},"west":{"uv":[0.96,8.96,3.04,11.04],"texture":"#mesh_palette"},"east":{"uv":[0.96,8.96,3.04,11.04],"texture":"#mesh_palette"}},"from":[7,8,7.5],"to":[7.5,8.5,8.5]},{"faces":{"down":{"uv":[4.96,8.96,7.04,11.04],"texture":"#mesh_palette"},"up":{"uv":[4.96,8.96,7.04,11.04],"texture":"#mesh_palette"},"north":{"uv":[4.96,8.96,7.04,11.04],"texture":"#mesh_palette"},"south":{"uv":[4.96,8.96,7.04,11.04],"texture":"#mesh_palette"},"west":{"uv":[4.96,8.96,7.04,11.04],"texture":"#mesh_palette"},"east":{"uv":[4.96,8.96,7.04,11.04],"texture":"#mesh_palette"}},"from":[7,8.5,7.5],"to":[7.5,9,8.5]},{"faces":{"down":{"uv":[12.96,4.96,15.04,7.04],"texture":"#mesh_palette"},"up":{"uv":[12.96,4.96,15.04,7.04],"texture":"#mesh_palette"},"north":{"uv":[12.96,4.96,15.04,7.04],"texture":"#mesh_palette"},"south":{"uv":[12.96,4.96,15.04,7.04],"texture":"#mesh_palette"},"west":{"uv":[12.96,4.96,15.04,7.04],"texture":"#mesh_palette"},"east":{"uv":[12.96,4.96,15.04,7.04],"texture":"#mesh_palette"}},"from":[7,9,7.5],"to":[7.5,12.5,8.5]},{"faces":{"down":{"uv":[12.96,4.96,15.04,7.04],"texture":"#mesh_palette"},"up":{"uv":[12.96,4.96,15.04,7.04],"texture":"#mesh_palette"},"north":{"uv":[12.96,4.96,15.04,7.04],"texture":"#mesh_palette"},"south":{"uv":[12.96,4.96,15.04,7.04],"texture":"#mesh_palette"},"west":{"uv":[12.96,4.96,15.04,7.04],"texture":"#mesh_palette"},"east":{"uv":[12.96,4.96,15.04,7.04],"texture":"#mesh_palette"}},"from":[7,12.5,7],"to":[7.5,13,7.5]},{"faces":{"down":{"uv":[12.96,4.96,15.04,7.04],"texture":"#mesh_palette"},"up":{"uv":[12.96,4.96,15.04,7.04],"texture":"#mesh_palette"},"north":{"uv":[12.96,4.96,15.04,7.04],"texture":"#mesh_palette"},"south":{"uv":[12.96,4.96,15.04,7.04],"texture":"#mesh_palette"},"west":{"uv":[12.96,4.96,15.04,7.04],"texture":"#mesh_palette"},"east":{"uv":[12.96,4.96,15.04,7.04],"texture":"#mesh_palette"}},"from":[7,12.5,8.5],"to":[7.5,13,9]},{"faces":{"down":{"uv":[8.96,0.96,11.04,3.04],"texture":"#mesh_palette"},"up":{"uv":[8.96,0.96,11.04,3.04],"texture":"#mesh_palette"},"north":{"uv":[8.96,0.96,11.04,3.04],"texture":"#mesh_palette"},"south":{"uv":[8.96,0.96,11.04,3.04],"texture":"#mesh_palette"},"west":{"uv":[8.96,0.96,11.04,3.04],"texture":"#mesh_palette"},"east":{"uv":[8.96,0.96,11.04,3.04],"texture":"#mesh_palette"}},"from":[7.5,1,5],"to":[8.5,1.5,5.5]},{"faces":{"down":{"uv":[8.96,0.96,11.04,3.04],"texture":"#mesh_palette"},"up":{"uv":[8.96,0.96,11.04,3.04],"texture":"#mesh_palette"},"north":{"uv":[8.96,0.96,11.04,3.04],"texture":"#mesh_palette"},"south":{"uv":[8.96,0.96,11.04,3.04],"texture":"#mesh_palette"},"west":{"uv":[8.96,0.96,11.04,3.04],"texture":"#mesh_palette"},"east":{"uv":[8.96,0.96,11.04,3.04],"texture":"#mesh_palette"}},"from":[7.5,1,10.5],"to":[8.5,1.5,11]},{"faces":{"down":{"uv":[8.96,8.96,11.04,11.04],"texture":"#mesh_palette"},"up":{"uv":[8.96,8.96,11.04,11.04],"texture":"#mesh_palette"},"north":{"uv":[8.96,8.96,11.04,11.04],"texture":"#mesh_palette"},"south":{"uv":[8.96,8.96,11.04,11.04],"texture":"#mesh_palette"},"west":{"uv":[8.96,8.96,11.04,11.04],"texture":"#mesh_palette"},"east":{"uv":[8.96,8.96,11.04,11.04],"texture":"#mesh_palette"}},"from":[7.5,2.5,10.5],"to":[9.5,3,11]},{"faces":{"down":{"uv":[4.96,4.96,7.04,7.04],"texture":"#mesh_palette"},"up":{"uv":[4.96,4.96,7.04,7.04],"texture":"#mesh_palette"},"north":{"uv":[4.96,4.96,7.04,7.04],"texture":"#mesh_palette"},"south":{"uv":[4.96,4.96,7.04,7.04],"texture":"#mesh_palette"},"west":{"uv":[4.96,4.96,7.04,7.04],"texture":"#mesh_palette"},"east":{"uv":[4.96,4.96,7.04,7.04],"texture":"#mesh_palette"}},"from":[7.5,3.5,5],"to":[8.5,4,5.5]},{"faces":{"down":{"uv":[4.96,4.96,7.04,7.04],"texture":"#mesh_palette"},"up":{"uv":[4.96,4.96,7.04,7.04],"texture":"#mesh_palette"},"north":{"uv":[4.96,4.96,7.04,7.04],"texture":"#mesh_palette"},"south":{"uv":[4.96,4.96,7.04,7.04],"texture":"#mesh_palette"},"west":{"uv":[4.96,4.96,7.04,7.04],"texture":"#mesh_palette"},"east":{"uv":[4.96,4.96,7.04,7.04],"texture":"#mesh_palette"}},"from":[7.5,3.5,10.5],"to":[8.5,4,11]},{"faces":{"down":{"uv":[4.96,0.96,7.04,3.04],"texture":"#mesh_palette"},"up":{"uv":[4.96,0.96,7.04,3.04],"texture":"#mesh_palette"},"north":{"uv":[4.96,0.96,7.04,3.04],"texture":"#mesh_palette"},"south":{"uv":[4.96,0.96,7.04,3.04],"texture":"#mesh_palette"},"west":{"uv":[4.96,0.96,7.04,3.04],"texture":"#mesh_palette"},"east":{"uv":[4.96,0.96,7.04,3.04],"texture":"#mesh_palette"}},"from":[7.5,5,6.5],"to":[8.5,5.5,7]},{"faces":{"down":{"uv":[4.96,0.96,7.04,3.04],"texture":"#mesh_palette"},"up":{"uv":[4.96,0.96,7.04,3.04],"texture":"#mesh_palette"},"north":{"uv":[4.96,0.96,7.04,3.04],"texture":"#mesh_palette"},"south":{"uv":[4.96,0.96,7.04,3.04],"texture":"#mesh_palette"},"west":{"uv":[4.96,0.96,7.04,3.04],"texture":"#mesh_palette"},"east":{"uv":[4.96,0.96,7.04,3.04],"texture":"#mesh_palette"}},"from":[7.5,5,9],"to":[8.5,5.5,9.5]},{"faces":{"down":{"uv":[4.96,0.96,7.04,3.04],"texture":"#mesh_palette"},"up":{"uv":[4.96,0.96,7.04,3.04],"texture":"#mesh_palette"},"north":{"uv":[4.96,0.96,7.04,3.04],"texture":"#mesh_palette"},"south":{"uv":[4.96,0.96,7.04,3.04],"texture":"#mesh_palette"},"west":{"uv":[4.96,0.96,7.04,3.04],"texture":"#mesh_palette"},"east":{"uv":[4.96,0.96,7.04,3.04],"texture":"#mesh_palette"}},"from":[7.5,5.5,7],"to":[8.5,7.5,7.5]},{"faces":{"down":{"uv":[4.96,0.96,7.04,3.04],"texture":"#mesh_palette"},"up":{"uv":[4.96,0.96,7.04,3.04],"texture":"#mesh_palette"},"north":{"uv":[4.96,0.96,7.04,3.04],"texture":"#mesh_palette"},"south":{"uv":[4.96,0.96,7.04,3.04],"texture":"#mesh_palette"},"west":{"uv":[4.96,0.96,7.04,3.04],"texture":"#mesh_palette"},"east":{"uv":[4.96,0.96,7.04,3.04],"texture":"#mesh_palette"}},"from":[7.5,5.5,8.5],"to":[8.5,7.5,9]},{"faces":{"down":{"uv":[8.96,4.96,11.04,7.04],"texture":"#mesh_palette"},"up":{"uv":[8.96,4.96,11.04,7.04],"texture":"#mesh_palette"},"north":{"uv":[8.96,4.96,11.04,7.04],"texture":"#mesh_palette"},"south":{"uv":[8.96,4.96,11.04,7.04],"texture":"#mesh_palette"},"west":{"uv":[8.96,4.96,11.04,7.04],"texture":"#mesh_palette"},"east":{"uv":[8.96,4.96,11.04,7.04],"texture":"#mesh_palette"}},"from":[7.5,7.5,7],"to":[8.5,8,7.5]},{"faces":{"down":{"uv":[8.96,4.96,11.04,7.04],"texture":"#mesh_palette"},"up":{"uv":[8.96,4.96,11.04,7.04],"texture":"#mesh_palette"},"north":{"uv":[8.96,4.96,11.04,7.04],"texture":"#mesh_palette"},"south":{"uv":[8.96,4.96,11.04,7.04],"texture":"#mesh_palette"},"west":{"uv":[8.96,4.96,11.04,7.04],"texture":"#mesh_palette"},"east":{"uv":[8.96,4.96,11.04,7.04],"texture":"#mesh_palette"}},"from":[7.5,7.5,8.5],"to":[8.5,8,9]},{"faces":{"down":{"uv":[0.96,8.96,3.04,11.04],"texture":"#mesh_palette"},"up":{"uv":[0.96,8.96,3.04,11.04],"texture":"#mesh_palette"},"north":{"uv":[0.96,8.96,3.04,11.04],"texture":"#mesh_palette"},"south":{"uv":[0.96,8.96,3.04,11.04],"texture":"#mesh_palette"},"west":{"uv":[0.96,8.96,3.04,11.04],"texture":"#mesh_palette"},"east":{"uv":[0.96,8.96,3.04,11.04],"texture":"#mesh_palette"}},"from":[7.5,8,7],"to":[8.5,8.5,7.5]},{"faces":{"down":{"uv":[0.96,8.96,3.04,11.04],"texture":"#mesh_palette"},"up":{"uv":[0.96,8.96,3.04,11.04],"texture":"#mesh_palette"},"north":{"uv":[0.96,8.96,3.04,11.04],"texture":"#mesh_palette"},"south":{"uv":[0.96,8.96,3.04,11.04],"texture":"#mesh_palette"},"west":{"uv":[0.96,8.96,3.04,11.04],"texture":"#mesh_palette"},"east":{"uv":[0.96,8.96,3.04,11.04],"texture":"#mesh_palette"}},"from":[7.5,8,8.5],"to":[8.5,8.5,9]},{"faces":{"down":{"uv":[4.96,8.96,7.04,11.04],"texture":"#mesh_palette"},"up":{"uv":[4.96,8.96,7.04,11.04],"texture":"#mesh_palette"},"north":{"uv":[4.96,8.96,7.04,11.04],"texture":"#mesh_palette"},"south":{"uv":[4.96,8.96,7.04,11.04],"texture":"#mesh_palette"},"west":{"uv":[4.96,8.96,7.04,11.04],"texture":"#mesh_palette"},"east":{"uv":[4.96,8.96,7.04,11.04],"texture":"#mesh_palette"}},"from":[7.5,8.5,7],"to":[8.5,9,7.5]},{"faces":{"down":{"uv":[4.96,8.96,7.04,11.04],"texture":"#mesh_palette"},"up":{"uv":[4.96,8.96,7.04,11.04],"texture":"#mesh_palette"},"north":{"uv":[4.96,8.96,7.04,11.04],"texture":"#mesh_palette"},"south":{"uv":[4.96,8.96,7.04,11.04],"texture":"#mesh_palette"},"west":{"uv":[4.96,8.96,7.04,11.04],"texture":"#mesh_palette"},"east":{"uv":[4.96,8.96,7.04,11.04],"texture":"#mesh_palette"}},"from":[7.5,8.5,8.5],"to":[8.5,9,9]},{"faces":{"down":{"uv":[12.96,4.96,15.04,7.04],"texture":"#mesh_palette"},"up":{"uv":[12.96,4.96,15.04,7.04],"texture":"#mesh_palette"},"north":{"uv":[12.96,4.96,15.04,7.04],"texture":"#mesh_palette"},"south":{"uv":[12.96,4.96,15.04,7.04],"texture":"#mesh_palette"},"west":{"uv":[12.96,4.96,15.04,7.04],"texture":"#mesh_palette"},"east":{"uv":[12.96,4.96,15.04,7.04],"texture":"#mesh_palette"}},"from":[7.5,9,7],"to":[8.5,12.5,7.5]},{"faces":{"down":{"uv":[12.96,4.96,15.04,7.04],"texture":"#mesh_palette"},"up":{"uv":[12.96,4.96,15.04,7.04],"texture":"#mesh_palette"},"north":{"uv":[12.96,4.96,15.04,7.04],"texture":"#mesh_palette"},"south":{"uv":[12.96,4.96,15.04,7.04],"texture":"#mesh_palette"},"west":{"uv":[12.96,4.96,15.04,7.04],"texture":"#mesh_palette"},"east":{"uv":[12.96,4.96,15.04,7.04],"texture":"#mesh_palette"}},"from":[7.5,9,8.5],"to":[8.5,12.5,9]},{"faces":{"down":{"uv":[12.96,4.96,15.04,7.04],"texture":"#mesh_palette"},"up":{"uv":[12.96,4.96,15.04,7.04],"texture":"#mesh_palette"},"north":{"uv":[12.96,4.96,15.04,7.04],"texture":"#mesh_palette"},"south":{"uv":[12.96,4.96,15.04,7.04],"texture":"#mesh_palette"},"west":{"uv":[12.96,4.96,15.04,7.04],"texture":"#mesh_palette"},"east":{"uv":[12.96,4.96,15.04,7.04],"texture":"#mesh_palette"}},"from":[7.5,12.5,6.5],"to":[8.5,13,7]},{"faces":{"down":{"uv":[12.96,4.96,15.04,7.04],"texture":"#mesh_palette"},"up":{"uv":[12.96,4.96,15.04,7.04],"texture":"#mesh_palette"},"north":{"uv":[12.96,4.96,15.04,7.04],"texture":"#mesh_palette"},"south":{"uv":[12.96,4.96,15.04,7.04],"texture":"#mesh_palette"},"west":{"uv":[12.96,4.96,15.04,7.04],"texture":"#mesh_palette"},"east":{"uv":[12.96,4.96,15.04,7.04],"texture":"#mesh_palette"}},"from":[7.5,12.5,9],"to":[8.5,13,9.5]},{"faces":{"down":{"uv":[8.96,0.96,11.04,3.04],"texture":"#mesh_palette"},"up":{"uv":[8.96,0.96,11.04,3.04],"texture":"#mesh_palette"},"north":{"uv":[8.96,0.96,11.04,3.04],"texture":"#mesh_palette"},"south":{"uv":[8.96,0.96,11.04,3.04],"texture":"#mesh_palette"},"west":{"uv":[8.96,0.96,11.04,3.04],"texture":"#mesh_palette"},"east":{"uv":[8.96,0.96,11.04,3.04],"texture":"#mesh_palette"}},"from":[8.5,0.5,6.5],"to":[10,1,7]},{"faces":{"down":{"uv":[8.96,0.96,11.04,3.04],"texture":"#mesh_palette"},"up":{"uv":[8.96,0.96,11.04,3.04],"texture":"#mesh_palette"},"north":{"uv":[8.96,0.96,11.04,3.04],"texture":"#mesh_palette"},"south":{"uv":[8.96,0.96,11.04,3.04],"texture":"#mesh_palette"},"west":{"uv":[8.96,0.96,11.04,3.04],"texture":"#mesh_palette"},"east":{"uv":[8.96,0.96,11.04,3.04],"texture":"#mesh_palette"}},"from":[8.5,0.5,9],"to":[10,1,9.5]},{"faces":{"down":{"uv":[8.96,0.96,11.04,3.04],"texture":"#mesh_palette"},"up":{"uv":[8.96,0.96,11.04,3.04],"texture":"#mesh_palette"},"north":{"uv":[8.96,0.96,11.04,3.04],"texture":"#mesh_palette"},"south":{"uv":[8.96,0.96,11.04,3.04],"texture":"#mesh_palette"},"west":{"uv":[8.96,0.96,11.04,3.04],"texture":"#mesh_palette"},"east":{"uv":[8.96,0.96,11.04,3.04],"texture":"#mesh_palette"}},"from":[8.5,1,6],"to":[10,1.5,6.5]},{"faces":{"down":{"uv":[8.96,0.96,11.04,3.04],"texture":"#mesh_palette"},"up":{"uv":[8.96,0.96,11.04,3.04],"texture":"#mesh_palette"},"north":{"uv":[8.96,0.96,11.04,3.04],"texture":"#mesh_palette"},"south":{"uv":[8.96,0.96,11.04,3.04],"texture":"#mesh_palette"},"west":{"uv":[8.96,0.96,11.04,3.04],"texture":"#mesh_palette"},"east":{"uv":[8.96,0.96,11.04,3.04],"texture":"#mesh_palette"}},"from":[8.5,1,9.5],"to":[10,1.5,10]},{"faces":{"down":{"uv":[8.96,0.96,11.04,3.04],"texture":"#mesh_palette"},"up":{"uv":[8.96,0.96,11.04,3.04],"texture":"#mesh_palette"},"north":{"uv":[8.96,0.96,11.04,3.04],"texture":"#mesh_palette"},"south":{"uv":[8.96,0.96,11.04,3.04],"texture":"#mesh_palette"},"west":{"uv":[8.96,0.96,11.04,3.04],"texture":"#mesh_palette"},"east":{"uv":[8.96,0.96,11.04,3.04],"texture":"#mesh_palette"}},"from":[8.5,2,5.5],"to":[10,2.5,6]},{"faces":{"down":{"uv":[8.96,0.96,11.04,3.04],"texture":"#mesh_palette"},"up":{"uv":[8.96,0.96,11.04,3.04],"texture":"#mesh_palette"},"north":{"uv":[8.96,0.96,11.04,3.04],"texture":"#mesh_palette"},"south":{"uv":[8.96,0.96,11.04,3.04],"texture":"#mesh_palette"},"west":{"uv":[8.96,0.96,11.04,3.04],"texture":"#mesh_palette"},"east":{"uv":[8.96,0.96,11.04,3.04],"texture":"#mesh_palette"}},"from":[8.5,2,10],"to":[10,2.5,10.5]},{"faces":{"down":{"uv":[8.96,8.96,11.04,11.04],"texture":"#mesh_palette"},"up":{"uv":[8.96,8.96,11.04,11.04],"texture":"#mesh_palette"},"north":{"uv":[8.96,8.96,11.04,11.04],"texture":"#mesh_palette"},"south":{"uv":[8.96,8.96,11.04,11.04],"texture":"#mesh_palette"},"west":{"uv":[8.96,8.96,11.04,11.04],"texture":"#mesh_palette"},"east":{"uv":[8.96,8.96,11.04,11.04],"texture":"#mesh_palette"}},"from":[8.5,2.5,5.5],"to":[10,3,6]},{"faces":{"down":{"uv":[8.96,8.96,11.04,11.04],"texture":"#mesh_palette"},"up":{"uv":[8.96,8.96,11.04,11.04],"texture":"#mesh_palette"},"north":{"uv":[8.96,8.96,11.04,11.04],"texture":"#mesh_palette"},"south":{"uv":[8.96,8.96,11.04,11.04],"texture":"#mesh_palette"},"west":{"uv":[8.96,8.96,11.04,11.04],"texture":"#mesh_palette"},"east":{"uv":[8.96,8.96,11.04,11.04],"texture":"#mesh_palette"}},"from":[8.5,2.5,10],"to":[10,3,10.5]},{"faces":{"down":{"uv":[4.96,4.96,7.04,7.04],"texture":"#mesh_palette"},"up":{"uv":[4.96,4.96,7.04,7.04],"texture":"#mesh_palette"},"north":{"uv":[4.96,4.96,7.04,7.04],"texture":"#mesh_palette"},"south":{"uv":[4.96,4.96,7.04,7.04],"texture":"#mesh_palette"},"west":{"uv":[4.96,4.96,7.04,7.04],"texture":"#mesh_palette"},"east":{"uv":[4.96,4.96,7.04,7.04],"texture":"#mesh_palette"}},"from":[8.5,3.5,6],"to":[10,4,6.5]},{"faces":{"down":{"uv":[4.96,4.96,7.04,7.04],"texture":"#mesh_palette"},"up":{"uv":[4.96,4.96,7.04,7.04],"texture":"#mesh_palette"},"north":{"uv":[4.96,4.96,7.04,7.04],"texture":"#mesh_palette"},"south":{"uv":[4.96,4.96,7.04,7.04],"texture":"#mesh_palette"},"west":{"uv":[4.96,4.96,7.04,7.04],"texture":"#mesh_palette"},"east":{"uv":[4.96,4.96,7.04,7.04],"texture":"#mesh_palette"}},"from":[8.5,3.5,9.5],"to":[10,4,10]},{"faces":{"down":{"uv":[4.96,0.96,7.04,3.04],"texture":"#mesh_palette"},"up":{"uv":[4.96,0.96,7.04,3.04],"texture":"#mesh_palette"},"north":{"uv":[4.96,0.96,7.04,3.04],"texture":"#mesh_palette"},"south":{"uv":[4.96,0.96,7.04,3.04],"texture":"#mesh_palette"},"west":{"uv":[4.96,0.96,7.04,3.04],"texture":"#mesh_palette"},"east":{"uv":[4.96,0.96,7.04,3.04],"texture":"#mesh_palette"}},"from":[8.5,4,6.5],"to":[10,4.5,7]},{"faces":{"down":{"uv":[4.96,0.96,7.04,3.04],"texture":"#mesh_palette"},"up":{"uv":[4.96,0.96,7.04,3.04],"texture":"#mesh_palette"},"north":{"uv":[4.96,0.96,7.04,3.04],"texture":"#mesh_palette"},"south":{"uv":[4.96,0.96,7.04,3.04],"texture":"#mesh_palette"},"west":{"uv":[4.96,0.96,7.04,3.04],"texture":"#mesh_palette"},"east":{"uv":[4.96,0.96,7.04,3.04],"texture":"#mesh_palette"}},"from":[8.5,4,9],"to":[10,4.5,9.5]},{"faces":{"down":{"uv":[4.96,0.96,7.04,3.04],"texture":"#mesh_palette"},"up":{"uv":[4.96,0.96,7.04,3.04],"texture":"#mesh_palette"},"north":{"uv":[4.96,0.96,7.04,3.04],"texture":"#mesh_palette"},"south":{"uv":[4.96,0.96,7.04,3.04],"texture":"#mesh_palette"},"west":{"uv":[4.96,0.96,7.04,3.04],"texture":"#mesh_palette"},"east":{"uv":[4.96,0.96,7.04,3.04],"texture":"#mesh_palette"}},"from":[8.5,4.5,7],"to":[10,5,7.5]},{"faces":{"down":{"uv":[4.96,0.96,7.04,3.04],"texture":"#mesh_palette"},"up":{"uv":[4.96,0.96,7.04,3.04],"texture":"#mesh_palette"},"north":{"uv":[4.96,0.96,7.04,3.04],"texture":"#mesh_palette"},"south":{"uv":[4.96,0.96,7.04,3.04],"texture":"#mesh_palette"},"west":{"uv":[4.96,0.96,7.04,3.04],"texture":"#mesh_palette"},"east":{"uv":[4.96,0.96,7.04,3.04],"texture":"#mesh_palette"}},"from":[8.5,4.5,8.5],"to":[10,5,9]},{"faces":{"down":{"uv":[4.96,0.96,7.04,3.04],"texture":"#mesh_palette"},"up":{"uv":[4.96,0.96,7.04,3.04],"texture":"#mesh_palette"},"north":{"uv":[4.96,0.96,7.04,3.04],"texture":"#mesh_palette"},"south":{"uv":[4.96,0.96,7.04,3.04],"texture":"#mesh_palette"},"west":{"uv":[4.96,0.96,7.04,3.04],"texture":"#mesh_palette"},"east":{"uv":[4.96,0.96,7.04,3.04],"texture":"#mesh_palette"}},"from":[8.5,5,7],"to":[9,5.5,7.5]},{"faces":{"down":{"uv":[4.96,0.96,7.04,3.04],"texture":"#mesh_palette"},"up":{"uv":[4.96,0.96,7.04,3.04],"texture":"#mesh_palette"},"north":{"uv":[4.96,0.96,7.04,3.04],"texture":"#mesh_palette"},"south":{"uv":[4.96,0.96,7.04,3.04],"texture":"#mesh_palette"},"west":{"uv":[4.96,0.96,7.04,3.04],"texture":"#mesh_palette"},"east":{"uv":[4.96,0.96,7.04,3.04],"texture":"#mesh_palette"}},"from":[8.5,5,8.5],"to":[9,5.5,9]},{"faces":{"down":{"uv":[4.96,0.96,7.04,3.04],"texture":"#mesh_palette"},"up":{"uv":[4.96,0.96,7.04,3.04],"texture":"#mesh_palette"},"north":{"uv":[4.96,0.96,7.04,3.04],"texture":"#mesh_palette"},"south":{"uv":[4.96,0.96,7.04,3.04],"texture":"#mesh_palette"},"west":{"uv":[4.96,0.96,7.04,3.04],"texture":"#mesh_palette"},"east":{"uv":[4.96,0.96,7.04,3.04],"texture":"#mesh_palette"}},"from":[8.5,5.5,7.5],"to":[9,7.5,8.5]},{"faces":{"down":{"uv":[8.96,4.96,11.04,7.04],"texture":"#mesh_palette"},"up":{"uv":[8.96,4.96,11.04,7.04],"texture":"#mesh_palette"},"north":{"uv":[8.96,4.96,11.04,7.04],"texture":"#mesh_palette"},"south":{"uv":[8.96,4.96,11.04,7.04],"texture":"#mesh_palette"},"west":{"uv":[8.96,4.96,11.04,7.04],"texture":"#mesh_palette"},"east":{"uv":[8.96,4.96,11.04,7.04],"texture":"#mesh_palette"}},"from":[8.5,7.5,7.5],"to":[9,8,8.5]},{"faces":{"down":{"uv":[0.96,8.96,3.04,11.04],"texture":"#mesh_palette"},"up":{"uv":[0.96,8.96,3.04,11.04],"texture":"#mesh_palette"},"north":{"uv":[0.96,8.96,3.04,11.04],"texture":"#mesh_palette"},"south":{"uv":[0.96,8.96,3.04,11.04],"texture":"#mesh_palette"},"west":{"uv":[0.96,8.96,3.04,11.04],"texture":"#mesh_palette"},"east":{"uv":[0.96,8.96,3.04,11.04],"texture":"#mesh_palette"}},"from":[8.5,8,7.5],"to":[9,8.5,8.5]},{"faces":{"down":{"uv":[4.96,8.96,7.04,11.04],"texture":"#mesh_palette"},"up":{"uv":[4.96,8.96,7.04,11.04],"texture":"#mesh_palette"},"north":{"uv":[4.96,8.96,7.04,11.04],"texture":"#mesh_palette"},"south":{"uv":[4.96,8.96,7.04,11.04],"texture":"#mesh_palette"},"west":{"uv":[4.96,8.96,7.04,11.04],"texture":"#mesh_palette"},"east":{"uv":[4.96,8.96,7.04,11.04],"texture":"#mesh_palette"}},"from":[8.5,8.5,7.5],"to":[9,9,8.5]},{"faces":{"down":{"uv":[12.96,4.96,15.04,7.04],"texture":"#mesh_palette"},"up":{"uv":[12.96,4.96,15.04,7.04],"texture":"#mesh_palette"},"north":{"uv":[12.96,4.96,15.04,7.04],"texture":"#mesh_palette"},"south":{"uv":[12.96,4.96,15.04,7.04],"texture":"#mesh_palette"},"west":{"uv":[12.96,4.96,15.04,7.04],"texture":"#mesh_palette"},"east":{"uv":[12.96,4.96,15.04,7.04],"texture":"#mesh_palette"}},"from":[8.5,9,7.5],"to":[9,12.5,8.5]},{"faces":{"down":{"uv":[12.96,4.96,15.04,7.04],"texture":"#mesh_palette"},"up":{"uv":[12.96,4.96,15.04,7.04],"texture":"#mesh_palette"},"north":{"uv":[12.96,4.96,15.04,7.04],"texture":"#mesh_palette"},"south":{"uv":[12.96,4.96,15.04,7.04],"texture":"#mesh_palette"},"west":{"uv":[12.96,4.96,15.04,7.04],"texture":"#mesh_palette"},"east":{"uv":[12.96,4.96,15.04,7.04],"texture":"#mesh_palette"}},"from":[8.5,12.5,7],"to":[9,13,7.5]},{"faces":{"down":{"uv":[12.96,4.96,15.04,7.04],"texture":"#mesh_palette"},"up":{"uv":[12.96,4.96,15.04,7.04],"texture":"#mesh_palette"},"north":{"uv":[12.96,4.96,15.04,7.04],"texture":"#mesh_palette"},"south":{"uv":[12.96,4.96,15.04,7.04],"texture":"#mesh_palette"},"west":{"uv":[12.96,4.96,15.04,7.04],"texture":"#mesh_palette"},"east":{"uv":[12.96,4.96,15.04,7.04],"texture":"#mesh_palette"}},"from":[8.5,12.5,8.5],"to":[9,13,9]},{"faces":{"down":{"uv":[8.96,0.96,11.04,3.04],"texture":"#mesh_palette"},"up":{"uv":[8.96,0.96,11.04,3.04],"texture":"#mesh_palette"},"north":{"uv":[8.96,0.96,11.04,3.04],"texture":"#mesh_palette"},"south":{"uv":[8.96,0.96,11.04,3.04],"texture":"#mesh_palette"},"west":{"uv":[8.96,0.96,11.04,3.04],"texture":"#mesh_palette"},"east":{"uv":[8.96,0.96,11.04,3.04],"texture":"#mesh_palette"}},"from":[9,0.5,7],"to":[10.5,1,7.5]},{"faces":{"down":{"uv":[8.96,0.96,11.04,3.04],"texture":"#mesh_palette"},"up":{"uv":[8.96,0.96,11.04,3.04],"texture":"#mesh_palette"},"north":{"uv":[8.96,0.96,11.04,3.04],"texture":"#mesh_palette"},"south":{"uv":[8.96,0.96,11.04,3.04],"texture":"#mesh_palette"},"west":{"uv":[8.96,0.96,11.04,3.04],"texture":"#mesh_palette"},"east":{"uv":[8.96,0.96,11.04,3.04],"texture":"#mesh_palette"}},"from":[9,0.5,8.5],"to":[10.5,1,9]},{"faces":{"down":{"uv":[4.96,0.96,7.04,3.04],"texture":"#mesh_palette"},"up":{"uv":[4.96,0.96,7.04,3.04],"texture":"#mesh_palette"},"north":{"uv":[4.96,0.96,7.04,3.04],"texture":"#mesh_palette"},"south":{"uv":[4.96,0.96,7.04,3.04],"texture":"#mesh_palette"},"west":{"uv":[4.96,0.96,7.04,3.04],"texture":"#mesh_palette"},"east":{"uv":[4.96,0.96,7.04,3.04],"texture":"#mesh_palette"}},"from":[9,4,7],"to":[10.5,4.5,7.5]},{"faces":{"down":{"uv":[4.96,0.96,7.04,3.04],"texture":"#mesh_palette"},"up":{"uv":[4.96,0.96,7.04,3.04],"texture":"#mesh_palette"},"north":{"uv":[4.96,0.96,7.04,3.04],"texture":"#mesh_palette"},"south":{"uv":[4.96,0.96,7.04,3.04],"texture":"#mesh_palette"},"west":{"uv":[4.96,0.96,7.04,3.04],"texture":"#mesh_palette"},"east":{"uv":[4.96,0.96,7.04,3.04],"texture":"#mesh_palette"}},"from":[9,4,8.5],"to":[10.5,4.5,9]},{"faces":{"down":{"uv":[4.96,0.96,7.04,3.04],"texture":"#mesh_palette"},"up":{"uv":[4.96,0.96,7.04,3.04],"texture":"#mesh_palette"},"north":{"uv":[4.96,0.96,7.04,3.04],"texture":"#mesh_palette"},"south":{"uv":[4.96,0.96,7.04,3.04],"texture":"#mesh_palette"},"west":{"uv":[4.96,0.96,7.04,3.04],"texture":"#mesh_palette"},"east":{"uv":[4.96,0.96,7.04,3.04],"texture":"#mesh_palette"}},"from":[9,5,7.5],"to":[9.5,5.5,8.5]},{"faces":{"down":{"uv":[12.96,4.96,15.04,7.04],"texture":"#mesh_palette"},"up":{"uv":[12.96,4.96,15.04,7.04],"texture":"#mesh_palette"},"north":{"uv":[12.96,4.96,15.04,7.04],"texture":"#mesh_palette"},"south":{"uv":[12.96,4.96,15.04,7.04],"texture":"#mesh_palette"},"west":{"uv":[12.96,4.96,15.04,7.04],"texture":"#mesh_palette"},"east":{"uv":[12.96,4.96,15.04,7.04],"texture":"#mesh_palette"}},"from":[9,12.5,7.5],"to":[9.5,13,8.5]},{"faces":{"down":{"uv":[8.96,0.96,11.04,3.04],"texture":"#mesh_palette"},"up":{"uv":[8.96,0.96,11.04,3.04],"texture":"#mesh_palette"},"north":{"uv":[8.96,0.96,11.04,3.04],"texture":"#mesh_palette"},"south":{"uv":[8.96,0.96,11.04,3.04],"texture":"#mesh_palette"},"west":{"uv":[8.96,0.96,11.04,3.04],"texture":"#mesh_palette"},"east":{"uv":[8.96,0.96,11.04,3.04],"texture":"#mesh_palette"}},"from":[9.5,0.5,7.5],"to":[10.5,1,8.5]},{"faces":{"down":{"uv":[8.96,0.96,11.04,3.04],"texture":"#mesh_palette"},"up":{"uv":[8.96,0.96,11.04,3.04],"texture":"#mesh_palette"},"north":{"uv":[8.96,0.96,11.04,3.04],"texture":"#mesh_palette"},"south":{"uv":[8.96,0.96,11.04,3.04],"texture":"#mesh_palette"},"west":{"uv":[8.96,0.96,11.04,3.04],"texture":"#mesh_palette"},"east":{"uv":[8.96,0.96,11.04,3.04],"texture":"#mesh_palette"}},"from":[9.5,1,6.5],"to":[10.5,1.5,7.5]},{"faces":{"down":{"uv":[8.96,0.96,11.04,3.04],"texture":"#mesh_palette"},"up":{"uv":[8.96,0.96,11.04,3.04],"texture":"#mesh_palette"},"north":{"uv":[8.96,0.96,11.04,3.04],"texture":"#mesh_palette"},"south":{"uv":[8.96,0.96,11.04,3.04],"texture":"#mesh_palette"},"west":{"uv":[8.96,0.96,11.04,3.04],"texture":"#mesh_palette"},"east":{"uv":[8.96,0.96,11.04,3.04],"texture":"#mesh_palette"}},"from":[9.5,1,8.5],"to":[10.5,1.5,9.5]},{"faces":{"down":{"uv":[8.96,0.96,11.04,3.04],"texture":"#mesh_palette"},"up":{"uv":[8.96,0.96,11.04,3.04],"texture":"#mesh_palette"},"north":{"uv":[8.96,0.96,11.04,3.04],"texture":"#mesh_palette"},"south":{"uv":[8.96,0.96,11.04,3.04],"texture":"#mesh_palette"},"west":{"uv":[8.96,0.96,11.04,3.04],"texture":"#mesh_palette"},"east":{"uv":[8.96,0.96,11.04,3.04],"texture":"#mesh_palette"}},"from":[9.5,1.5,6],"to":[10.5,2.5,6.5]},{"faces":{"down":{"uv":[8.96,0.96,11.04,3.04],"texture":"#mesh_palette"},"up":{"uv":[8.96,0.96,11.04,3.04],"texture":"#mesh_palette"},"north":{"uv":[8.96,0.96,11.04,3.04],"texture":"#mesh_palette"},"south":{"uv":[8.96,0.96,11.04,3.04],"texture":"#mesh_palette"},"west":{"uv":[8.96,0.96,11.04,3.04],"texture":"#mesh_palette"},"east":{"uv":[8.96,0.96,11.04,3.04],"texture":"#mesh_palette"}},"from":[9.5,1.5,9.5],"to":[10.5,2.5,10]},{"faces":{"down":{"uv":[8.96,0.96,11.04,3.04],"texture":"#mesh_palette"},"up":{"uv":[8.96,0.96,11.04,3.04],"texture":"#mesh_palette"},"north":{"uv":[8.96,0.96,11.04,3.04],"texture":"#mesh_palette"},"south":{"uv":[8.96,0.96,11.04,3.04],"texture":"#mesh_palette"},"west":{"uv":[8.96,0.96,11.04,3.04],"texture":"#mesh_palette"},"east":{"uv":[8.96,0.96,11.04,3.04],"texture":"#mesh_palette"}},"from":[9.5,1.5,10],"to":[10,2,10.5]},{"faces":{"down":{"uv":[8.96,8.96,11.04,11.04],"texture":"#mesh_palette"},"up":{"uv":[8.96,8.96,11.04,11.04],"texture":"#mesh_palette"},"north":{"uv":[8.96,8.96,11.04,11.04],"texture":"#mesh_palette"},"south":{"uv":[8.96,8.96,11.04,11.04],"texture":"#mesh_palette"},"west":{"uv":[8.96,8.96,11.04,11.04],"texture":"#mesh_palette"},"east":{"uv":[8.96,8.96,11.04,11.04],"texture":"#mesh_palette"}},"from":[9.5,2.5,6],"to":[10.5,3,6.5]},{"faces":{"down":{"uv":[8.96,8.96,11.04,11.04],"texture":"#mesh_palette"},"up":{"uv":[8.96,8.96,11.04,11.04],"texture":"#mesh_palette"},"north":{"uv":[8.96,8.96,11.04,11.04],"texture":"#mesh_palette"},"south":{"uv":[8.96,8.96,11.04,11.04],"texture":"#mesh_palette"},"west":{"uv":[8.96,8.96,11.04,11.04],"texture":"#mesh_palette"},"east":{"uv":[8.96,8.96,11.04,11.04],"texture":"#mesh_palette"}},"from":[9.5,2.5,9.5],"to":[10.5,3,10]},{"faces":{"down":{"uv":[0.96,4.96,3.04,7.04],"texture":"#mesh_palette"},"up":{"uv":[0.96,4.96,3.04,7.04],"texture":"#mesh_palette"},"north":{"uv":[0.96,4.96,3.04,7.04],"texture":"#mesh_palette"},"south":{"uv":[0.96,4.96,3.04,7.04],"texture":"#mesh_palette"},"west":{"uv":[0.96,4.96,3.04,7.04],"texture":"#mesh_palette"},"east":{"uv":[0.96,4.96,3.04,7.04],"texture":"#mesh_palette"}},"from":[9.5,3,6],"to":[10.5,3.5,6.5]},{"faces":{"down":{"uv":[0.96,4.96,3.04,7.04],"texture":"#mesh_palette"},"up":{"uv":[0.96,4.96,3.04,7.04],"texture":"#mesh_palette"},"north":{"uv":[0.96,4.96,3.04,7.04],"texture":"#mesh_palette"},"south":{"uv":[0.96,4.96,3.04,7.04],"texture":"#mesh_palette"},"west":{"uv":[0.96,4.96,3.04,7.04],"texture":"#mesh_palette"},"east":{"uv":[0.96,4.96,3.04,7.04],"texture":"#mesh_palette"}},"from":[9.5,3,9.5],"to":[10.5,3.5,10]},{"faces":{"down":{"uv":[4.96,4.96,7.04,7.04],"texture":"#mesh_palette"},"up":{"uv":[4.96,4.96,7.04,7.04],"texture":"#mesh_palette"},"north":{"uv":[4.96,4.96,7.04,7.04],"texture":"#mesh_palette"},"south":{"uv":[4.96,4.96,7.04,7.04],"texture":"#mesh_palette"},"west":{"uv":[4.96,4.96,7.04,7.04],"texture":"#mesh_palette"},"east":{"uv":[4.96,4.96,7.04,7.04],"texture":"#mesh_palette"}},"from":[9.5,3.5,6.5],"to":[10.5,4,7.5]},{"faces":{"down":{"uv":[4.96,4.96,7.04,7.04],"texture":"#mesh_palette"},"up":{"uv":[4.96,4.96,7.04,7.04],"texture":"#mesh_palette"},"north":{"uv":[4.96,4.96,7.04,7.04],"texture":"#mesh_palette"},"south":{"uv":[4.96,4.96,7.04,7.04],"texture":"#mesh_palette"},"west":{"uv":[4.96,4.96,7.04,7.04],"texture":"#mesh_palette"},"east":{"uv":[4.96,4.96,7.04,7.04],"texture":"#mesh_palette"}},"from":[9.5,3.5,8.5],"to":[10.5,4,9.5]},{"faces":{"down":{"uv":[8.96,0.96,11.04,3.04],"texture":"#mesh_palette"},"up":{"uv":[8.96,0.96,11.04,3.04],"texture":"#mesh_palette"},"north":{"uv":[8.96,0.96,11.04,3.04],"texture":"#mesh_palette"},"south":{"uv":[8.96,0.96,11.04,3.04],"texture":"#mesh_palette"},"west":{"uv":[8.96,0.96,11.04,3.04],"texture":"#mesh_palette"},"east":{"uv":[8.96,0.96,11.04,3.04],"texture":"#mesh_palette"}},"from":[10,1,7.5],"to":[11,2,8.5]},{"faces":{"down":{"uv":[8.96,0.96,11.04,3.04],"texture":"#mesh_palette"},"up":{"uv":[8.96,0.96,11.04,3.04],"texture":"#mesh_palette"},"north":{"uv":[8.96,0.96,11.04,3.04],"texture":"#mesh_palette"},"south":{"uv":[8.96,0.96,11.04,3.04],"texture":"#mesh_palette"},"west":{"uv":[8.96,0.96,11.04,3.04],"texture":"#mesh_palette"},"east":{"uv":[8.96,0.96,11.04,3.04],"texture":"#mesh_palette"}},"from":[10,1.5,6.5],"to":[10.5,2.5,7.5]},{"faces":{"down":{"uv":[8.96,0.96,11.04,3.04],"texture":"#mesh_palette"},"up":{"uv":[8.96,0.96,11.04,3.04],"texture":"#mesh_palette"},"north":{"uv":[8.96,0.96,11.04,3.04],"texture":"#mesh_palette"},"south":{"uv":[8.96,0.96,11.04,3.04],"texture":"#mesh_palette"},"west":{"uv":[8.96,0.96,11.04,3.04],"texture":"#mesh_palette"},"east":{"uv":[8.96,0.96,11.04,3.04],"texture":"#mesh_palette"}},"from":[10,1.5,8.5],"to":[11,2.5,9]},{"faces":{"down":{"uv":[8.96,0.96,11.04,3.04],"texture":"#mesh_palette"},"up":{"uv":[8.96,0.96,11.04,3.04],"texture":"#mesh_palette"},"north":{"uv":[8.96,0.96,11.04,3.04],"texture":"#mesh_palette"},"south":{"uv":[8.96,0.96,11.04,3.04],"texture":"#mesh_palette"},"west":{"uv":[8.96,0.96,11.04,3.04],"texture":"#mesh_palette"},"east":{"uv":[8.96,0.96,11.04,3.04],"texture":"#mesh_palette"}},"from":[10,1.5,9],"to":[10.5,2.5,9.5]},{"faces":{"down":{"uv":[8.96,8.96,11.04,11.04],"texture":"#mesh_palette"},"up":{"uv":[8.96,8.96,11.04,11.04],"texture":"#mesh_palette"},"north":{"uv":[8.96,8.96,11.04,11.04],"texture":"#mesh_palette"},"south":{"uv":[8.96,8.96,11.04,11.04],"texture":"#mesh_palette"},"west":{"uv":[8.96,8.96,11.04,11.04],"texture":"#mesh_palette"},"east":{"uv":[8.96,8.96,11.04,11.04],"texture":"#mesh_palette"}},"from":[10,2.5,6.5],"to":[11,3,7.5]},{"faces":{"down":{"uv":[8.96,8.96,11.04,11.04],"texture":"#mesh_palette"},"up":{"uv":[8.96,8.96,11.04,11.04],"texture":"#mesh_palette"},"north":{"uv":[8.96,8.96,11.04,11.04],"texture":"#mesh_palette"},"south":{"uv":[8.96,8.96,11.04,11.04],"texture":"#mesh_palette"},"west":{"uv":[8.96,8.96,11.04,11.04],"texture":"#mesh_palette"},"east":{"uv":[8.96,8.96,11.04,11.04],"texture":"#mesh_palette"}},"from":[10,2.5,8.5],"to":[11,3,9.5]},{"faces":{"down":{"uv":[0.96,4.96,3.04,7.04],"texture":"#mesh_palette"},"up":{"uv":[0.96,4.96,3.04,7.04],"texture":"#mesh_palette"},"north":{"uv":[0.96,4.96,3.04,7.04],"texture":"#mesh_palette"},"south":{"uv":[0.96,4.96,3.04,7.04],"texture":"#mesh_palette"},"west":{"uv":[0.96,4.96,3.04,7.04],"texture":"#mesh_palette"},"east":{"uv":[0.96,4.96,3.04,7.04],"texture":"#mesh_palette"}},"from":[10,3,6.5],"to":[10.5,3.5,9.5]},{"faces":{"down":{"uv":[8.96,0.96,11.04,3.04],"texture":"#mesh_palette"},"up":{"uv":[8.96,0.96,11.04,3.04],"texture":"#mesh_palette"},"north":{"uv":[8.96,0.96,11.04,3.04],"texture":"#mesh_palette"},"south":{"uv":[8.96,0.96,11.04,3.04],"texture":"#mesh_palette"},"west":{"uv":[8.96,0.96,11.04,3.04],"texture":"#mesh_palette"},"east":{"uv":[8.96,0.96,11.04,3.04],"texture":"#mesh_palette"}},"from":[10.5,1.5,7],"to":[11,2.5,7.5]},{"faces":{"down":{"uv":[8.96,0.96,11.04,3.04],"texture":"#mesh_palette"},"up":{"uv":[8.96,0.96,11.04,3.04],"texture":"#mesh_palette"},"north":{"uv":[8.96,0.96,11.04,3.04],"texture":"#mesh_palette"},"south":{"uv":[8.96,0.96,11.04,3.04],"texture":"#mesh_palette"},"west":{"uv":[8.96,0.96,11.04,3.04],"texture":"#mesh_palette"},"east":{"uv":[8.96,0.96,11.04,3.04],"texture":"#mesh_palette"}},"from":[10.5,2,6.5],"to":[11,2.5,7]},{"faces":{"down":{"uv":[8.96,0.96,11.04,3.04],"texture":"#mesh_palette"},"up":{"uv":[8.96,0.96,11.04,3.04],"texture":"#mesh_palette"},"north":{"uv":[8.96,0.96,11.04,3.04],"texture":"#mesh_palette"},"south":{"uv":[8.96,0.96,11.04,3.04],"texture":"#mesh_palette"},"west":{"uv":[8.96,0.96,11.04,3.04],"texture":"#mesh_palette"},"east":{"uv":[8.96,0.96,11.04,3.04],"texture":"#mesh_palette"}},"from":[10.5,2,7.5],"to":[11,2.5,8.5]},{"faces":{"down":{"uv":[8.96,0.96,11.04,3.04],"texture":"#mesh_palette"},"up":{"uv":[8.96,0.96,11.04,3.04],"texture":"#mesh_palette"},"north":{"uv":[8.96,0.96,11.04,3.04],"texture":"#mesh_palette"},"south":{"uv":[8.96,0.96,11.04,3.04],"texture":"#mesh_palette"},"west":{"uv":[8.96,0.96,11.04,3.04],"texture":"#mesh_palette"},"east":{"uv":[8.96,0.96,11.04,3.04],"texture":"#mesh_palette"}},"from":[10.5,2,9],"to":[11,2.5,9.5]},{"faces":{"down":{"uv":[8.96,8.96,11.04,11.04],"texture":"#mesh_palette"},"up":{"uv":[8.96,8.96,11.04,11.04],"texture":"#mesh_palette"},"north":{"uv":[8.96,8.96,11.04,11.04],"texture":"#mesh_palette"},"south":{"uv":[8.96,8.96,11.04,11.04],"texture":"#mesh_palette"},"west":{"uv":[8.96,8.96,11.04,11.04],"texture":"#mesh_palette"},"east":{"uv":[8.96,8.96,11.04,11.04],"texture":"#mesh_palette"}},"from":[10.5,2.5,7.5],"to":[11,3,8.5]},{"faces":{"down":{"uv":[0.96,4.96,3.04,7.04],"texture":"#mesh_palette"},"up":{"uv":[0.96,4.96,3.04,7.04],"texture":"#mesh_palette"},"north":{"uv":[0.96,4.96,3.04,7.04],"texture":"#mesh_palette"},"south":{"uv":[0.96,4.96,3.04,7.04],"texture":"#mesh_palette"},"west":{"uv":[0.96,4.96,3.04,7.04],"texture":"#mesh_palette"},"east":{"uv":[0.96,4.96,3.04,7.04],"texture":"#mesh_palette"}},"from":[10.5,3,7],"to":[11,3.5,9]},{"faces":{"down":{"uv":[4.96,4.96,7.04,7.04],"texture":"#mesh_palette"},"up":{"uv":[4.96,4.96,7.04,7.04],"texture":"#mesh_palette"},"north":{"uv":[4.96,4.96,7.04,7.04],"texture":"#mesh_palette"},"south":{"uv":[4.96,4.96,7.04,7.04],"texture":"#mesh_palette"},"west":{"uv":[4.96,4.96,7.04,7.04],"texture":"#mesh_palette"},"east":{"uv":[4.96,4.96,7.04,7.04],"texture":"#mesh_palette"}},"from":[10.5,3.5,7.5],"to":[11,4,8.5]},{"faces":{"down":{"uv":[4.96,0.96,7.04,3.04],"texture":"#mesh_palette"},"up":{"uv":[4.96,0.96,7.04,3.04],"texture":"#mesh_palette"},"north":{"uv":[4.96,0.96,7.04,3.04],"texture":"#mesh_palette"},"south":{"uv":[4.96,0.96,7.04,3.04],"texture":"#mesh_palette"},"west":{"uv":[4.96,0.96,7.04,3.04],"texture":"#mesh_palette"},"east":{"uv":[4.96,0.96,7.04,3.04],"texture":"#mesh_palette"}},"from":[4.5,5.5,7.5],"to":[5,6,8.5]},{"faces":{"down":{"uv":[6.5,6.5,9.5,9.5],"texture":"#texture"},"up":{"uv":[6.5,6.5,9.5,9.5],"texture":"#texture"},"north":{"uv":[6.5,14,9.5,14.5],"texture":"#texture"},"south":{"uv":[6.5,14,9.5,14.5],"texture":"#texture"},"west":{"uv":[6.5,14,9.5,14.5],"texture":"#texture"},"east":{"uv":[6.5,14,9.5,14.5],"texture":"#texture"}},"from":[6.5,1.5,6.5],"to":[9.5,2,9.5]}],"gui_light":"front"}