{
	"format_version": "1.21.6",
	"credit": "Made with Blockbench",
	"parent": "item/shotgun/musket",
	"textures": {
		"0": "item/flans/weapons/shotgun/golden_musket",
		"particle": "item/flans/weapons/shotgun/golden_musket"
	},
	"elements": [
		{
			"name": "golden_musket_0",
			"from": [1, 13, 0],
			"to": [2, 16, 1],
			"faces": {
				"north": {"uv": [2, 0, 1, 3], "texture": "#0"},
				"east": {"uv": [1, 0, 2, 3], "texture": "#0"},
				"south": {"uv": [1, 0, 2, 3], "texture": "#0"},
				"west": {"uv": [1, 0, 2, 3], "texture": "#0"},
				"up": {"uv": [1, 0, 2, 1], "texture": "#0"},
				"down": {"uv": [1, 2, 2, 3], "texture": "#0"}
			}
		},
		{
			"name": "golden_musket_1",
			"from": [0, 14, 0],
			"to": [1, 15, 1],
			"faces": {
				"north": {"uv": [1, 1, 0, 2], "texture": "#0"},
				"east": {"uv": [0, 1, 1, 2], "texture": "#0"},
				"south": {"uv": [0, 1, 1, 2], "texture": "#0"},
				"west": {"uv": [0, 1, 1, 2], "texture": "#0"},
				"up": {"uv": [0, 1, 1, 2], "texture": "#0"},
				"down": {"uv": [0, 1, 1, 2], "texture": "#0"}
			}
		},
		{
			"name": "golden_musket_2",
			"from": [2, 12, 0],
			"to": [3, 15, 1],
			"faces": {
				"north": {"uv": [3, 1, 2, 4], "texture": "#0"},
				"east": {"uv": [2, 1, 3, 4], "texture": "#0"},
				"south": {"uv": [2, 1, 3, 4], "texture": "#0"},
				"west": {"uv": [2, 1, 3, 4], "texture": "#0"},
				"up": {"uv": [2, 1, 3, 2], "texture": "#0"},
				"down": {"uv": [2, 3, 3, 4], "texture": "#0"}
			}
		},
		{
			"name": "golden_musket_3",
			"from": [3, 11, 0],
			"to": [4, 14, 1],
			"faces": {
				"north": {"uv": [4, 2, 3, 5], "texture": "#0"},
				"east": {"uv": [3, 2, 4, 5], "texture": "#0"},
				"south": {"uv": [3, 2, 4, 5], "texture": "#0"},
				"west": {"uv": [3, 2, 4, 5], "texture": "#0"},
				"up": {"uv": [3, 2, 4, 3], "texture": "#0"},
				"down": {"uv": [3, 4, 4, 5], "texture": "#0"}
			}
		},
		{
			"name": "golden_musket_4",
			"from": [4, 9, 0],
			"to": [5, 13, 1],
			"faces": {
				"north": {"uv": [5, 3, 4, 7], "texture": "#0"},
				"east": {"uv": [4, 3, 5, 7], "texture": "#0"},
				"south": {"uv": [4, 3, 5, 7], "texture": "#0"},
				"west": {"uv": [4, 3, 5, 7], "texture": "#0"},
				"up": {"uv": [4, 3, 5, 4], "texture": "#0"},
				"down": {"uv": [4, 6, 5, 7], "texture": "#0"}
			}
		},
		{
			"name": "golden_musket_5",
			"from": [5, 8, 0],
			"to": [6, 12, 1],
			"faces": {
				"north": {"uv": [6, 4, 5, 8], "texture": "#0"},
				"east": {"uv": [5, 4, 6, 8], "texture": "#0"},
				"south": {"uv": [5, 4, 6, 8], "texture": "#0"},
				"west": {"uv": [5, 4, 6, 8], "texture": "#0"},
				"up": {"uv": [5, 4, 6, 5], "texture": "#0"},
				"down": {"uv": [5, 7, 6, 8], "texture": "#0"}
			}
		},
		{
			"name": "golden_musket_6",
			"from": [6, 7, 0],
			"to": [7, 11, 1],
			"faces": {
				"north": {"uv": [7, 5, 6, 9], "texture": "#0"},
				"east": {"uv": [6, 5, 7, 9], "texture": "#0"},
				"south": {"uv": [6, 5, 7, 9], "texture": "#0"},
				"west": {"uv": [6, 5, 7, 9], "texture": "#0"},
				"up": {"uv": [6, 5, 7, 6], "texture": "#0"},
				"down": {"uv": [6, 8, 7, 9], "texture": "#0"}
			}
		},
		{
			"name": "golden_musket_7",
			"from": [7, 6, 0],
			"to": [8, 10, 1],
			"faces": {
				"north": {"uv": [8, 6, 7, 10], "texture": "#0"},
				"east": {"uv": [7, 6, 8, 10], "texture": "#0"},
				"south": {"uv": [7, 6, 8, 10], "texture": "#0"},
				"west": {"uv": [7, 6, 8, 10], "texture": "#0"},
				"up": {"uv": [7, 6, 8, 7], "texture": "#0"},
				"down": {"uv": [7, 9, 8, 10], "texture": "#0"}
			}
		},
		{
			"name": "golden_musket_8",
			"from": [8, 5, 0],
			"to": [9, 9, 1],
			"faces": {
				"north": {"uv": [9, 7, 8, 11], "texture": "#0"},
				"east": {"uv": [8, 7, 9, 11], "texture": "#0"},
				"south": {"uv": [8, 7, 9, 11], "texture": "#0"},
				"west": {"uv": [8, 7, 9, 11], "texture": "#0"},
				"up": {"uv": [8, 7, 9, 8], "texture": "#0"},
				"down": {"uv": [8, 10, 9, 11], "texture": "#0"}
			}
		},
		{
			"name": "golden_musket_9",
			"from": [9, 4, 0],
			"to": [10, 8, 1],
			"faces": {
				"north": {"uv": [10, 8, 9, 12], "texture": "#0"},
				"east": {"uv": [9, 8, 10, 12], "texture": "#0"},
				"south": {"uv": [9, 8, 10, 12], "texture": "#0"},
				"west": {"uv": [9, 8, 10, 12], "texture": "#0"},
				"up": {"uv": [9, 8, 10, 9], "texture": "#0"},
				"down": {"uv": [9, 11, 10, 12], "texture": "#0"}
			}
		},
		{
			"name": "golden_musket_10",
			"from": [10, 1, 0],
			"to": [11, 7, 1],
			"faces": {
				"north": {"uv": [11, 9, 10, 15], "texture": "#0"},
				"east": {"uv": [10, 9, 11, 15], "texture": "#0"},
				"south": {"uv": [10, 9, 11, 15], "texture": "#0"},
				"west": {"uv": [10, 9, 11, 15], "texture": "#0"},
				"up": {"uv": [10, 9, 11, 10], "texture": "#0"},
				"down": {"uv": [10, 14, 11, 15], "texture": "#0"}
			}
		},
		{
			"name": "golden_musket_11",
			"from": [11, 0, 0],
			"to": [12, 6, 1],
			"faces": {
				"north": {"uv": [12, 10, 11, 16], "texture": "#0"},
				"east": {"uv": [11, 10, 12, 16], "texture": "#0"},
				"south": {"uv": [11, 10, 12, 16], "texture": "#0"},
				"west": {"uv": [11, 10, 12, 16], "texture": "#0"},
				"up": {"uv": [11, 10, 12, 11], "texture": "#0"},
				"down": {"uv": [11, 15, 12, 16], "texture": "#0"}
			}
		},
		{
			"name": "golden_musket_12",
			"from": [12, 0, 0],
			"to": [13, 5, 1],
			"faces": {
				"north": {"uv": [13, 11, 12, 16], "texture": "#0"},
				"east": {"uv": [12, 11, 13, 16], "texture": "#0"},
				"south": {"uv": [12, 11, 13, 16], "texture": "#0"},
				"west": {"uv": [12, 11, 13, 16], "texture": "#0"},
				"up": {"uv": [12, 11, 13, 12], "texture": "#0"},
				"down": {"uv": [12, 15, 13, 16], "texture": "#0"}
			}
		},
		{
			"name": "golden_musket_13",
			"from": [8, 3, 0],
			"to": [9, 4, 1],
			"faces": {
				"north": {"uv": [9, 12, 8, 13], "texture": "#0"},
				"east": {"uv": [8, 12, 9, 13], "texture": "#0"},
				"south": {"uv": [8, 12, 9, 13], "texture": "#0"},
				"west": {"uv": [8, 12, 9, 13], "texture": "#0"},
				"up": {"uv": [8, 12, 9, 13], "texture": "#0"},
				"down": {"uv": [8, 12, 9, 13], "texture": "#0"}
			}
		},
		{
			"name": "golden_musket_14",
			"from": [9, 2, 0],
			"to": [10, 3, 1],
			"faces": {
				"north": {"uv": [10, 13, 9, 14], "texture": "#0"},
				"east": {"uv": [9, 13, 10, 14], "texture": "#0"},
				"south": {"uv": [9, 13, 10, 14], "texture": "#0"},
				"west": {"uv": [9, 13, 10, 14], "texture": "#0"},
				"up": {"uv": [9, 13, 10, 14], "texture": "#0"},
				"down": {"uv": [9, 13, 10, 14], "texture": "#0"}
			}
		},
		{
			"name": "golden_musket_15",
			"from": [13, 0, 0],
			"to": [14, 3, 1],
			"faces": {
				"north": {"uv": [14, 13, 13, 16], "texture": "#0"},
				"east": {"uv": [13, 13, 14, 16], "texture": "#0"},
				"south": {"uv": [13, 13, 14, 16], "texture": "#0"},
				"west": {"uv": [13, 13, 14, 16], "texture": "#0"},
				"up": {"uv": [13, 13, 14, 14], "texture": "#0"},
				"down": {"uv": [13, 15, 14, 16], "texture": "#0"}
			}
		},
		{
			"name": "golden_musket_16",
			"from": [14, 1, 0],
			"to": [15, 2, 1],
			"faces": {
				"north": {"uv": [15, 14, 14, 15], "texture": "#0"},
				"east": {"uv": [14, 14, 15, 15], "texture": "#0"},
				"south": {"uv": [14, 14, 15, 15], "texture": "#0"},
				"west": {"uv": [14, 14, 15, 15], "texture": "#0"},
				"up": {"uv": [14, 14, 15, 15], "texture": "#0"},
				"down": {"uv": [14, 14, 15, 15], "texture": "#0"}
			}
		}
	],
	"display": {
		"thirdperson_righthand": {
			"rotation": [-40, -90, 0],
			"translation": [-5.75, 1.25, -2.25],
			"scale": [0.8, 0.8, 0.8]
		},
		"thirdperson_lefthand": {
			"rotation": [-40, 90, 0],
			"translation": [5.75, 1.25, -2.5],
			"scale": [0.8, 0.8, 0.8]
		},
		"firstperson_righthand": {
			"rotation": [1, -90, 35],
			"translation": [-5, 3.75, -2.5],
			"scale": [0.8, 0.8, 0.8]
		},
		"firstperson_lefthand": {
			"rotation": [0, 90, -35],
			"translation": [6, 4, -1.5],
			"scale": [0.8, 0.8, 0.8]
		},
		"ground": {
			"translation": [0, 3.5, 1.5],
			"scale": [0.8, 0.8, 0.8]
		},
		"gui": {
			"rotation": [14, -180, 0],
			"translation": [0.31, 1.75, 0]
		},
		"head": {
			"translation": [0, 13, 2]
		},
		"fixed": {
			"rotation": [1, -3, 90],
			"translation": [-0.25, -0.25, 7.5]
		}
	},
	"groups": [
		{
			"name": "golden_musket",
			"origin": [8, 8, 8],
			"color": 0,
			"children": [0, 1, 2, 3, 4, 5, 6, 7, 8, 9, 10, 11, 12, 13, 14, 15, 16]
		}
	]
}