{"credit":"Made with Blockbench","texture_size":[64,64],"textures":{"0":"items/backpack","particle":"items/backpack"},"elements":[{"from":[3,0,5.225],"to":[12,5.775,9.975],"faces":{"north":{"uv":[2.15625,0.0625,0.03125,1.40625],"texture":"#0"},"east":{"uv":[4.5,2,5.6875,3.4375],"texture":"#0"},"south":{"uv":[0,1.5,2.25,2.9375],"texture":"#0"},"west":{"uv":[4.5,3.5,5.6875,4.9375],"texture":"#0"},"up":{"uv":[4.40625,1.1875,2.15625,0],"texture":"#0"},"down":{"uv":[4.5,1.25,2.25,2.4375],"texture":"#0"}}},{"from":[4,1,4.2],"to":[11,5,5.6],"faces":{"north":{"uv":[4.5,0,6.25,1],"texture":"#0"},"east":{"uv":[5.25,6.5,5.59375,7.5],"texture":"#0"},"south":{"uv":[4.5,1,6.25,2],"texture":"#0"},"west":{"uv":[5.75,6.5,6.09375,7.5],"texture":"#0"},"up":{"uv":[7,6.34375,5.25,6],"texture":"#0"},"down":{"uv":[8,0,6.25,0.34375],"texture":"#0"}}},{"from":[2.225,1.325,5.975],"to":[3,4.45,9.275],"faces":{"north":{"uv":[0.25,7.5,0.4375,8.28125],"texture":"#0"},"east":{"uv":[5.75,3,6.5625,3.78125],"texture":"#0"},"south":{"uv":[0.5,7.5,0.6875,8.28125],"texture":"#0"},"west":{"uv":[5.75,4,6.5625,4.78125],"texture":"#0"},"up":{"uv":[4.1875,7.8125,4,7],"texture":"#0"},"down":{"uv":[6.9375,7,6.75,7.8125],"texture":"#0"}}},{"from":[2.475,6.3,6.975],"to":[3,9.6,9.275],"rotation":{"angle":0,"axis":"y","origin":[0,0.475,0]},"faces":{"north":{"uv":[7.5,7.5,7.625,8.3125],"texture":"#0"},"east":{"uv":[3.5,6,4.0625,6.8125],"texture":"#0"},"south":{"uv":[7.75,0.5,7.875,1.3125],"texture":"#0"},"west":{"uv":[6.25,0.5,6.8125,1.3125],"texture":"#0"},"up":{"uv":[8.125,8.0625,8,7.5],"texture":"#0"},"down":{"uv":[8.375,0,8.25,0.5625],"texture":"#0"}}},{"from":[12,1.325,5.975],"to":[12.775,4.45,9.275],"faces":{"north":{"uv":[7.5,0.5,7.6875,1.28125],"texture":"#0"},"east":{"uv":[5.75,4,6.5625,4.78125],"texture":"#0"},"south":{"uv":[0.75,7.5,0.9375,8.28125],"texture":"#0"},"west":{"uv":[5.75,5,6.5625,5.78125],"texture":"#0"},"up":{"uv":[7.1875,7.8125,7,7],"texture":"#0"},"down":{"uv":[7.4375,0.5,7.25,1.3125],"texture":"#0"}}},{"from":[6.75,5.21416,4.13224],"to":[8.25,5.43916,5.65724],"rotation":{"angle":0,"axis":"y","origin":[0,9.38916,-3.64276]},"faces":{"north":{"uv":[8.5,8.75,8.875,8.8125],"texture":"#0"},"east":{"uv":[9,0,9.375,0.0625],"texture":"#0"},"south":{"uv":[9,0.25,9.375,0.3125],"texture":"#0"},"west":{"uv":[9,0.5,9.375,0.5625],"texture":"#0"},"up":{"uv":[7.375,6.375,7,6],"texture":"#0"},"down":{"uv":[7.875,3.5,7.5,3.875],"texture":"#0"}}},{"from":[4.225,4.98916,4.20724],"to":[10.775,5.21416,5.73224],"rotation":{"angle":0,"axis":"y","origin":[0,9.38916,-3.64276]},"faces":{"north":{"uv":[7.5,7,9.125,7.0625],"texture":"#0"},"east":{"uv":[9,0.75,9.375,0.8125],"texture":"#0"},"south":{"uv":[7.5,7.25,9.125,7.3125],"texture":"#0"},"west":{"uv":[9,1,9.375,1.0625],"texture":"#0"},"up":{"uv":[1.625,6.375,0,6],"texture":"#0"},"down":{"uv":[3.375,6,1.75,6.375],"texture":"#0"}}},{"from":[10.775,5.08916,4.20724],"to":[10.825,5.13916,5.73224],"rotation":{"angle":0,"axis":"y","origin":[16,9.38916,-3.64276]},"faces":{"north":{"uv":[0.25,10.5,0.28125,10.53125],"texture":"#0"},"east":{"uv":[9.5,1,9.875,1.03125],"texture":"#0"},"south":{"uv":[10.5,0.25,10.53125,0.28125],"texture":"#0"},"west":{"uv":[1.25,9.5,1.625,9.53125],"texture":"#0"},"up":{"uv":[9.53125,1.625,9.5,1.25],"texture":"#0"},"down":{"uv":[1.78125,9.5,1.75,9.875],"texture":"#0"}}},{"from":[10.775,4.98916,4.20724],"to":[10.875,5.08916,5.73224],"rotation":{"angle":0,"axis":"y","origin":[16,9.38916,-3.64276]},"faces":{"north":{"uv":[0.5,10.5,0.53125,10.53125],"texture":"#0"},"east":{"uv":[2,9.5,2.375,9.53125],"texture":"#0"},"south":{"uv":[10.5,0.5,10.53125,0.53125],"texture":"#0"},"west":{"uv":[2.5,9.5,2.875,9.53125],"texture":"#0"},"up":{"uv":[9.53125,3.875,9.5,3.5],"texture":"#0"},"down":{"uv":[4.03125,9.5,4,9.875],"texture":"#0"}}},{"from":[10.875,4.98916,4.20724],"to":[10.925,5.03916,5.73224],"rotation":{"angle":0,"axis":"y","origin":[16,9.38916,-3.64276]},"faces":{"north":{"uv":[0.75,10.5,0.78125,10.53125],"texture":"#0"},"east":{"uv":[9.5,4.25,9.875,4.28125],"texture":"#0"},"south":{"uv":[10.5,0.75,10.53125,0.78125],"texture":"#0"},"west":{"uv":[9.5,4.75,9.875,4.78125],"texture":"#0"},"up":{"uv":[9.53125,5.375,9.5,5],"texture":"#0"},"down":{"uv":[5.78125,9.5,5.75,9.875],"texture":"#0"}}},{"from":[10.925,4.98916,4.20724],"to":[11.05,5.01416,5.73224],"rotation":{"angle":0,"axis":"y","origin":[16,9.38916,-3.64276]},"faces":{"north":{"uv":[1,10.5,1.03125,10.53125],"texture":"#0"},"east":{"uv":[9.5,5.5,9.875,5.53125],"texture":"#0"},"south":{"uv":[10.5,1,10.53125,1.03125],"texture":"#0"},"west":{"uv":[6,9.5,6.375,9.53125],"texture":"#0"},"up":{"uv":[9.53125,6.375,9.5,6],"texture":"#0"},"down":{"uv":[6.53125,9.5,6.5,9.875],"texture":"#0"}}},{"from":[3.95,0.93916,4.20724],"to":[4,4.98916,5.73224],"rotation":{"angle":0,"axis":"y","origin":[0,9.38916,-3.64276]},"faces":{"north":{"uv":[2.25,8.5,2.28125,9.5],"texture":"#0"},"east":{"uv":[1.5,6.5,1.875,7.5],"texture":"#0"},"south":{"uv":[2.5,8.5,2.53125,9.5],"texture":"#0"},"west":{"uv":[2,6.5,2.375,7.5],"texture":"#0"},"up":{"uv":[9.53125,7.125,9.5,6.75],"texture":"#0"},"down":{"uv":[9.53125,7.25,9.5,7.625],"texture":"#0"}}},{"from":[3.95,4.98916,4.20724],"to":[4.075,5.01416,5.73224],"rotation":{"angle":0,"axis":"y","origin":[0,9.38916,-3.64276]},"faces":{"north":{"uv":[1.25,10.5,1.28125,10.53125],"texture":"#0"},"east":{"uv":[7.5,9.5,7.875,9.53125],"texture":"#0"},"south":{"uv":[10.5,1.25,10.53125,1.28125],"texture":"#0"},"west":{"uv":[9.5,7.75,9.875,7.78125],"texture":"#0"},"up":{"uv":[8.03125,9.875,8,9.5],"texture":"#0"},"down":{"uv":[9.53125,8,9.5,8.375],"texture":"#0"}}},{"from":[4.075,4.98916,4.20724],"to":[4.125,5.03916,5.73224],"rotation":{"angle":0,"axis":"y","origin":[0,9.38916,-3.64276]},"faces":{"north":{"uv":[1.5,10.5,1.53125,10.53125],"texture":"#0"},"east":{"uv":[9.5,8.5,9.875,8.53125],"texture":"#0"},"south":{"uv":[10.5,1.5,10.53125,1.53125],"texture":"#0"},"west":{"uv":[9.5,8.75,9.875,8.78125],"texture":"#0"},"up":{"uv":[8.53125,9.875,8.5,9.5],"texture":"#0"},"down":{"uv":[9.53125,9,9.5,9.375],"texture":"#0"}}},{"from":[4.125,4.98916,4.20724],"to":[4.225,5.08916,5.73224],"rotation":{"angle":0,"axis":"y","origin":[0,9.38916,-3.64276]},"faces":{"north":{"uv":[1.75,10.5,1.78125,10.53125],"texture":"#0"},"east":{"uv":[9.25,9.5,9.625,9.53125],"texture":"#0"},"south":{"uv":[10.5,1.75,10.53125,1.78125],"texture":"#0"},"west":{"uv":[0,9.75,0.375,9.78125],"texture":"#0"},"up":{"uv":[9.78125,0.375,9.75,0],"texture":"#0"},"down":{"uv":[9.78125,0.5,9.75,0.875],"texture":"#0"}}},{"from":[4.175,5.08916,4.20724],"to":[4.225,5.13916,5.73224],"rotation":{"angle":0,"axis":"y","origin":[0,9.38916,-3.64276]},"faces":{"north":{"uv":[2,10.5,2.03125,10.53125],"texture":"#0"},"east":{"uv":[1.25,9.75,1.625,9.78125],"texture":"#0"},"south":{"uv":[10.5,2,10.53125,2.03125],"texture":"#0"},"west":{"uv":[9.75,1.25,10.125,1.28125],"texture":"#0"},"up":{"uv":[2.03125,10.125,2,9.75],"texture":"#0"},"down":{"uv":[2.28125,9.75,2.25,10.125],"texture":"#0"}}},{"from":[11,0.93916,4.20724],"to":[11.05,4.98916,5.73224],"rotation":{"angle":0,"axis":"y","origin":[16,9.38916,-3.64276]},"faces":{"north":{"uv":[8.5,2.5,8.53125,3.5],"texture":"#0"},"east":{"uv":[2.5,6.5,2.875,7.5],"texture":"#0"},"south":{"uv":[2.75,8.5,2.78125,9.5],"texture":"#0"},"west":{"uv":[3,6.5,3.375,7.5],"texture":"#0"},"up":{"uv":[2.53125,10.125,2.5,9.75],"texture":"#0"},"down":{"uv":[2.78125,9.75,2.75,10.125],"texture":"#0"}}},{"from":[4,0.93916,4.20724],"to":[11,1.16416,5.73224],"rotation":{"angle":0,"axis":"y","origin":[0,9.38916,-3.64276]},"faces":{"north":{"uv":[7.5,6,9.25,6.0625],"texture":"#0"},"east":{"uv":[9,1.25,9.375,1.3125],"texture":"#0"},"south":{"uv":[7.5,6.25,9.25,6.3125],"texture":"#0"},"west":{"uv":[9,1.5,9.375,1.5625],"texture":"#0"},"up":{"uv":[7.5,2.375,5.75,2],"texture":"#0"},"down":{"uv":[7.5,2.5,5.75,2.875],"texture":"#0"}}},{"from":[2.225,1.275,9.275],"to":[3,4.45,9.325],"faces":{"north":{"uv":[1,7.5,1.1875,8.28125],"texture":"#0"},"east":{"uv":[3.5,8.75,3.53125,9.53125],"texture":"#0"},"south":{"uv":[1.25,7.5,1.4375,8.28125],"texture":"#0"},"west":{"uv":[3.75,8.75,3.78125,9.53125],"texture":"#0"},"up":{"uv":[10.1875,0.28125,10,0.25],"texture":"#0"},"down":{"uv":[0.6875,10,0.5,10.03125],"texture":"#0"}}},{"from":[2.225,4.45,6.075],"to":[3,4.575,9.2],"faces":{"north":{"uv":[10,0.75,10.1875,0.78125],"texture":"#0"},"east":{"uv":[8.5,8.25,9.28125,8.28125],"texture":"#0"},"south":{"uv":[1,10,1.1875,10.03125],"texture":"#0"},"west":{"uv":[4,8.75,4.78125,8.78125],"texture":"#0"},"up":{"uv":[1.6875,8.28125,1.5,7.5],"texture":"#0"},"down":{"uv":[7.6875,1.5,7.5,2.28125],"texture":"#0"}}},{"from":[2.225,1.275,5.975],"to":[3,1.325,9.275],"faces":{"north":{"uv":[10,0.5,10.1875,0.53125],"texture":"#0"},"east":{"uv":[8.5,5.5,9.3125,5.53125],"texture":"#0"},"south":{"uv":[0.75,10,0.9375,10.03125],"texture":"#0"},"west":{"uv":[8.5,6.75,9.3125,6.78125],"texture":"#0"},"up":{"uv":[7.4375,3.8125,7.25,3],"texture":"#0"},"down":{"uv":[7.4375,4,7.25,4.8125],"texture":"#0"}}},{"from":[2.225,1.275,5.925],"to":[3,4.45,5.975],"faces":{"north":{"uv":[1.75,7.5,1.9375,8.28125],"texture":"#0"},"east":{"uv":[5,8.75,5.03125,9.53125],"texture":"#0"},"south":{"uv":[2,7.5,2.1875,8.28125],"texture":"#0"},"west":{"uv":[5.25,8.75,5.28125,9.53125],"texture":"#0"},"up":{"uv":[10.1875,1.03125,10,1],"texture":"#0"},"down":{"uv":[1.4375,10,1.25,10.03125],"texture":"#0"}}},{"from":[2.225,4.45,6.025],"to":[3,4.525,6.075],"faces":{"north":{"uv":[1.5,10,1.6875,10.03125],"texture":"#0"},"east":{"uv":[2.25,10.5,2.28125,10.53125],"texture":"#0"},"south":{"uv":[10,1.5,10.1875,1.53125],"texture":"#0"},"west":{"uv":[10.5,2.25,10.53125,2.28125],"texture":"#0"},"up":{"uv":[1.9375,10.03125,1.75,10],"texture":"#0"},"down":{"uv":[10.1875,1.75,10,1.78125],"texture":"#0"}}},{"from":[2.225,4.45,5.975],"to":[3,4.475,6.025],"faces":{"north":{"uv":[10,2,10.1875,2.03125],"texture":"#0"},"east":{"uv":[2.5,10.5,2.53125,10.53125],"texture":"#0"},"south":{"uv":[10,2.25,10.1875,2.28125],"texture":"#0"},"west":{"uv":[10.5,2.5,10.53125,2.53125],"texture":"#0"},"up":{"uv":[10.1875,2.53125,10,2.5],"texture":"#0"},"down":{"uv":[10.1875,2.75,10,2.78125],"texture":"#0"}}},{"from":[2.225,4.45,9.2],"to":[3,4.525,9.25],"rotation":{"angle":0,"axis":"y","origin":[0,0,16]},"faces":{"north":{"uv":[3,10,3.1875,10.03125],"texture":"#0"},"east":{"uv":[2.75,10.5,2.78125,10.53125],"texture":"#0"},"south":{"uv":[10,3,10.1875,3.03125],"texture":"#0"},"west":{"uv":[10.5,2.75,10.53125,2.78125],"texture":"#0"},"up":{"uv":[3.4375,10.03125,3.25,10],"texture":"#0"},"down":{"uv":[10.1875,3.25,10,3.28125],"texture":"#0"}}},{"from":[2.225,4.45,9.25],"to":[3,4.475,9.3],"rotation":{"angle":0,"axis":"y","origin":[0,0,16]},"faces":{"north":{"uv":[3.5,10,3.6875,10.03125],"texture":"#0"},"east":{"uv":[3,10.5,3.03125,10.53125],"texture":"#0"},"south":{"uv":[10,3.5,10.1875,3.53125],"texture":"#0"},"west":{"uv":[10.5,3,10.53125,3.03125],"texture":"#0"},"up":{"uv":[3.9375,10.03125,3.75,10],"texture":"#0"},"down":{"uv":[10.1875,3.75,10,3.78125],"texture":"#0"}}},{"from":[12,1.275,5.925],"to":[12.775,4.45,5.975],"rotation":{"angle":0,"axis":"y","origin":[15,0,0]},"faces":{"north":{"uv":[2.25,7.5,2.4375,8.28125],"texture":"#0"},"east":{"uv":[6.75,8.75,6.78125,9.53125],"texture":"#0"},"south":{"uv":[2.5,7.5,2.6875,8.28125],"texture":"#0"},"west":{"uv":[7,8.75,7.03125,9.53125],"texture":"#0"},"up":{"uv":[4.4375,10.03125,4.25,10],"texture":"#0"},"down":{"uv":[10.1875,4.25,10,4.28125],"texture":"#0"}}},{"from":[12,1.275,5.975],"to":[12.775,1.325,9.275],"rotation":{"angle":0,"axis":"y","origin":[15,0,0]},"faces":{"north":{"uv":[4.5,10,4.6875,10.03125],"texture":"#0"},"east":{"uv":[8.5,8,9.3125,8.03125],"texture":"#0"},"south":{"uv":[10,4.5,10.1875,4.53125],"texture":"#0"},"west":{"uv":[8.25,8.5,9.0625,8.53125],"texture":"#0"},"up":{"uv":[7.4375,7.8125,7.25,7],"texture":"#0"},"down":{"uv":[0.1875,7.5,0,8.3125],"texture":"#0"}}},{"from":[12,1.275,9.275],"to":[12.775,4.45,9.325],"rotation":{"angle":0,"axis":"y","origin":[15,0,0]},"faces":{"north":{"uv":[7.5,2.5,7.6875,3.28125],"texture":"#0"},"east":{"uv":[7.25,8.75,7.28125,9.53125],"texture":"#0"},"south":{"uv":[2.75,7.5,2.9375,8.28125],"texture":"#0"},"west":{"uv":[8.25,8.75,8.28125,9.53125],"texture":"#0"},"up":{"uv":[4.9375,10.03125,4.75,10],"texture":"#0"},"down":{"uv":[10.1875,4.75,10,4.78125],"texture":"#0"}}},{"from":[12,4.45,9.25],"to":[12.775,4.475,9.3],"rotation":{"angle":0,"axis":"y","origin":[15,0,16]},"faces":{"north":{"uv":[5,10,5.1875,10.03125],"texture":"#0"},"east":{"uv":[3.25,10.5,3.28125,10.53125],"texture":"#0"},"south":{"uv":[10,5,10.1875,5.03125],"texture":"#0"},"west":{"uv":[10.5,3.25,10.53125,3.28125],"texture":"#0"},"up":{"uv":[5.4375,10.03125,5.25,10],"texture":"#0"},"down":{"uv":[10.1875,5.25,10,5.28125],"texture":"#0"}}},{"from":[12,4.45,9.2],"to":[12.775,4.525,9.25],"rotation":{"angle":0,"axis":"y","origin":[15,0,16]},"faces":{"north":{"uv":[5.5,10,5.6875,10.03125],"texture":"#0"},"east":{"uv":[3.5,10.5,3.53125,10.53125],"texture":"#0"},"south":{"uv":[10,5.5,10.1875,5.53125],"texture":"#0"},"west":{"uv":[10.5,3.5,10.53125,3.53125],"texture":"#0"},"up":{"uv":[5.9375,10.03125,5.75,10],"texture":"#0"},"down":{"uv":[10.1875,5.75,10,5.78125],"texture":"#0"}}},{"from":[12,4.45,6.075],"to":[12.775,4.575,9.2],"rotation":{"angle":0,"axis":"y","origin":[15,0,0]},"faces":{"north":{"uv":[6,10,6.1875,10.03125],"texture":"#0"},"east":{"uv":[8.75,4,9.53125,4.03125],"texture":"#0"},"south":{"uv":[10,6,10.1875,6.03125],"texture":"#0"},"west":{"uv":[8.75,4.5,9.53125,4.53125],"texture":"#0"},"up":{"uv":[3.1875,8.28125,3,7.5],"texture":"#0"},"down":{"uv":[3.4375,7.5,3.25,8.28125],"texture":"#0"}}},{"from":[12,4.45,6.025],"to":[12.775,4.525,6.075],"rotation":{"angle":0,"axis":"y","origin":[15,0,0]},"faces":{"north":{"uv":[6.5,10,6.6875,10.03125],"texture":"#0"},"east":{"uv":[3.75,10.5,3.78125,10.53125],"texture":"#0"},"south":{"uv":[10,6.5,10.1875,6.53125],"texture":"#0"},"west":{"uv":[10.5,3.75,10.53125,3.78125],"texture":"#0"},"up":{"uv":[6.9375,10.03125,6.75,10],"texture":"#0"},"down":{"uv":[10.1875,6.75,10,6.78125],"texture":"#0"}}},{"from":[12,4.45,5.975],"to":[12.775,4.475,6.025],"rotation":{"angle":0,"axis":"y","origin":[15,0,0]},"faces":{"north":{"uv":[7,10,7.1875,10.03125],"texture":"#0"},"east":{"uv":[4,10.5,4.03125,10.53125],"texture":"#0"},"south":{"uv":[10,7,10.1875,7.03125],"texture":"#0"},"west":{"uv":[10.5,4,10.53125,4.03125],"texture":"#0"},"up":{"uv":[7.4375,10.03125,7.25,10],"texture":"#0"},"down":{"uv":[10.1875,7.25,10,7.28125],"texture":"#0"}}},{"from":[12,6.3,6.975],"to":[12.525,9.6,9.25],"rotation":{"angle":0,"axis":"y","origin":[0,0.475,0]},"faces":{"north":{"uv":[7.75,1.5,7.875,2.3125],"texture":"#0"},"east":{"uv":[6.8125,0.5,6.25,1.3125],"texture":"#0"},"south":{"uv":[7.75,2.5,7.875,3.3125],"texture":"#0"},"west":{"uv":[0.75,6.5,1.3125,7.3125],"texture":"#0"},"up":{"uv":[8.375,1.3125,8.25,0.75],"texture":"#0"},"down":{"uv":[8.375,1.5,8.25,2.0625],"texture":"#0"}}},{"from":[3,5.775,6.2],"to":[12,10.25,9.975],"faces":{"north":{"uv":[2.25,2.5,4.5,3.625],"texture":"#0"},"east":{"uv":[2.25,4.75,3.1875,5.875],"texture":"#0"},"south":{"uv":[0,3,2.25,4.125],"texture":"#0"},"west":{"uv":[3.25,4.75,4.1875,5.875],"texture":"#0"},"up":{"uv":[4.5,4.6875,2.25,3.75],"texture":"#0"},"down":{"uv":[2.25,4.25,0,5.1875],"texture":"#0"}}},{"from":[5.025,11.425,7.875],"to":[9.925,11.8,8.85],"faces":{"north":{"uv":[7.5,4,8.71875,4.09375],"texture":"#0"},"east":{"uv":[9,2.75,9.25,2.84375],"texture":"#0"},"south":{"uv":[4.25,7.5,5.46875,7.59375],"texture":"#0"},"west":{"uv":[9,3,9.25,3.09375],"texture":"#0"},"up":{"uv":[7.46875,1.75,6.25,1.5],"texture":"#0"},"down":{"uv":[7.46875,1.75,6.25,2],"texture":"#0"}}},{"from":[4.65,10.25,7.875],"to":[5.025,11.425,8.85],"faces":{"north":{"uv":[8.5,7.5,8.59375,7.78125],"texture":"#0"},"east":{"uv":[8.25,2.75,8.5,3.03125],"texture":"#0"},"south":{"uv":[7.75,8.5,7.84375,8.78125],"texture":"#0"},"west":{"uv":[8.25,3.25,8.5,3.53125],"texture":"#0"},"up":{"uv":[9.09375,2.5,9,2.25],"texture":"#0"},"down":{"uv":[9.09375,2.5,9,2.75],"texture":"#0"}}},{"from":[9.95,10.25,7.875],"to":[10.325,11.425,8.85],"faces":{"north":{"uv":[8.5,5,8.59375,5.28125],"texture":"#0"},"east":{"uv":[8,6.5,8.25,6.78125],"texture":"#0"},"south":{"uv":[7.5,8.5,7.59375,8.78125],"texture":"#0"},"west":{"uv":[8.25,2.25,8.5,2.53125],"texture":"#0"},"up":{"uv":[9.09375,2,9,1.75],"texture":"#0"},"down":{"uv":[9.09375,2,9,2.25],"texture":"#0"}}},{"from":[9.925,11.425,7.875],"to":[10.125,11.625,8.85],"faces":{"north":{"uv":[10.25,2.25,10.3125,2.3125],"texture":"#0"},"east":{"uv":[9.25,3.75,9.5,3.8125],"texture":"#0"},"south":{"uv":[2.5,10.25,2.5625,10.3125],"texture":"#0"},"west":{"uv":[4,9.25,4.25,9.3125],"texture":"#0"},"up":{"uv":[9.3125,4.5,9.25,4.25],"texture":"#0"},"down":{"uv":[9.3125,4.75,9.25,5],"texture":"#0"}}},{"from":[4.825,11.425,7.875],"to":[5.025,11.625,8.85],"faces":{"north":{"uv":[10.25,2,10.3125,2.0625],"texture":"#0"},"east":{"uv":[7.75,9,8,9.0625],"texture":"#0"},"south":{"uv":[2.25,10.25,2.3125,10.3125],"texture":"#0"},"west":{"uv":[1.75,9.25,2,9.3125],"texture":"#0"},"up":{"uv":[2.0625,9.5,2,9.25],"texture":"#0"},"down":{"uv":[9.3125,3.5,9.25,3.75],"texture":"#0"}}},{"from":[9.55,1.1536,9.96396],"to":[10.525,1.3036,10.28896],"rotation":{"angle":0,"axis":"y","origin":[9.975,5.44982,9.66598]},"faces":{"north":{"uv":[9.75,4.5,10,4.53125],"texture":"#0"},"east":{"uv":[10.25,9.75,10.34375,9.78125],"texture":"#0"},"south":{"uv":[4.75,9.75,5,9.78125],"texture":"#0"},"west":{"uv":[10,10.25,10.09375,10.28125],"texture":"#0"},"up":{"uv":[9.25,3.84375,9,3.75],"texture":"#0"},"down":{"uv":[4.25,9,4,9.09375],"texture":"#0"}}},{"from":[9.55,2.84781,12.9372],"to":[10.525,5.47281,13.1372],"rotation":{"angle":45,"axis":"x","origin":[9.975,5.44982,9.66598]},"faces":{"north":{"uv":[3.75,7,4,7.65625],"texture":"#0"},"east":{"uv":[1.5,8.5,1.5625,9.15625],"texture":"#0"},"south":{"uv":[7,3.75,7.25,4.40625],"texture":"#0"},"west":{"uv":[1.75,8.5,1.8125,9.15625],"texture":"#0"},"up":{"uv":[8.25,9.3125,8,9.25],"texture":"#0"},"down":{"uv":[8.75,9.25,8.5,9.3125],"texture":"#0"}}},{"from":[9.55,3.01155,11.93676],"to":[10.525,6.96155,12.13676],"rotation":{"angle":0,"axis":"y","origin":[9.975,6.93856,9.54053]},"faces":{"north":{"uv":[6.75,3,7,4],"texture":"#0"},"east":{"uv":[8.25,7.5,8.3125,8.5],"texture":"#0"},"south":{"uv":[6.75,4,7,5],"texture":"#0"},"west":{"uv":[8,8.25,8.0625,9.25],"texture":"#0"},"up":{"uv":[8,9.3125,7.75,9.25],"texture":"#0"},"down":{"uv":[9.5,7.75,9.25,7.8125],"texture":"#0"}}},{"from":[9.55,6.34207,11.01489],"to":[10.525,8.99207,11.21489],"rotation":{"angle":-22.5,"axis":"x","origin":[9.975,8.96908,10.11866]},"faces":{"north":{"uv":[7,3,7.25,3.65625],"texture":"#0"},"east":{"uv":[8.5,1,8.5625,1.65625],"texture":"#0"},"south":{"uv":[3.5,7,3.75,7.65625],"texture":"#0"},"west":{"uv":[1.25,8.5,1.3125,9.15625],"texture":"#0"},"up":{"uv":[7.75,9.3125,7.5,9.25],"texture":"#0"},"down":{"uv":[9.5,7.5,9.25,7.5625],"texture":"#0"}}},{"from":[9.55,9.29798,9.84623],"to":[10.525,9.52298,11.09623],"rotation":{"angle":22.5,"axis":"x","origin":[9.975,9.4,10.825]},"faces":{"north":{"uv":[9.25,7,9.5,7.0625],"texture":"#0"},"east":{"uv":[9,9,9.3125,9.0625],"texture":"#0"},"south":{"uv":[9.25,7.25,9.5,7.3125],"texture":"#0"},"west":{"uv":[0.5,9.25,0.8125,9.3125],"texture":"#0"},"up":{"uv":[8.25,3.3125,8,3],"texture":"#0"},"down":{"uv":[8.25,3.5,8,3.8125],"texture":"#0"}}},{"from":[4.425,1.1536,9.96396],"to":[5.4,1.3036,10.28896],"rotation":{"angle":0,"axis":"y","origin":[4.85,5.44982,9.66598]},"faces":{"north":{"uv":[4.25,9.75,4.5,9.78125],"texture":"#0"},"east":{"uv":[10.25,9.5,10.34375,9.53125],"texture":"#0"},"south":{"uv":[4.5,9.75,4.75,9.78125],"texture":"#0"},"west":{"uv":[9.75,10.25,9.84375,10.28125],"texture":"#0"},"up":{"uv":[9.25,3.34375,9,3.25],"texture":"#0"},"down":{"uv":[9.25,3.5,9,3.59375],"texture":"#0"}}},{"from":[4.425,2.84781,12.9372],"to":[5.4,5.47281,13.1372],"rotation":{"angle":45,"axis":"x","origin":[4.85,5.44982,9.66598]},"faces":{"north":{"uv":[5,6.75,5.25,7.40625],"texture":"#0"},"east":{"uv":[0.75,8.5,0.8125,9.15625],"texture":"#0"},"south":{"uv":[7,0.5,7.25,1.15625],"texture":"#0"},"west":{"uv":[1,8.5,1.0625,9.15625],"texture":"#0"},"up":{"uv":[9.5,6.3125,9.25,6.25],"texture":"#0"},"down":{"uv":[6.75,9.25,6.5,9.3125],"texture":"#0"}}},{"from":[4.425,3.01155,11.93676],"to":[5.4,6.96155,12.13676],"rotation":{"angle":0,"axis":"y","origin":[4.85,6.93856,9.54053]},"faces":{"north":{"uv":[6.25,6.5,6.5,7.5],"texture":"#0"},"east":{"uv":[6.25,8.25,6.3125,9.25],"texture":"#0"},"south":{"uv":[6.5,6.5,6.75,7.5],"texture":"#0"},"west":{"uv":[6.5,8.25,6.5625,9.25],"texture":"#0"},"up":{"uv":[9.5,6.0625,9.25,6],"texture":"#0"},"down":{"uv":[6.5,9.25,6.25,9.3125],"texture":"#0"}}},{"from":[4.425,6.34207,11.01489],"to":[5.4,8.99207,11.21489],"rotation":{"angle":-22.5,"axis":"x","origin":[4.85,8.96908,10.11866]},"faces":{"north":{"uv":[2,5.25,2.25,5.90625],"texture":"#0"},"east":{"uv":[8.5,0.25,8.5625,0.90625],"texture":"#0"},"south":{"uv":[4.75,6.75,5,7.40625],"texture":"#0"},"west":{"uv":[0.5,8.5,0.5625,9.15625],"texture":"#0"},"up":{"uv":[6,9.3125,5.75,9.25],"texture":"#0"},"down":{"uv":[6.25,9.25,6,9.3125],"texture":"#0"}}},{"from":[4.425,9.29798,9.84623],"to":[5.4,9.52298,11.09623],"rotation":{"angle":22.5,"axis":"x","origin":[4.85,9.4,10.825]},"faces":{"north":{"uv":[9.25,5,9.5,5.0625],"texture":"#0"},"east":{"uv":[8.5,9,8.8125,9.0625],"texture":"#0"},"south":{"uv":[9.25,5.25,9.5,5.3125],"texture":"#0"},"west":{"uv":[9,8.75,9.3125,8.8125],"texture":"#0"},"up":{"uv":[8.25,2.3125,8,2],"texture":"#0"},"down":{"uv":[8.25,2.5,8,2.8125],"texture":"#0"}}},{"from":[12,6.3,9.25],"to":[12.525,9.6,9.3],"rotation":{"angle":0,"axis":"y","origin":[15,0.475,0]},"faces":{"north":{"uv":[3.5,7.75,3.625,8.5625],"texture":"#0"},"east":{"uv":[0,8.75,0.03125,9.5625],"texture":"#0"},"south":{"uv":[3.75,7.75,3.875,8.5625],"texture":"#0"},"west":{"uv":[8.75,0,8.78125,0.8125],"texture":"#0"},"up":{"uv":[10.375,2.53125,10.25,2.5],"texture":"#0"},"down":{"uv":[2.875,10.25,2.75,10.28125],"texture":"#0"}}},{"from":[12,6.3,6.925],"to":[12.525,9.6,6.975],"rotation":{"angle":0,"axis":"y","origin":[15,0.475,0]},"faces":{"north":{"uv":[4.25,7.75,4.375,8.5625],"texture":"#0"},"east":{"uv":[0.25,8.75,0.28125,9.5625],"texture":"#0"},"south":{"uv":[4.5,7.75,4.625,8.5625],"texture":"#0"},"west":{"uv":[8.75,1,8.78125,1.8125],"texture":"#0"},"up":{"uv":[10.375,2.78125,10.25,2.75],"texture":"#0"},"down":{"uv":[3.125,10.25,3,10.28125],"texture":"#0"}}},{"from":[12,6.25,6.925],"to":[12.525,6.3,9.3],"rotation":{"angle":0,"axis":"y","origin":[15,0.475,0]},"faces":{"north":{"uv":[10.25,3,10.375,3.03125],"texture":"#0"},"east":{"uv":[1,9.25,1.59375,9.28125],"texture":"#0"},"south":{"uv":[3.25,10.25,3.375,10.28125],"texture":"#0"},"west":{"uv":[9.25,1.75,9.84375,1.78125],"texture":"#0"},"up":{"uv":[4.125,8.59375,4,8],"texture":"#0"},"down":{"uv":[6.875,8,6.75,8.59375],"texture":"#0"}}},{"from":[12,9.6,7.025],"to":[12.525,9.7,9.2],"rotation":{"angle":0,"axis":"y","origin":[15,0.475,0]},"faces":{"north":{"uv":[10.25,3.25,10.375,3.28125],"texture":"#0"},"east":{"uv":[9.25,2.5,9.78125,2.53125],"texture":"#0"},"south":{"uv":[3.5,10.25,3.625,10.28125],"texture":"#0"},"west":{"uv":[9.25,2.75,9.78125,2.78125],"texture":"#0"},"up":{"uv":[8.375,5.53125,8.25,5],"texture":"#0"},"down":{"uv":[5.625,8.25,5.5,8.78125],"texture":"#0"}}},{"from":[12,9.6,6.975],"to":[12.525,9.675,7.025],"rotation":{"angle":0,"axis":"y","origin":[15,0.475,0]},"faces":{"north":{"uv":[10.25,3.5,10.375,3.53125],"texture":"#0"},"east":{"uv":[4.25,10.5,4.28125,10.53125],"texture":"#0"},"south":{"uv":[3.75,10.25,3.875,10.28125],"texture":"#0"},"west":{"uv":[10.5,4.25,10.53125,4.28125],"texture":"#0"},"up":{"uv":[10.375,3.78125,10.25,3.75],"texture":"#0"},"down":{"uv":[4.125,10.25,4,10.28125],"texture":"#0"}}},{"from":[12,9.6,6.925],"to":[12.525,9.625,6.975],"rotation":{"angle":0,"axis":"y","origin":[15,0.475,0]},"faces":{"north":{"uv":[10.25,4,10.375,4.03125],"texture":"#0"},"east":{"uv":[4.5,10.5,4.53125,10.53125],"texture":"#0"},"south":{"uv":[4.25,10.25,4.375,10.28125],"texture":"#0"},"west":{"uv":[10.5,4.5,10.53125,4.53125],"texture":"#0"},"up":{"uv":[10.375,4.28125,10.25,4.25],"texture":"#0"},"down":{"uv":[4.625,10.25,4.5,10.28125],"texture":"#0"}}},{"from":[12,9.6,9.2],"to":[12.525,9.675,9.25],"rotation":{"angle":0,"axis":"y","origin":[15,0.475,16]},"faces":{"north":{"uv":[10.25,4.5,10.375,4.53125],"texture":"#0"},"east":{"uv":[4.75,10.5,4.78125,10.53125],"texture":"#0"},"south":{"uv":[4.75,10.25,4.875,10.28125],"texture":"#0"},"west":{"uv":[10.5,4.75,10.53125,4.78125],"texture":"#0"},"up":{"uv":[10.375,4.78125,10.25,4.75],"texture":"#0"},"down":{"uv":[5.125,10.25,5,10.28125],"texture":"#0"}}},{"from":[2.475,9.6,9.25],"to":[3,9.625,9.3],"rotation":{"angle":0,"axis":"y","origin":[15,0.475,16]},"faces":{"north":{"uv":[10.25,5,10.375,5.03125],"texture":"#0"},"east":{"uv":[5,10.5,5.03125,10.53125],"texture":"#0"},"south":{"uv":[5.25,10.25,5.375,10.28125],"texture":"#0"},"west":{"uv":[10.5,5,10.53125,5.03125],"texture":"#0"},"up":{"uv":[10.375,5.28125,10.25,5.25],"texture":"#0"},"down":{"uv":[5.625,10.25,5.5,10.28125],"texture":"#0"}}},{"from":[2.475,6.3,9.275],"to":[3,9.6,9.325],"rotation":{"angle":0,"axis":"y","origin":[15,0.475,0]},"faces":{"north":{"uv":[4.75,7.75,4.875,8.5625],"texture":"#0"},"east":{"uv":[8.75,2,8.78125,2.8125],"texture":"#0"},"south":{"uv":[5,7.75,5.125,8.5625],"texture":"#0"},"west":{"uv":[3,8.75,3.03125,9.5625],"texture":"#0"},"up":{"uv":[10.375,5.53125,10.25,5.5],"texture":"#0"},"down":{"uv":[5.875,10.25,5.75,10.28125],"texture":"#0"}}},{"from":[2.475,6.25,6.925],"to":[3,6.3,9.325],"rotation":{"angle":0,"axis":"y","origin":[15,0.475,0]},"faces":{"north":{"uv":[10.25,5.75,10.375,5.78125],"texture":"#0"},"east":{"uv":[9.25,2,9.84375,2.03125],"texture":"#0"},"south":{"uv":[6,10.25,6.125,10.28125],"texture":"#0"},"west":{"uv":[9.25,2.25,9.84375,2.28125],"texture":"#0"},"up":{"uv":[7.125,8.59375,7,8],"texture":"#0"},"down":{"uv":[7.375,8,7.25,8.59375],"texture":"#0"}}},{"from":[2.475,6.3,6.925],"to":[3,9.6,6.975],"rotation":{"angle":0,"axis":"y","origin":[15,0.475,0]},"faces":{"north":{"uv":[5.25,7.75,5.375,8.5625],"texture":"#0"},"east":{"uv":[8.75,3,8.78125,3.8125],"texture":"#0"},"south":{"uv":[7.75,7.5,7.875,8.3125],"texture":"#0"},"west":{"uv":[3.25,8.75,3.28125,9.5625],"texture":"#0"},"up":{"uv":[10.375,6.03125,10.25,6],"texture":"#0"},"down":{"uv":[6.375,10.25,6.25,10.28125],"texture":"#0"}}},{"from":[2.475,9.6,7.025],"to":[3,9.7,9.2],"rotation":{"angle":0,"axis":"y","origin":[15,0.475,0]},"faces":{"north":{"uv":[10.25,6.25,10.375,6.28125],"texture":"#0"},"east":{"uv":[9.25,3,9.78125,3.03125],"texture":"#0"},"south":{"uv":[6.5,10.25,6.625,10.28125],"texture":"#0"},"west":{"uv":[9.25,3.25,9.78125,3.28125],"texture":"#0"},"up":{"uv":[5.875,8.78125,5.75,8.25],"texture":"#0"},"down":{"uv":[6.125,8.25,6,8.78125],"texture":"#0"}}},{"from":[2.475,9.6,9.2],"to":[3,9.675,9.25],"rotation":{"angle":0,"axis":"y","origin":[15,0.475,16]},"faces":{"north":{"uv":[10.25,6.5,10.375,6.53125],"texture":"#0"},"east":{"uv":[5.25,10.5,5.28125,10.53125],"texture":"#0"},"south":{"uv":[6.75,10.25,6.875,10.28125],"texture":"#0"},"west":{"uv":[10.5,5.25,10.53125,5.28125],"texture":"#0"},"up":{"uv":[10.375,6.78125,10.25,6.75],"texture":"#0"},"down":{"uv":[7.125,10.25,7,10.28125],"texture":"#0"}}},{"from":[2.475,9.6,6.975],"to":[3,9.675,7.025],"rotation":{"angle":0,"axis":"y","origin":[15,0.475,0]},"faces":{"north":{"uv":[10.25,7.5,10.375,7.53125],"texture":"#0"},"east":{"uv":[5.75,10.5,5.78125,10.53125],"texture":"#0"},"south":{"uv":[7.75,10.25,7.875,10.28125],"texture":"#0"},"west":{"uv":[10.5,5.75,10.53125,5.78125],"texture":"#0"},"up":{"uv":[10.375,7.78125,10.25,7.75],"texture":"#0"},"down":{"uv":[8.125,10.25,8,10.28125],"texture":"#0"}}},{"from":[2.475,9.6,6.925],"to":[3,9.625,6.975],"rotation":{"angle":0,"axis":"y","origin":[15,0.475,0]},"faces":{"north":{"uv":[10.25,8,10.375,8.03125],"texture":"#0"},"east":{"uv":[6,10.5,6.03125,10.53125],"texture":"#0"},"south":{"uv":[8.25,10.25,8.375,10.28125],"texture":"#0"},"west":{"uv":[10.5,6,10.53125,6.03125],"texture":"#0"},"up":{"uv":[10.375,8.28125,10.25,8.25],"texture":"#0"},"down":{"uv":[8.625,10.25,8.5,10.28125],"texture":"#0"}}},{"from":[5.025,11.275,7.875],"to":[5.175,11.425,8.85],"faces":{"north":{"uv":[8.25,10.5,8.28125,10.53125],"texture":"#0"},"east":{"uv":[5,9.75,5.25,9.78125],"texture":"#0"},"south":{"uv":[10.5,8.25,10.53125,8.28125],"texture":"#0"},"west":{"uv":[9.75,5,10,5.03125],"texture":"#0"},"up":{"uv":[5.28125,10,5.25,9.75],"texture":"#0"},"down":{"uv":[9.78125,5.25,9.75,5.5],"texture":"#0"}}},{"from":[9.8,11.275,7.875],"to":[9.95,11.425,8.85],"faces":{"north":{"uv":[8.5,10.5,8.53125,10.53125],"texture":"#0"},"east":{"uv":[5.5,9.75,5.75,9.78125],"texture":"#0"},"south":{"uv":[10.5,8.5,10.53125,8.53125],"texture":"#0"},"west":{"uv":[9.75,5.75,10,5.78125],"texture":"#0"},"up":{"uv":[6.03125,10,6,9.75],"texture":"#0"},"down":{"uv":[9.78125,6,9.75,6.25],"texture":"#0"}}},{"from":[6.75,5.43916,5.00724],"to":[8.25,5.98916,5.23224],"rotation":{"angle":0,"axis":"y","origin":[0,9.38916,-3.64276]},"faces":{"north":{"uv":[8.5,8.75,8.875,8.8125],"texture":"#0"},"east":{"uv":[9,0,9.375,0.0625],"texture":"#0"},"south":{"uv":[9,0.25,9.375,0.3125],"texture":"#0"},"west":{"uv":[9,0.5,9.375,0.5625],"texture":"#0"},"up":{"uv":[7.375,6.375,7,6],"texture":"#0"},"down":{"uv":[7.875,3.5,7.5,3.875],"texture":"#0"}}},{"from":[6.75,5.77503,5.23373],"to":[8.25,6.00003,6.20873],"rotation":{"angle":0,"axis":"y","origin":[0,8.32503,-3.64127]},"faces":{"north":{"uv":[9.125,7.75,8.75,7.8125],"rotation":180,"texture":"#0"},"east":{"uv":[3.25,9.75,3.3125,9.875],"rotation":270,"texture":"#0"},"south":{"uv":[9.125,7.5625,8.75,7.5],"texture":"#0"},"west":{"uv":[3.5,9.75,3.5625,9.875],"rotation":90,"texture":"#0"},"up":{"uv":[8,4.5,8.375,4.625],"rotation":180,"texture":"#0"},"down":{"uv":[8.25,3.75,8.625,3.875],"texture":"#0"}}},{"from":[6.75,10.25003,6.18373],"to":[8.25,10.50003,9.80873],"rotation":{"angle":0,"axis":"y","origin":[0,8.32503,-3.64127]},"faces":{"north":{"uv":[9.125,7.75,8.75,7.8125],"rotation":180,"texture":"#0"},"east":{"uv":[3.25,9.75,3.3125,9.875],"rotation":270,"texture":"#0"},"south":{"uv":[9.125,7.5625,8.75,7.5],"texture":"#0"},"west":{"uv":[3.5,9.75,3.5625,9.875],"rotation":90,"texture":"#0"},"up":{"uv":[8,4.5,8.375,4.625],"rotation":180,"texture":"#0"},"down":{"uv":[8.25,3.75,8.625,3.875],"texture":"#0"}}},{"from":[4.05,10.25003,9.80873],"to":[11.375,10.57503,9.98373],"rotation":{"angle":0,"axis":"y","origin":[0,8.32503,-3.64127]},"faces":{"north":{"uv":[9.125,7.75,8.75,7.8125],"rotation":180,"texture":"#0"},"east":{"uv":[3.25,9.75,3.3125,9.875],"rotation":270,"texture":"#0"},"south":{"uv":[9.125,7.5625,8.75,7.5],"texture":"#0"},"west":{"uv":[3.5,9.75,3.5625,9.875],"rotation":90,"texture":"#0"},"up":{"uv":[8,4.5,8.375,4.625],"rotation":180,"texture":"#0"},"down":{"uv":[8.25,3.75,8.625,3.875],"texture":"#0"}}}],"display":{"thirdperson_righthand":{"rotation":[68,180,0],"translation":[-6.75,-7,12.25],"scale":[1.96,2.14,2.14]},"firstperson_righthand":{"translation":[0.5,3.25,-0.5]},"ground":{"translation":[0,4.5,0]},"gui":{"rotation":[0,180,0],"translation":[-0.5,2.25,0]},"head":{"translation":[0,1.75,0]},"fixed":{"translation":[0,2,0]}},"groups":[0,1,2,3,4,5,6,7,8,9,10,11,12,13,14,15,16,17,18,19,20,21,22,23,24,25,26,27,28,29,30,31,32,33,34,35,{"name":"Handle","origin":[0,0,0],"color":0,"children":[36,37,38,39,40]},{"name":"carrier","origin":[4.85,9.4,10.825],"color":0,"children":[41,42,43,44,45,46,47,48,49,50]},51,52,53,54,55,56,57,58,59,60,61,62,63,64,65,{"name":"group","origin":[16,9.38916,-3.64276],"color":0,"children":[]},66,67,68,69,70,71]}