{"credit":"Made with Blockbench","textures":{"0":"guns/1-metal","1":"guns/1-metal-dark","4":"guns/black","5":"guns/gold","7":"guns/yellow","8":"guns/white","particle":"guns/1-metal"},"elements":[{"from":[3.95,0,8.5],"to":[12.05,4,9],"faces":{"north":{"uv":[0,0,14.8,7.125],"texture":"#5"},"east":{"uv":[0,0,0.5,4],"texture":"#5"},"south":{"uv":[0,0,8,4],"texture":"#5"},"west":{"uv":[0,0,0.5,4],"texture":"#5"},"up":{"uv":[0,0,8,0.5],"texture":"#5"},"down":{"uv":[0,0,8,0.5],"texture":"#5"}}},{"from":[3.925,0.05,8.55],"to":[3.95,3.95,8.95],"faces":{"north":{"uv":[0,0,14.8,7.125],"texture":"#5"},"east":{"uv":[0,0,0.5,4],"texture":"#5"},"south":{"uv":[0,0,8,4],"texture":"#5"},"west":{"uv":[0,0,0.5,4],"texture":"#5"},"up":{"uv":[0,0,8,0.5],"texture":"#5"},"down":{"uv":[0,0,8,0.5],"texture":"#5"}}},{"from":[12.05,0.05,8.55],"to":[12.075,3.95,8.95],"faces":{"north":{"uv":[0,0,14.8,7.125],"texture":"#5"},"east":{"uv":[0,0,0.5,4],"texture":"#5"},"south":{"uv":[0,0,8,4],"texture":"#5"},"west":{"uv":[0,0,0.5,4],"texture":"#5"},"up":{"uv":[0,0,8,0.5],"texture":"#5"},"down":{"uv":[0,0,8,0.5],"texture":"#5"}}},{"from":[4,4,8.55],"to":[12,4.025,8.95],"faces":{"north":{"uv":[0,0,14.8,7.125],"texture":"#5"},"east":{"uv":[0,0,0.5,4],"texture":"#5"},"south":{"uv":[0,0,8,4],"texture":"#5"},"west":{"uv":[0,0,0.5,4],"texture":"#5"},"up":{"uv":[0,0,8,0.5],"texture":"#5"},"down":{"uv":[0,0,8,0.5],"texture":"#5"}}},{"from":[4,-0.025,8.55],"to":[12,0,8.95],"faces":{"north":{"uv":[0,0,14.8,7.125],"texture":"#5"},"east":{"uv":[0,0,0.5,4],"texture":"#5"},"south":{"uv":[0,0,8,4],"texture":"#5"},"west":{"uv":[0,0,0.5,4],"texture":"#5"},"up":{"uv":[0,0,8,0.5],"texture":"#5"},"down":{"uv":[0,0,8,0.5],"texture":"#5"}}},{"from":[4,2.4,8.975],"to":[12,3.45,9.1],"faces":{"north":{"uv":[0,0,8,1.05],"texture":"#4"},"east":{"uv":[0,0,0.125,1.05],"texture":"#4"},"south":{"uv":[0,0,8,1.05],"texture":"#4"},"west":{"uv":[0,0,0.125,1.05],"texture":"#4"},"up":{"uv":[0,0,8,0.125],"texture":"#4"},"down":{"uv":[0,0,8,0.125],"texture":"#4"}}},{"from":[4.35,1,8.975],"to":[8.525,2.05,9.025],"faces":{"north":{"uv":[0,0,4.175,1.05],"texture":"#8"},"east":{"uv":[0,0,0.05,1.05],"texture":"#8"},"south":{"uv":[0,1.025,1.975,1.725],"texture":"#8"},"west":{"uv":[0,0,0.05,1.05],"texture":"#8"},"up":{"uv":[0,0,4.175,0.05],"texture":"#8"},"down":{"uv":[0,0,4.175,0.05],"texture":"#8"}}},{"from":[10.65,1.675,8.475],"to":[11.65,2.675,8.475],"faces":{"north":{"uv":[0,0,5.05,1.95],"texture":"#7"},"east":{"uv":[0,0,0,1],"texture":"#7"},"south":{"uv":[0,0,1,1],"texture":"#7"},"west":{"uv":[0,0,0,1],"texture":"#7"},"up":{"uv":[0,0,1,0],"texture":"#7"},"down":{"uv":[0,0,1,0],"texture":"#7"}}},{"from":[11.35,1.8,8.455],"to":[11.375,2.65,8.475],"faces":{"north":{"uv":[0,0,0.025,0.85],"texture":"#0"},"east":{"uv":[0,0,0.02,0.85],"texture":"#0"},"south":{"uv":[0,0,0.025,0.85],"texture":"#0"},"west":{"uv":[0,0,0.02,0.85],"texture":"#0"},"up":{"uv":[0,0,0.025,0.02],"texture":"#0"},"down":{"uv":[0,0,0.025,0.02],"texture":"#0"}}},{"from":[10.925,1.825,8.455],"to":[10.95,2.225,8.475],"faces":{"north":{"uv":[0,0,0.025,0.4],"texture":"#0"},"east":{"uv":[0,0,0.02,0.4],"texture":"#0"},"south":{"uv":[0,0,0.025,0.4],"texture":"#0"},"west":{"uv":[0,0,0.02,0.4],"texture":"#0"},"up":{"uv":[0,0,0.025,0.02],"texture":"#0"},"down":{"uv":[0,0,0.025,0.02],"texture":"#0"}}},{"from":[10.925,2.425,8.455],"to":[10.95,2.675,8.475],"faces":{"north":{"uv":[0,0,0.025,0.25],"texture":"#0"},"east":{"uv":[0,0,0.02,0.25],"texture":"#0"},"south":{"uv":[0,0,0.025,0.25],"texture":"#0"},"west":{"uv":[0,0,0.02,0.25],"texture":"#0"},"up":{"uv":[0,0,0.025,0.02],"texture":"#0"},"down":{"uv":[0,0,0.025,0.02],"texture":"#0"}}},{"from":[11.175,1.675,8.455],"to":[11.2,1.8,8.475],"faces":{"north":{"uv":[0,0,0.025,0.125],"texture":"#0"},"east":{"uv":[0,0,0.02,0.125],"texture":"#0"},"south":{"uv":[0,0,0.025,0.125],"texture":"#0"},"west":{"uv":[0,0,0.02,0.125],"texture":"#0"},"up":{"uv":[0,0,0.025,0.02],"texture":"#0"},"down":{"uv":[0,0,0.025,0.02],"texture":"#0"}}},{"from":[11.375,2.425,8.455],"to":[11.65,2.45,8.475],"faces":{"north":{"uv":[0,0,0.275,0.025],"texture":"#0"},"east":{"uv":[0,0,0.02,0.025],"texture":"#0"},"south":{"uv":[0,0,0.275,0.025],"texture":"#0"},"west":{"uv":[0,0,0.02,0.025],"texture":"#0"},"up":{"uv":[0,0,0.275,0.02],"texture":"#0"},"down":{"uv":[0,0,0.275,0.02],"texture":"#0"}}},{"from":[10.65,2.425,8.455],"to":[10.925,2.45,8.475],"faces":{"north":{"uv":[0,0,0.275,0.025],"texture":"#0"},"east":{"uv":[0,0,0.02,0.025],"texture":"#0"},"south":{"uv":[0,0,0.275,0.025],"texture":"#0"},"west":{"uv":[0,0,0.02,0.025],"texture":"#0"},"up":{"uv":[0,0,0.275,0.02],"texture":"#0"},"down":{"uv":[0,0,0.275,0.02],"texture":"#0"}}},{"from":[11.375,2.2,8.455],"to":[11.65,2.225,8.475],"faces":{"north":{"uv":[0,0,0.275,0.025],"texture":"#0"},"east":{"uv":[0,0,0.02,0.025],"texture":"#0"},"south":{"uv":[0,0,0.275,0.025],"texture":"#0"},"west":{"uv":[0,0,0.02,0.025],"texture":"#0"},"up":{"uv":[0,0,0.275,0.02],"texture":"#0"},"down":{"uv":[0,0,0.275,0.02],"texture":"#0"}}},{"from":[10.65,2.2,8.455],"to":[10.925,2.225,8.475],"faces":{"north":{"uv":[0,0,0.275,0.025],"texture":"#0"},"east":{"uv":[0,0,0.02,0.025],"texture":"#0"},"south":{"uv":[0,0,0.275,0.025],"texture":"#0"},"west":{"uv":[0,0,0.02,0.025],"texture":"#0"},"up":{"uv":[0,0,0.275,0.02],"texture":"#0"},"down":{"uv":[0,0,0.275,0.02],"texture":"#0"}}},{"from":[11.375,1.975,8.455],"to":[11.65,2,8.475],"faces":{"north":{"uv":[0,0,0.275,0.025],"texture":"#0"},"east":{"uv":[0,0,0.02,0.025],"texture":"#0"},"south":{"uv":[0,0,0.275,0.025],"texture":"#0"},"west":{"uv":[0,0,0.02,0.025],"texture":"#0"},"up":{"uv":[0,0,0.275,0.02],"texture":"#0"},"down":{"uv":[0,0,0.275,0.02],"texture":"#0"}}},{"from":[10.65,2,8.455],"to":[10.925,2.025,8.475],"faces":{"north":{"uv":[0,0,0.275,0.025],"texture":"#0"},"east":{"uv":[0,0,0.02,0.025],"texture":"#0"},"south":{"uv":[0,0,0.275,0.025],"texture":"#0"},"west":{"uv":[0,0,0.02,0.025],"texture":"#0"},"up":{"uv":[0,0,0.275,0.02],"texture":"#0"},"down":{"uv":[0,0,0.275,0.02],"texture":"#0"}}},{"from":[10.65,1.8,8.455],"to":[11.65,1.825,8.475],"faces":{"north":{"uv":[0,0,1,0.025],"texture":"#0"},"east":{"uv":[0,0,0.02,0.025],"texture":"#0"},"south":{"uv":[0,0,1,0.025],"texture":"#0"},"west":{"uv":[0,0,0.02,0.025],"texture":"#0"},"up":{"uv":[0,0,1,0.02],"texture":"#0"},"down":{"uv":[0,0,1,0.02],"texture":"#0"}}},{"from":[7.3,1.2,9.025],"to":[7.45,1.9,9.075],"faces":{"north":{"uv":[0,0,0.15,0.7],"texture":"#1"},"east":{"uv":[0,0,0.05,0.7],"texture":"#1"},"south":{"uv":[0,0,0.15,0.7],"texture":"#1"},"west":{"uv":[0,0,0.05,0.7],"texture":"#1"},"up":{"uv":[0,0,0.15,0.05],"texture":"#1"},"down":{"uv":[0,0,0.15,0.05],"texture":"#1"}}},{"from":[7.5,1.2,9.025],"to":[7.875,1.35,9.075],"faces":{"north":{"uv":[0,0,0.375,0.15],"texture":"#1"},"east":{"uv":[0,0,0.05,0.15],"texture":"#1"},"south":{"uv":[0,0,0.375,0.15],"texture":"#1"},"west":{"uv":[0,0,0.05,0.15],"texture":"#1"},"up":{"uv":[0,0,0.375,0.05],"texture":"#1"},"down":{"uv":[0,0,0.375,0.05],"texture":"#1"}}},{"from":[7.925,1.2,9.025],"to":[8.3,1.35,9.075],"faces":{"north":{"uv":[0,0,0.375,0.15],"texture":"#1"},"east":{"uv":[0,0,0.05,0.15],"texture":"#1"},"south":{"uv":[0,0,0.375,0.15],"texture":"#1"},"west":{"uv":[0,0,0.05,0.15],"texture":"#1"},"up":{"uv":[0,0,0.375,0.05],"texture":"#1"},"down":{"uv":[0,0,0.375,0.05],"texture":"#1"}}},{"from":[7.5,1.475,9.025],"to":[7.875,1.625,9.075],"faces":{"north":{"uv":[0,0,0.375,0.15],"texture":"#1"},"east":{"uv":[0,0,0.05,0.15],"texture":"#1"},"south":{"uv":[0,0,0.375,0.15],"texture":"#1"},"west":{"uv":[0,0,0.05,0.15],"texture":"#1"},"up":{"uv":[0,0,0.375,0.05],"texture":"#1"},"down":{"uv":[0,0,0.375,0.05],"texture":"#1"}}},{"from":[7.925,1.475,9.025],"to":[8.3,1.625,9.075],"faces":{"north":{"uv":[0,0,0.375,0.15],"texture":"#1"},"east":{"uv":[0,0,0.05,0.15],"texture":"#1"},"south":{"uv":[0,0,0.375,0.15],"texture":"#1"},"west":{"uv":[0,0,0.05,0.15],"texture":"#1"},"up":{"uv":[0,0,0.375,0.05],"texture":"#1"},"down":{"uv":[0,0,0.375,0.05],"texture":"#1"}}},{"from":[7.5,1.75,9.025],"to":[7.875,1.9,9.075],"faces":{"north":{"uv":[0,0,0.375,0.15],"texture":"#1"},"east":{"uv":[0,0,0.05,0.15],"texture":"#1"},"south":{"uv":[0,0,0.375,0.15],"texture":"#1"},"west":{"uv":[0,0,0.05,0.15],"texture":"#1"},"up":{"uv":[0,0,0.375,0.05],"texture":"#1"},"down":{"uv":[0,0,0.375,0.05],"texture":"#1"}}},{"from":[7.925,1.75,9.025],"to":[8.3,1.9,9.075],"faces":{"north":{"uv":[0,0,0.375,0.15],"texture":"#1"},"east":{"uv":[0,0,0.05,0.15],"texture":"#1"},"south":{"uv":[0,0,0.375,0.15],"texture":"#1"},"west":{"uv":[0,0,0.05,0.15],"texture":"#1"},"up":{"uv":[0,0,0.375,0.05],"texture":"#1"},"down":{"uv":[0,0,0.375,0.05],"texture":"#1"}}},{"from":[7.725,1.625,9.025],"to":[7.875,1.75,9.075],"faces":{"north":{"uv":[0,0,0.15,0.125],"texture":"#1"},"east":{"uv":[0,0,0.05,0.125],"texture":"#1"},"south":{"uv":[0,0,0.15,0.125],"texture":"#1"},"west":{"uv":[0,0,0.05,0.125],"texture":"#1"},"up":{"uv":[0,0,0.15,0.05],"texture":"#1"},"down":{"uv":[0,0,0.15,0.05],"texture":"#1"}}},{"from":[8.15,1.625,9.025],"to":[8.3,1.75,9.075],"faces":{"north":{"uv":[0,0,0.15,0.125],"texture":"#1"},"east":{"uv":[0,0,0.05,0.125],"texture":"#1"},"south":{"uv":[0,0,0.15,0.125],"texture":"#1"},"west":{"uv":[0,0,0.05,0.125],"texture":"#1"},"up":{"uv":[0,0,0.15,0.05],"texture":"#1"},"down":{"uv":[0,0,0.15,0.05],"texture":"#1"}}},{"from":[8.15,1.35,9.025],"to":[8.3,1.475,9.075],"faces":{"north":{"uv":[0,0,0.15,0.125],"texture":"#1"},"east":{"uv":[0,0,0.05,0.125],"texture":"#1"},"south":{"uv":[0,0,0.15,0.125],"texture":"#1"},"west":{"uv":[0,0,0.05,0.125],"texture":"#1"},"up":{"uv":[0,0,0.15,0.05],"texture":"#1"},"down":{"uv":[0,0,0.15,0.05],"texture":"#1"}}},{"from":[7.5,1.35,9.025],"to":[7.65,1.475,9.075],"faces":{"north":{"uv":[0,0,0.15,0.125],"texture":"#1"},"east":{"uv":[0,0,0.05,0.125],"texture":"#1"},"south":{"uv":[0,0,0.15,0.125],"texture":"#1"},"west":{"uv":[0,0,0.05,0.125],"texture":"#1"},"up":{"uv":[0,0,0.15,0.05],"texture":"#1"},"down":{"uv":[0,0,0.15,0.05],"texture":"#1"}}},{"from":[7.225,1.675,9.025],"to":[7.3,1.8,9.075],"faces":{"north":{"uv":[0,0,0.075,0.125],"texture":"#1"},"east":{"uv":[0,0,0.05,0.125],"texture":"#1"},"south":{"uv":[0,0,0.075,0.125],"texture":"#1"},"west":{"uv":[0,0,0.05,0.125],"texture":"#1"},"up":{"uv":[0,0,0.075,0.05],"texture":"#1"},"down":{"uv":[0,0,0.075,0.05],"texture":"#1"}}},{"from":[11.525,1.1,8.45],"to":[11.6,1.225,8.5],"faces":{"north":{"uv":[4.6,1.075,7.9,1.825],"texture":"#1"},"east":{"uv":[0,0,0.05,0.125],"texture":"#1"},"south":{"uv":[0,0,0.075,0.125],"texture":"#1"},"west":{"uv":[0,0,0.05,0.125],"texture":"#1"},"up":{"uv":[0,0,0.075,0.05],"rotation":180,"texture":"#1"},"down":{"uv":[0,0,0.075,0.05],"rotation":180,"texture":"#1"}}},{"from":[11.375,0.625,8.45],"to":[11.525,1.325,8.5],"faces":{"north":{"uv":[4.6,1.075,7.975,1.825],"texture":"#1"},"east":{"uv":[0,0,0.05,0.7],"texture":"#1"},"south":{"uv":[0,0,0.15,0.7],"texture":"#1"},"west":{"uv":[0,0,0.05,0.7],"texture":"#1"},"up":{"uv":[0,0,0.15,0.05],"rotation":180,"texture":"#1"},"down":{"uv":[0,0,0.15,0.05],"rotation":180,"texture":"#1"}}},{"from":[10.95,1.175,8.45],"to":[11.325,1.325,8.5],"faces":{"north":{"uv":[4.6,1.075,8.2,1.825],"texture":"#1"},"east":{"uv":[0,0,0.05,0.15],"texture":"#1"},"south":{"uv":[0,0,0.375,0.15],"texture":"#1"},"west":{"uv":[0,0,0.05,0.15],"texture":"#1"},"up":{"uv":[0,0,0.375,0.05],"rotation":180,"texture":"#1"},"down":{"uv":[0,0,0.375,0.05],"rotation":180,"texture":"#1"}}},{"from":[10.95,1.05,8.45],"to":[11.1,1.175,8.5],"faces":{"north":{"uv":[4.6,1.075,7.975,1.825],"texture":"#1"},"east":{"uv":[0,0,0.05,0.125],"texture":"#1"},"south":{"uv":[0,0,0.15,0.125],"texture":"#1"},"west":{"uv":[0,0,0.05,0.125],"texture":"#1"},"up":{"uv":[0,0,0.15,0.05],"rotation":180,"texture":"#1"},"down":{"uv":[0,0,0.15,0.05],"rotation":180,"texture":"#1"}}},{"from":[10.95,0.9,8.45],"to":[11.325,1.05,8.5],"faces":{"north":{"uv":[4.6,1.075,8.2,1.825],"texture":"#1"},"east":{"uv":[0,0,0.05,0.15],"texture":"#1"},"south":{"uv":[0,0,0.375,0.15],"texture":"#1"},"west":{"uv":[0,0,0.05,0.15],"texture":"#1"},"up":{"uv":[0,0,0.375,0.05],"rotation":180,"texture":"#1"},"down":{"uv":[0,0,0.375,0.05],"rotation":180,"texture":"#1"}}},{"from":[10.95,0.625,8.45],"to":[11.325,0.775,8.5],"faces":{"north":{"uv":[4.6,1.075,8.2,1.825],"texture":"#1"},"east":{"uv":[0,0,0.05,0.15],"texture":"#1"},"south":{"uv":[0,0,0.375,0.15],"texture":"#1"},"west":{"uv":[0,0,0.05,0.15],"texture":"#1"},"up":{"uv":[0,0,0.375,0.05],"rotation":180,"texture":"#1"},"down":{"uv":[0,0,0.375,0.05],"rotation":180,"texture":"#1"}}},{"from":[11.175,0.775,8.45],"to":[11.325,0.9,8.5],"faces":{"north":{"uv":[4.6,1.075,7.975,1.825],"texture":"#1"},"east":{"uv":[0,0,0.05,0.125],"texture":"#1"},"south":{"uv":[0,0,0.15,0.125],"texture":"#1"},"west":{"uv":[0,0,0.05,0.125],"texture":"#1"},"up":{"uv":[0,0,0.15,0.05],"rotation":180,"texture":"#1"},"down":{"uv":[0,0,0.15,0.05],"rotation":180,"texture":"#1"}}},{"from":[10.525,0.625,8.45],"to":[10.9,0.775,8.5],"faces":{"north":{"uv":[4.6,1.075,8.2,1.825],"texture":"#1"},"east":{"uv":[0,0,0.05,0.15],"texture":"#1"},"south":{"uv":[0,0,0.375,0.15],"texture":"#1"},"west":{"uv":[0,0,0.05,0.15],"texture":"#1"},"up":{"uv":[0,0,0.375,0.05],"rotation":180,"texture":"#1"},"down":{"uv":[0,0,0.375,0.05],"rotation":180,"texture":"#1"}}},{"from":[10.525,0.775,8.45],"to":[10.675,0.9,8.5],"faces":{"north":{"uv":[4.6,1.075,7.975,1.825],"texture":"#1"},"east":{"uv":[0,0,0.05,0.125],"texture":"#1"},"south":{"uv":[0,0,0.15,0.125],"texture":"#1"},"west":{"uv":[0,0,0.05,0.125],"texture":"#1"},"up":{"uv":[0,0,0.15,0.05],"rotation":180,"texture":"#1"},"down":{"uv":[0,0,0.15,0.05],"rotation":180,"texture":"#1"}}},{"from":[10.525,0.9,8.45],"to":[10.9,1.05,8.5],"faces":{"north":{"uv":[4.6,1.075,8.2,1.825],"texture":"#1"},"east":{"uv":[0,0,0.05,0.15],"texture":"#1"},"south":{"uv":[0,0,0.375,0.15],"texture":"#1"},"west":{"uv":[0,0,0.05,0.15],"texture":"#1"},"up":{"uv":[0,0,0.375,0.05],"rotation":180,"texture":"#1"},"down":{"uv":[0,0,0.375,0.05],"rotation":180,"texture":"#1"}}},{"from":[10.525,1.05,8.45],"to":[10.675,1.175,8.5],"faces":{"north":{"uv":[4.6,1.075,7.975,1.825],"texture":"#1"},"east":{"uv":[0,0,0.05,0.125],"texture":"#1"},"south":{"uv":[0,0,0.15,0.125],"texture":"#1"},"west":{"uv":[0,0,0.05,0.125],"texture":"#1"},"up":{"uv":[0,0,0.15,0.05],"rotation":180,"texture":"#1"},"down":{"uv":[0,0,0.15,0.05],"rotation":180,"texture":"#1"}}},{"from":[10.525,1.175,8.45],"to":[10.9,1.325,8.5],"faces":{"north":{"uv":[4.6,1.075,8.2,1.825],"texture":"#1"},"east":{"uv":[0,0,0.05,0.15],"texture":"#1"},"south":{"uv":[0,0,0.375,0.15],"texture":"#1"},"west":{"uv":[0,0,0.05,0.15],"texture":"#1"},"up":{"uv":[0,0,0.375,0.05],"rotation":180,"texture":"#1"},"down":{"uv":[0,0,0.375,0.05],"rotation":180,"texture":"#1"}}},{"from":[10.325,0.925,8.45],"to":[10.475,1.325,8.5],"faces":{"north":{"uv":[4.6,1.075,7.975,1.825],"texture":"#1"},"east":{"uv":[0,0,0.05,0.4],"texture":"#1"},"south":{"uv":[0,0,0.15,0.4],"texture":"#1"},"west":{"uv":[0,0,0.05,0.4],"texture":"#1"},"up":{"uv":[0,0,0.15,0.05],"rotation":180,"texture":"#1"},"down":{"uv":[0,0,0.15,0.05],"rotation":180,"texture":"#1"}}},{"from":[10.25,0.925,8.45],"to":[10.325,1.05,8.5],"faces":{"north":{"uv":[4.6,1.075,7.9,1.825],"texture":"#1"},"east":{"uv":[0,0,0.05,0.125],"texture":"#1"},"south":{"uv":[0,0,0.075,0.125],"texture":"#1"},"west":{"uv":[0,0,0.05,0.125],"texture":"#1"},"up":{"uv":[0,0,0.075,0.05],"rotation":180,"texture":"#1"},"down":{"uv":[0,0,0.075,0.05],"rotation":180,"texture":"#1"}}},{"from":[10.1,0.625,8.45],"to":[10.25,1.325,8.5],"faces":{"north":{"uv":[4.6,1.075,7.975,1.825],"texture":"#1"},"east":{"uv":[0,0,0.05,0.7],"texture":"#1"},"south":{"uv":[0,0,0.15,0.7],"texture":"#1"},"west":{"uv":[0,0,0.05,0.7],"texture":"#1"},"up":{"uv":[0,0,0.15,0.05],"rotation":180,"texture":"#1"},"down":{"uv":[0,0,0.15,0.05],"rotation":180,"texture":"#1"}}},{"from":[9.375,1.175,8.45],"to":[9.75,1.325,8.5],"faces":{"north":{"uv":[4.6,1.075,8.2,1.825],"texture":"#1"},"east":{"uv":[0,0,0.05,0.15],"texture":"#1"},"south":{"uv":[0,0,0.375,0.15],"texture":"#1"},"west":{"uv":[0,0,0.05,0.15],"texture":"#1"},"up":{"uv":[0,0,0.375,0.05],"rotation":180,"texture":"#1"},"down":{"uv":[0,0,0.375,0.05],"rotation":180,"texture":"#1"}}},{"from":[9.6,1.05,8.45],"to":[9.75,1.175,8.5],"faces":{"north":{"uv":[4.6,1.075,7.975,1.825],"texture":"#1"},"east":{"uv":[0,0,0.05,0.125],"texture":"#1"},"south":{"uv":[0,0,0.15,0.125],"texture":"#1"},"west":{"uv":[0,0,0.05,0.125],"texture":"#1"},"up":{"uv":[0,0,0.15,0.05],"rotation":180,"texture":"#1"},"down":{"uv":[0,0,0.15,0.05],"rotation":180,"texture":"#1"}}},{"from":[9.425,0.9,8.45],"to":[9.75,1.05,8.5],"faces":{"north":{"uv":[4.6,1.075,8.15,1.825],"texture":"#1"},"east":{"uv":[0,0,0.05,0.15],"texture":"#1"},"south":{"uv":[0,0,0.325,0.15],"texture":"#1"},"west":{"uv":[0,0,0.05,0.15],"texture":"#1"},"up":{"uv":[0,0,0.325,0.05],"rotation":180,"texture":"#1"},"down":{"uv":[0,0,0.325,0.05],"rotation":180,"texture":"#1"}}},{"from":[9.375,0.675,8.45],"to":[9.425,1,8.5],"faces":{"north":{"uv":[4.6,1.075,7.875,1.825],"texture":"#1"},"east":{"uv":[0,0,0.05,0.325],"texture":"#1"},"south":{"uv":[0,0,0.05,0.325],"texture":"#1"},"west":{"uv":[0,0,0.05,0.325],"texture":"#1"},"up":{"uv":[0,0,0.05,0.05],"rotation":180,"texture":"#1"},"down":{"uv":[0,0,0.05,0.05],"rotation":180,"texture":"#1"}}},{"from":[9.425,0.775,8.45],"to":[9.575,0.9,8.5],"faces":{"north":{"uv":[4.6,1.075,7.975,1.825],"texture":"#1"},"east":{"uv":[0,0,0.05,0.125],"texture":"#1"},"south":{"uv":[0,0,0.15,0.125],"texture":"#1"},"west":{"uv":[0,0,0.05,0.125],"texture":"#1"},"up":{"uv":[0,0,0.15,0.05],"rotation":180,"texture":"#1"},"down":{"uv":[0,0,0.15,0.05],"rotation":180,"texture":"#1"}}},{"from":[9.425,0.625,8.45],"to":[9.75,0.775,8.5],"faces":{"north":{"uv":[4.6,1.075,8.15,1.825],"texture":"#1"},"east":{"uv":[0,0,0.05,0.15],"texture":"#1"},"south":{"uv":[0,0,0.325,0.15],"texture":"#1"},"west":{"uv":[0,0,0.05,0.15],"texture":"#1"},"up":{"uv":[0,0,0.325,0.05],"rotation":180,"texture":"#1"},"down":{"uv":[0,0,0.325,0.05],"rotation":180,"texture":"#1"}}},{"from":[8.95,0.775,8.45],"to":[9.1,0.875,8.5],"faces":{"north":{"uv":[4.6,1.075,7.975,1.825],"texture":"#1"},"east":{"uv":[0,0,0.05,0.1],"texture":"#1"},"south":{"uv":[0,0,0.15,0.1],"texture":"#1"},"west":{"uv":[0,0,0.05,0.1],"texture":"#1"},"up":{"uv":[0,0,0.15,0.05],"rotation":180,"texture":"#1"},"down":{"uv":[0,0,0.15,0.05],"rotation":180,"texture":"#1"}}},{"from":[8.95,0.875,8.45],"to":[9.325,1.025,8.5],"faces":{"north":{"uv":[4.6,1.075,8.2,1.825],"texture":"#1"},"east":{"uv":[0,0,0.05,0.15],"texture":"#1"},"south":{"uv":[0,0,0.375,0.15],"texture":"#1"},"west":{"uv":[0,0,0.05,0.15],"texture":"#1"},"up":{"uv":[0,0,0.375,0.05],"rotation":180,"texture":"#1"},"down":{"uv":[0,0,0.375,0.05],"rotation":180,"texture":"#1"}}},{"from":[9.175,0.775,8.45],"to":[9.325,0.875,8.5],"faces":{"north":{"uv":[4.6,1.075,7.975,1.825],"texture":"#1"},"east":{"uv":[0,0,0.05,0.1],"texture":"#1"},"south":{"uv":[0,0,0.15,0.1],"texture":"#1"},"west":{"uv":[0,0,0.05,0.1],"texture":"#1"},"up":{"uv":[0,0,0.15,0.05],"rotation":180,"texture":"#1"},"down":{"uv":[0,0,0.15,0.05],"rotation":180,"texture":"#1"}}},{"from":[8.95,0.625,8.45],"to":[9.325,0.775,8.5],"faces":{"north":{"uv":[4.6,1.075,8.2,1.825],"texture":"#1"},"east":{"uv":[0,0,0.05,0.15],"texture":"#1"},"south":{"uv":[0,0,0.375,0.15],"texture":"#1"},"west":{"uv":[0,0,0.05,0.15],"texture":"#1"},"up":{"uv":[0,0,0.375,0.05],"rotation":180,"texture":"#1"},"down":{"uv":[0,0,0.375,0.05],"rotation":180,"texture":"#1"}}},{"from":[9.175,1.025,8.45],"to":[9.325,1.175,8.5],"faces":{"north":{"uv":[4.6,1.075,7.975,1.825],"texture":"#1"},"east":{"uv":[0,0,0.05,0.15],"texture":"#1"},"south":{"uv":[0,0,0.15,0.15],"texture":"#1"},"west":{"uv":[0,0,0.05,0.15],"texture":"#1"},"up":{"uv":[0,0,0.15,0.05],"rotation":180,"texture":"#1"},"down":{"uv":[0,0,0.15,0.05],"rotation":180,"texture":"#1"}}},{"from":[8.95,1.175,8.45],"to":[9.325,1.325,8.5],"faces":{"north":{"uv":[4.6,1.075,8.2,1.825],"texture":"#1"},"east":{"uv":[0,0,0.05,0.15],"texture":"#1"},"south":{"uv":[0,0,0.375,0.15],"texture":"#1"},"west":{"uv":[0,0,0.05,0.15],"texture":"#1"},"up":{"uv":[0,0,0.375,0.05],"rotation":180,"texture":"#1"},"down":{"uv":[0,0,0.375,0.05],"rotation":180,"texture":"#1"}}},{"from":[8.525,1.175,8.45],"to":[8.9,1.325,8.5],"faces":{"north":{"uv":[4.6,1.075,8.2,1.825],"texture":"#1"},"east":{"uv":[0,0,0.05,0.15],"texture":"#1"},"south":{"uv":[0,0,0.375,0.15],"texture":"#1"},"west":{"uv":[0,0,0.05,0.15],"texture":"#1"},"up":{"uv":[0,0,0.375,0.05],"rotation":180,"texture":"#1"},"down":{"uv":[0,0,0.375,0.05],"rotation":180,"texture":"#1"}}},{"from":[8.525,0.625,8.45],"to":[8.7,1.175,8.5],"faces":{"north":{"uv":[4.6,1.075,8,1.825],"texture":"#1"},"east":{"uv":[0,0,0.05,0.55],"texture":"#1"},"south":{"uv":[0,0,0.175,0.55],"texture":"#1"},"west":{"uv":[0,0,0.05,0.55],"texture":"#1"},"up":{"uv":[0,0,0.175,0.05],"rotation":180,"texture":"#1"},"down":{"uv":[0,0,0.175,0.05],"rotation":180,"texture":"#1"}}},{"from":[8.325,0.625,8.45],"to":[8.475,1.325,8.5],"faces":{"north":{"uv":[4.6,1.075,7.975,1.825],"texture":"#1"},"east":{"uv":[0,0,0.05,0.7],"texture":"#1"},"south":{"uv":[0,0,0.15,0.7],"texture":"#1"},"west":{"uv":[0,0,0.05,0.7],"texture":"#1"},"up":{"uv":[0,0,0.15,0.05],"rotation":180,"texture":"#1"},"down":{"uv":[0,0,0.15,0.05],"rotation":180,"texture":"#1"}}},{"from":[8.225,1.15,8.45],"to":[8.325,1.325,8.5],"faces":{"north":{"uv":[4.6,1.075,7.925,1.825],"texture":"#1"},"east":{"uv":[0,0,0.05,0.175],"texture":"#1"},"south":{"uv":[0,0,0.1,0.175],"texture":"#1"},"west":{"uv":[0,0,0.05,0.175],"texture":"#1"},"up":{"uv":[0,0,0.1,0.05],"rotation":180,"texture":"#1"},"down":{"uv":[0,0,0.1,0.05],"rotation":180,"texture":"#1"}}},{"from":[8.075,0.625,8.45],"to":[8.225,1.325,8.5],"faces":{"north":{"uv":[4.6,1.075,7.975,1.825],"texture":"#1"},"east":{"uv":[0,0,0.05,0.7],"texture":"#1"},"south":{"uv":[0,0,0.15,0.7],"texture":"#1"},"west":{"uv":[0,0,0.05,0.7],"texture":"#1"},"up":{"uv":[0,0,0.15,0.05],"rotation":180,"texture":"#1"},"down":{"uv":[0,0,0.15,0.05],"rotation":180,"texture":"#1"}}},{"from":[8.225,0.9,8.45],"to":[8.325,1.05,8.5],"faces":{"north":{"uv":[4.6,1.075,7.925,1.825],"texture":"#1"},"east":{"uv":[0,0,0.05,0.15],"texture":"#1"},"south":{"uv":[0,0,0.1,0.15],"texture":"#1"},"west":{"uv":[0,0,0.05,0.15],"texture":"#1"},"up":{"uv":[0,0,0.1,0.05],"rotation":180,"texture":"#1"},"down":{"uv":[0,0,0.1,0.05],"rotation":180,"texture":"#1"}}},{"from":[8.225,0.625,8.45],"to":[8.325,0.8,8.5],"faces":{"north":{"uv":[4.6,1.075,7.925,1.825],"texture":"#1"},"east":{"uv":[0,0,0.05,0.175],"texture":"#1"},"south":{"uv":[0,0,0.1,0.175],"texture":"#1"},"west":{"uv":[0,0,0.05,0.175],"texture":"#1"},"up":{"uv":[0,0,0.1,0.05],"rotation":180,"texture":"#1"},"down":{"uv":[0,0,0.1,0.05],"rotation":180,"texture":"#1"}}},{"from":[7.45,0.625,8.45],"to":[7.725,0.775,8.5],"faces":{"north":{"uv":[4.6,1.075,8.1,1.825],"texture":"#1"},"east":{"uv":[0,0,0.05,0.15],"texture":"#1"},"south":{"uv":[0,0,0.275,0.15],"texture":"#1"},"west":{"uv":[0,0,0.05,0.15],"texture":"#1"},"up":{"uv":[0,0,0.275,0.05],"rotation":180,"texture":"#1"},"down":{"uv":[0,0,0.275,0.05],"rotation":180,"texture":"#1"}}},{"from":[7.3,0.625,8.45],"to":[7.45,1.175,8.5],"faces":{"north":{"uv":[4.6,1.075,7.975,1.825],"texture":"#1"},"east":{"uv":[0,0,0.05,0.55],"texture":"#1"},"south":{"uv":[0,0,0.15,0.55],"texture":"#1"},"west":{"uv":[0,0,0.05,0.55],"texture":"#1"},"up":{"uv":[0,0,0.15,0.05],"rotation":180,"texture":"#1"},"down":{"uv":[0,0,0.15,0.05],"rotation":180,"texture":"#1"}}},{"from":[7.45,0.9,8.45],"to":[7.725,1.05,8.5],"faces":{"north":{"uv":[4.6,1.075,8.1,1.825],"texture":"#1"},"east":{"uv":[0,0,0.05,0.15],"texture":"#1"},"south":{"uv":[0,0,0.275,0.15],"texture":"#1"},"west":{"uv":[0,0,0.05,0.15],"texture":"#1"},"up":{"uv":[0,0,0.275,0.05],"rotation":180,"texture":"#1"},"down":{"uv":[0,0,0.275,0.05],"rotation":180,"texture":"#1"}}},{"from":[7.575,1.05,8.45],"to":[7.725,1.175,8.5],"faces":{"north":{"uv":[4.6,1.075,7.975,1.825],"texture":"#1"},"east":{"uv":[0,0,0.05,0.125],"texture":"#1"},"south":{"uv":[0,0,0.15,0.125],"texture":"#1"},"west":{"uv":[0,0,0.05,0.125],"texture":"#1"},"up":{"uv":[0,0,0.15,0.05],"rotation":180,"texture":"#1"},"down":{"uv":[0,0,0.15,0.05],"rotation":180,"texture":"#1"}}},{"from":[7.3,1.175,8.45],"to":[7.725,1.325,8.5],"faces":{"north":{"uv":[4.6,1.075,8.25,1.825],"texture":"#1"},"east":{"uv":[0,0,0.05,0.15],"texture":"#1"},"south":{"uv":[0,0,0.425,0.15],"texture":"#1"},"west":{"uv":[0,0,0.05,0.15],"texture":"#1"},"up":{"uv":[0,0,0.425,0.05],"rotation":180,"texture":"#1"},"down":{"uv":[0,0,0.425,0.05],"rotation":180,"texture":"#1"}}},{"from":[7.175,1.1,8.45],"to":[7.25,1.225,8.5],"faces":{"north":{"uv":[4.6,1.075,7.9,1.825],"texture":"#1"},"east":{"uv":[0,0,0.05,0.125],"texture":"#1"},"south":{"uv":[0,0,0.075,0.125],"texture":"#1"},"west":{"uv":[0,0,0.05,0.125],"texture":"#1"},"up":{"uv":[0,0,0.075,0.05],"rotation":180,"texture":"#1"},"down":{"uv":[0,0,0.075,0.05],"rotation":180,"texture":"#1"}}},{"from":[7.025,0.625,8.45],"to":[7.175,1.325,8.5],"faces":{"north":{"uv":[4.6,1.075,7.975,1.825],"texture":"#1"},"east":{"uv":[0,0,0.05,0.7],"texture":"#1"},"south":{"uv":[0,0,0.15,0.7],"texture":"#1"},"west":{"uv":[0,0,0.05,0.7],"texture":"#1"},"up":{"uv":[0,0,0.15,0.05],"rotation":180,"texture":"#1"},"down":{"uv":[0,0,0.15,0.05],"rotation":180,"texture":"#1"}}},{"from":[6.825,0.625,8.45],"to":[6.975,1.325,8.5],"faces":{"north":{"uv":[4.6,1.075,7.975,1.825],"texture":"#1"},"east":{"uv":[0,0,0.05,0.7],"texture":"#1"},"south":{"uv":[0,0,0.15,0.7],"texture":"#1"},"west":{"uv":[0,0,0.05,0.7],"texture":"#1"},"up":{"uv":[0,0,0.15,0.05],"rotation":180,"texture":"#1"},"down":{"uv":[0,0,0.15,0.05],"rotation":180,"texture":"#1"}}},{"from":[6.675,1.175,8.45],"to":[6.825,1.325,8.5],"faces":{"north":{"uv":[4.6,1.075,7.975,1.825],"texture":"#1"},"east":{"uv":[0,0,0.05,0.15],"texture":"#1"},"south":{"uv":[0,0,0.15,0.15],"texture":"#1"},"west":{"uv":[0,0,0.05,0.15],"texture":"#1"},"up":{"uv":[0,0,0.15,0.05],"rotation":180,"texture":"#1"},"down":{"uv":[0,0,0.15,0.05],"rotation":180,"texture":"#1"}}},{"from":[6.525,0.625,8.45],"to":[6.675,1.325,8.5],"faces":{"north":{"uv":[4.6,1.075,7.975,1.825],"texture":"#1"},"east":{"uv":[0,0,0.05,0.7],"texture":"#1"},"south":{"uv":[0,0,0.15,0.7],"texture":"#1"},"west":{"uv":[0,0,0.05,0.7],"texture":"#1"},"up":{"uv":[0,0,0.15,0.05],"rotation":180,"texture":"#1"},"down":{"uv":[0,0,0.15,0.05],"rotation":180,"texture":"#1"}}},{"from":[6.675,0.625,8.45],"to":[6.825,0.775,8.5],"faces":{"north":{"uv":[4.6,1.075,7.975,1.825],"texture":"#1"},"east":{"uv":[0,0,0.05,0.15],"texture":"#1"},"south":{"uv":[0,0,0.15,0.15],"texture":"#1"},"west":{"uv":[0,0,0.05,0.15],"texture":"#1"},"up":{"uv":[0,0,0.15,0.05],"rotation":180,"texture":"#1"},"down":{"uv":[0,0,0.15,0.05],"rotation":180,"texture":"#1"}}},{"from":[6.4,1.1,8.45],"to":[6.475,1.225,8.5],"faces":{"north":{"uv":[4.6,1.075,7.9,1.825],"texture":"#1"},"east":{"uv":[0,0,0.05,0.125],"texture":"#1"},"south":{"uv":[0,0,0.075,0.125],"texture":"#1"},"west":{"uv":[0,0,0.05,0.125],"texture":"#1"},"up":{"uv":[0,0,0.075,0.05],"rotation":180,"texture":"#1"},"down":{"uv":[0,0,0.075,0.05],"rotation":180,"texture":"#1"}}},{"from":[6.25,0.625,8.45],"to":[6.4,1.325,8.5],"faces":{"north":{"uv":[4.6,1.075,7.975,1.825],"texture":"#1"},"east":{"uv":[0,0,0.05,0.7],"texture":"#1"},"south":{"uv":[0,0,0.15,0.7],"texture":"#1"},"west":{"uv":[0,0,0.05,0.7],"texture":"#1"},"up":{"uv":[0,0,0.15,0.05],"rotation":180,"texture":"#1"},"down":{"uv":[0,0,0.15,0.05],"rotation":180,"texture":"#1"}}},{"from":[5.9,1.1,8.45],"to":[5.975,1.225,8.5],"faces":{"north":{"uv":[4.6,1.075,7.9,1.825],"texture":"#1"},"east":{"uv":[0,0,0.05,0.125],"texture":"#1"},"south":{"uv":[0,0,0.075,0.125],"texture":"#1"},"west":{"uv":[0,0,0.05,0.125],"texture":"#1"},"up":{"uv":[0,0,0.075,0.05],"rotation":180,"texture":"#1"},"down":{"uv":[0,0,0.075,0.05],"rotation":180,"texture":"#1"}}},{"from":[5.75,0.625,8.45],"to":[5.9,1.325,8.5],"faces":{"north":{"uv":[4.6,1.075,7.975,1.825],"texture":"#1"},"east":{"uv":[0,0,0.05,0.7],"texture":"#1"},"south":{"uv":[0,0,0.15,0.7],"texture":"#1"},"west":{"uv":[0,0,0.05,0.7],"texture":"#1"},"up":{"uv":[0,0,0.15,0.05],"rotation":180,"texture":"#1"},"down":{"uv":[0,0,0.15,0.05],"rotation":180,"texture":"#1"}}},{"from":[5.625,1.1,8.45],"to":[5.7,1.225,8.5],"faces":{"north":{"uv":[4.6,1.075,7.9,1.825],"texture":"#1"},"east":{"uv":[0,0,0.05,0.125],"texture":"#1"},"south":{"uv":[0,0,0.075,0.125],"texture":"#1"},"west":{"uv":[0,0,0.05,0.125],"texture":"#1"},"up":{"uv":[0,0,0.075,0.05],"rotation":180,"texture":"#1"},"down":{"uv":[0,0,0.075,0.05],"rotation":180,"texture":"#1"}}},{"from":[5.475,0.625,8.45],"to":[5.625,1.325,8.5],"faces":{"north":{"uv":[4.6,1.075,7.975,1.825],"texture":"#1"},"east":{"uv":[0,0,0.05,0.7],"texture":"#1"},"south":{"uv":[0,0,0.15,0.7],"texture":"#1"},"west":{"uv":[0,0,0.05,0.7],"texture":"#1"},"up":{"uv":[0,0,0.15,0.05],"rotation":180,"texture":"#1"},"down":{"uv":[0,0,0.15,0.05],"rotation":180,"texture":"#1"}}},{"from":[5.05,1.175,8.45],"to":[5.425,1.325,8.5],"faces":{"north":{"uv":[4.6,1.075,8.2,1.825],"texture":"#1"},"east":{"uv":[0,0,0.05,0.15],"texture":"#1"},"south":{"uv":[0,0,0.375,0.15],"texture":"#1"},"west":{"uv":[0,0,0.05,0.15],"texture":"#1"},"up":{"uv":[0,0,0.375,0.05],"rotation":180,"texture":"#1"},"down":{"uv":[0,0,0.375,0.05],"rotation":180,"texture":"#1"}}},{"from":[5.05,1.05,8.45],"to":[5.2,1.175,8.5],"faces":{"north":{"uv":[4.6,1.075,7.975,1.825],"texture":"#1"},"east":{"uv":[0,0,0.05,0.125],"texture":"#1"},"south":{"uv":[0,0,0.15,0.125],"texture":"#1"},"west":{"uv":[0,0,0.05,0.125],"texture":"#1"},"up":{"uv":[0,0,0.15,0.05],"rotation":180,"texture":"#1"},"down":{"uv":[0,0,0.15,0.05],"rotation":180,"texture":"#1"}}},{"from":[5.05,0.9,8.45],"to":[5.425,1.05,8.5],"faces":{"north":{"uv":[4.6,1.075,8.2,1.825],"texture":"#1"},"east":{"uv":[0,0,0.05,0.15],"texture":"#1"},"south":{"uv":[0,0,0.375,0.15],"texture":"#1"},"west":{"uv":[0,0,0.05,0.15],"texture":"#1"},"up":{"uv":[0,0,0.375,0.05],"rotation":180,"texture":"#1"},"down":{"uv":[0,0,0.375,0.05],"rotation":180,"texture":"#1"}}},{"from":[5.275,0.775,8.45],"to":[5.425,0.9,8.5],"faces":{"north":{"uv":[4.6,1.075,7.975,1.825],"texture":"#1"},"east":{"uv":[0,0,0.05,0.125],"texture":"#1"},"south":{"uv":[0,0,0.15,0.125],"texture":"#1"},"west":{"uv":[0,0,0.05,0.125],"texture":"#1"},"up":{"uv":[0,0,0.15,0.05],"rotation":180,"texture":"#1"},"down":{"uv":[0,0,0.15,0.05],"rotation":180,"texture":"#1"}}},{"from":[5.05,0.625,8.45],"to":[5.425,0.775,8.5],"faces":{"north":{"uv":[4.6,1.075,8.2,1.825],"texture":"#1"},"east":{"uv":[0,0,0.05,0.15],"texture":"#1"},"south":{"uv":[0,0,0.375,0.15],"texture":"#1"},"west":{"uv":[0,0,0.05,0.15],"texture":"#1"},"up":{"uv":[0,0,0.375,0.05],"rotation":180,"texture":"#1"},"down":{"uv":[0,0,0.375,0.05],"rotation":180,"texture":"#1"}}},{"from":[4.625,0.625,8.45],"to":[5,0.775,8.5],"faces":{"north":{"uv":[4.6,1.075,8.2,1.825],"texture":"#1"},"east":{"uv":[0,0,0.05,0.15],"texture":"#1"},"south":{"uv":[0,0,0.375,0.15],"texture":"#1"},"west":{"uv":[0,0,0.05,0.15],"texture":"#1"},"up":{"uv":[0,0,0.375,0.05],"rotation":180,"texture":"#1"},"down":{"uv":[0,0,0.375,0.05],"rotation":180,"texture":"#1"}}},{"from":[4.625,0.775,8.45],"to":[4.775,0.9,8.5],"faces":{"north":{"uv":[4.6,1.075,7.975,1.825],"texture":"#1"},"east":{"uv":[0,0,0.05,0.125],"texture":"#1"},"south":{"uv":[0,0,0.15,0.125],"texture":"#1"},"west":{"uv":[0,0,0.05,0.125],"texture":"#1"},"up":{"uv":[0,0,0.15,0.05],"rotation":180,"texture":"#1"},"down":{"uv":[0,0,0.15,0.05],"rotation":180,"texture":"#1"}}},{"from":[4.625,0.9,8.45],"to":[5,1.05,8.5],"faces":{"north":{"uv":[4.6,1.075,8.2,1.825],"texture":"#1"},"east":{"uv":[0,0,0.05,0.15],"texture":"#1"},"south":{"uv":[0,0,0.375,0.15],"texture":"#1"},"west":{"uv":[0,0,0.05,0.15],"texture":"#1"},"up":{"uv":[0,0,0.375,0.05],"rotation":180,"texture":"#1"},"down":{"uv":[0,0,0.375,0.05],"rotation":180,"texture":"#1"}}},{"from":[4.625,1.05,8.45],"to":[4.775,1.175,8.5],"faces":{"north":{"uv":[4.6,1.075,7.975,1.825],"texture":"#1"},"east":{"uv":[0,0,0.05,0.125],"texture":"#1"},"south":{"uv":[0,0,0.15,0.125],"texture":"#1"},"west":{"uv":[0,0,0.05,0.125],"texture":"#1"},"up":{"uv":[0,0,0.15,0.05],"rotation":180,"texture":"#1"},"down":{"uv":[0,0,0.15,0.05],"rotation":180,"texture":"#1"}}},{"from":[4.625,1.175,8.45],"to":[5,1.325,8.5],"faces":{"north":{"uv":[4.6,1.075,8.2,1.825],"texture":"#1"},"east":{"uv":[0,0,0.05,0.15],"texture":"#1"},"south":{"uv":[0,0,0.375,0.15],"texture":"#1"},"west":{"uv":[0,0,0.05,0.15],"texture":"#1"},"up":{"uv":[0,0,0.375,0.05],"rotation":180,"texture":"#1"},"down":{"uv":[0,0,0.375,0.05],"rotation":180,"texture":"#1"}}},{"from":[7.675,2.775,8.45],"to":[7.875,3.75,8.5],"faces":{"north":{"uv":[0,0,0.15,0.75],"texture":"#1"},"east":{"uv":[0,0,0.05,0.75],"texture":"#1"},"south":{"uv":[0,0,0.15,0.75],"texture":"#1"},"west":{"uv":[0,0,0.05,0.75],"texture":"#1"},"up":{"uv":[0,0,0.15,0.05],"texture":"#1"},"down":{"uv":[0,0,0.15,0.05],"texture":"#1"}}},{"from":[7,2.775,8.45],"to":[7.2,3.75,8.5],"faces":{"north":{"uv":[0,0,0.15,0.75],"texture":"#1"},"east":{"uv":[0,0,0.05,0.75],"texture":"#1"},"south":{"uv":[0,0,0.15,0.75],"texture":"#1"},"west":{"uv":[0,0,0.05,0.75],"texture":"#1"},"up":{"uv":[0,0,0.15,0.05],"texture":"#1"},"down":{"uv":[0,0,0.15,0.05],"texture":"#1"}}},{"from":[6.325,2.775,8.45],"to":[6.525,3.75,8.5],"faces":{"north":{"uv":[0,0,0.15,0.75],"texture":"#1"},"east":{"uv":[0,0,0.05,0.75],"texture":"#1"},"south":{"uv":[0,0,0.15,0.75],"texture":"#1"},"west":{"uv":[0,0,0.05,0.75],"texture":"#1"},"up":{"uv":[0,0,0.15,0.05],"texture":"#1"},"down":{"uv":[0,0,0.15,0.05],"texture":"#1"}}},{"from":[6.225,3.175,8.45],"to":[6.325,3.575,8.5],"faces":{"north":{"uv":[0,0,0.15,0.75],"texture":"#1"},"east":{"uv":[0,0,0.05,0.75],"texture":"#1"},"south":{"uv":[0,0,0.15,0.75],"texture":"#1"},"west":{"uv":[0,0,0.05,0.75],"texture":"#1"},"up":{"uv":[0,0,0.15,0.05],"texture":"#1"},"down":{"uv":[0,0,0.15,0.05],"texture":"#1"}}},{"from":[6.125,3.05,8.45],"to":[6.225,3.45,8.5],"faces":{"north":{"uv":[0,0,0.15,0.75],"texture":"#1"},"east":{"uv":[0,0,0.05,0.75],"texture":"#1"},"south":{"uv":[0,0,0.15,0.75],"texture":"#1"},"west":{"uv":[0,0,0.05,0.75],"texture":"#1"},"up":{"uv":[0,0,0.15,0.05],"texture":"#1"},"down":{"uv":[0,0,0.15,0.05],"texture":"#1"}}},{"from":[5.925,2.775,8.45],"to":[6.125,3.75,8.5],"faces":{"north":{"uv":[0,0,0.15,0.75],"texture":"#1"},"east":{"uv":[0,0,0.05,0.75],"texture":"#1"},"south":{"uv":[0,0,0.15,0.75],"texture":"#1"},"west":{"uv":[0,0,0.05,0.75],"texture":"#1"},"up":{"uv":[0,0,0.15,0.05],"texture":"#1"},"down":{"uv":[0,0,0.15,0.05],"texture":"#1"}}},{"from":[5.65,2.775,8.45],"to":[5.85,3.75,8.5],"faces":{"north":{"uv":[0,0,0.15,0.75],"texture":"#1"},"east":{"uv":[0,0,0.05,0.75],"texture":"#1"},"south":{"uv":[0,0,0.15,0.75],"texture":"#1"},"west":{"uv":[0,0,0.05,0.75],"texture":"#1"},"up":{"uv":[0,0,0.15,0.05],"texture":"#1"},"down":{"uv":[0,0,0.15,0.05],"texture":"#1"}}},{"from":[5.125,2.775,8.45],"to":[5.325,3.75,8.5],"faces":{"north":{"uv":[0,0,0.15,0.75],"texture":"#1"},"east":{"uv":[0,0,0.05,0.75],"texture":"#1"},"south":{"uv":[0,0,0.15,0.75],"texture":"#1"},"west":{"uv":[0,0,0.05,0.75],"texture":"#1"},"up":{"uv":[0,0,0.15,0.05],"texture":"#1"},"down":{"uv":[0,0,0.15,0.05],"texture":"#1"}}},{"from":[4.525,2.775,8.45],"to":[4.725,3.75,8.5],"faces":{"north":{"uv":[0,0,0.15,0.75],"texture":"#1"},"east":{"uv":[0,0,0.05,0.75],"texture":"#1"},"south":{"uv":[0,0,0.15,0.75],"texture":"#1"},"west":{"uv":[0,0,0.05,0.75],"texture":"#1"},"up":{"uv":[0,0,0.15,0.05],"texture":"#1"},"down":{"uv":[0,0,0.15,0.05],"texture":"#1"}}},{"from":[4.25,2.775,8.45],"to":[4.45,3.15,8.5],"faces":{"north":{"uv":[0,0,0.15,0.75],"texture":"#1"},"east":{"uv":[0,0,0.05,0.75],"texture":"#1"},"south":{"uv":[0,0,0.15,0.75],"texture":"#1"},"west":{"uv":[0,0,0.05,0.75],"texture":"#1"},"up":{"uv":[0,0,0.15,0.05],"texture":"#1"},"down":{"uv":[0,0,0.15,0.05],"texture":"#1"}}},{"from":[4.325,3.15,8.45],"to":[4.425,3.275,8.5],"faces":{"north":{"uv":[0,0,0.15,0.75],"texture":"#1"},"east":{"uv":[0,0,0.05,0.75],"texture":"#1"},"south":{"uv":[0,0,0.15,0.75],"texture":"#1"},"west":{"uv":[0,0,0.05,0.75],"texture":"#1"},"up":{"uv":[0,0,0.15,0.05],"texture":"#1"},"down":{"uv":[0,0,0.15,0.05],"texture":"#1"}}},{"from":[4.25,3.263,8.45],"to":[4.425,3.7505,8.5],"faces":{"north":{"uv":[0,0,0.15,0.75],"texture":"#1"},"east":{"uv":[0,0,0.05,0.75],"texture":"#1"},"south":{"uv":[0,0,0.15,0.75],"texture":"#1"},"west":{"uv":[0,0,0.05,0.75],"texture":"#1"},"up":{"uv":[0,0,0.15,0.05],"texture":"#1"},"down":{"uv":[0,0,0.15,0.05],"texture":"#1"}}},{"from":[4.425,3.513,8.45],"to":[4.525,3.7505,8.5],"faces":{"north":{"uv":[0,0,0.15,0.75],"texture":"#1"},"east":{"uv":[0,0,0.05,0.75],"texture":"#1"},"south":{"uv":[0,0,0.15,0.75],"texture":"#1"},"west":{"uv":[0,0,0.05,0.75],"texture":"#1"},"up":{"uv":[0,0,0.15,0.05],"texture":"#1"},"down":{"uv":[0,0,0.15,0.05],"texture":"#1"}}},{"from":[4.425,3.138,8.45],"to":[4.525,3.4255,8.5],"faces":{"north":{"uv":[0,0,0.15,0.75],"texture":"#1"},"east":{"uv":[0,0,0.05,0.75],"texture":"#1"},"south":{"uv":[0,0,0.15,0.75],"texture":"#1"},"west":{"uv":[0,0,0.05,0.75],"texture":"#1"},"up":{"uv":[0,0,0.15,0.05],"texture":"#1"},"down":{"uv":[0,0,0.15,0.05],"texture":"#1"}}},{"from":[4.8,3.575,8.45],"to":[5.125,3.75,8.5],"faces":{"north":{"uv":[0,0,0.15,0.75],"texture":"#1"},"east":{"uv":[0,0,0.05,0.75],"texture":"#1"},"south":{"uv":[0,0,0.15,0.75],"texture":"#1"},"west":{"uv":[0,0,0.05,0.75],"texture":"#1"},"up":{"uv":[0,0,0.15,0.05],"texture":"#1"},"down":{"uv":[0,0,0.15,0.05],"texture":"#1"}}},{"from":[4.8,2.775,8.45],"to":[5.125,2.95,8.5],"faces":{"north":{"uv":[0,0,0.15,0.75],"texture":"#1"},"east":{"uv":[0,0,0.05,0.75],"texture":"#1"},"south":{"uv":[0,0,0.15,0.75],"texture":"#1"},"west":{"uv":[0,0,0.05,0.75],"texture":"#1"},"up":{"uv":[0,0,0.15,0.05],"texture":"#1"},"down":{"uv":[0,0,0.15,0.05],"texture":"#1"}}},{"from":[4.875,3.175,8.45],"to":[5.125,3.35,8.5],"faces":{"north":{"uv":[0,0,0.15,0.75],"texture":"#1"},"east":{"uv":[0,0,0.05,0.75],"texture":"#1"},"south":{"uv":[0,0,0.15,0.75],"texture":"#1"},"west":{"uv":[0,0,0.05,0.75],"texture":"#1"},"up":{"uv":[0,0,0.15,0.05],"texture":"#1"},"down":{"uv":[0,0,0.15,0.05],"texture":"#1"}}},{"from":[5.4,3.45,8.45],"to":[5.575,3.75,8.5],"faces":{"north":{"uv":[0,0,0.15,0.75],"texture":"#1"},"east":{"uv":[0,0,0.05,0.75],"texture":"#1"},"south":{"uv":[0,0,0.15,0.75],"texture":"#1"},"west":{"uv":[0,0,0.05,0.75],"texture":"#1"},"up":{"uv":[0,0,0.15,0.05],"texture":"#1"},"down":{"uv":[0,0,0.15,0.05],"texture":"#1"}}},{"from":[5.4,2.775,8.45],"to":[5.575,3.075,8.5],"faces":{"north":{"uv":[0,0,0.15,0.75],"texture":"#1"},"east":{"uv":[0,0,0.05,0.75],"texture":"#1"},"south":{"uv":[0,0,0.15,0.75],"texture":"#1"},"west":{"uv":[0,0,0.05,0.75],"texture":"#1"},"up":{"uv":[0,0,0.15,0.05],"texture":"#1"},"down":{"uv":[0,0,0.15,0.05],"texture":"#1"}}},{"from":[5.475,3.075,8.45],"to":[5.65,3.45,8.5],"faces":{"north":{"uv":[0,0,0.15,0.75],"texture":"#1"},"east":{"uv":[0,0,0.05,0.75],"texture":"#1"},"south":{"uv":[0,0,0.15,0.75],"texture":"#1"},"west":{"uv":[0,0,0.05,0.75],"texture":"#1"},"up":{"uv":[0,0,0.15,0.05],"texture":"#1"},"down":{"uv":[0,0,0.15,0.05],"texture":"#1"}}},{"from":[6.8,3.55,8.45],"to":[7,3.75,8.5],"faces":{"north":{"uv":[0,0,0.15,0.75],"texture":"#1"},"east":{"uv":[0,0,0.05,0.75],"texture":"#1"},"south":{"uv":[0,0,0.15,0.75],"texture":"#1"},"west":{"uv":[0,0,0.05,0.75],"texture":"#1"},"up":{"uv":[0,0,0.15,0.05],"texture":"#1"},"down":{"uv":[0,0,0.15,0.05],"texture":"#1"}}},{"from":[6.8,3.15,8.45],"to":[7,3.35,8.5],"faces":{"north":{"uv":[0,0,0.15,0.75],"texture":"#1"},"east":{"uv":[0,0,0.05,0.75],"texture":"#1"},"south":{"uv":[0,0,0.15,0.75],"texture":"#1"},"west":{"uv":[0,0,0.05,0.75],"texture":"#1"},"up":{"uv":[0,0,0.15,0.05],"texture":"#1"},"down":{"uv":[0,0,0.15,0.05],"texture":"#1"}}},{"from":[6.6,2.775,8.45],"to":[6.8,3.75,8.5],"faces":{"north":{"uv":[0,0,0.15,0.75],"texture":"#1"},"east":{"uv":[0,0,0.05,0.75],"texture":"#1"},"south":{"uv":[0,0,0.15,0.75],"texture":"#1"},"west":{"uv":[0,0,0.05,0.75],"texture":"#1"},"up":{"uv":[0,0,0.15,0.05],"texture":"#1"},"down":{"uv":[0,0,0.15,0.05],"texture":"#1"}}},{"from":[7.275,2.775,8.45],"to":[7.475,3.1875,8.5],"faces":{"north":{"uv":[0,0,0.15,0.75],"texture":"#1"},"east":{"uv":[0,0,0.05,0.75],"texture":"#1"},"south":{"uv":[0,0,0.15,0.75],"texture":"#1"},"west":{"uv":[0,0,0.05,0.75],"texture":"#1"},"up":{"uv":[0,0,0.15,0.05],"texture":"#1"},"down":{"uv":[0,0,0.15,0.05],"texture":"#1"}}},{"from":[7.275,3.337,8.45],"to":[7.475,3.7495,8.5],"faces":{"north":{"uv":[0,0,0.15,0.75],"texture":"#1"},"east":{"uv":[0,0,0.05,0.75],"texture":"#1"},"south":{"uv":[0,0,0.15,0.75],"texture":"#1"},"west":{"uv":[0,0,0.05,0.75],"texture":"#1"},"up":{"uv":[0,0,0.15,0.05],"texture":"#1"},"down":{"uv":[0,0,0.15,0.05],"texture":"#1"}}},{"from":[7.35,3.1875,8.45],"to":[7.475,3.3375,8.5],"faces":{"north":{"uv":[0,0,0.075,0.125],"texture":"#1"},"east":{"uv":[0,0,0.05,0.125],"texture":"#1"},"south":{"uv":[0,0,0.075,0.125],"texture":"#1"},"west":{"uv":[0,0,0.05,0.125],"texture":"#1"},"up":{"uv":[0,0,0.075,0.05],"texture":"#1"},"down":{"uv":[0,0,0.075,0.05],"texture":"#1"}}},{"from":[7.475,2.775,8.45],"to":[7.675,2.975,8.5],"faces":{"north":{"uv":[0,0,0.1,0.175],"texture":"#1"},"east":{"uv":[0,0,0.05,0.175],"texture":"#1"},"south":{"uv":[0,0,0.1,0.175],"texture":"#1"},"west":{"uv":[0,0,0.05,0.175],"texture":"#1"},"up":{"uv":[0,0,0.1,0.05],"texture":"#1"},"down":{"uv":[0,0,0.1,0.05],"texture":"#1"}}},{"from":[7.475,3.16,8.45],"to":[7.675,3.36,8.5],"faces":{"north":{"uv":[0,0,0.1,0.175],"texture":"#1"},"east":{"uv":[0,0,0.05,0.175],"texture":"#1"},"south":{"uv":[0,0,0.1,0.175],"texture":"#1"},"west":{"uv":[0,0,0.05,0.175],"texture":"#1"},"up":{"uv":[0,0,0.1,0.05],"texture":"#1"},"down":{"uv":[0,0,0.1,0.05],"texture":"#1"}}},{"from":[7.475,3.55,8.45],"to":[7.675,3.75,8.5],"faces":{"north":{"uv":[0,0,0.1,0.175],"texture":"#1"},"east":{"uv":[0,0,0.05,0.175],"texture":"#1"},"south":{"uv":[0,0,0.1,0.175],"texture":"#1"},"west":{"uv":[0,0,0.05,0.175],"texture":"#1"},"up":{"uv":[0,0,0.1,0.05],"texture":"#1"},"down":{"uv":[0,0,0.1,0.05],"texture":"#1"}}},{"from":[9.425,3.175,8.45],"to":[9.575,3.65,8.5],"faces":{"north":{"uv":[0,0,0.1,0.4],"texture":"#4"},"east":{"uv":[0,0,0.1,0.4],"texture":"#4"},"south":{"uv":[0,0,0.1,0.4],"texture":"#4"},"west":{"uv":[0,0,0.1,0.4],"texture":"#4"},"up":{"uv":[0,0,0.1,0.4],"texture":"#4"},"down":{"uv":[0,0,0.1,0.4],"texture":"#4"}}},{"from":[9.725,3.175,8.45],"to":[9.875,3.65,8.5],"faces":{"north":{"uv":[0,0,0.1,0.4],"texture":"#4"},"east":{"uv":[0,0,0.1,0.4],"texture":"#4"},"south":{"uv":[0,0,0.1,0.4],"texture":"#4"},"west":{"uv":[0,0,0.1,0.4],"texture":"#4"},"up":{"uv":[0,0,0.1,0.4],"texture":"#4"},"down":{"uv":[0,0,0.1,0.4],"texture":"#4"}}},{"from":[9.575,3.075,8.45],"to":[9.725,3.55,8.5],"faces":{"north":{"uv":[0,0,0.1,0.4],"texture":"#4"},"east":{"uv":[0,0,0.1,0.4],"texture":"#4"},"south":{"uv":[0,0,0.1,0.4],"texture":"#4"},"west":{"uv":[0,0,0.1,0.4],"texture":"#4"},"up":{"uv":[0,0,0.1,0.4],"texture":"#4"},"down":{"uv":[0,0,0.1,0.4],"texture":"#4"}}},{"from":[9.875,2.775,8.45],"to":[10.075,3.75,8.5],"faces":{"north":{"uv":[0,0,0.2,0.75],"texture":"#4"},"east":{"uv":[0,0,0.2,0.75],"texture":"#4"},"south":{"uv":[0,0,0.2,0.75],"texture":"#4"},"west":{"uv":[0,0,0.2,0.75],"texture":"#4"},"up":{"uv":[0,0,0.2,0.75],"texture":"#4"},"down":{"uv":[0,0,0.2,0.75],"texture":"#4"}}},{"from":[9.225,2.775,8.45],"to":[9.425,3.75,8.5],"faces":{"north":{"uv":[0,0,0.2,0.75],"texture":"#4"},"east":{"uv":[0,0,0.2,0.75],"texture":"#4"},"south":{"uv":[0,0,0.2,0.75],"texture":"#4"},"west":{"uv":[0,0,0.2,0.75],"texture":"#4"},"up":{"uv":[0,0,0.2,0.75],"texture":"#4"},"down":{"uv":[0,0,0.2,0.75],"texture":"#4"}}},{"from":[10.175,3.525,8.45],"to":[10.8,3.75,8.5],"faces":{"north":{"uv":[0,0,0.5,0.175],"texture":"#4"},"east":{"uv":[0,0,0.5,0.175],"texture":"#4"},"south":{"uv":[0,0,0.5,0.175],"texture":"#4"},"west":{"uv":[0,0,0.5,0.175],"texture":"#4"},"up":{"uv":[0,0,0.5,0.175],"texture":"#4"},"down":{"uv":[0,0,0.5,0.175],"texture":"#4"}}},{"from":[10.35,2.8,8.45],"to":[10.625,3.525,8.5],"faces":{"north":{"uv":[0,0,0.2,0.575],"texture":"#4"},"east":{"uv":[0,0,0.2,0.575],"texture":"#4"},"south":{"uv":[0,0,0.2,0.575],"texture":"#4"},"west":{"uv":[0,0,0.2,0.575],"texture":"#4"},"up":{"uv":[0,0,0.2,0.575],"texture":"#4"},"down":{"uv":[0,0,0.2,0.575],"texture":"#4"}}},{"from":[10.925,3.075,8.45],"to":[11.2,3.375,8.5],"faces":{"north":{"uv":[0,0,0.2,0.225],"texture":"#4"},"east":{"uv":[0,0,0.2,0.225],"texture":"#4"},"south":{"uv":[0,0,0.2,0.225],"texture":"#4"},"west":{"uv":[0,0,0.2,0.225],"texture":"#4"},"up":{"uv":[0,0,0.2,0.225],"texture":"#4"},"down":{"uv":[0,0,0.2,0.225],"texture":"#4"}}},{"from":[10.925,2.8,8.45],"to":[11.65,3.075,8.5],"faces":{"north":{"uv":[0,0,0.525,0.2],"texture":"#4"},"east":{"uv":[0,0,0.525,0.2],"texture":"#4"},"south":{"uv":[0,0,0.525,0.2],"texture":"#4"},"west":{"uv":[0,0,0.525,0.2],"texture":"#4"},"up":{"uv":[0,0,0.525,0.2],"texture":"#4"},"down":{"uv":[0,0,0.525,0.2],"texture":"#4"}}},{"from":[11.375,3.075,8.45],"to":[11.65,3.75,8.5],"faces":{"north":{"uv":[0,0,0.2,0.55],"texture":"#4"},"east":{"uv":[0,0,0.2,0.55],"texture":"#4"},"south":{"uv":[0,0,0.2,0.55],"texture":"#4"},"west":{"uv":[0,0,0.2,0.55],"texture":"#4"},"up":{"uv":[0,0,0.2,0.55],"texture":"#4"},"down":{"uv":[0,0,0.2,0.55],"texture":"#4"}}},{"from":[10.9,3.525,8.45],"to":[11.375,3.75,8.5],"faces":{"north":{"uv":[0,0,0.325,0.175],"texture":"#4"},"east":{"uv":[0,0,0.325,0.175],"texture":"#4"},"south":{"uv":[0,0,0.325,0.175],"texture":"#4"},"west":{"uv":[0,0,0.325,0.175],"texture":"#4"},"up":{"uv":[0,0,0.325,0.175],"texture":"#4"},"down":{"uv":[0,0,0.325,0.175],"texture":"#4"}}}],"display":{"thirdperson_righthand":{"rotation":[72,-86,0],"translation":[0.75,1.75,3.5]},"thirdperson_lefthand":{"rotation":[72,-86,0],"translation":[0.75,1.5,3.5]},"firstperson_righthand":{"rotation":[0,100,0],"translation":[-0.75,9.75,0]},"firstperson_lefthand":{"rotation":[0,100,0],"translation":[-0.75,9.75,0]},"ground":{"translation":[0,9.25,0],"scale":[1.5,1.5,1.5]},"gui":{"rotation":[180,0,180],"translation":[0,11.5,0],"scale":[1.9,1.9,1.9]},"fixed":{"translation":[0,13.75,-1.5],"scale":[2.25,2.25,2.25]}},"groups":[0,1,2,3,4,5,6,7,8,9,10,11,12,13,14,15,16,17,18,19,20,21,22,23,24,25,26,27,28,29,30,{"name":"group","origin":[0,0,0],"color":0,"children":[31,32,33,34,35,36,37,38,39,40,41,42,43,44,45,46,47,48,49,50,51,52,53,54,55,56,57,58,59,60,61,62,63,64,65,66,67,68,69,70,71,72,73,74,75,76,77,78,79,80,81,82,83,84,85,86,87,88,89,90,91,92,93,94,95,96,97,98,99,100,101,102,103,104,105,106,107,108,109,110,111,112,113,114,115,116,117,118,119,120,121,122,123,124,125,126,127,128,129,130,131]},{"name":"text_GTM","origin":[20.6,12,15.5],"color":0,"children":[{"name":"character_g","origin":[20.6,12,15.5],"color":0,"children":[]},{"name":"character_t","origin":[20.6,12,15.5],"color":0,"children":[]},{"name":"character_m","origin":[20.6,12,15.5],"color":0,"children":[]}]},{"name":"text_123","origin":[18.35,12,15.5],"color":0,"children":[{"name":"character_1","origin":[18.35,12,15.5],"color":0,"children":[]},{"name":"character_2","origin":[18.35,12,15.5],"color":0,"children":[]},{"name":"character_3","origin":[18.35,12,15.5],"color":0,"children":[]}]},{"name":"text_1234 5678 9101 1121","origin":[54.15,12,15.5],"color":0,"children":[{"name":"character_1","origin":[54.15,12,15.5],"color":0,"children":[]},{"name":"character_4","origin":[54.15,12,15.5],"color":0,"children":[]},{"name":"character_ ","origin":[54.15,12,15.5],"color":0,"children":[]},{"name":"character_5","origin":[54.15,12,15.5],"color":0,"children":[]},{"name":"character_6","origin":[54.15,12,15.5],"color":0,"children":[]},{"name":"character_7","origin":[54.15,12,15.5],"color":0,"children":[]},{"name":"character_8","origin":[54.15,12,15.5],"color":0,"children":[]},{"name":"character_ ","origin":[54.15,12,15.5],"color":0,"children":[]},{"name":"character_9","origin":[54.15,12,15.5],"color":0,"children":[]},{"name":"character_1","origin":[54.15,12,15.5],"color":0,"children":[]},{"name":"character_0","origin":[54.15,12,15.5],"color":0,"children":[]},{"name":"character_1","origin":[54.15,12,15.5],"color":0,"children":[]},{"name":"character_ ","origin":[54.15,12,15.5],"color":0,"children":[]},{"name":"character_1","origin":[54.15,12,15.5],"color":0,"children":[]},{"name":"character_1","origin":[54.15,12,15.5],"color":0,"children":[]},{"name":"character_2","origin":[54.15,12,15.5],"color":0,"children":[]},{"name":"character_1","origin":[54.15,12,15.5],"color":0,"children":[]}]},{"name":"text_4","origin":[14.5,11.25,15.5],"color":0,"children":[{"name":"character_4","origin":[14.5,11.25,15.5],"color":0,"children":[]}]},{"name":"text_bANKER","origin":[27.75,12,15.5],"color":0,"children":[{"name":"character_b","origin":[27.75,12,15.5],"color":0,"children":[]},{"name":"character_a","origin":[27.75,12,15.5],"color":0,"children":[]},{"name":"character_n","origin":[27.75,12,15.5],"color":0,"children":[]},{"name":"character_k","origin":[27.75,12,15.5],"color":0,"children":[]},{"name":"character_e","origin":[27.75,12,15.5],"color":0,"children":[]},{"name":"character_r","origin":[27.75,12,15.5],"color":0,"children":[]}]}]}