{"credit":"Made with Blockbench","textures":{"1":"guns/black","2":"item/rpskins/scroll_skin","particle":"item/rpskins/scroll_skin"},"elements":[{"from":[7,9,5],"to":[9,11,11],"faces":{"north":{"uv":[0,6.63047,14.34375,9.9375],"texture":"#2"},"east":{"uv":[0,6.63047,14.34375,9.9375],"texture":"#2"},"south":{"uv":[0,6.63047,14.34375,9.9375],"texture":"#2"},"west":{"uv":[0,6.63047,14.34375,9.9375],"texture":"#2"},"up":{"uv":[0,6.63047,14.34375,9.9375],"texture":"#2"},"down":{"uv":[0,6.63047,14.34375,9.9375],"texture":"#2"}}},{"from":[8.5,6.95,5],"to":[9,9.025,11],"faces":{"north":{"uv":[0.75,9.50859,2.0625,14.5625],"texture":"#2"},"east":{"uv":[0,0,14.34375,3.30703],"texture":"#2"},"south":{"uv":[0.75,9.50859,2.0625,14.5625],"texture":"#2"},"west":{"uv":[0,12.6875,14.34375,15.99453],"texture":"#2"},"up":{"uv":[0.75,9.50859,2.0625,14.5625],"texture":"#2"},"down":{"uv":[0.75,9.50859,2.0625,14.5625],"texture":"#2"}}},{"from":[8.4,5.35,5],"to":[8.9,7.425,11],"faces":{"north":{"uv":[0.75,9.50859,2.0625,14.5625],"texture":"#2"},"east":{"uv":[0,2.70834,14.34375,6.01537],"texture":"#2"},"south":{"uv":[0.75,9.50859,2.0625,14.5625],"texture":"#2"},"west":{"uv":[0,12.6875,14.34375,15.99453],"texture":"#2"},"up":{"uv":[0.75,9.50859,2.0625,14.5625],"texture":"#2"},"down":{"uv":[0.75,9.50859,2.0625,14.5625],"texture":"#2"}}},{"from":[8.35,3.375,5],"to":[8.85,5.45,11],"faces":{"north":{"uv":[0.75,9.50859,2.0625,14.5625],"texture":"#2"},"east":{"uv":[0,0,14.34375,3.30703],"texture":"#2"},"south":{"uv":[0.75,9.50859,2.0625,14.5625],"texture":"#2"},"west":{"uv":[0,12.6875,14.34375,15.99453],"texture":"#2"},"up":{"uv":[0.75,9.50859,2.0625,14.5625],"texture":"#2"},"down":{"uv":[0,12.83334,1.19531,22.39584],"texture":"#2"}}},{"from":[8.25,2.55,5],"to":[8.75,4.625,11],"faces":{"north":{"uv":[0.75,9.50859,2.0625,14.5625],"texture":"#2"},"east":{"uv":[0,3.31251,14.34375,6.61954],"texture":"#2"},"south":{"uv":[0.75,9.50859,2.0625,14.5625],"texture":"#2"},"west":{"uv":[0,12.6875,14.34375,15.99453],"texture":"#2"},"up":{"uv":[0.75,9.50859,2.0625,14.5625],"texture":"#2"},"down":{"uv":[0,8.225,1.19531,16],"texture":"#2"}}},{"from":[7.45,9.45,4.625],"to":[8.55,10.55,5],"faces":{"north":{"uv":[14.6875,0,15.82031,7.86953],"texture":"#2"},"east":{"uv":[35.43282,0,38.0625,1.75313],"texture":"#2"},"south":{"uv":[35.43282,0,38.0625,1.75313],"texture":"#2"},"west":{"uv":[35.43282,0,38.0625,1.75313],"texture":"#2"},"up":{"uv":[35.43282,0,38.0625,1.75313],"texture":"#2"},"down":{"uv":[35.43282,0,38.0625,1.75313],"texture":"#2"}}},{"from":[7.45,9.45,11],"to":[8.55,10.55,11.375],"faces":{"north":{"uv":[14.6875,0,15.82031,7.86953],"texture":"#2"},"east":{"uv":[14.6875,0,15.82031,7.86953],"texture":"#2"},"south":{"uv":[14.6875,0,15.82031,7.86953],"texture":"#2"},"west":{"uv":[14.6875,0,15.82031,7.86953],"texture":"#2"},"up":{"uv":[14.6875,0,15.82031,7.86953],"texture":"#2"},"down":{"uv":[14.6875,0,15.82031,7.86953],"texture":"#2"}}},{"from":[9,9.1,9.225],"to":[9.075,10.775,9.6],"faces":{"north":{"uv":[0,0,0.225,1.675],"texture":"#1"},"east":{"uv":[0,0,0.375,1.675],"texture":"#1"},"south":{"uv":[0,0,0.225,1.675],"texture":"#1"},"west":{"uv":[0,0,0.375,1.675],"texture":"#1"},"up":{"uv":[0,0,0.225,0.375],"texture":"#1"},"down":{"uv":[0,0,0.225,0.375],"texture":"#1"}}},{"from":[9,9.1,7.875],"to":[9.075,10.775,8.25],"faces":{"north":{"uv":[0,0,0.225,1.675],"texture":"#1"},"east":{"uv":[0,0,0.375,1.675],"texture":"#1"},"south":{"uv":[0,0,0.225,1.675],"texture":"#1"},"west":{"uv":[0,0,0.375,1.675],"texture":"#1"},"up":{"uv":[0,0,0.225,0.375],"texture":"#1"},"down":{"uv":[0,0,0.225,0.375],"texture":"#1"}}},{"from":[9,9.1,6.975],"to":[9.075,10.775,7.35],"faces":{"north":{"uv":[0,0,0.225,1.675],"texture":"#1"},"east":{"uv":[0,0,0.375,1.675],"texture":"#1"},"south":{"uv":[0,0,0.225,1.675],"texture":"#1"},"west":{"uv":[0,0,0.375,1.675],"texture":"#1"},"up":{"uv":[0,0,0.225,0.375],"texture":"#1"},"down":{"uv":[0,0,0.225,0.375],"texture":"#1"}}},{"from":[9,9.875,7.7],"to":[9.075,10.575,7.875],"faces":{"north":{"uv":[0,0,0.225,0.7],"texture":"#1"},"east":{"uv":[0,0,0.175,0.7],"texture":"#1"},"south":{"uv":[0,0,0.225,0.7],"texture":"#1"},"west":{"uv":[0,0,0.175,0.7],"texture":"#1"},"up":{"uv":[0,0,0.225,0.175],"texture":"#1"},"down":{"uv":[0,0,0.225,0.175],"texture":"#1"}}},{"from":[9,9.875,7.35],"to":[9.075,10.575,7.525],"faces":{"north":{"uv":[0,0,0.225,0.7],"texture":"#1"},"east":{"uv":[0,0,0.175,0.7],"texture":"#1"},"south":{"uv":[0,0,0.225,0.7],"texture":"#1"},"west":{"uv":[0,0,0.175,0.7],"texture":"#1"},"up":{"uv":[0,0,0.225,0.175],"texture":"#1"},"down":{"uv":[0,0,0.225,0.175],"texture":"#1"}}},{"from":[9,9.7,7.525],"to":[9.075,10.4,7.7],"faces":{"north":{"uv":[0,0,0.225,0.7],"texture":"#1"},"east":{"uv":[0,0,0.175,0.7],"texture":"#1"},"south":{"uv":[0,0,0.225,0.7],"texture":"#1"},"west":{"uv":[0,0,0.175,0.7],"texture":"#1"},"up":{"uv":[0,0,0.225,0.175],"texture":"#1"},"down":{"uv":[0,0,0.225,0.175],"texture":"#1"}}},{"from":[9,10.05,8.475],"to":[9.075,10.775,8.85],"faces":{"north":{"uv":[0,0,0.225,0.725],"texture":"#1"},"east":{"uv":[0,0,0.375,0.725],"texture":"#1"},"south":{"uv":[0,0,0.225,0.725],"texture":"#1"},"west":{"uv":[0,0,0.375,0.725],"texture":"#1"},"up":{"uv":[0,0,0.225,0.375],"texture":"#1"},"down":{"uv":[0,0,0.225,0.375],"texture":"#1"}}},{"from":[9,9.1,8.475],"to":[9.075,9.8,8.85],"faces":{"north":{"uv":[0,0,0.225,0.7],"texture":"#1"},"east":{"uv":[0,0,0.375,0.7],"texture":"#1"},"south":{"uv":[0,0,0.225,0.7],"texture":"#1"},"west":{"uv":[0,0,0.375,0.7],"texture":"#1"},"up":{"uv":[0,0,0.225,0.375],"texture":"#1"},"down":{"uv":[0,0,0.225,0.375],"texture":"#1"}}},{"from":[9,10.325,8.85],"to":[9.075,10.775,9.225],"faces":{"north":{"uv":[0,0,0.225,0.45],"texture":"#1"},"east":{"uv":[0,0,0.375,0.45],"texture":"#1"},"south":{"uv":[0,0,0.225,0.45],"texture":"#1"},"west":{"uv":[0,0,0.375,0.45],"texture":"#1"},"up":{"uv":[0,0,0.225,0.375],"texture":"#1"},"down":{"uv":[0,0,0.225,0.375],"texture":"#1"}}},{"from":[9,9.1,8.85],"to":[9.075,9.55,9.225],"faces":{"north":{"uv":[0,0,0.225,0.45],"texture":"#1"},"east":{"uv":[0,0,0.375,0.45],"texture":"#1"},"south":{"uv":[0,0,0.225,0.45],"texture":"#1"},"west":{"uv":[0,0,0.375,0.45],"texture":"#1"},"up":{"uv":[0,0,0.225,0.375],"texture":"#1"},"down":{"uv":[0,0,0.225,0.375],"texture":"#1"}}},{"from":[9,9.775,8.85],"to":[9.075,10.075,9.225],"faces":{"north":{"uv":[0,0,0.225,0.3],"texture":"#1"},"east":{"uv":[0,0,0.375,0.3],"texture":"#1"},"south":{"uv":[0,0,0.225,0.3],"texture":"#1"},"west":{"uv":[0,0,0.375,0.3],"texture":"#1"},"up":{"uv":[0,0,0.225,0.375],"texture":"#1"},"down":{"uv":[0,0,0.225,0.375],"texture":"#1"}}},{"from":[9,9.8,8.7],"to":[9.075,10.05,8.85],"faces":{"north":{"uv":[0,0,0.225,0.25],"texture":"#1"},"east":{"uv":[0,0,0.15,0.25],"texture":"#1"},"south":{"uv":[0,0,0.225,0.25],"texture":"#1"},"west":{"uv":[0,0,0.15,0.25],"texture":"#1"},"up":{"uv":[0,0,0.225,0.15],"texture":"#1"},"down":{"uv":[0,0,0.225,0.15],"texture":"#1"}}}],"display":{"thirdperson_righthand":{"rotation":[0,180,0],"translation":[0.25,1.75,-1]},"thirdperson_lefthand":{"translation":[0.25,1.75,-1]},"firstperson_righthand":{"rotation":[-14,-160,0],"translation":[0,5.75,0.25],"scale":[1.1,1.1,1.1]},"firstperson_lefthand":{"rotation":[-14,15,0],"translation":[0,5.75,0.25],"scale":[1.1,1.1,1.1]},"ground":{"translation":[0,5.25,0],"scale":[1.5,1.5,1.5]},"gui":{"rotation":[0,-58,0],"translation":[-0.25,1.75,0],"scale":[1.72,1.72,1.72]}}}