{"credit":"Made with Blockbench","textures":{"3":"guns/chest","4":"items/gold_chestplate","5":"items/diamond_helmet","6":"item/titanium_chestplate"},"elements":[{"from":[4,0,4],"to":[12,6.5,12],"faces":{"north":{"uv":[10.5,8.25,14,10.75],"texture":"#3"},"east":{"uv":[3.5,8.25,7,10.75],"texture":"#3"},"south":{"uv":[0,8.25,3.5,10.75],"texture":"#3"},"west":{"uv":[7,8.25,10.5,10.75],"texture":"#3"},"up":{"uv":[3.5,4.75,7,8.25],"texture":"#3"},"down":{"uv":[3.5,0,7,3.5],"texture":"#3"}}},{"from":[7.425,1.75,4],"to":[15.425,3.25,12],"rotation":{"angle":45,"axis":"z","origin":[0,0,0]},"faces":{"north":{"uv":[10.5,3.5,14,5],"texture":"#3"},"east":{"uv":[3.5,3.5,7,4.75],"texture":"#3"},"south":{"uv":[0,3.5,3.5,4.75],"texture":"#3"},"west":{"uv":[7,3.5,10.5,4.75],"texture":"#3"},"up":{"uv":[7,4.75,10.5,8.25],"texture":"#3"},"down":{"uv":[7,0,10.5,3.5],"texture":"#3"}}},{"from":[7.8,4.725,7.275],"to":[7.8,6.725,9.275],"rotation":{"angle":-22.5,"axis":"x","origin":[0,0,0]},"faces":{"north":{"uv":[2.5,3,13.5,14.5],"texture":"#5"},"east":{"uv":[2.5,3,13.5,14.5],"texture":"#5"},"south":{"uv":[2.5,3,13.5,14.5],"texture":"#5"},"west":{"uv":[2.5,3,13.5,14.5],"texture":"#5"},"up":{"uv":[2.5,3,13.5,14.5],"texture":"#5"},"down":{"uv":[2.5,3,13.5,14.5],"texture":"#5"}}},{"from":[7.7,7.1,8.975],"to":[7.7,9.825,10.975],"faces":{"north":{"uv":[3.5,3,11,13],"texture":"#6"},"east":{"uv":[3.5,3,11,13],"texture":"#6"},"south":{"uv":[3.5,3,11,13],"texture":"#6"},"west":{"uv":[3.5,3,11,13],"texture":"#6"},"up":{"uv":[3.5,3,11,13],"texture":"#6"},"down":{"uv":[3.5,3,11,13],"texture":"#6"}}},{"from":[9.8,8.55,6.625],"to":[9.8,10.85,8.925],"faces":{"north":{"uv":[1.5,2.5,15.5,15],"texture":"#4"},"east":{"uv":[1.5,2.5,15.5,15],"texture":"#4"},"south":{"uv":[1.5,2.5,15.5,15],"texture":"#4"},"west":{"uv":[1.5,2.5,15.5,15],"texture":"#4"},"up":{"uv":[1.5,2.5,15.5,15],"texture":"#4"},"down":{"uv":[1.5,2.5,15.5,15],"texture":"#4"}}},{"from":[15.4,0.9,7.5],"to":[15.975,2.9,8.5],"rotation":{"angle":45,"axis":"z","origin":[0,0,0]},"faces":{"north":{"uv":[0.625,0.3125,0.825,0.96875],"texture":"#3"},"east":{"uv":[0.625,0.3125,0.825,0.96875],"texture":"#3"},"south":{"uv":[0.625,0.3125,0.825,0.96875],"texture":"#3"},"west":{"uv":[0.625,0.3125,0.825,0.96875],"texture":"#3"},"up":{"uv":[0.625,0.3125,0.825,0.96875],"texture":"#3"},"down":{"uv":[0.625,0.3125,0.825,0.96875],"texture":"#3"}}}],"display":{"thirdperson_righthand":{"rotation":[-90,-45,-157.5],"translation":[1.5,4.5,3.5],"scale":[0.75,0.75,0.75]},"thirdperson_lefthand":{"rotation":[-135,135,-157.5],"translation":[-1.25,4.5,3.5],"scale":[0.75,0.75,0.75]},"firstperson_righthand":{"rotation":[0,-135,0],"translation":[0.25,3.5,0],"scale":[0.75,0.75,0.75]},"firstperson_lefthand":{"rotation":[0,60,0],"translation":[0.25,3.5,0],"scale":[0.75,0.75,0.75]},"ground":{"translation":[0,2.5,0],"scale":[0.75,0.75,0.75]},"gui":{"rotation":[0,-66,0],"translation":[-0.5,1.75,0],"scale":[1.19,1.19,1.19]},"fixed":{"rotation":[0,78,0],"translation":[-0.5,2,-2],"scale":[1.18,1.18,1.18]}}}