{"credit":"Made with Blockbench","textures":{"0":"guns/1-metal","1":"guns/1-metal-dark","3":"guns/back_headlight","4":"guns/black","6":"guns/red","7":"guns/tesla_red","8":"guns/hardened_clay_stained_black","9":"guns/1-metal-mixed","particle":"guns/1-metal"},"elements":[{"from":[11.65,0,7],"to":[12,4.025,9.4],"faces":{"north":{"uv":[0,0,0.35,4.025],"texture":"#6"},"east":{"uv":[0,0,2,0.75],"texture":"#6"},"south":{"uv":[0,0,0.35,4.025],"texture":"#6"},"west":{"uv":[0,0,2.4,4.025],"texture":"#6"},"up":{"uv":[0,0,0.35,2.4],"texture":"#6"},"down":{"uv":[0,0,0.35,2.4],"texture":"#6"}}},{"from":[4,0,7],"to":[4.35,4.025,9.4],"faces":{"north":{"uv":[0,0,0.35,4.025],"texture":"#3"},"east":{"uv":[0,0,2.4,4.025],"texture":"#3"},"south":{"uv":[0,0,0.35,4.025],"texture":"#3"},"west":{"uv":[0,0,5.875,1.075],"texture":"#3"},"up":{"uv":[0,0,0.35,2.4],"texture":"#3"},"down":{"uv":[0,0,0.35,2.4],"texture":"#3"}}},{"from":[4.35,3.525,7.1],"to":[11.65,4.025,9.4],"faces":{"north":{"uv":[0,0,7.3,0.5],"texture":"#8"},"east":{"uv":[0,0,2.3,0.5],"texture":"#8"},"south":{"uv":[0,0,7.3,0.5],"texture":"#8"},"west":{"uv":[0,0,2.3,0.5],"texture":"#8"},"up":{"uv":[0,0,7.3,2.3],"texture":"#8"},"down":{"uv":[0,0,7.3,2.3],"texture":"#8"}}},{"from":[4.35,3.875,9.4],"to":[11.65,4.025,9.45],"faces":{"north":{"uv":[0,0,7.3,0.15],"texture":"#9"},"east":{"uv":[0,0,0.05,0.15],"texture":"#9"},"south":{"uv":[0,0,7.3,0.15],"texture":"#9"},"west":{"uv":[0,0,0.05,0.15],"texture":"#9"},"up":{"uv":[0,0,7.3,0.05],"texture":"#9"},"down":{"uv":[0,0,7.3,0.05],"texture":"#9"}}},{"from":[4.35,3.35,9.4],"to":[11.65,3.5,9.45],"faces":{"north":{"uv":[0,0,7.3,0.15],"texture":"#9"},"east":{"uv":[0,0,0.05,0.15],"texture":"#9"},"south":{"uv":[0,0,7.3,0.15],"texture":"#9"},"west":{"uv":[0,0,0.05,0.15],"texture":"#9"},"up":{"uv":[0,0,7.3,0.05],"texture":"#9"},"down":{"uv":[0,0,7.3,0.05],"texture":"#9"}}},{"from":[4.35,2.65,9.4],"to":[11.65,2.8,9.45],"faces":{"north":{"uv":[0,0,7.3,0.15],"texture":"#9"},"east":{"uv":[0,0,0.05,0.15],"texture":"#9"},"south":{"uv":[0,0,7.3,0.15],"texture":"#9"},"west":{"uv":[0,0,0.05,0.15],"texture":"#9"},"up":{"uv":[0,0,7.3,0.05],"texture":"#9"},"down":{"uv":[0,0,7.3,0.05],"texture":"#9"}}},{"from":[4.35,1.95,9.4],"to":[11.65,2.1,9.45],"faces":{"north":{"uv":[0,0,7.3,0.15],"texture":"#9"},"east":{"uv":[0,0,0.05,0.15],"texture":"#9"},"south":{"uv":[0,0,7.3,0.15],"texture":"#9"},"west":{"uv":[0,0,0.05,0.15],"texture":"#9"},"up":{"uv":[0,0,7.3,0.05],"texture":"#9"},"down":{"uv":[0,0,7.3,0.05],"texture":"#9"}}},{"from":[4.35,1.2,9.4],"to":[11.65,1.35,9.45],"faces":{"north":{"uv":[0,0,7.3,0.15],"texture":"#9"},"east":{"uv":[0,0,0.05,0.15],"texture":"#9"},"south":{"uv":[0,0,7.3,0.15],"texture":"#9"},"west":{"uv":[0,0,0.05,0.15],"texture":"#9"},"up":{"uv":[0,0,7.3,0.05],"texture":"#9"},"down":{"uv":[0,0,7.3,0.05],"texture":"#9"}}},{"from":[4.35,0.675,7],"to":[11.65,4.025,7.225],"faces":{"north":{"uv":[0,0,2.125,0.9],"texture":"#6"},"east":{"uv":[0,0,0.225,3.35],"texture":"#6"},"south":{"uv":[0,0,7.3,3.35],"texture":"#6"},"west":{"uv":[0,0,0.225,3.35],"texture":"#6"},"up":{"uv":[0,0,7.3,0.225],"texture":"#6"},"down":{"uv":[0,0,7.3,0.225],"texture":"#6"}}},{"from":[4.35,0,7],"to":[11.65,0.675,9.4],"faces":{"north":{"uv":[0,0,7.3,0.675],"texture":"#6"},"east":{"uv":[0,0,2.4,0.675],"texture":"#6"},"south":{"uv":[0,0,7.3,0.675],"texture":"#6"},"west":{"uv":[0,0,2.4,0.675],"texture":"#6"},"up":{"uv":[0,0,7.3,2.4],"texture":"#6"},"down":{"uv":[0,0,7.3,2.4],"texture":"#6"}}},{"from":[4.35,0.675,7.1],"to":[11.65,1.35,9.4],"faces":{"north":{"uv":[0,0,7.3,0.675],"texture":"#8"},"east":{"uv":[0,0,2.3,0.675],"texture":"#8"},"south":{"uv":[0,0,7.3,0.675],"texture":"#8"},"west":{"uv":[0,0,2.3,0.675],"texture":"#8"},"up":{"uv":[0,0,7.3,2.3],"texture":"#8"},"down":{"uv":[0,0,7.3,2.3],"texture":"#8"}}},{"from":[4.35,1.4,7.1],"to":[11.65,2.075,9.4],"faces":{"north":{"uv":[0,0,7.3,0.675],"texture":"#8"},"east":{"uv":[0,0,2.3,0.675],"texture":"#8"},"south":{"uv":[0,0,7.3,0.675],"texture":"#8"},"west":{"uv":[0,0,2.3,0.675],"texture":"#8"},"up":{"uv":[0,0,7.3,2.3],"texture":"#8"},"down":{"uv":[0,0,7.3,2.3],"texture":"#8"}}},{"from":[4.35,2.125,7.075],"to":[11.65,2.8,9.4],"faces":{"north":{"uv":[0,0,7.3,0.675],"texture":"#8"},"east":{"uv":[0,0,2.325,0.675],"texture":"#8"},"south":{"uv":[0,0,7.3,0.675],"texture":"#8"},"west":{"uv":[0,0,2.325,0.675],"texture":"#8"},"up":{"uv":[0,0,7.3,2.325],"texture":"#8"},"down":{"uv":[0,0,7.3,2.325],"texture":"#8"}}},{"from":[4.35,2.825,7.075],"to":[11.65,3.5,9.4],"faces":{"north":{"uv":[0,0,7.3,0.675],"texture":"#8"},"east":{"uv":[0,0,2.325,0.675],"texture":"#8"},"south":{"uv":[0,0,7.3,0.675],"texture":"#8"},"west":{"uv":[0,0,2.325,0.675],"texture":"#8"},"up":{"uv":[0,0,7.3,2.325],"texture":"#8"},"down":{"uv":[0,0,7.3,2.325],"texture":"#8"}}},{"from":[3.975,4.05,6.975],"to":[12.025,4.7,9.425],"faces":{"north":{"uv":[0,0,8.05,0.65],"texture":"#6"},"east":{"uv":[0,0,2.45,0.65],"texture":"#6"},"south":{"uv":[0,0,8.05,0.65],"texture":"#6"},"west":{"uv":[0,0,2.45,0.65],"texture":"#6"},"up":{"uv":[0,0,8.05,2.45],"texture":"#6"},"down":{"uv":[0,0,8.05,2.45],"texture":"#6"}}},{"from":[3.975,4.025,6.975],"to":[12.025,4.05,9.425],"faces":{"north":{"uv":[0,0,8.05,0.025],"texture":"#4"},"east":{"uv":[0,0,2.45,0.025],"texture":"#4"},"south":{"uv":[0,0,8.05,0.025],"texture":"#4"},"west":{"uv":[0,0,2.45,0.025],"texture":"#4"},"up":{"uv":[0,0,8.05,2.45],"texture":"#4"},"down":{"uv":[0,0,8.05,2.45],"texture":"#4"}}},{"from":[4.05,4.7,7.05],"to":[11.95,4.775,9.35],"faces":{"north":{"uv":[0,0,7.9,0.075],"texture":"#7"},"east":{"uv":[0,0,2.3,0.075],"texture":"#7"},"south":{"uv":[0,0,7.9,0.075],"texture":"#7"},"west":{"uv":[0,0,2.3,0.075],"texture":"#7"},"up":{"uv":[0,0,7.9,2.3],"texture":"#7"},"down":{"uv":[0,0,7.9,2.3],"texture":"#7"}}},{"from":[4.1,4.75,7.1],"to":[11.9,4.825,9.3],"faces":{"north":{"uv":[0,0,7.8,0.075],"texture":"#6"},"east":{"uv":[0,0,2.2,0.075],"texture":"#6"},"south":{"uv":[0,0,7.8,0.075],"texture":"#6"},"west":{"uv":[0,0,2.2,0.075],"texture":"#6"},"up":{"uv":[0,0,7.8,2.2],"texture":"#6"},"down":{"uv":[0,0,7.8,2.2],"texture":"#6"}}},{"from":[6.625,4.825,7.575],"to":[9.375,4.9,8.825],"faces":{"north":{"uv":[0,0,2.75,0.075],"texture":"#1"},"east":{"uv":[0,0,1.25,0.075],"texture":"#1"},"south":{"uv":[0,0,2.75,0.075],"texture":"#1"},"west":{"uv":[0,0,1.25,0.075],"texture":"#1"},"up":{"uv":[0,0,2.75,1.25],"texture":"#1"},"down":{"uv":[0,0,2.75,1.25],"texture":"#1"}}},{"from":[7.725,3.625,9.4],"to":[7.985,4.4,9.6],"faces":{"north":{"uv":[0,0,0.26,0.775],"texture":"#0"},"east":{"uv":[0,0,0.2,0.775],"texture":"#0"},"south":{"uv":[0,0,0.26,0.775],"texture":"#0"},"west":{"uv":[0,0,0.2,0.775],"texture":"#0"},"up":{"uv":[0,0,0.26,0.2],"texture":"#0"},"down":{"uv":[0,0,0.26,0.2],"texture":"#0"}}},{"from":[7.725,3.625,9.4],"to":[8.275,3.825,9.6],"faces":{"north":{"uv":[0,0,0.55,0.2],"texture":"#0"},"east":{"uv":[0,0,0.2,0.2],"texture":"#0"},"south":{"uv":[0,0,0.55,0.2],"texture":"#0"},"west":{"uv":[0,0,0.2,0.2],"texture":"#0"},"up":{"uv":[0,0,0.55,0.2],"texture":"#0"},"down":{"uv":[0,0,0.55,0.2],"texture":"#0"}}},{"from":[8.015,3.625,9.4],"to":[8.275,4.4,9.6],"faces":{"north":{"uv":[0,0,0.26,0.775],"texture":"#0"},"east":{"uv":[0,0,0.2,0.775],"texture":"#0"},"south":{"uv":[0,0,0.26,0.775],"texture":"#0"},"west":{"uv":[0,0,0.2,0.775],"texture":"#0"},"up":{"uv":[0,0,0.26,0.2],"texture":"#0"},"down":{"uv":[0,0,0.26,0.2],"texture":"#0"}}},{"from":[7.725,4,9.4],"to":[8.275,4.4,9.6],"faces":{"north":{"uv":[0,0,0.55,0.4],"texture":"#0"},"east":{"uv":[0,0,0.2,0.4],"texture":"#0"},"south":{"uv":[0,0,0.55,0.4],"texture":"#0"},"west":{"uv":[0,0,0.2,0.4],"texture":"#0"},"up":{"uv":[0,0,0.55,0.2],"texture":"#0"},"down":{"uv":[0,0,0.55,0.2],"texture":"#0"}}},{"from":[6.725,4.9,7.8],"to":[7.1,5.925,8.6],"faces":{"north":{"uv":[0,0,0.375,1.025],"texture":"#4"},"east":{"uv":[0,0,0.8,1.025],"texture":"#4"},"south":{"uv":[0,0,0.375,1.025],"texture":"#4"},"west":{"uv":[0,0,0.8,1.025],"texture":"#4"},"up":{"uv":[0,0,0.375,0.8],"texture":"#4"},"down":{"uv":[0,0,0.375,0.8],"texture":"#4"}}},{"from":[6.725,5.925,7.8],"to":[9.275,6.225,8.6],"faces":{"north":{"uv":[0,0,2.55,0.3],"texture":"#4"},"east":{"uv":[0,0,0.8,0.3],"texture":"#4"},"south":{"uv":[0,0,2.55,0.3],"texture":"#4"},"west":{"uv":[0,0,0.8,0.3],"texture":"#4"},"up":{"uv":[0,0,2.55,0.8],"texture":"#4"},"down":{"uv":[0,0,2.55,0.8],"texture":"#4"}}},{"from":[8.9,4.9,7.8],"to":[9.275,5.925,8.6],"faces":{"north":{"uv":[0,0,0.375,1.025],"texture":"#4"},"east":{"uv":[0,0,0.8,1.025],"texture":"#4"},"south":{"uv":[0,0,0.375,1.025],"texture":"#4"},"west":{"uv":[0,0,0.8,1.025],"texture":"#4"},"up":{"uv":[0,0,0.375,0.8],"texture":"#4"},"down":{"uv":[0,0,0.375,0.8],"texture":"#4"}}}],"display":{"thirdperson_righthand":{"rotation":[80,-90,0],"translation":[0,-1,2],"scale":[1.25,1.25,1.25]},"thirdperson_lefthand":{"rotation":[80,-90,0],"translation":[0,-1,2],"scale":[1.25,1.25,1.25]},"firstperson_righthand":{"rotation":[180,-90,180],"translation":[0,9.5,-0.5],"scale":[1.25,1.25,1.25]},"firstperson_lefthand":{"rotation":[180,-90,180],"translation":[0,10.5,-0.5],"scale":[1.25,1.25,1.25]},"ground":{"translation":[0,7,0],"scale":[1.25,1.25,1.25]},"gui":{"translation":[0,9,0],"scale":[1.77,1.77,1.77]},"fixed":{"rotation":[0,180,0],"translation":[0,10,0],"scale":[2,2,2]}}}