{"credit":"Made with Blockbench","textures":{"2":"guns/gold_key","5":"guns/1-metal-mixed","6":"guns/1-metal-light","9":"guns/metal-armored"},"elements":[{"from":[9.9,2.85,8],"to":[10.4,3.15,8.5],"faces":{"north":{"uv":[0,0,6.95258,1.71546],"texture":"#6"},"east":{"uv":[0,0,6.95258,1.71546],"texture":"#6"},"south":{"uv":[0,0,6.95258,1.71546],"texture":"#6"},"west":{"uv":[0,0,6.95258,1.71546],"texture":"#6"},"up":{"uv":[0,0,6.95258,1.71546],"texture":"#6"},"down":{"uv":[0,0,6.95258,1.71546],"texture":"#6"}}},{"from":[9.9,2.85,8],"to":[10.4,3.15,8.5],"faces":{"north":{"uv":[0,0,6.95258,1.71546],"texture":"#6"},"east":{"uv":[0,0,6.95258,1.71546],"texture":"#6"},"south":{"uv":[0,0,6.95258,1.71546],"texture":"#6"},"west":{"uv":[0,0,6.95258,1.71546],"texture":"#6"},"up":{"uv":[0,0,6.95258,1.71546],"texture":"#6"},"down":{"uv":[0,0,6.95258,1.71546],"texture":"#6"}}},{"from":[9.9,6.3,8],"to":[10.4,6.575,8.5],"faces":{"north":{"uv":[0,0,6.95258,1.69046],"texture":"#6"},"east":{"uv":[0,0,6.95258,1.69046],"texture":"#6"},"south":{"uv":[0,0,6.95258,1.69046],"texture":"#6"},"west":{"uv":[0,0,6.95258,1.69046],"texture":"#6"},"up":{"uv":[0,0,6.95258,1.69046],"texture":"#6"},"down":{"uv":[0,0,6.95258,1.69046],"texture":"#6"}}},{"from":[9.75,2.7,8],"to":[10.25,3,8.5],"faces":{"north":{"uv":[0,0,6.95258,1.71546],"texture":"#6"},"east":{"uv":[0,0,6.95258,1.71546],"texture":"#6"},"south":{"uv":[0,0,6.95258,1.71546],"texture":"#6"},"west":{"uv":[0,0,6.95258,1.71546],"texture":"#6"},"up":{"uv":[0,0,6.95258,1.71546],"texture":"#6"},"down":{"uv":[0,0,6.95258,1.71546],"texture":"#6"}}},{"from":[9.75,6.45,8],"to":[10.25,6.725,8.5],"faces":{"north":{"uv":[0,0,6.95258,1.69046],"texture":"#6"},"east":{"uv":[0,0,6.95258,1.69046],"texture":"#6"},"south":{"uv":[0,0,6.95258,1.69046],"texture":"#6"},"west":{"uv":[0,0,6.95258,1.69046],"texture":"#6"},"up":{"uv":[0,0,6.95258,1.69046],"texture":"#6"},"down":{"uv":[0,0,6.95258,1.69046],"texture":"#6"}}},{"from":[9.6,2.55,8],"to":[10.1,2.85,8.5],"faces":{"north":{"uv":[0,0,6.95258,1.71546],"texture":"#6"},"east":{"uv":[0,0,6.95258,1.71546],"texture":"#6"},"south":{"uv":[0,0,6.95258,1.71546],"texture":"#6"},"west":{"uv":[0,0,6.95258,1.71546],"texture":"#6"},"up":{"uv":[0,0,6.95258,1.71546],"texture":"#6"},"down":{"uv":[0,0,6.95258,1.71546],"texture":"#6"}}},{"from":[9.6,6.6,8],"to":[10.1,6.875,8.5],"faces":{"north":{"uv":[0,0,6.95258,1.69046],"texture":"#6"},"east":{"uv":[0,0,6.95258,1.69046],"texture":"#6"},"south":{"uv":[0,0,6.95258,1.69046],"texture":"#6"},"west":{"uv":[0,0,6.95258,1.69046],"texture":"#6"},"up":{"uv":[0,0,6.95258,1.69046],"texture":"#6"},"down":{"uv":[0,0,6.95258,1.69046],"texture":"#6"}}},{"from":[9.4,2.45,8],"to":[9.9,2.75,8.5],"faces":{"north":{"uv":[0,0,6.95258,1.71546],"texture":"#6"},"east":{"uv":[0,0,6.95258,1.71546],"texture":"#6"},"south":{"uv":[0,0,6.95258,1.71546],"texture":"#6"},"west":{"uv":[0,0,6.95258,1.71546],"texture":"#6"},"up":{"uv":[0,0,6.95258,1.71546],"texture":"#6"},"down":{"uv":[0,0,6.95258,1.71546],"texture":"#6"}}},{"from":[9.4,6.7,8],"to":[9.9,6.975,8.5],"faces":{"north":{"uv":[0,0,6.95258,1.69046],"texture":"#6"},"east":{"uv":[0,0,6.95258,1.69046],"texture":"#6"},"south":{"uv":[0,0,6.95258,1.69046],"texture":"#6"},"west":{"uv":[0,0,6.95258,1.69046],"texture":"#6"},"up":{"uv":[0,0,6.95258,1.69046],"texture":"#6"},"down":{"uv":[0,0,6.95258,1.69046],"texture":"#6"}}},{"from":[10.05,3,8],"to":[10.55,3.3,8.5],"faces":{"north":{"uv":[0,0,6.95258,1.71546],"texture":"#6"},"east":{"uv":[0,0,6.95258,1.71546],"texture":"#6"},"south":{"uv":[0,0,6.95258,1.71546],"texture":"#6"},"west":{"uv":[0,0,6.95258,1.71546],"texture":"#6"},"up":{"uv":[0,0,6.95258,1.71546],"texture":"#6"},"down":{"uv":[0,0,6.95258,1.71546],"texture":"#6"}}},{"from":[10.05,6.15,8],"to":[10.55,6.425,8.5],"faces":{"north":{"uv":[0,0,6.95258,1.69046],"texture":"#6"},"east":{"uv":[0,0,6.95258,1.69046],"texture":"#6"},"south":{"uv":[0,0,6.95258,1.69046],"texture":"#6"},"west":{"uv":[0,0,6.95258,1.69046],"texture":"#6"},"up":{"uv":[0,0,6.95258,1.69046],"texture":"#6"},"down":{"uv":[0,0,6.95258,1.69046],"texture":"#6"}}},{"from":[10.25,3.1,8],"to":[10.75,3.4,8.5],"faces":{"north":{"uv":[0,0,6.95258,1.71546],"texture":"#6"},"east":{"uv":[0,0,6.95258,1.71546],"texture":"#6"},"south":{"uv":[0,0,6.95258,1.71546],"texture":"#6"},"west":{"uv":[0,0,6.95258,1.71546],"texture":"#6"},"up":{"uv":[0,0,6.95258,1.71546],"texture":"#6"},"down":{"uv":[0,0,6.95258,1.71546],"texture":"#6"}}},{"from":[10.25,6.05,8],"to":[10.75,6.325,8.5],"faces":{"north":{"uv":[0,0,6.95258,1.69046],"texture":"#6"},"east":{"uv":[0,0,6.95258,1.69046],"texture":"#6"},"south":{"uv":[0,0,6.95258,1.69046],"texture":"#6"},"west":{"uv":[0,0,6.95258,1.69046],"texture":"#6"},"up":{"uv":[0,0,6.95258,1.69046],"texture":"#6"},"down":{"uv":[0,0,6.95258,1.69046],"texture":"#6"}}},{"from":[10.55,3.45,8],"to":[11.05,3.75,8.5],"faces":{"north":{"uv":[0,0,6.95258,1.71546],"texture":"#6"},"east":{"uv":[0,0,6.95258,1.71546],"texture":"#6"},"south":{"uv":[0,0,6.95258,1.71546],"texture":"#6"},"west":{"uv":[0,0,6.95258,1.71546],"texture":"#6"},"up":{"uv":[0,0,6.95258,1.71546],"texture":"#6"},"down":{"uv":[0,0,6.95258,1.71546],"texture":"#6"}}},{"from":[10.55,5.7,8],"to":[11.05,5.975,8.5],"faces":{"north":{"uv":[0,0,6.95258,1.69046],"texture":"#6"},"east":{"uv":[0,0,6.95258,1.69046],"texture":"#6"},"south":{"uv":[0,0,6.95258,1.69046],"texture":"#6"},"west":{"uv":[0,0,6.95258,1.69046],"texture":"#6"},"up":{"uv":[0,0,6.95258,1.69046],"texture":"#6"},"down":{"uv":[0,0,6.95258,1.69046],"texture":"#6"}}},{"from":[10.65,3.6,8],"to":[11.15,3.9,8.5],"faces":{"north":{"uv":[0,0,6.95258,1.71546],"texture":"#6"},"east":{"uv":[0,0,6.95258,1.71546],"texture":"#6"},"south":{"uv":[0,0,6.95258,1.71546],"texture":"#6"},"west":{"uv":[0,0,6.95258,1.71546],"texture":"#6"},"up":{"uv":[0,0,6.95258,1.71546],"texture":"#6"},"down":{"uv":[0,0,6.95258,1.71546],"texture":"#6"}}},{"from":[10.65,5.55,8],"to":[11.15,5.825,8.5],"faces":{"north":{"uv":[0,0,6.95258,1.69046],"texture":"#6"},"east":{"uv":[0,0,6.95258,1.69046],"texture":"#6"},"south":{"uv":[0,0,6.95258,1.69046],"texture":"#6"},"west":{"uv":[0,0,6.95258,1.69046],"texture":"#6"},"up":{"uv":[0,0,6.95258,1.69046],"texture":"#6"},"down":{"uv":[0,0,6.95258,1.69046],"texture":"#6"}}},{"from":[10.75,5.4,8],"to":[11.25,5.675,8.5],"faces":{"north":{"uv":[0,0,6.95258,1.69046],"texture":"#6"},"east":{"uv":[0,0,6.95258,1.69046],"texture":"#6"},"south":{"uv":[0,0,6.95258,1.69046],"texture":"#6"},"west":{"uv":[0,0,6.95258,1.69046],"texture":"#6"},"up":{"uv":[0,0,6.95258,1.69046],"texture":"#6"},"down":{"uv":[0,0,6.95258,1.69046],"texture":"#6"}}},{"from":[10.75,3.75,8],"to":[11.25,4.05,8.5],"faces":{"north":{"uv":[0,0,6.95258,1.71546],"texture":"#6"},"east":{"uv":[0,0,6.95258,1.71546],"texture":"#6"},"south":{"uv":[0,0,6.95258,1.71546],"texture":"#6"},"west":{"uv":[0,0,6.95258,1.71546],"texture":"#6"},"up":{"uv":[0,0,6.95258,1.71546],"texture":"#6"},"down":{"uv":[0,0,6.95258,1.71546],"texture":"#6"}}},{"from":[10.85,3.9,8],"to":[11.35,4.2,8.5],"faces":{"north":{"uv":[0,0,6.95258,1.71546],"texture":"#6"},"east":{"uv":[0,0,6.95258,1.71546],"texture":"#6"},"south":{"uv":[0,0,6.95258,1.71546],"texture":"#6"},"west":{"uv":[0,0,6.95258,1.71546],"texture":"#6"},"up":{"uv":[0,0,6.95258,1.71546],"texture":"#6"},"down":{"uv":[0,0,6.95258,1.71546],"texture":"#6"}}},{"from":[10.95,4.075,8],"to":[11.45,4.375,8.5],"faces":{"north":{"uv":[0,0,6.95258,1.71546],"texture":"#6"},"east":{"uv":[0,0,6.95258,1.71546],"texture":"#6"},"south":{"uv":[0,0,6.95258,1.71546],"texture":"#6"},"west":{"uv":[0,0,6.95258,1.71546],"texture":"#6"},"up":{"uv":[0,0,6.95258,1.71546],"texture":"#6"},"down":{"uv":[0,0,6.95258,1.71546],"texture":"#6"}}},{"from":[11.05,4.225,8],"to":[11.55,4.525,8.5],"faces":{"north":{"uv":[0,0,6.95258,1.71546],"texture":"#6"},"east":{"uv":[0,0,6.95258,1.71546],"texture":"#6"},"south":{"uv":[0,0,6.95258,1.71546],"texture":"#6"},"west":{"uv":[0,0,6.95258,1.71546],"texture":"#6"},"up":{"uv":[0,0,6.95258,1.71546],"texture":"#6"},"down":{"uv":[0,0,6.95258,1.71546],"texture":"#6"}}},{"from":[11.15,4.375,8],"to":[11.65,4.675,8.5],"faces":{"north":{"uv":[0,0,6.95258,1.71546],"texture":"#6"},"east":{"uv":[0,0,6.95258,1.71546],"texture":"#6"},"south":{"uv":[0,0,6.95258,1.71546],"texture":"#6"},"west":{"uv":[0,0,6.95258,1.71546],"texture":"#6"},"up":{"uv":[0,0,6.95258,1.71546],"texture":"#6"},"down":{"uv":[0,0,6.95258,1.71546],"texture":"#6"}}},{"from":[11.15,4.775,8],"to":[11.65,5.05,8.5],"faces":{"north":{"uv":[0,0,6.95258,1.69046],"texture":"#6"},"east":{"uv":[0,0,6.95258,1.69046],"texture":"#6"},"south":{"uv":[0,0,6.95258,1.69046],"texture":"#6"},"west":{"uv":[0,0,6.95258,1.69046],"texture":"#6"},"up":{"uv":[0,0,6.95258,1.69046],"texture":"#6"},"down":{"uv":[0,0,6.95258,1.69046],"texture":"#6"}}},{"from":[11.25,4.525,8],"to":[11.75,4.9,8.5],"faces":{"north":{"uv":[0,0,6.95258,1.79046],"texture":"#6"},"east":{"uv":[0,0,6.95258,1.79046],"texture":"#6"},"south":{"uv":[0,0,6.95258,1.79046],"texture":"#6"},"west":{"uv":[0,0,6.95258,1.79046],"texture":"#6"},"up":{"uv":[0,0,6.95258,1.79046],"texture":"#6"},"down":{"uv":[0,0,6.95258,1.79046],"texture":"#6"}}},{"from":[11.05,4.925,8],"to":[11.55,5.2,8.5],"faces":{"north":{"uv":[0,0,6.95258,1.69046],"texture":"#6"},"east":{"uv":[0,0,6.95258,1.69046],"texture":"#6"},"south":{"uv":[0,0,6.95258,1.69046],"texture":"#6"},"west":{"uv":[0,0,6.95258,1.69046],"texture":"#6"},"up":{"uv":[0,0,6.95258,1.69046],"texture":"#6"},"down":{"uv":[0,0,6.95258,1.69046],"texture":"#6"}}},{"from":[10.95,5.075,8],"to":[11.45,5.35,8.5],"faces":{"north":{"uv":[0,0,6.95258,1.69046],"texture":"#6"},"east":{"uv":[0,0,6.95258,1.69046],"texture":"#6"},"south":{"uv":[0,0,6.95258,1.69046],"texture":"#6"},"west":{"uv":[0,0,6.95258,1.69046],"texture":"#6"},"up":{"uv":[0,0,6.95258,1.69046],"texture":"#6"},"down":{"uv":[0,0,6.95258,1.69046],"texture":"#6"}}},{"from":[10.85,5.25,8],"to":[11.35,5.525,8.5],"faces":{"north":{"uv":[0,0,6.95258,1.69046],"texture":"#6"},"east":{"uv":[0,0,6.95258,1.69046],"texture":"#6"},"south":{"uv":[0,0,6.95258,1.69046],"texture":"#6"},"west":{"uv":[0,0,6.95258,1.69046],"texture":"#6"},"up":{"uv":[0,0,6.95258,1.69046],"texture":"#6"},"down":{"uv":[0,0,6.95258,1.69046],"texture":"#6"}}},{"from":[10.4,3.25,8],"to":[10.9,3.55,8.5],"faces":{"north":{"uv":[0,0,6.95258,1.71546],"texture":"#6"},"east":{"uv":[0,0,6.95258,1.71546],"texture":"#6"},"south":{"uv":[0,0,6.95258,1.71546],"texture":"#6"},"west":{"uv":[0,0,6.95258,1.71546],"texture":"#6"},"up":{"uv":[0,0,6.95258,1.71546],"texture":"#6"},"down":{"uv":[0,0,6.95258,1.71546],"texture":"#6"}}},{"from":[10.4,5.9,8],"to":[10.9,6.175,8.5],"faces":{"north":{"uv":[0,0,6.95258,1.69046],"texture":"#6"},"east":{"uv":[0,0,6.95258,1.69046],"texture":"#6"},"south":{"uv":[0,0,6.95258,1.69046],"texture":"#6"},"west":{"uv":[0,0,6.95258,1.69046],"texture":"#6"},"up":{"uv":[0,0,6.95258,1.69046],"texture":"#6"},"down":{"uv":[0,0,6.95258,1.69046],"texture":"#6"}}},{"from":[6.4,2.85,8],"to":[6.9,3.15,8.5],"faces":{"north":{"uv":[0,0,6.95258,1.71546],"texture":"#6"},"east":{"uv":[0,0,6.95258,1.71546],"texture":"#6"},"south":{"uv":[0,0,6.95258,1.71546],"texture":"#6"},"west":{"uv":[0,0,6.95258,1.71546],"texture":"#6"},"up":{"uv":[0,0,6.95258,1.71546],"texture":"#6"},"down":{"uv":[0,0,6.95258,1.71546],"texture":"#6"}}},{"from":[6.55,2.7,8],"to":[7.05,3,8.5],"faces":{"north":{"uv":[0,0,6.95258,1.71546],"texture":"#6"},"east":{"uv":[0,0,6.95258,1.71546],"texture":"#6"},"south":{"uv":[0,0,6.95258,1.71546],"texture":"#6"},"west":{"uv":[0,0,6.95258,1.71546],"texture":"#6"},"up":{"uv":[0,0,6.95258,1.71546],"texture":"#6"},"down":{"uv":[0,0,6.95258,1.71546],"texture":"#6"}}},{"from":[6.7,2.55,8],"to":[7.2,2.85,8.5],"faces":{"north":{"uv":[0,0,6.95258,1.71546],"texture":"#6"},"east":{"uv":[0,0,6.95258,1.71546],"texture":"#6"},"south":{"uv":[0,0,6.95258,1.71546],"texture":"#6"},"west":{"uv":[0,0,6.95258,1.71546],"texture":"#6"},"up":{"uv":[0,0,6.95258,1.71546],"texture":"#6"},"down":{"uv":[0,0,6.95258,1.71546],"texture":"#6"}}},{"from":[6.9,2.45,8],"to":[7.4,2.75,8.5],"faces":{"north":{"uv":[0,0,6.95258,1.71546],"texture":"#6"},"east":{"uv":[0,0,6.95258,1.71546],"texture":"#6"},"south":{"uv":[0,0,6.95258,1.71546],"texture":"#6"},"west":{"uv":[0,0,6.95258,1.71546],"texture":"#6"},"up":{"uv":[0,0,6.95258,1.71546],"texture":"#6"},"down":{"uv":[0,0,6.95258,1.71546],"texture":"#6"}}},{"from":[5.9,3.25,8],"to":[6.4,3.55,8.5],"faces":{"north":{"uv":[0,0,6.95258,1.71546],"texture":"#6"},"east":{"uv":[0,0,6.95258,1.71546],"texture":"#6"},"south":{"uv":[0,0,6.95258,1.71546],"texture":"#6"},"west":{"uv":[0,0,6.95258,1.71546],"texture":"#6"},"up":{"uv":[0,0,6.95258,1.71546],"texture":"#6"},"down":{"uv":[0,0,6.95258,1.71546],"texture":"#6"}}},{"from":[5.75,3.45,8],"to":[6.25,3.75,8.5],"faces":{"north":{"uv":[0,0,6.95258,1.71546],"texture":"#6"},"east":{"uv":[0,0,6.95258,1.71546],"texture":"#6"},"south":{"uv":[0,0,6.95258,1.71546],"texture":"#6"},"west":{"uv":[0,0,6.95258,1.71546],"texture":"#6"},"up":{"uv":[0,0,6.95258,1.71546],"texture":"#6"},"down":{"uv":[0,0,6.95258,1.71546],"texture":"#6"}}},{"from":[6.05,3.1,8],"to":[6.55,3.4,8.5],"faces":{"north":{"uv":[0,0,6.95258,1.71546],"texture":"#6"},"east":{"uv":[0,0,6.95258,1.71546],"texture":"#6"},"south":{"uv":[0,0,6.95258,1.71546],"texture":"#6"},"west":{"uv":[0,0,6.95258,1.71546],"texture":"#6"},"up":{"uv":[0,0,6.95258,1.71546],"texture":"#6"},"down":{"uv":[0,0,6.95258,1.71546],"texture":"#6"}}},{"from":[6.25,3,8],"to":[6.75,3.3,8.5],"faces":{"north":{"uv":[0,0,6.95258,1.71546],"texture":"#6"},"east":{"uv":[0,0,6.95258,1.71546],"texture":"#6"},"south":{"uv":[0,0,6.95258,1.71546],"texture":"#6"},"west":{"uv":[0,0,6.95258,1.71546],"texture":"#6"},"up":{"uv":[0,0,6.95258,1.71546],"texture":"#6"},"down":{"uv":[0,0,6.95258,1.71546],"texture":"#6"}}},{"from":[5.65,3.6,8],"to":[6.15,3.9,8.5],"faces":{"north":{"uv":[0,0,6.95258,1.71546],"texture":"#6"},"east":{"uv":[0,0,6.95258,1.71546],"texture":"#6"},"south":{"uv":[0,0,6.95258,1.71546],"texture":"#6"},"west":{"uv":[0,0,6.95258,1.71546],"texture":"#6"},"up":{"uv":[0,0,6.95258,1.71546],"texture":"#6"},"down":{"uv":[0,0,6.95258,1.71546],"texture":"#6"}}},{"from":[5.55,5.4,8],"to":[6.05,5.675,8.5],"faces":{"north":{"uv":[0,0,6.95258,1.69046],"texture":"#6"},"east":{"uv":[0,0,6.95258,1.69046],"texture":"#6"},"south":{"uv":[0,0,6.95258,1.69046],"texture":"#6"},"west":{"uv":[0,0,6.95258,1.69046],"texture":"#6"},"up":{"uv":[0,0,6.95258,1.69046],"texture":"#6"},"down":{"uv":[0,0,6.95258,1.69046],"texture":"#6"}}},{"from":[5.45,3.9,8],"to":[5.95,4.2,8.5],"faces":{"north":{"uv":[0,0,6.95258,1.71546],"texture":"#6"},"east":{"uv":[0,0,6.95258,1.71546],"texture":"#6"},"south":{"uv":[0,0,6.95258,1.71546],"texture":"#6"},"west":{"uv":[0,0,6.95258,1.71546],"texture":"#6"},"up":{"uv":[0,0,6.95258,1.71546],"texture":"#6"},"down":{"uv":[0,0,6.95258,1.71546],"texture":"#6"}}},{"from":[6.9,6.7,8],"to":[7.4,6.975,8.5],"faces":{"north":{"uv":[0,0,6.95258,1.69046],"texture":"#6"},"east":{"uv":[0,0,6.95258,1.69046],"texture":"#6"},"south":{"uv":[0,0,6.95258,1.69046],"texture":"#6"},"west":{"uv":[0,0,6.95258,1.69046],"texture":"#6"},"up":{"uv":[0,0,6.95258,1.69046],"texture":"#6"},"down":{"uv":[0,0,6.95258,1.69046],"texture":"#6"}}},{"from":[6.7,6.6,8],"to":[7.2,6.875,8.5],"faces":{"north":{"uv":[0,0,6.95258,1.69046],"texture":"#6"},"east":{"uv":[0,0,6.95258,1.69046],"texture":"#6"},"south":{"uv":[0,0,6.95258,1.69046],"texture":"#6"},"west":{"uv":[0,0,6.95258,1.69046],"texture":"#6"},"up":{"uv":[0,0,6.95258,1.69046],"texture":"#6"},"down":{"uv":[0,0,6.95258,1.69046],"texture":"#6"}}},{"from":[6.55,6.45,8],"to":[7.05,6.725,8.5],"faces":{"north":{"uv":[0,0,6.95258,1.69046],"texture":"#6"},"east":{"uv":[0,0,6.95258,1.69046],"texture":"#6"},"south":{"uv":[0,0,6.95258,1.69046],"texture":"#6"},"west":{"uv":[0,0,6.95258,1.69046],"texture":"#6"},"up":{"uv":[0,0,6.95258,1.69046],"texture":"#6"},"down":{"uv":[0,0,6.95258,1.69046],"texture":"#6"}}},{"from":[6.4,6.3,8],"to":[6.9,6.575,8.5],"faces":{"north":{"uv":[0,0,6.95258,1.69046],"texture":"#6"},"east":{"uv":[0,0,6.95258,1.69046],"texture":"#6"},"south":{"uv":[0,0,6.95258,1.69046],"texture":"#6"},"west":{"uv":[0,0,6.95258,1.69046],"texture":"#6"},"up":{"uv":[0,0,6.95258,1.69046],"texture":"#6"},"down":{"uv":[0,0,6.95258,1.69046],"texture":"#6"}}},{"from":[6.4,2.85,8],"to":[6.9,3.15,8.5],"faces":{"north":{"uv":[0,0,6.95258,1.71546],"texture":"#6"},"east":{"uv":[0,0,6.95258,1.71546],"texture":"#6"},"south":{"uv":[0,0,6.95258,1.71546],"texture":"#6"},"west":{"uv":[0,0,6.95258,1.71546],"texture":"#6"},"up":{"uv":[0,0,6.95258,1.71546],"texture":"#6"},"down":{"uv":[0,0,6.95258,1.71546],"texture":"#6"}}},{"from":[6.25,6.15,8],"to":[6.75,6.425,8.5],"faces":{"north":{"uv":[0,0,6.95258,1.69046],"texture":"#6"},"east":{"uv":[0,0,6.95258,1.69046],"texture":"#6"},"south":{"uv":[0,0,6.95258,1.69046],"texture":"#6"},"west":{"uv":[0,0,6.95258,1.69046],"texture":"#6"},"up":{"uv":[0,0,6.95258,1.69046],"texture":"#6"},"down":{"uv":[0,0,6.95258,1.69046],"texture":"#6"}}},{"from":[6.05,6.05,8],"to":[6.55,6.325,8.5],"faces":{"north":{"uv":[0,0,6.95258,1.69046],"texture":"#6"},"east":{"uv":[0,0,6.95258,1.69046],"texture":"#6"},"south":{"uv":[0,0,6.95258,1.69046],"texture":"#6"},"west":{"uv":[0,0,6.95258,1.69046],"texture":"#6"},"up":{"uv":[0,0,6.95258,1.69046],"texture":"#6"},"down":{"uv":[0,0,6.95258,1.69046],"texture":"#6"}}},{"from":[5.9,5.9,8],"to":[6.4,6.175,8.5],"faces":{"north":{"uv":[0,0,6.95258,1.69046],"texture":"#6"},"east":{"uv":[0,0,6.95258,1.69046],"texture":"#6"},"south":{"uv":[0,0,6.95258,1.69046],"texture":"#6"},"west":{"uv":[0,0,6.95258,1.69046],"texture":"#6"},"up":{"uv":[0,0,6.95258,1.69046],"texture":"#6"},"down":{"uv":[0,0,6.95258,1.69046],"texture":"#6"}}},{"from":[5.75,5.7,8],"to":[6.25,5.975,8.5],"faces":{"north":{"uv":[0,0,6.95258,1.69046],"texture":"#6"},"east":{"uv":[0,0,6.95258,1.69046],"texture":"#6"},"south":{"uv":[0,0,6.95258,1.69046],"texture":"#6"},"west":{"uv":[0,0,6.95258,1.69046],"texture":"#6"},"up":{"uv":[0,0,6.95258,1.69046],"texture":"#6"},"down":{"uv":[0,0,6.95258,1.69046],"texture":"#6"}}},{"from":[5.65,5.55,8],"to":[6.15,5.825,8.5],"faces":{"north":{"uv":[0,0,6.95258,1.69046],"texture":"#6"},"east":{"uv":[0,0,6.95258,1.69046],"texture":"#6"},"south":{"uv":[0,0,6.95258,1.69046],"texture":"#6"},"west":{"uv":[0,0,6.95258,1.69046],"texture":"#6"},"up":{"uv":[0,0,6.95258,1.69046],"texture":"#6"},"down":{"uv":[0,0,6.95258,1.69046],"texture":"#6"}}},{"from":[5.55,3.75,8],"to":[6.05,4.05,8.5],"faces":{"north":{"uv":[0,0,6.95258,1.71546],"texture":"#6"},"east":{"uv":[0,0,6.95258,1.71546],"texture":"#6"},"south":{"uv":[0,0,6.95258,1.71546],"texture":"#6"},"west":{"uv":[0,0,6.95258,1.71546],"texture":"#6"},"up":{"uv":[0,0,6.95258,1.71546],"texture":"#6"},"down":{"uv":[0,0,6.95258,1.71546],"texture":"#6"}}},{"from":[5.45,5.25,8],"to":[5.95,5.525,8.5],"faces":{"north":{"uv":[0,0,6.95258,1.69046],"texture":"#6"},"east":{"uv":[0,0,6.95258,1.69046],"texture":"#6"},"south":{"uv":[0,0,6.95258,1.69046],"texture":"#6"},"west":{"uv":[0,0,6.95258,1.69046],"texture":"#6"},"up":{"uv":[0,0,6.95258,1.69046],"texture":"#6"},"down":{"uv":[0,0,6.95258,1.69046],"texture":"#6"}}},{"from":[5.35,4.075,8],"to":[5.85,4.375,8.5],"faces":{"north":{"uv":[0,0,6.95258,1.71546],"texture":"#6"},"east":{"uv":[0,0,6.95258,1.71546],"texture":"#6"},"south":{"uv":[0,0,6.95258,1.71546],"texture":"#6"},"west":{"uv":[0,0,6.95258,1.71546],"texture":"#6"},"up":{"uv":[0,0,6.95258,1.71546],"texture":"#6"},"down":{"uv":[0,0,6.95258,1.71546],"texture":"#6"}}},{"from":[5.35,5.075,8],"to":[5.85,5.35,8.5],"faces":{"north":{"uv":[0,0,6.95258,1.69046],"texture":"#6"},"east":{"uv":[0,0,6.95258,1.69046],"texture":"#6"},"south":{"uv":[0,0,6.95258,1.69046],"texture":"#6"},"west":{"uv":[0,0,6.95258,1.69046],"texture":"#6"},"up":{"uv":[0,0,6.95258,1.69046],"texture":"#6"},"down":{"uv":[0,0,6.95258,1.69046],"texture":"#6"}}},{"from":[5.25,4.225,8],"to":[5.75,4.525,8.5],"faces":{"north":{"uv":[0,0,6.95258,1.71546],"texture":"#6"},"east":{"uv":[0,0,6.95258,1.71546],"texture":"#6"},"south":{"uv":[0,0,6.95258,1.71546],"texture":"#6"},"west":{"uv":[0,0,6.95258,1.71546],"texture":"#6"},"up":{"uv":[0,0,6.95258,1.71546],"texture":"#6"},"down":{"uv":[0,0,6.95258,1.71546],"texture":"#6"}}},{"from":[5.25,4.925,8],"to":[5.75,5.2,8.5],"faces":{"north":{"uv":[0,0,6.95258,1.69046],"texture":"#6"},"east":{"uv":[0,0,6.95258,1.69046],"texture":"#6"},"south":{"uv":[0,0,6.95258,1.69046],"texture":"#6"},"west":{"uv":[0,0,6.95258,1.69046],"texture":"#6"},"up":{"uv":[0,0,6.95258,1.69046],"texture":"#6"},"down":{"uv":[0,0,6.95258,1.69046],"texture":"#6"}}},{"from":[5.15,4.375,8],"to":[5.65,4.675,8.5],"faces":{"north":{"uv":[0,0,6.95258,1.71546],"texture":"#6"},"east":{"uv":[0,0,6.95258,1.71546],"texture":"#6"},"south":{"uv":[0,0,6.95258,1.71546],"texture":"#6"},"west":{"uv":[0,0,6.95258,1.71546],"texture":"#6"},"up":{"uv":[0,0,6.95258,1.71546],"texture":"#6"},"down":{"uv":[0,0,6.95258,1.71546],"texture":"#6"}}},{"from":[5.15,4.775,8],"to":[5.65,5.05,8.5],"faces":{"north":{"uv":[0,0,6.95258,1.69046],"texture":"#6"},"east":{"uv":[0,0,6.95258,1.69046],"texture":"#6"},"south":{"uv":[0,0,6.95258,1.69046],"texture":"#6"},"west":{"uv":[0,0,6.95258,1.69046],"texture":"#6"},"up":{"uv":[0,0,6.95258,1.69046],"texture":"#6"},"down":{"uv":[0,0,6.95258,1.69046],"texture":"#6"}}},{"from":[5.05,4.525,8],"to":[5.55,4.9,8.5],"faces":{"north":{"uv":[0,0,6.95258,1.79046],"texture":"#6"},"east":{"uv":[0,0,6.95258,1.79046],"texture":"#6"},"south":{"uv":[0,0,6.95258,1.79046],"texture":"#6"},"west":{"uv":[0,0,6.95258,1.79046],"texture":"#6"},"up":{"uv":[0,0,6.95258,1.79046],"texture":"#6"},"down":{"uv":[0,0,6.95258,1.79046],"texture":"#6"}}},{"from":[7.4,2.45,8],"to":[9.4,2.6,8.5],"faces":{"north":{"uv":[0,0,8.45258,1.56546],"texture":"#6"},"east":{"uv":[0,0,8.45258,1.56546],"texture":"#6"},"south":{"uv":[0,0,8.45258,1.56546],"texture":"#6"},"west":{"uv":[0,0,8.45258,1.56546],"texture":"#6"},"up":{"uv":[0,0,8.45258,1.56546],"texture":"#6"},"down":{"uv":[0,0,8.45258,1.56546],"texture":"#6"}}},{"from":[7.4,6.825,8],"to":[9.4,6.975,8.5],"faces":{"north":{"uv":[0,0,8.45258,1.56546],"texture":"#6"},"east":{"uv":[0,0,8.45258,1.56546],"texture":"#6"},"south":{"uv":[0,0,8.45258,1.56546],"texture":"#6"},"west":{"uv":[0,0,8.45258,1.56546],"texture":"#6"},"up":{"uv":[0,0,8.45258,1.56546],"texture":"#6"},"down":{"uv":[0,0,8.45258,1.56546],"texture":"#6"}}},{"from":[7.1,2.3,8],"to":[9.7,2.45,8.5],"faces":{"north":{"uv":[0,0,9.05258,1.56546],"texture":"#6"},"east":{"uv":[0,0,9.05258,1.56546],"texture":"#6"},"south":{"uv":[0,0,9.05258,1.56546],"texture":"#6"},"west":{"uv":[0,0,9.05258,1.56546],"texture":"#6"},"up":{"uv":[0,0,9.05258,1.56546],"texture":"#6"},"down":{"uv":[0,0,9.05258,1.56546],"texture":"#6"}}},{"from":[7.1,6.975,8],"to":[9.7,7.125,8.5],"faces":{"north":{"uv":[0,0,9.05258,1.56546],"texture":"#6"},"east":{"uv":[0,0,9.05258,1.56546],"texture":"#6"},"south":{"uv":[0,0,9.05258,1.56546],"texture":"#6"},"west":{"uv":[0,0,9.05258,1.56546],"texture":"#6"},"up":{"uv":[0,0,9.05258,1.56546],"texture":"#6"},"down":{"uv":[0,0,9.05258,1.56546],"texture":"#6"}}},{"from":[7.325,2.15,8],"to":[9.475,2.3,8.5],"faces":{"north":{"uv":[0,0,8.60258,1.56546],"texture":"#6"},"east":{"uv":[0,0,8.60258,1.56546],"texture":"#6"},"south":{"uv":[0,0,8.60258,1.56546],"texture":"#6"},"west":{"uv":[0,0,8.60258,1.56546],"texture":"#6"},"up":{"uv":[0,0,8.60258,1.56546],"texture":"#6"},"down":{"uv":[0,0,8.60258,1.56546],"texture":"#6"}}},{"from":[7.325,7.125,8],"to":[9.475,7.275,8.5],"faces":{"north":{"uv":[0,0,7.90258,1.04046],"texture":"#6"},"east":{"uv":[0,0,8.60258,1.56546],"texture":"#6"},"south":{"uv":[0,0,8.60258,1.56546],"texture":"#6"},"west":{"uv":[0,0,8.60258,5.09046],"texture":"#6"},"up":{"uv":[0,0,8.60258,1.56546],"texture":"#6"},"down":{"uv":[0,0,8.60258,1.56546],"texture":"#6"}}},{"from":[8.825,1.175,8.575],"to":[9.4,2.875,9.425],"faces":{"north":{"uv":[0,0,1.79297,2.39062],"texture":"#2"},"east":{"uv":[0,6.34271,6.51641,14.56563],"texture":"#2"},"south":{"uv":[0,0,1.79297,2.39062],"texture":"#2"},"west":{"uv":[0,6.34271,8.39141,14.51979],"texture":"#2"},"up":{"uv":[0,0,1.79297,2.39062],"texture":"#2"},"down":{"uv":[0,0,1.79297,2.39062],"texture":"#2"}}},{"from":[8.825,2.675,7.925],"to":[9.4,2.875,8.575],"faces":{"north":{"uv":[0,0,1.79297,2.39062],"texture":"#2"},"east":{"uv":[0,3.84271,6.09922,6.78854],"texture":"#2"},"south":{"uv":[0,0,1.79297,2.39062],"texture":"#2"},"west":{"uv":[0,0,1.79297,2.39062],"texture":"#2"},"up":{"uv":[0,0,1.79297,2.39062],"texture":"#2"},"down":{"uv":[0,0,1.79297,2.39062],"texture":"#2"}}},{"from":[8.825,1.175,7.925],"to":[9.4,2.075,8.575],"faces":{"north":{"uv":[0,0,1.37109,1.26563],"texture":"#2"},"east":{"uv":[0,6.34271,8.39141,11.78854],"texture":"#2"},"south":{"uv":[0,0,1.37109,1.26563],"texture":"#2"},"west":{"uv":[0,6.34271,4.51016,9.90833],"texture":"#2"},"up":{"uv":[0,0,1.37109,1.26563],"texture":"#2"},"down":{"uv":[0,0,1.37109,1.26563],"texture":"#2"}}},{"from":[8.875,0.9,7.125],"to":[9.35,1.175,9.375],"faces":{"north":{"uv":[0,0,3.73672,0.41667],"texture":"#2"},"east":{"uv":[0,6.34271,9.91797,7.73125],"texture":"#2"},"south":{"uv":[0,0,3.73672,0.41667],"texture":"#2"},"west":{"uv":[0,0,3.73672,0.41667],"texture":"#2"},"up":{"uv":[0,0,3.73672,0.41667],"texture":"#2"},"down":{"uv":[0,0,3.73672,0.41667],"texture":"#2"}}},{"from":[8.875,-0.925,7.775],"to":[9.35,0.925,8.725],"faces":{"north":{"uv":[0,0,1.79297,2.39062],"texture":"#2"},"east":{"uv":[0,6.34271,9.71016,12.34479],"texture":"#2"},"south":{"uv":[0,0,1.79297,2.39062],"texture":"#2"},"west":{"uv":[0,0,1.79297,2.39062],"texture":"#2"},"up":{"uv":[0,0,1.79297,2.39062],"texture":"#2"},"down":{"uv":[0,0,1.79297,2.39062],"texture":"#2"}}},{"from":[8.91,-1.375,8.241],"to":[9.32,-0.925,8.266],"faces":{"north":{"uv":[0,0,0.86484,0.63281],"texture":"#2"},"east":{"uv":[0,6.34271,11.85898,12.39219],"texture":"#2"},"south":{"uv":[0,0,0.86484,0.63281],"texture":"#2"},"west":{"uv":[0,0,0.05273,0.63281],"texture":"#2"},"up":{"uv":[0,0,33.75,22.5],"texture":"#2"},"down":{"uv":[0,0,0.86484,0.03516],"texture":"#2"}}},{"from":[8.9,-6.825,4.845],"to":[9.325,-5.8,5.52],"rotation":{"angle":-45,"axis":"x","origin":[0,0,0]},"faces":{"north":{"uv":[0,0,1.42383,1.44141],"texture":"#2"},"east":{"uv":[0,6.34271,13.23008,13.20078],"texture":"#2"},"south":{"uv":[0,0,1.42383,1.44141],"texture":"#2"},"west":{"uv":[0,0,1.42383,1.44141],"texture":"#2"},"up":{"uv":[0,0,1.42383,1.44141],"texture":"#2"},"down":{"uv":[0,0,1.42383,1.44141],"texture":"#2"}}},{"from":[8.9,-5.75,5.245],"to":[9.325,-5.575,5.42],"rotation":{"angle":-45,"axis":"x","origin":[0,0,0]},"faces":{"north":{"uv":[0,0,0.36914,0.24609],"texture":"#2"},"east":{"uv":[0,6.34271,12.17539,12.00547],"texture":"#2"},"south":{"uv":[0,0,0.36914,0.24609],"texture":"#2"},"west":{"uv":[0,0,0.36914,0.24609],"texture":"#2"},"up":{"uv":[0,0,0.36914,0.24609],"texture":"#2"},"down":{"uv":[0,0,0.36914,0.24609],"texture":"#2"}}},{"from":[8.9,-5.35,5.67],"to":[9.325,-5.05,5.97],"rotation":{"angle":-45,"axis":"x","origin":[0,0,0]},"faces":{"north":{"uv":[0,0,0.63281,0.42187],"texture":"#2"},"east":{"uv":[0,6.34271,12.43906,12.18125],"texture":"#2"},"south":{"uv":[0,0,0.63281,0.42187],"texture":"#2"},"west":{"uv":[0,0,0.4875,0.18438],"texture":"#2"},"up":{"uv":[0,0,0.63281,0.42187],"texture":"#2"},"down":{"uv":[0,0,0.63281,0.42187],"texture":"#2"}}},{"from":[8.9,-5.075,5.995],"to":[9.325,-4.875,6.17],"rotation":{"angle":-45,"axis":"x","origin":[0,0,0]},"faces":{"north":{"uv":[0,0,0.63281,0.42187],"texture":"#2"},"east":{"uv":[0,6.34271,12.43906,12.18125],"texture":"#2"},"south":{"uv":[0,0,0.63281,0.42187],"texture":"#2"},"west":{"uv":[0,0,0.4875,0.18438],"texture":"#2"},"up":{"uv":[0,0,0.63281,0.42187],"texture":"#2"},"down":{"uv":[0,0,0.63281,0.42187],"texture":"#2"}}},{"from":[8.9,-5.65,5.47],"to":[9.325,-5.35,5.77],"rotation":{"angle":-45,"axis":"x","origin":[0,0,0]},"faces":{"north":{"uv":[0,0,0.63281,0.42187],"texture":"#2"},"east":{"uv":[0,6.34271,12.43906,12.18125],"texture":"#2"},"south":{"uv":[0,0,0.63281,0.42187],"texture":"#2"},"west":{"uv":[0,0,0.63281,0.42187],"texture":"#2"},"up":{"uv":[0,0,0.63281,0.42187],"texture":"#2"},"down":{"uv":[0,0,0.63281,0.42187],"texture":"#2"}}},{"from":[8.825,1.175,7.075],"to":[9.4,2.875,7.925],"faces":{"north":{"uv":[0,0,1.79297,2.39062],"texture":"#2"},"east":{"uv":[0,6.34271,9.71016,12.34479],"texture":"#2"},"south":{"uv":[0,0,1.79297,2.39062],"texture":"#2"},"west":{"uv":[0,6.34271,3.90547,10.62188],"texture":"#2"},"up":{"uv":[0,0,1.79297,2.39062],"texture":"#2"},"down":{"uv":[0,0,1.79297,2.39062],"texture":"#2"}}},{"from":[1.45,8.25,7.075],"to":[2.025,9.95,7.925],"rotation":{"angle":-45,"axis":"z","origin":[-3,1.45,0]},"faces":{"north":{"uv":[0,0.51037,4.60333,4.77852],"texture":"#5"},"east":{"uv":[0,0.51037,4.60333,4.77852],"texture":"#5"},"south":{"uv":[0,0.51037,4.60333,4.77852],"texture":"#5"},"west":{"uv":[0,0.51037,4.60333,4.77852],"texture":"#5"},"up":{"uv":[0,0.51037,4.60333,4.77852],"texture":"#5"},"down":{"uv":[0,0.51037,4.60333,4.77852],"texture":"#5"}}},{"from":[1.45,8.25,8.575],"to":[2.025,9.95,9.425],"rotation":{"angle":-45,"axis":"z","origin":[-3,1.45,0]},"faces":{"north":{"uv":[0,0.51037,4.60333,4.77852],"texture":"#5"},"east":{"uv":[0,0.51037,4.60333,4.77852],"texture":"#5"},"south":{"uv":[0,0.51037,4.60333,4.77852],"texture":"#5"},"west":{"uv":[0,0.51037,4.60333,4.77852],"texture":"#5"},"up":{"uv":[0,0.51037,4.60333,4.77852],"texture":"#5"},"down":{"uv":[0,0.51037,4.60333,4.77852],"texture":"#5"}}},{"from":[1.45,8.25,7.925],"to":[2.025,9.15,8.575],"rotation":{"angle":-45,"axis":"z","origin":[-3,1.45,0]},"faces":{"north":{"uv":[0,2.51037,4.60333,6.77852],"texture":"#5"},"east":{"uv":[0,2.51037,4.60333,6.77852],"texture":"#5"},"south":{"uv":[0,2.51037,4.60333,6.77852],"texture":"#5"},"west":{"uv":[0,2.51037,4.60333,6.77852],"texture":"#5"},"up":{"uv":[0,2.51037,4.60333,6.77852],"texture":"#5"},"down":{"uv":[0,2.51037,4.60333,6.77852],"texture":"#5"}}},{"from":[1.5,7.975,7.125],"to":[1.975,8.25,9.375],"rotation":{"angle":-45,"axis":"z","origin":[-3,1.45,0]},"faces":{"north":{"uv":[0,6.13537,4.70185,7.02278],"texture":"#5"},"east":{"uv":[0,6.13537,4.70185,7.02278],"texture":"#5"},"south":{"uv":[0,6.13537,4.70185,7.02278],"texture":"#5"},"west":{"uv":[0,6.13537,4.70185,7.02278],"texture":"#5"},"up":{"uv":[0,6.13537,4.70185,7.02278],"texture":"#5"},"down":{"uv":[0,6.13537,4.70185,7.02278],"texture":"#5"}}},{"from":[1.5,6.15,7.775],"to":[1.975,8,8.725],"rotation":{"angle":-45,"axis":"z","origin":[-3,1.45,0]},"faces":{"north":{"uv":[0,4.51037,4.60333,8.77852],"texture":"#5"},"east":{"uv":[0,4.51037,4.60333,8.77852],"texture":"#5"},"south":{"uv":[0,4.51037,4.60333,8.77852],"texture":"#5"},"west":{"uv":[0,4.51037,4.60333,8.77852],"texture":"#5"},"up":{"uv":[0,4.51037,4.60333,8.77852],"texture":"#5"},"down":{"uv":[0,4.51037,4.60333,8.77852],"texture":"#5"}}},{"from":[1.45,9.75,7.925],"to":[2.025,9.95,8.575],"rotation":{"angle":-45,"axis":"z","origin":[-3,1.45,0]},"faces":{"north":{"uv":[0,1,0.85,2.7],"texture":"#5"},"east":{"uv":[0,1,0.85,2.7],"texture":"#5"},"south":{"uv":[0,1,0.85,2.7],"texture":"#5"},"west":{"uv":[0,1,0.85,2.7],"texture":"#5"},"up":{"uv":[0,1,0.85,2.7],"texture":"#5"},"down":{"uv":[0,1,0.85,2.7],"texture":"#5"}}},{"from":[7.525,1.175,7.225],"to":[8.1,2.875,7.925],"rotation":{"angle":0,"axis":"y","origin":[-1.3,0,0]},"faces":{"north":{"uv":[0,0,16,16],"texture":"#9"},"east":{"uv":[0,0,16,16],"texture":"#9"},"south":{"uv":[0,0,16,16],"texture":"#9"},"west":{"uv":[0,0,16,16],"texture":"#9"},"up":{"uv":[0,0,16,16],"texture":"#9"},"down":{"uv":[0,0,16,16],"texture":"#9"}}},{"from":[7.6,-6.675,4.995],"to":[8.025,-6,6.02],"rotation":{"angle":-45,"axis":"x","origin":[-1.3,0,0]},"faces":{"north":{"uv":[0,0,16,16],"texture":"#9"},"east":{"uv":[0,0,16,16],"texture":"#9"},"south":{"uv":[0,0,16,16],"texture":"#9"},"west":{"uv":[0,0,16,16],"texture":"#9"},"up":{"uv":[0,0,16,16],"texture":"#9"},"down":{"uv":[0,0,16,16],"texture":"#9"}}},{"from":[7.6,-6.275,6.045],"to":[8.025,-6.025,6.295],"rotation":{"angle":-45,"axis":"x","origin":[-1.3,0,0]},"faces":{"north":{"uv":[0,0,16,16],"texture":"#9"},"east":{"uv":[0,0,16,16],"texture":"#9"},"south":{"uv":[0,0,16,16],"texture":"#9"},"west":{"uv":[0,0,16,16],"texture":"#9"},"up":{"uv":[0,0,16,16],"texture":"#9"},"down":{"uv":[0,0,16,16],"texture":"#9"}}},{"from":[7.6,-5.975,6.37],"to":[8.025,-5.675,6.67],"rotation":{"angle":-45,"axis":"x","origin":[-1.3,0,0]},"faces":{"north":{"uv":[0,0,16,16],"texture":"#9"},"east":{"uv":[0,0,16,16],"texture":"#9"},"south":{"uv":[0,0,16,16],"texture":"#9"},"west":{"uv":[0,0,16,16],"texture":"#9"},"up":{"uv":[0,0,16,16],"texture":"#9"},"down":{"uv":[0,0,16,16],"texture":"#9"}}},{"from":[7.575,-0.725,7.775],"to":[8.05,0.925,8.725],"rotation":{"angle":0,"axis":"y","origin":[-1.3,0,0]},"faces":{"north":{"uv":[0,0,16,16],"texture":"#9"},"east":{"uv":[0,0,16,16],"texture":"#9"},"south":{"uv":[0,0,16,16],"texture":"#9"},"west":{"uv":[0,0,16,16],"texture":"#9"},"up":{"uv":[0,0,16,16],"texture":"#9"},"down":{"uv":[0,0,16,16],"texture":"#9"}}},{"from":[7.575,0.9,7.275],"to":[8.05,1.175,9.225],"rotation":{"angle":0,"axis":"y","origin":[-1.3,0,0]},"faces":{"north":{"uv":[0,0,16,16],"texture":"#9"},"east":{"uv":[0,0,16,16],"texture":"#9"},"south":{"uv":[0,0,16,16],"texture":"#9"},"west":{"uv":[0,0,16,16],"texture":"#9"},"up":{"uv":[0,0,16,16],"texture":"#9"},"down":{"uv":[0,0,16,16],"texture":"#9"}}},{"from":[7.525,1.175,7.925],"to":[8.1,2.075,8.575],"rotation":{"angle":0,"axis":"y","origin":[-1.3,0,0]},"faces":{"north":{"uv":[0,0,16,16],"texture":"#9"},"east":{"uv":[0,0,16,16],"texture":"#9"},"south":{"uv":[0,0,16,16],"texture":"#9"},"west":{"uv":[0,0,16,16],"texture":"#9"},"up":{"uv":[0,0,16,16],"texture":"#9"},"down":{"uv":[0,0,16,16],"texture":"#9"}}},{"from":[7.525,1.175,8.575],"to":[8.1,2.875,9.275],"rotation":{"angle":0,"axis":"y","origin":[-1.3,0,0]},"faces":{"north":{"uv":[0,0,16,16],"texture":"#9"},"east":{"uv":[0,0,16,16],"texture":"#9"},"south":{"uv":[0,0,16,16],"texture":"#9"},"west":{"uv":[0,0,16,16],"texture":"#9"},"up":{"uv":[0,0,16,16],"texture":"#9"},"down":{"uv":[0,0,16,16],"texture":"#9"}}},{"from":[7.525,2.675,7.925],"to":[8.1,2.875,8.575],"rotation":{"angle":0,"axis":"y","origin":[-1.3,0,0]},"faces":{"north":{"uv":[0,0,16,16],"texture":"#9"},"east":{"uv":[0,0,16,16],"texture":"#9"},"south":{"uv":[0,0,16,16],"texture":"#9"},"west":{"uv":[0,0,16,16],"texture":"#9"},"up":{"uv":[0,0,16,16],"texture":"#9"},"down":{"uv":[0,0,16,16],"texture":"#9"}}}],"display":{"thirdperson_righthand":{"rotation":[90,-90,0],"translation":[0.25,-1.75,0.25],"scale":[0.55,0.55,0.55]},"thirdperson_lefthand":{"rotation":[90,90,0],"translation":[0.25,-1.75,0.25],"scale":[0.55,0.55,0.55]},"firstperson_righthand":{"rotation":[0,-90,0],"translation":[1.25,9.25,0.25],"scale":[0.88,0.88,0.88]},"firstperson_lefthand":{"rotation":[0,90,0],"translation":[0.5,10.25,0.25]},"ground":{"translation":[0,6.75,0]},"gui":{"rotation":[0,118,0],"translation":[-0.25,8,0],"scale":[1.64,1.64,1.64]},"fixed":{"translation":[0,8.75,0],"scale":[1.92,1.92,1.92]}},"groups":[0,1,2,3,4,5,6,7,8,9,10,11,12,13,14,15,16,17,18,19,20,21,22,23,24,25,26,27,28,29,30,31,32,33,34,35,36,37,38,39,40,41,42,43,44,45,46,47,48,49,50,51,52,53,54,55,56,57,58,59,60,61,62,63,64,65,{"name":"Key_1","origin":[0,0,0],"color":0,"children":[66,67,68,69,70,71,72,73,74,75,76,77,78,79,80,81,82,83,84,85,86,87,88,89,90,91,92]}]}