{"credit":"Made with Blockbench","textures":{"0":"blocks/dispenser_front_vertical","2":"blocks/iron_trapdoor","3":"blocks/furnace_top","particle":"blocks/dispenser_front_vertical"},"elements":[{"from":[4,0,4],"to":[12,8,12],"faces":{"north":{"uv":[0,0,16,16],"texture":"#3"},"east":{"uv":[0,0,16,16],"texture":"#3"},"south":{"uv":[0,0,16,16],"texture":"#3"},"west":{"uv":[0,0,16,16],"texture":"#3"},"up":{"uv":[0,0,16,16],"texture":"#0"},"down":{"uv":[0,0,16,16],"texture":"#3"}}},{"from":[4,8,4],"to":[12,9.075,12],"faces":{"north":{"uv":[0,0,15.9,2],"texture":"#2"},"east":{"uv":[0,0,16,1.825],"texture":"#2"},"south":{"uv":[0,0,15.9,2],"texture":"#2"},"west":{"uv":[0,0,15.9,2],"texture":"#2"},"up":{"uv":[0,0,16,16],"texture":"#2"},"down":{"uv":[0,0,16,16],"texture":"#2"}}}],"display":{"thirdperson_righthand":{"rotation":[70,40,0],"translation":[0.5,3.25,0],"scale":[0.75,0.75,0.75]},"thirdperson_lefthand":{"rotation":[70,40,0],"translation":[0.5,3.25,0],"scale":[0.75,0.75,0.75]},"firstperson_righthand":{"rotation":[0,45,0],"translation":[1.75,1.5,-2]},"firstperson_lefthand":{"rotation":[0,45,0],"translation":[1.75,1.5,-2]},"ground":{"translation":[0,1.75,0],"scale":[0.8,0.8,0.8]},"gui":{"rotation":[15,-45,0],"translation":[0,4.25,0],"scale":[1.31,1.31,1.31]},"fixed":{"translation":[0,2.25,0]}}}