{"credit":"Made with Blockbench","texture_size":[32,32],"textures":{"0":"items/coin"},"elements":[{"from":[7,8,7],"to":[9,10,7.425],"color":3,"faces":{"north":{"uv":[1.31604,3,1.81604,3.5],"rotation":270,"texture":"#missing"},"east":{"uv":[2.75,2.25,2.85938,2.75],"texture":"#missing"},"south":{"uv":[6.95698,6.23664,8,8],"texture":"#missing"},"west":{"uv":[2.5,2.75,2.60938,3.25],"texture":"#missing"},"up":{"uv":[3.25,2.85938,2.75,2.75],"texture":"#missing"},"down":{"uv":[0.5,3,0,3.10938],"texture":"#missing"}}},{"from":[7,8,7],"to":[9,10,7.425],"faces":{"north":{"uv":[2,2,3,3],"texture":"#0"},"east":{"uv":[2,4,2.5,5],"texture":"#0"},"south":{"uv":[0,3,1,4],"texture":"#0"},"west":{"uv":[1.5,4.5,2,5.5],"texture":"#0"},"up":{"uv":[5.5,2,4.5,1.5],"texture":"#0"},"down":{"uv":[5.5,2,4.5,2.5],"texture":"#0"}}},{"from":[9,8,7],"to":[10.7,10,7.425],"faces":{"north":{"uv":[1,2,2,3],"texture":"#0"},"east":{"uv":[0,4,0.5,5],"texture":"#0"},"south":{"uv":[2,1,3,2],"texture":"#0"},"west":{"uv":[4,0,4.5,1],"texture":"#0"},"up":{"uv":[5,1.5,4,1],"texture":"#0"},"down":{"uv":[5,2.5,4,3],"texture":"#0"}}},{"from":[10,8,7],"to":[10.9,10,7.425],"faces":{"north":{"uv":[4,6,4.5,7],"texture":"#0"},"east":{"uv":[4.5,6,5,7],"texture":"#0"},"south":{"uv":[5,6,5.5,7],"texture":"#0"},"west":{"uv":[5.5,6,6,7],"texture":"#0"},"up":{"uv":[10,5.5,9.5,5],"texture":"#0"},"down":{"uv":[6,9.5,5.5,10],"texture":"#0"}}},{"from":[9.875,8,7.425],"to":[10.7,10,7.85],"faces":{"north":{"uv":[4,4.5,4.5,5.5],"texture":"#0"},"east":{"uv":[4.5,4,5,5],"texture":"#0"},"south":{"uv":[0,5,0.5,6],"texture":"#0"},"west":{"uv":[0.5,5,1,6],"texture":"#0"},"up":{"uv":[8.5,8.5,8,8],"texture":"#0"},"down":{"uv":[0.5,8.5,0,9],"texture":"#0"}}},{"from":[9.475,8,7.425],"to":[9.875,10,7.85],"faces":{"north":{"uv":[4.5,7,5,8],"texture":"#0"},"east":{"uv":[5,7,5.5,8],"texture":"#0"},"south":{"uv":[5.5,7,6,8],"texture":"#0"},"west":{"uv":[6,7,6.5,8],"texture":"#0"},"up":{"uv":[5.5,10.5,5,10],"texture":"#0"},"down":{"uv":[10.5,5,10,5.5],"texture":"#0"}}},{"from":[9.875,8,6.575],"to":[10.7,10,7],"faces":{"north":{"uv":[1,5,1.5,6],"texture":"#0"},"east":{"uv":[2,5,2.5,6],"texture":"#0"},"south":{"uv":[5,2.5,5.5,3.5],"texture":"#0"},"west":{"uv":[5,3.5,5.5,4.5],"texture":"#0"},"up":{"uv":[9,2,8.5,1.5],"texture":"#0"},"down":{"uv":[2.5,8.5,2,9],"texture":"#0"}}},{"from":[9.5,8,6.575],"to":[9.9,10,7],"faces":{"north":{"uv":[6,5.5,6.5,6.5],"texture":"#0"},"east":{"uv":[0,6.5,0.5,7.5],"texture":"#0"},"south":{"uv":[6.5,0,7,1],"texture":"#0"},"west":{"uv":[0.5,6.5,1,7.5],"texture":"#0"},"up":{"uv":[2.5,10.5,2,10],"texture":"#0"},"down":{"uv":[10.5,2,10,2.5],"texture":"#0"}}},{"from":[9,10,7],"to":[10,11,7.425],"faces":{"north":{"uv":[6,4.5,6.5,5],"texture":"#0"},"east":{"uv":[1.5,7.5,2,8],"texture":"#0"},"south":{"uv":[7.5,2,8,2.5],"texture":"#0"},"west":{"uv":[2.5,7.5,3,8],"texture":"#0"},"up":{"uv":[8,3,7.5,2.5],"texture":"#0"},"down":{"uv":[4,7.5,3.5,8],"texture":"#0"}}},{"from":[9.15,10.15,7],"to":[10.15,11.15,7.425],"faces":{"north":{"uv":[9.5,7,10,7.5],"texture":"#0"},"east":{"uv":[7.5,9.5,8,10],"texture":"#0"},"south":{"uv":[9.5,7.5,10,8],"texture":"#0"},"west":{"uv":[8,9.5,8.5,10],"texture":"#0"},"up":{"uv":[10,8.5,9.5,8],"texture":"#0"},"down":{"uv":[9,9.5,8.5,10],"texture":"#0"}}},{"from":[9,10,7.425],"to":[10,11,7.85],"faces":{"north":{"uv":[8.5,0,9,0.5],"texture":"#0"},"east":{"uv":[0.5,8.5,1,9],"texture":"#0"},"south":{"uv":[8.5,0.5,9,1],"texture":"#0"},"west":{"uv":[1,8.5,1.5,9],"texture":"#0"},"up":{"uv":[9,1.5,8.5,1],"texture":"#0"},"down":{"uv":[2,8.5,1.5,9],"texture":"#0"}}},{"from":[9,10,6.575],"to":[10,11,7],"faces":{"north":{"uv":[8.5,2,9,2.5],"texture":"#0"},"east":{"uv":[2.5,8.5,3,9],"texture":"#0"},"south":{"uv":[8.5,2.5,9,3],"texture":"#0"},"west":{"uv":[3,8.5,3.5,9],"texture":"#0"},"up":{"uv":[9,3.5,8.5,3],"texture":"#0"},"down":{"uv":[4,8.5,3.5,9],"texture":"#0"}}},{"from":[9,11,6.575],"to":[9.625,11.525,7.85],"faces":{"north":{"uv":[1,9,1.5,9.5],"texture":"#0"},"east":{"uv":[9,1,9.5,1.5],"texture":"#0"},"south":{"uv":[1.5,9,2,9.5],"texture":"#0"},"west":{"uv":[9,1.5,9.5,2],"texture":"#0"},"up":{"uv":[2.5,9.5,2,9],"texture":"#0"},"down":{"uv":[9.5,2,9,2.5],"texture":"#0"}}},{"from":[9,7,7],"to":[10,8,7.425],"faces":{"north":{"uv":[4,7.5,4.5,8],"texture":"#0"},"east":{"uv":[7.5,5,8,5.5],"texture":"#0"},"south":{"uv":[7.5,5.5,8,6],"texture":"#0"},"west":{"uv":[7.5,6,8,6.5],"texture":"#0"},"up":{"uv":[7,8,6.5,7.5],"texture":"#0"},"down":{"uv":[7.5,7.5,7,8],"texture":"#0"}}},{"from":[9.15,6.85,7],"to":[10.15,7.85,7.425],"faces":{"north":{"uv":[9.5,8.5,10,9],"texture":"#0"},"east":{"uv":[9,9.5,9.5,10],"texture":"#0"},"south":{"uv":[9.5,9,10,9.5],"texture":"#0"},"west":{"uv":[9.5,9.5,10,10],"texture":"#0"},"up":{"uv":[0.5,10.5,0,10],"texture":"#0"},"down":{"uv":[10.5,0,10,0.5],"texture":"#0"}}},{"from":[9,7,7.425],"to":[10,8,7.85],"faces":{"north":{"uv":[6.5,8,7,8.5],"texture":"#0"},"east":{"uv":[8,6.5,8.5,7],"texture":"#0"},"south":{"uv":[7,8,7.5,8.5],"texture":"#0"},"west":{"uv":[8,7,8.5,7.5],"texture":"#0"},"up":{"uv":[8,8.5,7.5,8],"texture":"#0"},"down":{"uv":[8.5,7.5,8,8],"texture":"#0"}}},{"from":[9,7,6.575],"to":[10,8,7],"faces":{"north":{"uv":[8.5,6,9,6.5],"texture":"#0"},"east":{"uv":[6.5,8.5,7,9],"texture":"#0"},"south":{"uv":[8.5,6.5,9,7],"texture":"#0"},"west":{"uv":[7,8.5,7.5,9],"texture":"#0"},"up":{"uv":[9,7.5,8.5,7],"texture":"#0"},"down":{"uv":[8,8.5,7.5,9],"texture":"#0"}}},{"from":[10,7.45,6.575],"to":[10.55,8,7.85],"faces":{"north":{"uv":[7,9,7.5,9.5],"texture":"#0"},"east":{"uv":[9,7,9.5,7.5],"texture":"#0"},"south":{"uv":[7.5,9,8,9.5],"texture":"#0"},"west":{"uv":[9,7.5,9.5,8],"texture":"#0"},"up":{"uv":[8.5,9.5,8,9],"texture":"#0"},"down":{"uv":[9.5,8,9,8.5],"texture":"#0"}}},{"from":[9,6.475,6.575],"to":[9.625,7,7.85],"faces":{"north":{"uv":[5.5,9,6,9.5],"texture":"#0"},"east":{"uv":[9,5.5,9.5,6],"texture":"#0"},"south":{"uv":[6,9,6.5,9.5],"texture":"#0"},"west":{"uv":[9,6,9.5,6.5],"texture":"#0"},"up":{"uv":[7,9.5,6.5,9],"texture":"#0"},"down":{"uv":[9.5,6.5,9,7],"texture":"#0"}}},{"from":[6,7,7],"to":[7,8,7.425],"faces":{"north":{"uv":[7.5,7,8,7.5],"texture":"#0"},"east":{"uv":[7.5,7.5,8,8],"texture":"#0"},"south":{"uv":[0,8,0.5,8.5],"texture":"#0"},"west":{"uv":[8,0,8.5,0.5],"texture":"#0"},"up":{"uv":[1,8.5,0.5,8],"texture":"#0"},"down":{"uv":[8.5,0.5,8,1],"texture":"#0"}}},{"from":[5.85,6.85,7],"to":[6.85,7.85,7.425],"faces":{"north":{"uv":[0.5,10,1,10.5],"texture":"#0"},"east":{"uv":[10,0.5,10.5,1],"texture":"#0"},"south":{"uv":[1,10,1.5,10.5],"texture":"#0"},"west":{"uv":[10,1,10.5,1.5],"texture":"#0"},"up":{"uv":[2,10.5,1.5,10],"texture":"#0"},"down":{"uv":[10.5,1.5,10,2],"texture":"#0"}}},{"from":[6,7,7.425],"to":[7,8,7.85],"faces":{"north":{"uv":[5,8,5.5,8.5],"texture":"#0"},"east":{"uv":[8,5,8.5,5.5],"texture":"#0"},"south":{"uv":[5.5,8,6,8.5],"texture":"#0"},"west":{"uv":[8,5.5,8.5,6],"texture":"#0"},"up":{"uv":[6.5,8.5,6,8],"texture":"#0"},"down":{"uv":[8.5,6,8,6.5],"texture":"#0"}}},{"from":[6,7,6.575],"to":[7,8,7],"faces":{"north":{"uv":[8.5,8,9,8.5],"texture":"#0"},"east":{"uv":[8.5,8.5,9,9],"texture":"#0"},"south":{"uv":[0,9,0.5,9.5],"texture":"#0"},"west":{"uv":[9,0,9.5,0.5],"texture":"#0"},"up":{"uv":[1,9.5,0.5,9],"texture":"#0"},"down":{"uv":[9.5,0.5,9,1],"texture":"#0"}}},{"from":[5.45,7.45,6.575],"to":[6,8,7.85],"faces":{"north":{"uv":[8.5,9,9,9.5],"texture":"#0"},"east":{"uv":[9,8.5,9.5,9],"texture":"#0"},"south":{"uv":[9,9,9.5,9.5],"texture":"#0"},"west":{"uv":[0,9.5,0.5,10],"texture":"#0"},"up":{"uv":[10,0.5,9.5,0],"texture":"#0"},"down":{"uv":[1,9.5,0.5,10],"texture":"#0"}}},{"from":[6.375,6.475,6.575],"to":[7,7,7.85],"faces":{"north":{"uv":[4,9,4.5,9.5],"texture":"#0"},"east":{"uv":[9,4,9.5,4.5],"texture":"#0"},"south":{"uv":[4.5,9,5,9.5],"texture":"#0"},"west":{"uv":[9,4.5,9.5,5],"texture":"#0"},"up":{"uv":[5.5,9.5,5,9],"texture":"#0"},"down":{"uv":[9.5,5,9,5.5],"texture":"#0"}}},{"from":[6,10,7],"to":[7,11,7.425],"faces":{"north":{"uv":[1,8,1.5,8.5],"texture":"#0"},"east":{"uv":[8,1,8.5,1.5],"texture":"#0"},"south":{"uv":[1.5,8,2,8.5],"texture":"#0"},"west":{"uv":[8,1.5,8.5,2],"texture":"#0"},"up":{"uv":[2.5,8.5,2,8],"texture":"#0"},"down":{"uv":[8.5,2,8,2.5],"texture":"#0"}}},{"from":[5.85,10.15,7],"to":[6.85,11.15,7.425],"faces":{"north":{"uv":[9.5,5.5,10,6],"texture":"#0"},"east":{"uv":[6,9.5,6.5,10],"texture":"#0"},"south":{"uv":[9.5,6,10,6.5],"texture":"#0"},"west":{"uv":[6.5,9.5,7,10],"texture":"#0"},"up":{"uv":[10,7,9.5,6.5],"texture":"#0"},"down":{"uv":[7.5,9.5,7,10],"texture":"#0"}}},{"from":[6,10,7.425],"to":[7,11,7.85],"faces":{"north":{"uv":[3,8,3.5,8.5],"texture":"#0"},"east":{"uv":[8,3,8.5,3.5],"texture":"#0"},"south":{"uv":[3.5,8,4,8.5],"texture":"#0"},"west":{"uv":[8,3.5,8.5,4],"texture":"#0"},"up":{"uv":[4.5,8.5,4,8],"texture":"#0"},"down":{"uv":[8.5,4,8,4.5],"texture":"#0"}}},{"from":[6,10,6.575],"to":[7,11,7],"faces":{"north":{"uv":[8.5,4,9,4.5],"texture":"#0"},"east":{"uv":[4.5,8.5,5,9],"texture":"#0"},"south":{"uv":[8.5,4.5,9,5],"texture":"#0"},"west":{"uv":[5,8.5,5.5,9],"texture":"#0"},"up":{"uv":[9,5.5,8.5,5],"texture":"#0"},"down":{"uv":[6,8.5,5.5,9],"texture":"#0"}}},{"from":[10,10,6.575],"to":[10.55,10.55,7.85],"faces":{"north":{"uv":[9.5,2,10,2.5],"texture":"#0"},"east":{"uv":[2.5,9.5,3,10],"texture":"#0"},"south":{"uv":[9.5,2.5,10,3],"texture":"#0"},"west":{"uv":[3,9.5,3.5,10],"texture":"#0"},"up":{"uv":[10,3.5,9.5,3],"texture":"#0"},"down":{"uv":[4,9.5,3.5,10],"texture":"#0"}}},{"from":[5.375,10,6.575],"to":[6,10.625,7.85],"faces":{"north":{"uv":[9.5,0.5,10,1],"texture":"#0"},"east":{"uv":[1,9.5,1.5,10],"texture":"#0"},"south":{"uv":[9.5,1,10,1.5],"texture":"#0"},"west":{"uv":[1.5,9.5,2,10],"texture":"#0"},"up":{"uv":[10,2,9.5,1.5],"texture":"#0"},"down":{"uv":[2.5,9.5,2,10],"texture":"#0"}}},{"from":[6.375,11,6.575],"to":[7,11.525,7.85],"faces":{"north":{"uv":[2.5,9,3,9.5],"texture":"#0"},"east":{"uv":[9,2.5,9.5,3],"texture":"#0"},"south":{"uv":[3,9,3.5,9.5],"texture":"#0"},"west":{"uv":[9,3,9.5,3.5],"texture":"#0"},"up":{"uv":[4,9.5,3.5,9],"texture":"#0"},"down":{"uv":[9.5,3.5,9,4],"texture":"#0"}}},{"from":[5.3,8,7],"to":[7,10,7.425],"faces":{"north":{"uv":[0,2,1,3],"texture":"#0"},"east":{"uv":[2.5,3.5,3,4.5],"texture":"#0"},"south":{"uv":[2,0,3,1],"texture":"#0"},"west":{"uv":[3,3.5,3.5,4.5],"texture":"#0"},"up":{"uv":[4.5,3.5,3.5,3],"texture":"#0"},"down":{"uv":[4.5,3.5,3.5,4],"texture":"#0"}}},{"from":[5.1,8,6.75],"to":[6,10,7.675],"faces":{"north":{"uv":[1,6,1.5,7],"texture":"#0"},"east":{"uv":[2,6,2.5,7],"texture":"#0"},"south":{"uv":[3,6,3.5,7],"texture":"#0"},"west":{"uv":[3.5,6,4,7],"texture":"#0"},"up":{"uv":[10,5,9.5,4.5],"texture":"#0"},"down":{"uv":[5.5,9.5,5,10],"texture":"#0"}}},{"from":[5.3,8,7.425],"to":[6.125,10,7.85],"faces":{"north":{"uv":[2.5,4.5,3,5.5],"texture":"#0"},"east":{"uv":[3,4.5,3.5,5.5],"texture":"#0"},"south":{"uv":[4.5,3,5,4],"texture":"#0"},"west":{"uv":[3.5,4.5,4,5.5],"texture":"#0"},"up":{"uv":[5,8.5,4.5,8],"texture":"#0"},"down":{"uv":[8.5,4.5,8,5],"texture":"#0"}}},{"from":[6.125,8,7.425],"to":[6.525,10,7.85],"faces":{"north":{"uv":[1,7,1.5,8],"texture":"#0"},"east":{"uv":[2,7,2.5,8],"texture":"#0"},"south":{"uv":[7,2,7.5,3],"texture":"#0"},"west":{"uv":[3,7,3.5,8],"texture":"#0"},"up":{"uv":[4.5,10.5,4,10],"texture":"#0"},"down":{"uv":[10.5,4,10,4.5],"texture":"#0"}}},{"from":[5.3,8,6.575],"to":[6.125,10,7],"faces":{"north":{"uv":[1.5,5.5,2,6.5],"texture":"#0"},"east":{"uv":[5.5,1.5,6,2.5],"texture":"#0"},"south":{"uv":[2.5,5.5,3,6.5],"texture":"#0"},"west":{"uv":[5.5,2.5,6,3.5],"texture":"#0"},"up":{"uv":[9,6,8.5,5.5],"texture":"#0"},"down":{"uv":[6.5,8.5,6,9],"texture":"#0"}}},{"from":[6.125,8,6.575],"to":[6.525,10,7],"faces":{"north":{"uv":[1.5,6.5,2,7.5],"texture":"#0"},"east":{"uv":[2.5,6.5,3,7.5],"texture":"#0"},"south":{"uv":[6.5,3,7,4],"texture":"#0"},"west":{"uv":[6.5,4,7,5],"texture":"#0"},"up":{"uv":[3,10.5,2.5,10],"texture":"#0"},"down":{"uv":[10.5,2.5,10,3],"texture":"#0"}}},{"from":[7,6.3,7],"to":[9,8,7.425],"faces":{"north":{"uv":[1,0,2,1],"texture":"#0"},"east":{"uv":[1,3.5,1.5,4.5],"texture":"#0"},"south":{"uv":[1,1,2,2],"texture":"#0"},"west":{"uv":[1.5,3.5,2,4.5],"texture":"#0"},"up":{"uv":[4.5,2,3.5,1.5],"texture":"#0"},"down":{"uv":[4.5,2,3.5,2.5],"texture":"#0"}}},{"from":[7.025,6.1,6.725],"to":[8.975,7,7.675],"faces":{"north":{"uv":[6,1,7,1.5],"texture":"#0"},"east":{"uv":[9.5,4,10,4.5],"texture":"#0"},"south":{"uv":[6,1.5,7,2],"texture":"#0"},"west":{"uv":[4.5,9.5,5,10],"texture":"#0"},"up":{"uv":[7,2.5,6,2],"texture":"#0"},"down":{"uv":[7,2.5,6,3],"texture":"#0"}}},{"from":[7,6.3,7.425],"to":[9,7.125,7.85],"faces":{"north":{"uv":[3.5,4,4.5,4.5],"texture":"#0"},"east":{"uv":[2.5,8,3,8.5],"texture":"#0"},"south":{"uv":[4.5,0,5.5,0.5],"texture":"#0"},"west":{"uv":[8,2.5,8.5,3],"texture":"#0"},"up":{"uv":[1.5,5,0.5,4.5],"texture":"#0"},"down":{"uv":[5.5,0.5,4.5,1],"texture":"#0"}}},{"from":[7,7.125,7.425],"to":[9,7.525,7.85],"faces":{"north":{"uv":[7,4.5,8,5],"texture":"#0"},"east":{"uv":[5.5,10,6,10.5],"texture":"#0"},"south":{"uv":[6.5,7,7.5,7.5],"texture":"#0"},"west":{"uv":[10,5.5,10.5,6],"texture":"#0"},"up":{"uv":[8,7,7,6.5],"texture":"#0"},"down":{"uv":[1,7.5,0,8],"texture":"#0"}}},{"from":[7,6.3,6.575],"to":[9,7.125,7],"faces":{"north":{"uv":[5.5,0.5,6.5,1],"texture":"#0"},"east":{"uv":[8.5,7.5,9,8],"texture":"#0"},"south":{"uv":[3,5.5,4,6],"texture":"#0"},"west":{"uv":[8,8.5,8.5,9],"texture":"#0"},"up":{"uv":[6.5,4,5.5,3.5],"texture":"#0"},"down":{"uv":[5,5.5,4,6],"texture":"#0"}}},{"from":[7,7.125,6.575],"to":[9,7.525,7],"faces":{"north":{"uv":[7,0,8,0.5],"texture":"#0"},"east":{"uv":[3.5,10,4,10.5],"texture":"#0"},"south":{"uv":[7,0.5,8,1],"texture":"#0"},"west":{"uv":[10,3.5,10.5,4],"texture":"#0"},"up":{"uv":[8,1.5,7,1],"texture":"#0"},"down":{"uv":[8,1.5,7,2],"texture":"#0"}}},{"from":[7,10,7],"to":[9,11.7,7.425],"faces":{"north":{"uv":[0,0,1,1],"texture":"#0"},"east":{"uv":[3,1.5,3.5,2.5],"texture":"#0"},"south":{"uv":[0,1,1,2],"texture":"#0"},"west":{"uv":[2,3,2.5,4],"texture":"#0"},"up":{"uv":[3.5,3.5,2.5,3],"texture":"#0"},"down":{"uv":[4,2.5,3,3],"texture":"#0"}}},{"from":[7.025,11,6.75],"to":[8.975,11.9,7.675],"faces":{"north":{"uv":[5.5,4,6.5,4.5],"texture":"#0"},"east":{"uv":[9.5,3.5,10,4],"texture":"#0"},"south":{"uv":[5,5.5,6,6],"texture":"#0"},"west":{"uv":[4,9.5,4.5,10],"texture":"#0"},"up":{"uv":[6.5,5.5,5.5,5],"texture":"#0"},"down":{"uv":[1,6,0,6.5],"texture":"#0"}}},{"from":[7,10.875,7.425],"to":[9,11.7,7.85],"faces":{"north":{"uv":[3,0,4,0.5],"texture":"#0"},"east":{"uv":[0.5,4,1,4.5],"texture":"#0"},"south":{"uv":[3,0.5,4,1],"texture":"#0"},"west":{"uv":[6,3,6.5,3.5],"texture":"#0"},"up":{"uv":[2,3.5,1,3],"texture":"#0"},"down":{"uv":[4,1,3,1.5],"texture":"#0"}}},{"from":[7,10.475,7.425],"to":[9,10.875,7.85],"faces":{"north":{"uv":[7,3,8,3.5],"texture":"#0"},"east":{"uv":[4.5,10,5,10.5],"texture":"#0"},"south":{"uv":[3.5,7,4.5,7.5],"texture":"#0"},"west":{"uv":[10,4.5,10.5,5],"texture":"#0"},"up":{"uv":[8,4,7,3.5],"texture":"#0"},"down":{"uv":[8,4,7,4.5],"texture":"#0"}}},{"from":[7,10.875,6.575],"to":[9,11.7,7],"faces":{"north":{"uv":[5,1,6,1.5],"texture":"#0"},"east":{"uv":[8.5,3.5,9,4],"texture":"#0"},"south":{"uv":[4.5,5,5.5,5.5],"texture":"#0"},"west":{"uv":[4,8.5,4.5,9],"texture":"#0"},"up":{"uv":[6,5,5,4.5],"texture":"#0"},"down":{"uv":[6.5,0,5.5,0.5],"texture":"#0"}}},{"from":[7,10.475,6.575],"to":[9,10.875,7],"faces":{"north":{"uv":[6.5,5,7.5,5.5],"texture":"#0"},"east":{"uv":[3,10,3.5,10.5],"texture":"#0"},"south":{"uv":[6.5,5.5,7.5,6],"texture":"#0"},"west":{"uv":[10,3,10.5,3.5],"texture":"#0"},"up":{"uv":[7,7,6,6.5],"texture":"#0"},"down":{"uv":[7.5,6,6.5,6.5],"texture":"#0"}}}],"gui_light":"front","display":{"thirdperson_righthand":{"rotation":[-86,-94,-123],"translation":[-0.5,-0.25,-0.8805]},"thirdperson_lefthand":{"rotation":[89,80,-46],"translation":[0.75,-0.25,-1.1305]},"firstperson_righthand":{"rotation":[74,-91,0],"translation":[5.3369,0.75,-7.5],"scale":[1.66,1.66,1.66]},"firstperson_lefthand":{"rotation":[-103,-91,-14],"translation":[3.75,3,-3],"scale":[1.65,1.65,1.65]},"ground":{"rotation":[90,0,-180],"translation":[-0.25,-1.75,1.5],"scale":[1.5,1.5,1.5]},"gui":{"translation":[0,-2,0],"scale":[2,2,2]},"head":{"rotation":[89,0,0],"translation":[-0.25,4.5,-3.25],"scale":[4,4,4]},"fixed":{"translation":[0,-2,0],"scale":[2,2,3]}}}