{"credit":"Made with Blockbench","textures":{"0":"guns/1-metal-dark","1":"guns/black","2":"guns/1-metal-mixed","3":"guns/gravel-tiny","particle":"guns/1-metal-dark"},"elements":[{"from":[8.075,1.7,8],"to":[11.325,3.95,8.625],"rotation":{"angle":0,"axis":"y","origin":[0,-3.125,0]},"faces":{"north":{"uv":[3.95,1,15.9,0.075],"texture":"#3"},"east":{"uv":[0,0,0.125,0.45],"texture":"#3"},"south":{"uv":[2.375,0,12.225,0.4],"texture":"#3"},"west":{"uv":[0,0,0.125,0.45],"texture":"#3"},"up":{"uv":[0,0,0.65,0.125],"texture":"#3"},"down":{"uv":[0,0,0.65,0.125],"texture":"#3"}}},{"from":[11.325,0.95,8.05],"to":[11.775,4.7,8.5],"rotation":{"angle":0,"axis":"y","origin":[0,-3.125,0]},"faces":{"north":{"uv":[0,0,0.075,0.6],"texture":"#1"},"east":{"uv":[0,0,0.075,0.6],"texture":"#1"},"south":{"uv":[0,0,2.075,0.6],"texture":"#1"},"west":{"uv":[0,0,0.075,0.6],"texture":"#1"},"up":{"uv":[0,0,0.075,0.075],"texture":"#1"},"down":{"uv":[0,0,0.075,0.075],"texture":"#1"}}},{"from":[7.625,0.95,8.05],"to":[8.075,4.7,8.5],"rotation":{"angle":0,"axis":"y","origin":[0,-3.125,0]},"faces":{"north":{"uv":[0,0,0.075,0.6],"texture":"#1"},"east":{"uv":[0,0,0.075,0.6],"texture":"#1"},"south":{"uv":[0,0,2.075,0.6],"texture":"#1"},"west":{"uv":[0,0,0.075,0.6],"texture":"#1"},"up":{"uv":[0,0,0.075,0.075],"texture":"#1"},"down":{"uv":[0,0,0.075,0.075],"texture":"#1"}}},{"from":[11.775,1.125,8.05],"to":[12.15,4.475,8.425],"rotation":{"angle":0,"axis":"y","origin":[0,-3.125,0]},"faces":{"north":{"uv":[0,0,0.075,0.675],"texture":"#1"},"east":{"uv":[0,0,0.075,0.675],"texture":"#1"},"south":{"uv":[0,0,2.075,0.675],"texture":"#1"},"west":{"uv":[0,0,0.075,0.675],"texture":"#1"},"up":{"uv":[0,0,0.075,0.075],"texture":"#1"},"down":{"uv":[0,0,0.075,0.075],"texture":"#1"}}},{"from":[7.25,1.125,8.05],"to":[7.625,4.475,8.425],"rotation":{"angle":0,"axis":"y","origin":[0,-3.125,0]},"faces":{"north":{"uv":[0,0,0.075,0.675],"texture":"#1"},"east":{"uv":[0,0,0.075,0.675],"texture":"#1"},"south":{"uv":[0,0,2.075,0.675],"texture":"#1"},"west":{"uv":[0,0,0.075,0.675],"texture":"#1"},"up":{"uv":[0,0,0.075,0.075],"texture":"#1"},"down":{"uv":[0,0,0.075,0.075],"texture":"#1"}}},{"from":[12.15,1.275,8.05],"to":[12.275,4.375,8.425],"rotation":{"angle":0,"axis":"y","origin":[0,-3.125,0]},"faces":{"north":{"uv":[0,0,0.025,0.625],"texture":"#1"},"east":{"uv":[0,0,0.075,0.625],"texture":"#1"},"south":{"uv":[0,0,2.025,0.625],"texture":"#1"},"west":{"uv":[0,0,0.075,0.625],"texture":"#1"},"up":{"uv":[0,0,0.025,0.075],"texture":"#1"},"down":{"uv":[0,0,0.025,0.075],"texture":"#1"}}},{"from":[7.125,1.275,8.05],"to":[7.25,4.375,8.425],"rotation":{"angle":0,"axis":"y","origin":[0,-3.125,0]},"faces":{"north":{"uv":[0,0,0.025,0.625],"texture":"#1"},"east":{"uv":[0,0,0.075,0.625],"texture":"#1"},"south":{"uv":[0,0,2.025,0.625],"texture":"#1"},"west":{"uv":[0,0,0.075,0.625],"texture":"#1"},"up":{"uv":[0,0,0.025,0.075],"texture":"#1"},"down":{"uv":[0,0,0.025,0.075],"texture":"#1"}}},{"from":[11.2,3.95,8.05],"to":[11.325,4.075,8.425],"rotation":{"angle":0,"axis":"y","origin":[0,-3.125,0]},"faces":{"north":{"uv":[0,0,0.025,0.025],"texture":"#1"},"east":{"uv":[0,0,0.075,0.025],"texture":"#1"},"south":{"uv":[0,0,2.025,0.025],"texture":"#1"},"west":{"uv":[0,0,0.075,0.025],"texture":"#1"},"up":{"uv":[0,0,0.025,0.075],"texture":"#1"},"down":{"uv":[0,0,0.025,0.075],"texture":"#1"}}},{"from":[8.075,3.95,8.05],"to":[8.2,4.075,8.425],"rotation":{"angle":0,"axis":"y","origin":[0,-3.125,0]},"faces":{"north":{"uv":[0,0,0.025,0.025],"texture":"#1"},"east":{"uv":[0,0,0.075,0.025],"texture":"#1"},"south":{"uv":[0,0,2.025,0.025],"texture":"#1"},"west":{"uv":[0,0,0.075,0.025],"texture":"#1"},"up":{"uv":[0,0,0.025,0.075],"texture":"#1"},"down":{"uv":[0,0,0.025,0.075],"texture":"#1"}}},{"from":[11.2,1.575,8.05],"to":[11.325,1.7,8.425],"rotation":{"angle":0,"axis":"y","origin":[0,-3.125,0]},"faces":{"north":{"uv":[0,0,0.025,0.025],"texture":"#1"},"east":{"uv":[0,0,0.075,0.025],"texture":"#1"},"south":{"uv":[0,0,2.025,0.025],"texture":"#1"},"west":{"uv":[0,0,0.075,0.025],"texture":"#1"},"up":{"uv":[0,0,0.025,0.075],"texture":"#1"},"down":{"uv":[0,0,0.025,0.075],"texture":"#1"}}},{"from":[8.075,1.575,8.05],"to":[8.2,1.7,8.425],"rotation":{"angle":0,"axis":"y","origin":[0,-3.125,0]},"faces":{"north":{"uv":[0,0,0.025,0.025],"texture":"#1"},"east":{"uv":[0,0,0.075,0.025],"texture":"#1"},"south":{"uv":[0,0,2.025,0.025],"texture":"#1"},"west":{"uv":[0,0,0.075,0.025],"texture":"#1"},"up":{"uv":[0,0,0.025,0.075],"texture":"#1"},"down":{"uv":[0,0,0.025,0.075],"texture":"#1"}}},{"from":[8.075,4.075,8.05],"to":[11.325,4.825,8.425],"rotation":{"angle":0,"axis":"y","origin":[0,-3.125,0]},"faces":{"north":{"uv":[0,0,0.65,0.15],"texture":"#1"},"east":{"uv":[0,0,0.075,0.15],"texture":"#1"},"south":{"uv":[2.375,0,12.225,0.125],"texture":"#1"},"west":{"uv":[0,0,0.075,0.15],"texture":"#1"},"up":{"uv":[0,0,0.65,0.075],"texture":"#1"},"down":{"uv":[0,0,0.65,0.075],"texture":"#1"}}},{"from":[8.075,0.825,8.05],"to":[11.325,1.575,8.425],"rotation":{"angle":0,"axis":"y","origin":[0,-3.125,0]},"faces":{"north":{"uv":[0,0,0.65,0.15],"texture":"#1"},"east":{"uv":[0,0,0.075,0.15],"texture":"#1"},"south":{"uv":[0,0,2.65,0.15],"texture":"#1"},"west":{"uv":[0,0,0.075,0.15],"texture":"#1"},"up":{"uv":[0,0,0.65,0.075],"texture":"#1"},"down":{"uv":[0,0,0.65,0.075],"texture":"#1"}}},{"from":[9.575,5.2,8.175],"to":[9.8,5.45,8.55],"rotation":{"angle":0,"axis":"y","origin":[0,-3.125,0]},"faces":{"north":{"uv":[0,0,0.65,0.075],"texture":"#0"},"east":{"uv":[0,0,0.125,0.075],"texture":"#0"},"south":{"uv":[0,0,2.65,0.075],"texture":"#0"},"west":{"uv":[0,0,0.125,0.075],"texture":"#0"},"up":{"uv":[0,0,0.65,0.125],"texture":"#0"},"down":{"uv":[0,0,0.65,0.125],"texture":"#0"}}},{"from":[9.45,5.45,8.05],"to":[9.925,5.825,8.675],"rotation":{"angle":0,"axis":"y","origin":[0,-3.125,0]},"faces":{"north":{"uv":[0,0,0.65,0.075],"texture":"#0"},"east":{"uv":[0,0,0.125,0.075],"texture":"#0"},"south":{"uv":[0,0,2.65,0.075],"texture":"#0"},"west":{"uv":[0,0,0.125,0.075],"texture":"#0"},"up":{"uv":[0,0,0.65,0.125],"texture":"#0"},"down":{"uv":[0,0,0.65,0.125],"texture":"#0"}}},{"from":[7.65,9,8.05],"to":[8.125,9.375,8.675],"rotation":{"angle":-22.5,"axis":"z","origin":[0,-3.125,0]},"faces":{"north":{"uv":[0,0,0.65,0.075],"texture":"#0"},"east":{"uv":[0,0,0.125,0.075],"texture":"#0"},"south":{"uv":[0,0,2.65,0.075],"texture":"#0"},"west":{"uv":[0,0,0.125,0.075],"texture":"#0"},"up":{"uv":[0,0,0.65,0.125],"texture":"#0"},"down":{"uv":[0,0,0.65,0.125],"texture":"#0"}}},{"from":[7.775,8.75,8.175],"to":[8,9,8.55],"rotation":{"angle":-22.5,"axis":"z","origin":[0,-3.125,0]},"faces":{"north":{"uv":[0,0,0.65,0.075],"texture":"#0"},"east":{"uv":[0,0,0.125,0.075],"texture":"#0"},"south":{"uv":[0,0,2.65,0.075],"texture":"#0"},"west":{"uv":[0,0,0.125,0.075],"texture":"#0"},"up":{"uv":[0,0,0.65,0.125],"texture":"#0"},"down":{"uv":[0,0,0.65,0.125],"texture":"#0"}}},{"from":[9.925,1.325,8.175],"to":[10.15,1.575,8.55],"rotation":{"angle":22.5,"axis":"z","origin":[0,-3.125,0]},"faces":{"north":{"uv":[0,0,0.65,0.075],"texture":"#0"},"east":{"uv":[0,0,0.125,0.075],"texture":"#0"},"south":{"uv":[0,0,2.65,0.075],"texture":"#0"},"west":{"uv":[0,0,0.125,0.075],"texture":"#0"},"up":{"uv":[0,0,0.65,0.125],"texture":"#0"},"down":{"uv":[0,0,0.65,0.125],"texture":"#0"}}},{"from":[9.8,1.575,8.05],"to":[10.275,1.95,8.675],"rotation":{"angle":22.5,"axis":"z","origin":[0,-3.125,0]},"faces":{"north":{"uv":[0,0,0.65,0.075],"texture":"#0"},"east":{"uv":[0,0,0.125,0.075],"texture":"#0"},"south":{"uv":[0,0,2.65,0.075],"texture":"#0"},"west":{"uv":[0,0,0.125,0.075],"texture":"#0"},"up":{"uv":[0,0,0.65,0.125],"texture":"#0"},"down":{"uv":[0,0,0.65,0.125],"texture":"#0"}}},{"from":[11.325,0.575,8.05],"to":[11.775,0.95,8.675],"rotation":{"angle":0,"axis":"y","origin":[0,-3.125,0]},"faces":{"north":{"uv":[0,0,0.075,0.075],"texture":"#2"},"east":{"uv":[0,0,0.125,0.075],"texture":"#2"},"south":{"uv":[0,0,2.075,0.075],"texture":"#2"},"west":{"uv":[0,0,0.125,0.075],"texture":"#2"},"up":{"uv":[0,0,0.075,0.125],"texture":"#2"},"down":{"uv":[0,0,0.075,0.125],"texture":"#2"}}},{"from":[11.325,0.575,8],"to":[11.775,5.025,8.05],"rotation":{"angle":0,"axis":"y","origin":[0,-3.125,0]},"faces":{"north":{"uv":[0,0,0.075,0.075],"texture":"#2"},"east":{"uv":[0,0,0.125,0.075],"texture":"#2"},"south":{"uv":[0,0,2.075,0.075],"texture":"#2"},"west":{"uv":[0,0,0.125,0.075],"texture":"#2"},"up":{"uv":[0,0,0.075,0.125],"texture":"#2"},"down":{"uv":[0,0,0.075,0.125],"texture":"#2"}}},{"from":[7.6,0.575,8],"to":[8.05,5.025,8.05],"rotation":{"angle":0,"axis":"y","origin":[0,-3.125,0]},"faces":{"north":{"uv":[0,0,0.075,0.075],"texture":"#2"},"east":{"uv":[0,0,0.125,0.075],"texture":"#2"},"south":{"uv":[0,0,2.075,0.075],"texture":"#2"},"west":{"uv":[0,0,0.125,0.075],"texture":"#2"},"up":{"uv":[0,0,0.075,0.125],"texture":"#2"},"down":{"uv":[0,0,0.075,0.125],"texture":"#2"}}},{"from":[11.325,4.7,8.05],"to":[11.775,5.075,8.675],"rotation":{"angle":0,"axis":"y","origin":[0,-3.125,0]},"faces":{"north":{"uv":[0,0,0.075,0.075],"texture":"#2"},"east":{"uv":[0,0,0.125,0.075],"texture":"#2"},"south":{"uv":[0,0,2.075,0.075],"texture":"#2"},"west":{"uv":[0,0,0.125,0.075],"texture":"#2"},"up":{"uv":[0,0,0.075,0.125],"texture":"#2"},"down":{"uv":[0,0,0.075,0.125],"texture":"#2"}}},{"from":[7.625,4.7,8.05],"to":[8.05,5.075,8.675],"rotation":{"angle":0,"axis":"y","origin":[0,-3.125,0]},"faces":{"north":{"uv":[0,0,0.075,0.075],"texture":"#2"},"east":{"uv":[0,0,0.125,0.075],"texture":"#2"},"south":{"uv":[0,0,2.075,0.075],"texture":"#2"},"west":{"uv":[0,0,0.125,0.075],"texture":"#2"},"up":{"uv":[0,0,0.075,0.125],"texture":"#2"},"down":{"uv":[0,0,0.075,0.125],"texture":"#2"}}},{"from":[7.625,0.575,8.05],"to":[8.075,0.95,8.675],"rotation":{"angle":0,"axis":"y","origin":[0,-3.125,0]},"faces":{"north":{"uv":[0,0,0.075,0.075],"texture":"#2"},"east":{"uv":[0,0,0.125,0.075],"texture":"#2"},"south":{"uv":[0,0,2.075,0.075],"texture":"#2"},"west":{"uv":[0,0,0.125,0.075],"texture":"#2"},"up":{"uv":[0,0,0.075,0.125],"texture":"#2"},"down":{"uv":[0,0,0.075,0.125],"texture":"#2"}}},{"from":[11.775,0.75,8.05],"to":[12.15,1.125,8.675],"rotation":{"angle":0,"axis":"y","origin":[0,-3.125,0]},"faces":{"north":{"uv":[0,0,0.075,0.075],"texture":"#2"},"east":{"uv":[0,0,0.125,0.075],"texture":"#2"},"south":{"uv":[0,0,2.075,0.075],"texture":"#2"},"west":{"uv":[0,0,0.125,0.075],"texture":"#2"},"up":{"uv":[0,0,0.075,0.125],"texture":"#2"},"down":{"uv":[0,0,0.075,0.125],"texture":"#2"}}},{"from":[11.775,0.775,8.025],"to":[12.15,4.85,8.05],"rotation":{"angle":0,"axis":"y","origin":[0,-3.125,0]},"faces":{"north":{"uv":[0,0,0.075,0.075],"texture":"#2"},"east":{"uv":[0,0,0.125,0.075],"texture":"#2"},"south":{"uv":[0,0,2.075,0.075],"texture":"#2"},"west":{"uv":[0,0,0.125,0.075],"texture":"#2"},"up":{"uv":[0,0,0.075,0.125],"texture":"#2"},"down":{"uv":[0,0,0.075,0.125],"texture":"#2"}}},{"from":[7.225,0.775,8.025],"to":[7.6,4.85,8.05],"rotation":{"angle":0,"axis":"y","origin":[0,-3.125,0]},"faces":{"north":{"uv":[0,0,0.075,0.075],"texture":"#2"},"east":{"uv":[0,0,0.125,0.075],"texture":"#2"},"south":{"uv":[0,0,2.075,0.075],"texture":"#2"},"west":{"uv":[0,0,0.125,0.075],"texture":"#2"},"up":{"uv":[0,0,0.075,0.125],"texture":"#2"},"down":{"uv":[0,0,0.075,0.125],"texture":"#2"}}},{"from":[12.15,0.975,8.025],"to":[12.525,4.75,8.05],"rotation":{"angle":0,"axis":"y","origin":[0,-3.125,0]},"faces":{"north":{"uv":[0,0,0.075,0.075],"texture":"#2"},"east":{"uv":[0,0,0.125,0.075],"texture":"#2"},"south":{"uv":[0,0,2.075,0.075],"texture":"#2"},"west":{"uv":[0,0,0.125,0.075],"texture":"#2"},"up":{"uv":[0,0,0.075,0.125],"texture":"#2"},"down":{"uv":[0,0,0.075,0.125],"texture":"#2"}}},{"from":[6.85,0.975,8.025],"to":[7.225,4.75,8.05],"rotation":{"angle":0,"axis":"y","origin":[0,-3.125,0]},"faces":{"north":{"uv":[0,0,0.075,0.075],"texture":"#2"},"east":{"uv":[0,0,0.125,0.075],"texture":"#2"},"south":{"uv":[0,0,2.075,0.075],"texture":"#2"},"west":{"uv":[0,0,0.125,0.075],"texture":"#2"},"up":{"uv":[0,0,0.075,0.125],"texture":"#2"},"down":{"uv":[0,0,0.075,0.125],"texture":"#2"}}},{"from":[7.25,0.75,8.05],"to":[7.625,1.125,8.675],"rotation":{"angle":0,"axis":"y","origin":[0,-3.125,0]},"faces":{"north":{"uv":[0,0,0.075,0.075],"texture":"#2"},"east":{"uv":[0,0,0.125,0.075],"texture":"#2"},"south":{"uv":[0,0,2.075,0.075],"texture":"#2"},"west":{"uv":[0,0,0.125,0.075],"texture":"#2"},"up":{"uv":[0,0,0.075,0.125],"texture":"#2"},"down":{"uv":[0,0,0.075,0.125],"texture":"#2"}}},{"from":[7.25,4.475,8.05],"to":[7.625,4.85,8.675],"rotation":{"angle":0,"axis":"y","origin":[0,-3.125,0]},"faces":{"north":{"uv":[0,0,0.075,0.075],"texture":"#2"},"east":{"uv":[0,0,0.125,0.075],"texture":"#2"},"south":{"uv":[0,0,2.075,0.075],"texture":"#2"},"west":{"uv":[0,0,0.125,0.075],"texture":"#2"},"up":{"uv":[0,0,0.075,0.125],"texture":"#2"},"down":{"uv":[0,0,0.075,0.125],"texture":"#2"}}},{"from":[11.775,4.475,8.05],"to":[12.15,4.85,8.675],"rotation":{"angle":0,"axis":"y","origin":[0,-3.125,0]},"faces":{"north":{"uv":[0,0,0.075,0.075],"texture":"#2"},"east":{"uv":[0,0,0.125,0.075],"texture":"#2"},"south":{"uv":[0,0,2.075,0.075],"texture":"#2"},"west":{"uv":[0,0,0.125,0.075],"texture":"#2"},"up":{"uv":[0,0,0.075,0.125],"texture":"#2"},"down":{"uv":[0,0,0.075,0.125],"texture":"#2"}}},{"from":[12.15,0.9,8.05],"to":[12.525,1.275,8.675],"rotation":{"angle":0,"axis":"y","origin":[0,-3.125,0]},"faces":{"north":{"uv":[0,0,0.075,0.075],"texture":"#2"},"east":{"uv":[0,0,0.125,0.075],"texture":"#2"},"south":{"uv":[0,0,2.075,0.075],"texture":"#2"},"west":{"uv":[0,0,0.125,0.075],"texture":"#2"},"up":{"uv":[0,0,0.075,0.125],"texture":"#2"},"down":{"uv":[0,0,0.075,0.125],"texture":"#2"}}},{"from":[6.875,0.9,8.05],"to":[7.25,1.275,8.675],"rotation":{"angle":0,"axis":"y","origin":[0,-3.125,0]},"faces":{"north":{"uv":[0,0,0.075,0.075],"texture":"#2"},"east":{"uv":[0,0,0.125,0.075],"texture":"#2"},"south":{"uv":[0,0,2.075,0.075],"texture":"#2"},"west":{"uv":[0,0,0.125,0.075],"texture":"#2"},"up":{"uv":[0,0,0.075,0.125],"texture":"#2"},"down":{"uv":[0,0,0.075,0.125],"texture":"#2"}}},{"from":[6.875,4.4,8.05],"to":[7.25,4.775,8.675],"rotation":{"angle":0,"axis":"y","origin":[0,-3.125,0]},"faces":{"north":{"uv":[0,0,0.075,0.075],"texture":"#2"},"east":{"uv":[0,0,0.125,0.075],"texture":"#2"},"south":{"uv":[0,0,2.075,0.075],"texture":"#2"},"west":{"uv":[0,0,0.125,0.075],"texture":"#2"},"up":{"uv":[0,0,0.075,0.125],"texture":"#2"},"down":{"uv":[0,0,0.075,0.125],"texture":"#2"}}},{"from":[6.8,4.4,8.05],"to":[6.875,4.65,8.675],"rotation":{"angle":0,"axis":"y","origin":[0,-3.125,0]},"faces":{"north":{"uv":[0,0,0.075,0.075],"texture":"#2"},"east":{"uv":[0,0,0.125,0.075],"texture":"#2"},"south":{"uv":[0,0,2.075,0.075],"texture":"#2"},"west":{"uv":[0,0,0.125,0.075],"texture":"#2"},"up":{"uv":[0,0,0.075,0.125],"texture":"#2"},"down":{"uv":[0,0,0.075,0.125],"texture":"#2"}}},{"from":[12.525,4.4,8.05],"to":[12.6,4.65,8.675],"rotation":{"angle":0,"axis":"y","origin":[0,-3.125,0]},"faces":{"north":{"uv":[0,0,0.075,0.075],"texture":"#2"},"east":{"uv":[0,0,0.125,0.075],"texture":"#2"},"south":{"uv":[0,0,2.075,0.075],"texture":"#2"},"west":{"uv":[0,0,0.125,0.075],"texture":"#2"},"up":{"uv":[0,0,0.075,0.125],"texture":"#2"},"down":{"uv":[0,0,0.075,0.125],"texture":"#2"}}},{"from":[12.525,1.025,8.05],"to":[12.6,1.275,8.675],"rotation":{"angle":0,"axis":"y","origin":[0,-3.125,0]},"faces":{"north":{"uv":[0,0,0.075,0.075],"texture":"#2"},"east":{"uv":[0,0,0.125,0.075],"texture":"#2"},"south":{"uv":[0,0,2.075,0.075],"texture":"#2"},"west":{"uv":[0,0,0.125,0.075],"texture":"#2"},"up":{"uv":[0,0,0.075,0.125],"texture":"#2"},"down":{"uv":[0,0,0.075,0.125],"texture":"#2"}}},{"from":[6.8,1.025,8.05],"to":[6.875,1.275,8.675],"rotation":{"angle":0,"axis":"y","origin":[0,-3.125,0]},"faces":{"north":{"uv":[0,0,0.075,0.075],"texture":"#2"},"east":{"uv":[0,0,0.125,0.075],"texture":"#2"},"south":{"uv":[0,0,2.075,0.075],"texture":"#2"},"west":{"uv":[0,0,0.125,0.075],"texture":"#2"},"up":{"uv":[0,0,0.075,0.125],"texture":"#2"},"down":{"uv":[0,0,0.075,0.125],"texture":"#2"}}},{"from":[12.15,4.4,8.05],"to":[12.525,4.775,8.675],"rotation":{"angle":0,"axis":"y","origin":[0,-3.125,0]},"faces":{"north":{"uv":[0,0,0.075,0.075],"texture":"#2"},"east":{"uv":[0,0,0.125,0.075],"texture":"#2"},"south":{"uv":[0,0,2.075,0.075],"texture":"#2"},"west":{"uv":[0,0,0.125,0.075],"texture":"#2"},"up":{"uv":[0,0,0.075,0.125],"texture":"#2"},"down":{"uv":[0,0,0.075,0.125],"texture":"#2"}}},{"from":[8.075,0.45,8.05],"to":[11.325,0.825,8.675],"rotation":{"angle":0,"axis":"y","origin":[0,-3.125,0]},"faces":{"north":{"uv":[0,0,0.65,0.075],"texture":"#2"},"east":{"uv":[0,0,0.125,0.075],"texture":"#2"},"south":{"uv":[0,0,2.65,0.075],"texture":"#2"},"west":{"uv":[0,0,0.125,0.075],"texture":"#2"},"up":{"uv":[0,0,0.65,0.125],"texture":"#2"},"down":{"uv":[0,0,0.65,0.125],"texture":"#2"}}},{"from":[8.05,0.45,7.975],"to":[11.325,5.175,8.05],"rotation":{"angle":0,"axis":"y","origin":[0,-3.125,0]},"faces":{"north":{"uv":[0,0,0.65,0.075],"texture":"#2"},"east":{"uv":[0,0,0.125,0.075],"texture":"#2"},"south":{"uv":[0,0,2.65,0.075],"texture":"#2"},"west":{"uv":[0,0,0.125,0.075],"texture":"#2"},"up":{"uv":[0,0,0.65,0.125],"texture":"#2"},"down":{"uv":[0,0,0.65,0.125],"texture":"#2"}}},{"from":[8.05,4.825,8.05],"to":[11.325,5.2,8.675],"rotation":{"angle":0,"axis":"y","origin":[0,-3.125,0]},"faces":{"north":{"uv":[0,0,0.65,0.075],"texture":"#2"},"east":{"uv":[0,0,0.125,0.075],"texture":"#2"},"south":{"uv":[0,0,2.65,0.075],"texture":"#2"},"west":{"uv":[0,0,0.125,0.075],"texture":"#2"},"up":{"uv":[0,0,0.65,0.125],"texture":"#2"},"down":{"uv":[0,0,0.65,0.125],"texture":"#2"}}},{"from":[12.275,1.275,8.025],"to":[12.65,4.4,8.625],"rotation":{"angle":0,"axis":"y","origin":[0,-3.125,0]},"faces":{"north":{"uv":[0,0,0.075,0.575],"texture":"#2"},"east":{"uv":[0,0,0.125,0.575],"texture":"#2"},"south":{"uv":[0,0,2.075,0.575],"texture":"#2"},"west":{"uv":[0,0,0.125,0.575],"texture":"#2"},"up":{"uv":[0,0,0.075,0.125],"texture":"#2"},"down":{"uv":[0,0,0.075,0.125],"texture":"#2"}}},{"from":[6.75,1.275,8.075],"to":[7.125,4.4,8.625],"rotation":{"angle":0,"axis":"y","origin":[0,-3.125,0]},"faces":{"north":{"uv":[0,0,0.075,0.575],"texture":"#2"},"east":{"uv":[0,0,0.125,0.575],"texture":"#2"},"south":{"uv":[0,0,2.075,0.575],"texture":"#2"},"west":{"uv":[0,0,0.125,0.575],"texture":"#2"},"up":{"uv":[0,0,0.075,0.125],"texture":"#2"},"down":{"uv":[0,0,0.075,0.125],"texture":"#2"}}},{"from":[12.65,1.4,8.025],"to":[12.775,4.275,8.4],"rotation":{"angle":0,"axis":"y","origin":[0,-3.125,0]},"faces":{"north":{"uv":[0,0,0.025,0.575],"texture":"#2"},"east":{"uv":[0,0,0.075,0.575],"texture":"#2"},"south":{"uv":[0,0,2.025,0.575],"texture":"#2"},"west":{"uv":[0,0,0.075,0.575],"texture":"#2"},"up":{"uv":[0,0,0.025,0.075],"texture":"#2"},"down":{"uv":[0,0,0.025,0.075],"texture":"#2"}}},{"from":[6.625,1.4,8.125],"to":[6.75,4.275,8.475],"rotation":{"angle":0,"axis":"y","origin":[0,-3.125,0]},"faces":{"north":{"uv":[0,0,0.025,0.575],"texture":"#2"},"east":{"uv":[0,0,0.075,0.575],"texture":"#2"},"south":{"uv":[0,0,2.025,0.575],"texture":"#2"},"west":{"uv":[0,0,0.075,0.575],"texture":"#2"},"up":{"uv":[0,0,0.025,0.075],"texture":"#2"},"down":{"uv":[0,0,0.025,0.075],"texture":"#2"}}},{"from":[8.2,3.95,8.05],"to":[11.2,4.075,8.6],"rotation":{"angle":0,"axis":"y","origin":[0,-3.125,0]},"faces":{"north":{"uv":[3.95,1,15.9,0.075],"texture":"#3"},"east":{"uv":[0,0,0.125,0.025],"texture":"#3"},"south":{"uv":[2.375,0,12.175,0.125],"texture":"#3"},"west":{"uv":[0,0,0.125,0.025],"texture":"#3"},"up":{"uv":[0,0,0.6,0.125],"texture":"#3"},"down":{"uv":[0,0,0.6,0.125],"texture":"#3"}}},{"from":[8.2,1.575,8.05],"to":[11.2,1.7,8.6],"rotation":{"angle":0,"axis":"y","origin":[0,-3.125,0]},"faces":{"north":{"uv":[3.95,1,15.9,0.075],"texture":"#3"},"east":{"uv":[0,0,0.125,0.025],"texture":"#3"},"south":{"uv":[2.375,0,12.175,0.125],"texture":"#3"},"west":{"uv":[0,0,0.125,0.025],"texture":"#3"},"up":{"uv":[0,0,0.6,0.125],"texture":"#3"},"down":{"uv":[0,0,0.6,0.125],"texture":"#3"}}}],"display":{"thirdperson_righthand":{"rotation":[0,-90,0],"translation":[0.25,6.5,-4.25]},"thirdperson_lefthand":{"rotation":[0,-90,0],"translation":[0,6.5,-1]},"firstperson_righthand":{"rotation":[0,-65,0],"translation":[-1,8.75,-1.25],"scale":[1.13,1.13,1.13]},"firstperson_lefthand":{"rotation":[0,-65,0],"translation":[0.25,8.75,2],"scale":[1.13,1.13,1.13]},"ground":{"translation":[0,8,0],"scale":[1.5,1.5,1.5]},"gui":{"translation":[-3.5,10.25,0],"scale":[2,2,2]},"fixed":{"rotation":[0,180,0],"translation":[3.5,9.75,0],"scale":[2,2,2]}}}