{"display":{"thirdperson_righthand":{"rotation":[0,90,-68],"translation":[0,-0.19,1.32],"scale":[0.85,0.85,0.85]},"thirdperson_lefthand":{"rotation":[0,90,-68],"translation":[0,-0.19,1.32],"scale":[0.85,0.85,0.85]},"ground":{"rotation":[90,0,0],"translation":[0,0,0],"scale":[1,1,1]},"fixed":{"rotation":[0,180,0],"translation":[0.1,-1.2,-0.4],"scale":[1.5,1.5,1.5]},"firstperson_righthand":{"rotation":[-68,90,0],"translation":[0,2.46,1.51],"scale":[0.9,0.9,0.9]},"firstperson_lefthand":{"rotation":[-68,90,0],"translation":[-1.89,2.46,1.51],"scale":[0.9,0.9,0.9]},"gui":{"rotation":[0,0,-45],"translation":[-1.32,-0.94,0],"scale":[1,1,1]}},"textures":{"particle":"guns/1-metal-dark","texture":"guns/red","goldblock":"guns/yellow","woocoloredblack":"guns/black"},"elements":[{"from":[9.25,8.5,7.5],"to":[9.75,11,8.5],"faces":{"up":{"uv":[9.25,7.5,9.75,8.5],"texture":"#texture"},"north":{"uv":[6.25,5,6.75,7.5],"texture":"#texture"},"south":{"uv":[9.25,5,9.75,7.5],"texture":"#texture"},"west":{"uv":[7.5,5,8.5,7.5],"texture":"#texture"},"east":{"uv":[7.5,5,8.5,7.5],"texture":"#texture"}}},{"from":[9.25,7.75,7.5],"to":[9.75,8.5,8.5],"faces":{"down":{"uv":[0,0.5,0.5,0],"texture":"#goldblock"},"north":{"uv":[0,0,0.5,0.5],"texture":"#goldblock"},"south":{"uv":[0.5,0,0,0.5],"texture":"#goldblock"},"west":{"uv":[0,0,0.5,0.5],"texture":"#goldblock"},"east":{"uv":[0.5,0,0,0.5],"texture":"#goldblock"}}},{"from":[9,8.5,7.75],"to":[10,11,8.25],"faces":{"up":{"uv":[9,7.75,10,8.25],"texture":"#texture"},"north":{"uv":[6,5,7,7.5],"texture":"#texture"},"south":{"uv":[9,5,10,7.5],"texture":"#texture"},"west":{"uv":[7.75,5,8.25,7.5],"texture":"#texture"},"east":{"uv":[7.75,5,8.25,7.5],"texture":"#texture"}}},{"from":[9,7.75,7.75],"to":[10,8.5,8.25],"faces":{"down":{"uv":[0,0.5,0.5,0],"texture":"#goldblock"},"north":{"uv":[0,0,0.5,0.5],"texture":"#goldblock"},"south":{"uv":[0.5,0,0,0.5],"texture":"#goldblock"},"west":{"uv":[0,0,0.5,0.5],"texture":"#goldblock"},"east":{"uv":[0.5,0,0,0.5],"texture":"#goldblock"}}},{"from":[8.875,9,7.625],"to":[10.125,10.5,8.375],"faces":{"down":{"uv":[7.125,8.375,5.875,7.625],"texture":"#woocoloredblack"},"up":{"uv":[8.875,7.625,10.125,8.375],"texture":"#woocoloredblack"},"north":{"uv":[5.875,5.5,7.125,7],"texture":"#woocoloredblack"},"south":{"uv":[8.875,5.5,10.125,7],"texture":"#woocoloredblack"},"west":{"uv":[7.625,5.5,8.375,7],"texture":"#woocoloredblack"},"east":{"uv":[7.625,5.5,8.375,7],"texture":"#woocoloredblack"}}},{"from":[4.625,9,7.375],"to":[5.375,10.5,8.625],"faces":{"down":{"uv":[11.375,8.625,10.625,7.375],"texture":"#woocoloredblack"},"up":{"uv":[4.625,7.375,5.375,8.625],"texture":"#woocoloredblack"},"north":{"uv":[10.625,5.5,11.375,7],"texture":"#woocoloredblack"},"south":{"uv":[4.625,5.5,5.375,7],"texture":"#woocoloredblack"},"west":{"uv":[7.375,5.5,8.625,7],"texture":"#woocoloredblack"},"east":{"uv":[7.375,5.5,8.625,7],"texture":"#woocoloredblack"}}},{"from":[10,9.25,7.75],"to":[10.5,10.25,8.25],"faces":{"down":{"uv":[6,8.25,5.5,7.75],"texture":"#woocoloredblack"},"up":{"uv":[10,7.75,10.5,8.25],"texture":"#woocoloredblack"},"north":{"uv":[5.5,5.75,6,6.75],"texture":"#woocoloredblack"},"south":{"uv":[10,5.75,10.5,6.75],"texture":"#woocoloredblack"}}},{"from":[10.75,8.5,7.5],"to":[11.25,11,8.5],"faces":{"up":{"uv":[10.75,7.5,11.25,8.5],"texture":"#texture"},"north":{"uv":[4.75,5,5.25,7.5],"texture":"#texture"},"south":{"uv":[10.75,5,11.25,7.5],"texture":"#texture"},"west":{"uv":[7.5,5,8.5,7.5],"texture":"#texture"},"east":{"uv":[7.5,5,8.5,7.5],"texture":"#texture"}}},{"from":[4.75,7.75,7.5],"to":[5.25,8.5,8.5],"faces":{"down":{"uv":[0,0.5,0.5,0],"texture":"#goldblock"},"north":{"uv":[0,0,0.5,0.5],"texture":"#goldblock"},"south":{"uv":[0.5,0,0,0.5],"texture":"#goldblock"},"west":{"uv":[0,0,0.5,0.5],"texture":"#goldblock"},"east":{"uv":[0.5,0,0,0.5],"texture":"#goldblock"}}},{"from":[6,8.5,7.75],"to":[7,11,8.25],"faces":{"up":{"uv":[6,7.75,7,8.25],"texture":"#texture"},"north":{"uv":[9,5,10,7.5],"texture":"#texture"},"south":{"uv":[6,5,7,7.5],"texture":"#texture"},"west":{"uv":[7.75,5,8.25,7.5],"texture":"#texture"},"east":{"uv":[7.75,5,8.25,7.5],"texture":"#texture"}}},{"from":[6,7.75,7.75],"to":[7,8.5,8.25],"faces":{"down":{"uv":[0,0.5,0.5,0],"texture":"#goldblock"},"north":{"uv":[0,0,0.5,0.5],"texture":"#goldblock"},"south":{"uv":[0.5,0,0,0.5],"texture":"#goldblock"},"west":{"uv":[0,0,0.5,0.5],"texture":"#goldblock"},"east":{"uv":[0.5,0,0,0.5],"texture":"#goldblock"}}},{"from":[4.375,9,7.625],"to":[5.625,10.5,8.375],"faces":{"down":{"uv":[11.625,8.375,10.375,7.625],"texture":"#woocoloredblack"},"up":{"uv":[4.375,7.625,5.625,8.375],"texture":"#woocoloredblack"},"north":{"uv":[10.375,5.5,11.625,7],"texture":"#woocoloredblack"},"south":{"uv":[4.375,5.5,5.625,7],"texture":"#woocoloredblack"},"west":{"uv":[7.625,5.5,8.375,7],"texture":"#woocoloredblack"},"east":{"uv":[7.625,5.5,8.375,7],"texture":"#woocoloredblack"}}},{"from":[10.625,9,7.375],"to":[11.375,10.5,8.625],"faces":{"down":{"uv":[5.375,8.625,4.625,7.375],"texture":"#woocoloredblack"},"up":{"uv":[10.625,7.375,11.375,8.625],"texture":"#woocoloredblack"},"north":{"uv":[4.625,5.5,5.375,7],"texture":"#woocoloredblack"},"south":{"uv":[10.625,5.5,11.375,7],"texture":"#woocoloredblack"},"west":{"uv":[7.375,5.5,8.625,7],"texture":"#woocoloredblack"},"east":{"uv":[7.375,5.5,8.625,7],"texture":"#woocoloredblack"}}},{"from":[5.5,9.25,7.75],"to":[6,10.25,8.25],"faces":{"down":{"uv":[10.5,8.25,10,7.75],"texture":"#woocoloredblack"},"up":{"uv":[5.5,7.75,6,8.25],"texture":"#woocoloredblack"},"north":{"uv":[10,5.75,10.5,6.75],"texture":"#woocoloredblack"},"south":{"uv":[5.5,5.75,6,6.75],"texture":"#woocoloredblack"}}},{"from":[7.75,8.5,7.5],"to":[8.25,11,8.5],"faces":{"up":{"uv":[7.75,7.5,8.25,8.5],"texture":"#texture"},"north":{"uv":[7.75,5,8.25,7.5],"texture":"#texture"},"south":{"uv":[7.75,5,8.25,7.5],"texture":"#texture"},"west":{"uv":[7.5,5,8.5,7.5],"texture":"#texture"},"east":{"uv":[7.5,5,8.5,7.5],"texture":"#texture"}}},{"from":[7.75,7.75,7.5],"to":[8.25,8.5,8.5],"faces":{"down":{"uv":[0,0.5,0.5,0],"texture":"#goldblock"},"north":{"uv":[0,0,0.5,0.5],"texture":"#goldblock"},"south":{"uv":[0.5,0,0,0.5],"texture":"#goldblock"},"west":{"uv":[0,0,0.5,0.5],"texture":"#goldblock"},"east":{"uv":[0.5,0,0,0.5],"texture":"#goldblock"}}},{"from":[10.5,8.5,7.75],"to":[11.5,11,8.25],"faces":{"up":{"uv":[10.5,7.75,11.5,8.25],"texture":"#texture"},"north":{"uv":[4.5,5,5.5,7.5],"texture":"#texture"},"south":{"uv":[10.5,5,11.5,7.5],"texture":"#texture"},"west":{"uv":[7.75,5,8.25,7.5],"texture":"#texture"},"east":{"uv":[7.75,5,8.25,7.5],"texture":"#texture"}}},{"from":[10.5,7.75,7.75],"to":[11.5,8.5,8.25],"faces":{"down":{"uv":[0,0.5,0.5,0],"texture":"#goldblock"},"north":{"uv":[0,0,0.5,0.5],"texture":"#goldblock"},"south":{"uv":[0.5,0,0,0.5],"texture":"#goldblock"},"west":{"uv":[0,0,0.5,0.5],"texture":"#goldblock"},"east":{"uv":[0.5,0,0,0.5],"texture":"#goldblock"}}},{"from":[7.375,9,7.625],"to":[8.625,10.5,8.375],"faces":{"down":{"uv":[8.625,8.375,7.375,7.625],"texture":"#woocoloredblack"},"up":{"uv":[7.375,7.625,8.625,8.375],"texture":"#woocoloredblack"},"north":{"uv":[7.375,5.5,8.625,7],"texture":"#woocoloredblack"},"south":{"uv":[7.375,5.5,8.625,7],"texture":"#woocoloredblack"},"west":{"uv":[7.625,5.5,8.375,7],"texture":"#woocoloredblack"},"east":{"uv":[7.625,5.5,8.375,7],"texture":"#woocoloredblack"}}},{"from":[9.125,9,7.375],"to":[9.875,10.5,8.625],"faces":{"down":{"uv":[6.875,8.625,6.125,7.375],"texture":"#woocoloredblack"},"up":{"uv":[9.125,7.375,9.875,8.625],"texture":"#woocoloredblack"},"north":{"uv":[6.125,5.5,6.875,7],"texture":"#woocoloredblack"},"south":{"uv":[9.125,5.5,9.875,7],"texture":"#woocoloredblack"},"west":{"uv":[7.375,5.5,8.625,7],"texture":"#woocoloredblack"},"east":{"uv":[7.375,5.5,8.625,7],"texture":"#woocoloredblack"}}},{"from":[6.25,8.5,7.5],"to":[6.75,11,8.5],"faces":{"up":{"uv":[6.25,7.5,6.75,8.5],"texture":"#texture"},"north":{"uv":[9.25,5,9.75,7.5],"texture":"#texture"},"south":{"uv":[6.25,5,6.75,7.5],"texture":"#texture"},"west":{"uv":[7.5,5,8.5,7.5],"texture":"#texture"},"east":{"uv":[7.5,5,8.5,7.5],"texture":"#texture"}}},{"from":[10.75,7.75,7.5],"to":[11.25,8.5,8.5],"faces":{"down":{"uv":[0,0.5,0.5,0],"texture":"#goldblock"},"north":{"uv":[0,0,0.5,0.5],"texture":"#goldblock"},"south":{"uv":[0.5,0,0,0.5],"texture":"#goldblock"},"west":{"uv":[0,0,0.5,0.5],"texture":"#goldblock"},"east":{"uv":[0.5,0,0,0.5],"texture":"#goldblock"}}},{"from":[7.5,8.5,7.75],"to":[8.5,11,8.25],"faces":{"up":{"uv":[7.5,7.75,8.5,8.25],"texture":"#texture"},"north":{"uv":[7.5,5,8.5,7.5],"texture":"#texture"},"south":{"uv":[7.5,5,8.5,7.5],"texture":"#texture"},"west":{"uv":[7.75,5,8.25,7.5],"texture":"#texture"},"east":{"uv":[7.75,5,8.25,7.5],"texture":"#texture"}}},{"from":[7.5,7.75,7.75],"to":[8.5,8.5,8.25],"faces":{"down":{"uv":[0,0.5,0.5,0],"texture":"#goldblock"},"north":{"uv":[0,0,0.5,0.5],"texture":"#goldblock"},"south":{"uv":[0.5,0,0,0.5],"texture":"#goldblock"},"west":{"uv":[0,0,0.5,0.5],"texture":"#goldblock"},"east":{"uv":[0.5,0,0,0.5],"texture":"#goldblock"}}},{"from":[10.375,9,7.625],"to":[11.625,10.5,8.375],"faces":{"down":{"uv":[5.625,8.375,4.375,7.625],"texture":"#woocoloredblack"},"up":{"uv":[10.375,7.625,11.625,8.375],"texture":"#woocoloredblack"},"north":{"uv":[4.375,5.5,5.625,7],"texture":"#woocoloredblack"},"south":{"uv":[10.375,5.5,11.625,7],"texture":"#woocoloredblack"},"west":{"uv":[7.625,5.5,8.375,7],"texture":"#woocoloredblack"},"east":{"uv":[7.625,5.5,8.375,7],"texture":"#woocoloredblack"}}},{"from":[7.625,9,7.375],"to":[8.375,10.5,8.625],"faces":{"down":{"uv":[8.375,8.625,7.625,7.375],"texture":"#woocoloredblack"},"up":{"uv":[7.625,7.375,8.375,8.625],"texture":"#woocoloredblack"},"north":{"uv":[7.625,5.5,8.375,7],"texture":"#woocoloredblack"},"south":{"uv":[7.625,5.5,8.375,7],"texture":"#woocoloredblack"},"west":{"uv":[7.375,5.5,8.625,7],"texture":"#woocoloredblack"},"east":{"uv":[7.375,5.5,8.625,7],"texture":"#woocoloredblack"}}},{"from":[8.5,9.25,7.75],"to":[9,10.25,8.25],"faces":{"down":{"uv":[7.5,8.25,7,7.75],"texture":"#woocoloredblack"},"up":{"uv":[8.5,7.75,9,8.25],"texture":"#woocoloredblack"},"north":{"uv":[7,5.75,7.5,6.75],"texture":"#woocoloredblack"},"south":{"uv":[8.5,5.75,9,6.75],"texture":"#woocoloredblack"}}},{"from":[6.125,9,7.375],"to":[6.875,10.5,8.625],"faces":{"down":{"uv":[9.875,8.625,9.125,7.375],"texture":"#woocoloredblack"},"up":{"uv":[6.125,7.375,6.875,8.625],"texture":"#woocoloredblack"},"north":{"uv":[9.125,5.5,9.875,7],"texture":"#woocoloredblack"},"south":{"uv":[6.125,5.5,6.875,7],"texture":"#woocoloredblack"},"west":{"uv":[7.375,5.5,8.625,7],"texture":"#woocoloredblack"},"east":{"uv":[7.375,5.5,8.625,7],"texture":"#woocoloredblack"}}},{"from":[6.25,7.75,7.5],"to":[6.75,8.5,8.5],"faces":{"down":{"uv":[0,0.5,0.5,0],"texture":"#goldblock"},"north":{"uv":[0,0,0.5,0.5],"texture":"#goldblock"},"south":{"uv":[0.5,0,0,0.5],"texture":"#goldblock"},"west":{"uv":[0,0,0.5,0.5],"texture":"#goldblock"},"east":{"uv":[0.5,0,0,0.5],"texture":"#goldblock"}}},{"from":[4.5,8.5,7.75],"to":[5.5,11,8.25],"faces":{"up":{"uv":[4.5,7.75,5.5,8.25],"texture":"#texture"},"north":{"uv":[10.5,5,11.5,7.5],"texture":"#texture"},"south":{"uv":[4.5,5,5.5,7.5],"texture":"#texture"},"west":{"uv":[7.75,5,8.25,7.5],"texture":"#texture"},"east":{"uv":[7.75,5,8.25,7.5],"texture":"#texture"}}},{"from":[4.5,7.75,7.75],"to":[5.5,8.5,8.25],"faces":{"down":{"uv":[0,0.5,0.5,0],"texture":"#goldblock"},"north":{"uv":[0,0,0.5,0.5],"texture":"#goldblock"},"south":{"uv":[0.5,0,0,0.5],"texture":"#goldblock"},"west":{"uv":[0,0,0.5,0.5],"texture":"#goldblock"},"east":{"uv":[0.5,0,0,0.5],"texture":"#goldblock"}}},{"from":[5.875,9,7.625],"to":[7.125,10.5,8.375],"faces":{"down":{"uv":[10.125,8.375,8.875,7.625],"texture":"#woocoloredblack"},"up":{"uv":[5.875,7.625,7.125,8.375],"texture":"#woocoloredblack"},"north":{"uv":[8.875,5.5,10.125,7],"texture":"#woocoloredblack"},"south":{"uv":[5.875,5.5,7.125,7],"texture":"#woocoloredblack"},"west":{"uv":[7.625,5.5,8.375,7],"texture":"#woocoloredblack"},"east":{"uv":[7.625,5.5,8.375,7],"texture":"#woocoloredblack"}}},{"from":[7,9.25,7.75],"to":[7.5,10.25,8.25],"faces":{"down":{"uv":[9,8.25,8.5,7.75],"texture":"#woocoloredblack"},"up":{"uv":[7,7.75,7.5,8.25],"texture":"#woocoloredblack"},"north":{"uv":[8.5,5.75,9,6.75],"texture":"#woocoloredblack"},"south":{"uv":[7,5.75,7.5,6.75],"texture":"#woocoloredblack"}}},{"from":[4.75,8.5,7.5],"to":[5.25,11,8.5],"faces":{"up":{"uv":[4.75,7.5,5.25,8.5],"texture":"#texture"},"north":{"uv":[10.75,5,11.25,7.5],"texture":"#texture"},"south":{"uv":[4.75,5,5.25,7.5],"texture":"#texture"},"west":{"uv":[7.5,5,8.5,7.5],"texture":"#texture"},"east":{"uv":[7.5,5,8.5,7.5],"texture":"#texture"}}}],"gui_light":"front"}