{"display":{"thirdperson_righthand":{"rotation":[90,180,0],"translation":[-6,9.1304,12],"scale":[0.2,0.2,0.2]},"thirdperson_lefthand":{"rotation":[90,180,0],"translation":[-4.74,0,10]},"firstperson_righthand":{"translation":[0,4.1739,0],"scale":[0.2,0.2,0.2]},"firstperson_lefthand":{"translation":[0,4.1739,0],"scale":[0.2,0.2,0.2]},"gui":{"rotation":[20,-42,0],"translation":[0,1.3913,0],"scale":[0.35,0.35,0.35]},"ground":{"translation":[0,20.869,0]},"fixed":{"rotation":[0,180,0],"translation":[0,0,-2.086],"scale":[0.3,0.3,0.3]}},"textures":{"texture":"casino/slots/slot_machine","particle":"casino/slots/slot_machine","mesh_atlas":"casino/slots/slot_machine_frame"},"elements":[{"name":"Box1","from":[3,16,12],"to":[11,22,12.5],"faces":{"north":{"uv":[6,6.5,10,9.5],"texture":"#texture"},"east":{"uv":[2,10,2.5,16],"texture":"#texture"},"south":{"uv":[6,6.5,10,9.5],"texture":"#texture"},"west":{"uv":[13.5,10,14,16],"texture":"#texture"},"up":{"uv":[3,13.5,11,14],"texture":"#texture"},"down":{"uv":[3,2,11,2.5],"texture":"#texture"}}},{"name":"Box2","from":[-1,16,12],"to":[3,22,12.5],"faces":{"north":{"uv":[13,10.5,16,16],"texture":"#texture"},"east":{"uv":[3.5,10.5,4,16],"texture":"#texture"},"south":{"uv":[4,6.5,6,9.5],"texture":"#texture"},"west":{"uv":[12,10.5,12.5,16],"texture":"#texture"},"up":{"uv":[0,12,3,12.5],"texture":"#texture"},"down":{"uv":[0,3.5,3,4],"texture":"#texture"}}},{"name":"Box3","from":[-6,16,12],"to":[-1,21,12.5],"faces":{"north":{"uv":[1,11,5.5,16],"texture":"#texture"},"east":{"uv":[3.5,11,4,16],"texture":"#texture"},"south":{"uv":[1.5,7,4,9.5],"texture":"#texture"},"west":{"uv":[12,11,12.5,16],"texture":"#texture"},"up":{"uv":[10.5,12,15,12.5],"texture":"#texture"},"down":{"uv":[10.5,3.5,15,4],"texture":"#texture"}}},{"name":"Box4","from":[11,16,12],"to":[15,22,12.5],"faces":{"north":{"uv":[1,10.5,5,16],"texture":"#texture"},"east":{"uv":[3.5,10.5,4,16],"texture":"#texture"},"south":{"uv":[10,6.5,12,9.5],"texture":"#texture"},"west":{"uv":[12,10.5,12.5,16],"texture":"#texture"},"up":{"uv":[11,12,15,12.5],"texture":"#texture"},"down":{"uv":[11,3.5,15,4],"texture":"#texture"}}},{"name":"Box6","from":[15,16,12],"to":[20,21,12.5],"faces":{"north":{"uv":[0,11,1,16],"texture":"#texture"},"east":{"uv":[3.5,11,4,16],"texture":"#texture"},"south":{"uv":[12,7,14.5,9.5],"texture":"#texture"},"west":{"uv":[12,11,12.5,16],"texture":"#texture"},"up":{"uv":[15,12,16,12.5],"texture":"#texture"},"down":{"uv":[15,3.5,16,4],"texture":"#texture"}}},{"name":"Voxels","from":[-8,15.5,11],"to":[22,20,11.5],"faces":{"north":{"uv":[14.5,15.71875,12.625,16],"texture":"#mesh_atlas"},"east":{"uv":[9.125,14.1875,9.09375,14.46875],"texture":"#mesh_atlas"},"south":{"uv":[10.75,15.71875,12.625,16],"texture":"#mesh_atlas"},"west":{"uv":[9.09375,13.625,9.125,13.90625],"texture":"#mesh_atlas"},"up":{"uv":[10.8125,15.21875,12.6875,15.1875],"texture":"#mesh_atlas"},"down":{"uv":[8.9375,15.1875,10.8125,15.21875],"texture":"#mesh_atlas"}}},{"name":"Voxels","from":[-7.5,-15,11],"to":[21.5,4.5,11.5],"faces":{"north":{"uv":[3.5625,14.78125,1.75,16],"texture":"#mesh_atlas"},"east":{"uv":[8.96875,12.5625,8.9375,13.78125],"texture":"#mesh_atlas"},"south":{"uv":[1.75,13.5625,3.5625,14.78125],"texture":"#mesh_atlas"},"west":{"uv":[8.9375,13.78125,8.96875,15],"texture":"#mesh_atlas"},"up":{"uv":[7.125,9.0625,8.9375,9.03125],"texture":"#mesh_atlas"},"down":{"uv":[7.125,9.0625,8.9375,9.09375],"texture":"#mesh_atlas"}}},{"name":"Voxels","from":[-7.5,-15,11.5],"to":[21.5,2,12.5],"faces":{"north":{"uv":[3.5625,12.5,1.75,13.5625],"texture":"#mesh_atlas"},"east":{"uv":[7.375,10.15625,7.3125,11.21875],"texture":"#mesh_atlas"},"south":{"uv":[1.75,11.4375,3.5625,12.5],"texture":"#mesh_atlas"},"west":{"uv":[7.25,10.15625,7.3125,11.21875],"texture":"#mesh_atlas"},"up":{"uv":[7.125,9.84375,8.9375,9.78125],"texture":"#mesh_atlas"},"down":{"uv":[7.125,9.84375,8.9375,9.90625],"texture":"#mesh_atlas"}}},{"name":"Voxels","from":[-7.5,-14.5,12.5],"to":[21.5,2.5,13],"faces":{"north":{"uv":[3.5625,10.375,1.75,11.4375],"texture":"#mesh_atlas"},"east":{"uv":[8.96875,10.4375,8.9375,11.5],"texture":"#mesh_atlas"},"south":{"uv":[1.75,9.3125,3.5625,10.375],"texture":"#mesh_atlas"},"west":{"uv":[8.9375,11.5,8.96875,12.5625],"texture":"#mesh_atlas"},"up":{"uv":[7.125,9,8.9375,8.96875],"texture":"#mesh_atlas"},"down":{"uv":[7.125,9,8.9375,9.03125],"texture":"#mesh_atlas"}}},{"name":"Voxels","from":[-7.5,-13.5,13],"to":[21.5,2.5,13.5],"faces":{"north":{"uv":[3.5625,8.3125,1.75,9.3125],"texture":"#mesh_atlas"},"east":{"uv":[8.96875,8.4375,8.9375,9.4375],"texture":"#mesh_atlas"},"south":{"uv":[3.5625,15,5.375,16],"texture":"#mesh_atlas"},"west":{"uv":[8.9375,9.4375,8.96875,10.4375],"texture":"#mesh_atlas"},"up":{"uv":[7.125,9.15625,8.9375,9.125],"texture":"#mesh_atlas"},"down":{"uv":[7.125,9.21875,8.9375,9.25],"texture":"#mesh_atlas"}}},{"name":"Voxels","from":[-7.5,-9.5,13.5],"to":[21.5,2.5,14],"faces":{"north":{"uv":[5.375,13.5,3.5625,14.25],"texture":"#mesh_atlas"},"east":{"uv":[9.03125,12.4375,9,13.1875],"texture":"#mesh_atlas"},"south":{"uv":[3.5625,14.25,5.375,15],"texture":"#mesh_atlas"},"west":{"uv":[8.96875,12.4375,9,13.1875],"texture":"#mesh_atlas"},"up":{"uv":[7.125,8.96875,8.9375,8.9375],"texture":"#mesh_atlas"},"down":{"uv":[7.125,9.09375,8.9375,9.125],"texture":"#mesh_atlas"}}},{"name":"Voxels","from":[-7.5,-5.5,14],"to":[21.5,2.5,14.5],"faces":{"north":{"uv":[8.9375,15.5,7.125,16],"texture":"#mesh_atlas"},"east":{"uv":[9.03125,9.875,9,10.375],"texture":"#mesh_atlas"},"south":{"uv":[8.9375,15.5,10.75,16],"texture":"#mesh_atlas"},"west":{"uv":[8.96875,9.875,9,10.375],"texture":"#mesh_atlas"},"up":{"uv":[7.125,9.40625,8.9375,9.375],"texture":"#mesh_atlas"},"down":{"uv":[7.125,8.90625,8.9375,8.9375],"texture":"#mesh_atlas"}}},{"name":"Voxels","from":[-7.5,-1.5,14.5],"to":[21.5,2.5,15],"faces":{"north":{"uv":[14.375,15.25,12.5625,15.5],"texture":"#mesh_atlas"},"east":{"uv":[9.125,10.03125,9.09375,10.28125],"texture":"#mesh_atlas"},"south":{"uv":[7.125,14.96875,8.9375,15.21875],"texture":"#mesh_atlas"},"west":{"uv":[9.09375,10.28125,9.125,10.53125],"texture":"#mesh_atlas"},"up":{"uv":[7.125,8.90625,8.9375,8.875],"texture":"#mesh_atlas"},"down":{"uv":[7.125,8.84375,8.9375,8.875],"texture":"#mesh_atlas"}}},{"name":"Voxels","from":[-7.5,2,11.5],"to":[5,4.5,12.5],"faces":{"north":{"uv":[8.84375,12.9375,8.0625,13.09375],"texture":"#mesh_atlas"},"east":{"uv":[9.1875,14.625,9.125,14.78125],"texture":"#mesh_atlas"},"south":{"uv":[15.1875,15.5625,15.96875,15.71875],"texture":"#mesh_atlas"},"west":{"uv":[9.125,14.46875,9.1875,14.625],"texture":"#mesh_atlas"},"up":{"uv":[8.15625,11.125,8.9375,11.0625],"texture":"#mesh_atlas"},"down":{"uv":[7.375,11.0625,8.15625,11.125],"texture":"#mesh_atlas"}}},{"name":"Voxels","from":[-7.5,4.5,11],"to":[-3.5,15.5,11.5],"faces":{"north":{"uv":[6.9375,11.375,6.6875,12.0625],"texture":"#mesh_atlas"},"east":{"uv":[9,11.75,8.96875,12.4375],"texture":"#mesh_atlas"},"south":{"uv":[6.6875,10.6875,6.9375,11.375],"texture":"#mesh_atlas"},"west":{"uv":[9,10.375,9.03125,11.0625],"texture":"#mesh_atlas"},"up":{"uv":[8.0625,12.4375,8.3125,12.40625],"texture":"#mesh_atlas"},"down":{"uv":[15.75,15.21875,16,15.25],"texture":"#mesh_atlas"}}},{"name":"Voxels","from":[-7.5,4.5,11.5],"to":[-3.5,11.5,12],"faces":{"north":{"uv":[8.9375,13.28125,8.6875,13.71875],"texture":"#mesh_atlas"},"east":{"uv":[9.0625,9,9.03125,9.4375],"texture":"#mesh_atlas"},"south":{"uv":[8.4375,13.28125,8.6875,13.71875],"texture":"#mesh_atlas"},"west":{"uv":[9.0625,9,9.09375,9.4375],"texture":"#mesh_atlas"},"up":{"uv":[15.6875,15.1875,15.9375,15.15625],"texture":"#mesh_atlas"},"down":{"uv":[15.75,15.1875,16,15.21875],"texture":"#mesh_atlas"}}},{"name":"Voxels","from":[-7.5,4.5,12],"to":[-3.5,7.5,12.5],"faces":{"north":{"uv":[14.1875,15.53125,13.9375,15.71875],"texture":"#mesh_atlas"},"east":{"uv":[9.1875,9.125,9.15625,9.3125],"texture":"#mesh_atlas"},"south":{"uv":[14.1875,15.53125,14.4375,15.71875],"texture":"#mesh_atlas"},"west":{"uv":[9.125,8.9375,9.15625,9.125],"texture":"#mesh_atlas"},"up":{"uv":[14.90625,14.8125,15.15625,14.78125],"texture":"#mesh_atlas"},"down":{"uv":[15.6875,15.125,15.9375,15.15625],"texture":"#mesh_atlas"}}},{"name":"Voxels","from":[-7.5,15.5,-1.75],"to":[21.5,20,11],"faces":{"north":{"uv":[3.5625,8.03125,1.75,8.3125],"texture":"#mesh_atlas"},"east":{"uv":[15.1875,15.71875,14.5,16],"texture":"#mesh_atlas"},"south":{"uv":[7.125,15.21875,8.9375,15.5],"texture":"#mesh_atlas"},"west":{"uv":[15.1875,15.71875,15.875,16],"texture":"#mesh_atlas"},"up":{"uv":[3.5625,13.5,5.375,12.8125],"texture":"#mesh_atlas"},"down":{"uv":[3.5625,12.125,5.375,12.8125],"texture":"#mesh_atlas"}}},{"name":"Voxels","from":[-7.5,15.5,11.5],"to":[21.5,20,12],"faces":{"north":{"uv":[10.75,15.21875,8.9375,15.5],"texture":"#mesh_atlas"},"east":{"uv":[9.125,13.0625,9.09375,13.34375],"texture":"#mesh_atlas"},"south":{"uv":[10.75,15.21875,12.5625,15.5],"texture":"#mesh_atlas"},"west":{"uv":[9.09375,12.78125,9.125,13.0625],"texture":"#mesh_atlas"},"up":{"uv":[12.5625,15.25,14.375,15.21875],"texture":"#mesh_atlas"},"down":{"uv":[7.125,9.25,8.9375,9.28125],"texture":"#mesh_atlas"}}},{"name":"Voxels","from":[-7.5,15.5,12],"to":[21.5,16,13],"faces":{"north":{"uv":[8.9375,9.15625,7.125,9.1875],"texture":"#mesh_atlas"},"east":{"uv":[8.9375,8.5,8.875,8.53125],"texture":"#mesh_atlas"},"south":{"uv":[7.125,9.1875,8.9375,9.21875],"texture":"#mesh_atlas"},"west":{"uv":[8.875,8.40625,8.9375,8.4375],"texture":"#mesh_atlas"},"up":{"uv":[7.125,9.96875,8.9375,9.90625],"texture":"#mesh_atlas"},"down":{"uv":[7.125,9.96875,8.9375,10.03125],"texture":"#mesh_atlas"}}},{"name":"Voxels","from":[-7.5,16,12],"to":[-5.5,20,12.5],"faces":{"north":{"uv":[16,15.75,15.875,16],"texture":"#mesh_atlas"},"east":{"uv":[9.1875,13.71875,9.15625,13.96875],"texture":"#mesh_atlas"},"south":{"uv":[8.125,10.40625,8.25,10.65625],"texture":"#mesh_atlas"},"west":{"uv":[9.125,13.71875,9.15625,13.96875],"texture":"#mesh_atlas"},"up":{"uv":[8.8125,8.3125,8.9375,8.28125],"texture":"#mesh_atlas"},"down":{"uv":[8.8125,8.25,8.9375,8.28125],"texture":"#mesh_atlas"}}},{"name":"Voxels","from":[-7.5,16,12.5],"to":[-6.5,20,13],"faces":{"north":{"uv":[8.9375,10.40625,8.875,10.65625],"texture":"#mesh_atlas"},"east":{"uv":[9.1875,13.46875,9.15625,13.71875],"texture":"#mesh_atlas"},"south":{"uv":[8.8125,10.15625,8.875,10.40625],"texture":"#mesh_atlas"},"west":{"uv":[9.125,13.46875,9.15625,13.71875],"texture":"#mesh_atlas"},"up":{"uv":[8.875,8.71875,8.9375,8.6875],"texture":"#mesh_atlas"},"down":{"uv":[8.875,8.5625,8.9375,8.59375],"texture":"#mesh_atlas"}}},{"name":"Voxels","from":[-7.5,20,11],"to":[21.5,20.5,11.5],"faces":{"north":{"uv":[8.9375,9.34375,7.125,9.375],"texture":"#mesh_atlas"},"east":{"uv":[9.21875,12.625,9.1875,12.65625],"texture":"#mesh_atlas"},"south":{"uv":[1.75,8,3.5625,8.03125],"texture":"#mesh_atlas"},"west":{"uv":[9.1875,14,9.21875,14.03125],"texture":"#mesh_atlas"},"up":{"uv":[7.125,9.34375,8.9375,9.3125],"texture":"#mesh_atlas"},"down":{"uv":[7.125,9.28125,8.9375,9.3125],"texture":"#mesh_atlas"}}},{"name":"Voxels","from":[-7,-16,11],"to":[21,-15,12],"faces":{"north":{"uv":[8.875,9.46875,7.125,9.53125],"texture":"#mesh_atlas"},"east":{"uv":[8.9375,10.03125,8.875,10.09375],"texture":"#mesh_atlas"},"south":{"uv":[7.125,9.40625,8.875,9.46875],"texture":"#mesh_atlas"},"west":{"uv":[8.3125,10.03125,8.375,10.09375],"texture":"#mesh_atlas"},"up":{"uv":[7.125,9.59375,8.875,9.53125],"texture":"#mesh_atlas"},"down":{"uv":[7.125,9.71875,8.875,9.78125],"texture":"#mesh_atlas"}}},{"name":"Voxels","from":[-7,-16,12],"to":[-6,-15,13],"faces":{"north":{"uv":[7.3125,10.09375,7.25,10.15625],"texture":"#mesh_atlas"},"east":{"uv":[7.9375,10.03125,7.875,10.09375],"texture":"#mesh_atlas"},"south":{"uv":[8.8125,10.03125,8.875,10.09375],"texture":"#mesh_atlas"},"west":{"uv":[8.25,10.03125,8.3125,10.09375],"texture":"#mesh_atlas"},"up":{"uv":[7.3125,10.15625,7.375,10.09375],"texture":"#mesh_atlas"},"down":{"uv":[7.3125,10.03125,7.375,10.09375],"texture":"#mesh_atlas"}}},{"name":"Voxels","from":[-7,-15.5,13],"to":[-6,-13.5,13.5],"faces":{"north":{"uv":[7.125,14.0625,7.0625,14.1875],"texture":"#mesh_atlas"},"east":{"uv":[8.4375,10.03125,8.40625,10.15625],"texture":"#mesh_atlas"},"south":{"uv":[8.875,14.34375,8.9375,14.46875],"texture":"#mesh_atlas"},"west":{"uv":[8.4375,10.03125,8.46875,10.15625],"texture":"#mesh_atlas"},"up":{"uv":[15.84375,14.78125,15.90625,14.75],"texture":"#mesh_atlas"},"down":{"uv":[9.28125,14.71875,9.34375,14.75],"texture":"#mesh_atlas"}}},{"name":"Voxels","from":[-7,-15,-1.75],"to":[21,15.5,1],"faces":{"north":{"uv":[1.75,14.09375,0,16],"texture":"#mesh_atlas"},"east":{"uv":[7.1875,10.03125,7.125,11.9375],"texture":"#mesh_atlas"},"south":{"uv":[0,12.1875,1.75,14.09375],"texture":"#mesh_atlas"},"west":{"uv":[7.1875,10.03125,7.25,11.9375],"texture":"#mesh_atlas"},"up":{"uv":[7.125,9.71875,8.875,9.65625],"texture":"#mesh_atlas"},"down":{"uv":[7.125,9.59375,8.875,9.65625],"texture":"#mesh_atlas"}}},{"name":"Voxels","from":[-7,-15,1],"to":[21,4.5,11],"faces":{"north":{"uv":[1.75,9.75,0,10.96875],"texture":"#mesh_atlas"},"east":{"uv":[6,9.46875,5.375,10.6875],"texture":"#mesh_atlas"},"south":{"uv":[0,10.96875,1.75,12.1875],"texture":"#mesh_atlas"},"west":{"uv":[6,9.46875,6.625,10.6875],"texture":"#mesh_atlas"},"up":{"uv":[5.375,15.375,7.125,14.75],"texture":"#mesh_atlas"},"down":{"uv":[5.375,15.375,7.125,16],"texture":"#mesh_atlas"}}},{"name":"Voxels","from":[-7,-15,12.5],"to":[21,-14.5,13],"faces":{"north":{"uv":[8.875,8.53125,7.125,8.5625],"texture":"#mesh_atlas"},"east":{"uv":[9.21875,12.84375,9.1875,12.875],"texture":"#mesh_atlas"},"south":{"uv":[7.125,8.78125,8.875,8.8125],"texture":"#mesh_atlas"},"west":{"uv":[9.1875,12.71875,9.21875,12.75],"texture":"#mesh_atlas"},"up":{"uv":[7.125,8.5,8.875,8.46875],"texture":"#mesh_atlas"},"down":{"uv":[7.125,8.5,8.875,8.53125],"texture":"#mesh_atlas"}}},{"name":"Voxels","from":[-7,-15,13.5],"to":[-6,-9.5,14],"faces":{"north":{"uv":[8.625,10.0625,8.5625,10.40625],"texture":"#mesh_atlas"},"east":{"uv":[9.0625,8.03125,9.03125,8.375],"texture":"#mesh_atlas"},"south":{"uv":[8.625,10.0625,8.6875,10.40625],"texture":"#mesh_atlas"},"west":{"uv":[9.0625,8.65625,9.09375,9],"texture":"#mesh_atlas"},"up":{"uv":[15.65625,14.78125,15.71875,14.75],"texture":"#mesh_atlas"},"down":{"uv":[15.71875,14.75,15.78125,14.78125],"texture":"#mesh_atlas"}}},{"name":"Voxels","from":[-7,-13.5,14],"to":[-6,-5.5,14.5],"faces":{"north":{"uv":[8.4375,10.15625,8.375,10.65625],"texture":"#mesh_atlas"},"east":{"uv":[9.03125,9.375,9,9.875],"texture":"#mesh_atlas"},"south":{"uv":[8.875,14.46875,8.9375,14.96875],"texture":"#mesh_atlas"},"west":{"uv":[8.96875,9.375,9,9.875],"texture":"#mesh_atlas"},"up":{"uv":[15.15625,14.78125,15.21875,14.75],"texture":"#mesh_atlas"},"down":{"uv":[15.59375,14.75,15.65625,14.78125],"texture":"#mesh_atlas"}}},{"name":"Voxels","from":[-7,-9.5,14.5],"to":[-6,-1.5,15],"faces":{"north":{"uv":[7.0625,8.96875,7,9.46875],"texture":"#mesh_atlas"},"east":{"uv":[9.03125,8.875,9,9.375],"texture":"#mesh_atlas"},"south":{"uv":[8.5,10.15625,8.5625,10.65625],"texture":"#mesh_atlas"},"west":{"uv":[8.96875,8.875,9,9.375],"texture":"#mesh_atlas"},"up":{"uv":[9.125,8.03125,9.1875,8],"texture":"#mesh_atlas"},"down":{"uv":[9.03125,8,9.09375,8.03125],"texture":"#mesh_atlas"}}},{"name":"Voxels","from":[-7,-5.5,15],"to":[-6,3.5,15.5],"faces":{"north":{"uv":[5.375,8.125,5.3125,8.6875],"texture":"#mesh_atlas"},"east":{"uv":[5.375,11.5625,5.34375,12.125],"texture":"#mesh_atlas"},"south":{"uv":[5.25,8.125,5.3125,8.6875],"texture":"#mesh_atlas"},"west":{"uv":[5.34375,10.875,5.375,11.4375],"texture":"#mesh_atlas"},"up":{"uv":[9.125,8.21875,9.1875,8.1875],"texture":"#mesh_atlas"},"down":{"uv":[9.125,8.03125,9.1875,8.0625],"texture":"#mesh_atlas"}}},{"name":"Voxels","from":[-7,-1.5,15.5],"to":[-6,3.5,16],"faces":{"north":{"uv":[8.75,10.09375,8.6875,10.40625],"texture":"#mesh_atlas"},"east":{"uv":[9.09375,8.0625,9.0625,8.375],"texture":"#mesh_atlas"},"south":{"uv":[8.75,10.09375,8.8125,10.40625],"texture":"#mesh_atlas"},"west":{"uv":[9.09375,14.46875,9.125,14.78125],"texture":"#mesh_atlas"},"up":{"uv":[9.125,8.5625,9.1875,8.53125],"texture":"#mesh_atlas"},"down":{"uv":[9.125,8.21875,9.1875,8.25],"texture":"#mesh_atlas"}}},{"name":"Voxels","from":[-7,2.5,12.5],"to":[5,3.5,13],"faces":{"north":{"uv":[8.90625,10.875,8.15625,10.9375],"texture":"#mesh_atlas"},"east":{"uv":[13.9375,15.5,13.90625,15.5625],"texture":"#mesh_atlas"},"south":{"uv":[7.375,10.59375,8.125,10.65625],"texture":"#mesh_atlas"},"west":{"uv":[15.96875,15.5,16,15.5625],"texture":"#mesh_atlas"},"up":{"uv":[12.5625,14.875,13.3125,14.84375],"texture":"#mesh_atlas"},"down":{"uv":[13.3125,14.875,14.0625,14.90625],"texture":"#mesh_atlas"}}},{"name":"Voxels","from":[-7,2.5,13],"to":[-1.5,3,15],"faces":{"north":{"uv":[8.9375,11.28125,8.59375,11.3125],"texture":"#mesh_atlas"},"east":{"uv":[16,15.71875,15.875,15.75],"texture":"#mesh_atlas"},"south":{"uv":[8.59375,11.3125,8.9375,11.34375],"texture":"#mesh_atlas"},"west":{"uv":[8.125,10.09375,8.25,10.125],"texture":"#mesh_atlas"},"up":{"uv":[12.0625,15.625,12.40625,15.5],"texture":"#mesh_atlas"},"down":{"uv":[8.3125,12.5625,8.65625,12.6875],"texture":"#mesh_atlas"}}},{"name":"Voxels","from":[-7,3,13],"to":[-3.5,3.5,15],"faces":{"north":{"uv":[11.3125,14.75,11.09375,14.78125],"texture":"#mesh_atlas"},"east":{"uv":[8.9375,10.09375,8.8125,10.125],"texture":"#mesh_atlas"},"south":{"uv":[10.875,14.75,11.09375,14.78125],"texture":"#mesh_atlas"},"west":{"uv":[8.8125,8.3125,8.9375,8.34375],"texture":"#mesh_atlas"},"up":{"uv":[12.40625,15.625,12.625,15.5],"texture":"#mesh_atlas"},"down":{"uv":[1.5,8,1.71875,8.125],"texture":"#mesh_atlas"}}},{"name":"Voxels","from":[-7,3.5,12.5],"to":[-6,11.5,13],"faces":{"north":{"uv":[7.125,10.875,7.0625,11.375],"texture":"#mesh_atlas"},"east":{"uv":[9.09375,11.03125,9.0625,11.53125],"texture":"#mesh_atlas"},"south":{"uv":[7,10.875,7.0625,11.375],"texture":"#mesh_atlas"},"west":{"uv":[8.96875,8.375,9,8.875],"texture":"#mesh_atlas"},"up":{"uv":[8.875,9.65625,8.9375,9.625],"texture":"#mesh_atlas"},"down":{"uv":[8.875,9.59375,8.9375,9.625],"texture":"#mesh_atlas"}}},{"name":"Voxels","from":[-7,3.5,13],"to":[-6,7.5,13.5],"faces":{"north":{"uv":[9.09375,12.78125,9.03125,13.03125],"texture":"#mesh_atlas"},"east":{"uv":[9.1875,12.21875,9.15625,12.46875],"texture":"#mesh_atlas"},"south":{"uv":[9.03125,12.53125,9.09375,12.78125],"texture":"#mesh_atlas"},"west":{"uv":[9.125,12.21875,9.15625,12.46875],"texture":"#mesh_atlas"},"up":{"uv":[8.875,9.71875,8.9375,9.6875],"texture":"#mesh_atlas"},"down":{"uv":[8.875,9.65625,8.9375,9.6875],"texture":"#mesh_atlas"}}},{"name":"Voxels","from":[-7,4.5,1],"to":[-3,15.5,11],"faces":{"north":{"uv":[8.0625,12.40625,7.84375,13.09375],"texture":"#mesh_atlas"},"east":{"uv":[7,8.78125,6.375,9.46875],"texture":"#mesh_atlas"},"south":{"uv":[7.625,12.40625,7.84375,13.09375],"texture":"#mesh_atlas"},"west":{"uv":[6.375,8.09375,7,8.78125],"texture":"#mesh_atlas"},"up":{"uv":[8.4375,14.96875,8.65625,14.34375],"texture":"#mesh_atlas"},"down":{"uv":[8.65625,14.34375,8.875,14.96875],"texture":"#mesh_atlas"}}},{"name":"Voxels","from":[-7,7.5,12],"to":[-6,15.5,12.5],"faces":{"north":{"uv":[8.375,10.15625,8.3125,10.65625],"texture":"#mesh_atlas"},"east":{"uv":[9.0625,11.03125,9.03125,11.53125],"texture":"#mesh_atlas"},"south":{"uv":[8.25,10.15625,8.3125,10.65625],"texture":"#mesh_atlas"},"west":{"uv":[9.0625,12.03125,9.09375,12.53125],"texture":"#mesh_atlas"},"up":{"uv":[7.0625,8.03125,7.125,8],"texture":"#mesh_atlas"},"down":{"uv":[8.625,10.03125,8.6875,10.0625],"texture":"#mesh_atlas"}}},{"name":"Voxels","from":[-7,11.5,11.5],"to":[-6,15.5,12],"faces":{"north":{"uv":[9.09375,10.78125,9.03125,11.03125],"texture":"#mesh_atlas"},"east":{"uv":[9.125,12.53125,9.09375,12.78125],"texture":"#mesh_atlas"},"south":{"uv":[9.03125,10.53125,9.09375,10.78125],"texture":"#mesh_atlas"},"west":{"uv":[9.125,11.96875,9.15625,12.21875],"texture":"#mesh_atlas"},"up":{"uv":[5.25,10.09375,5.3125,10.0625],"texture":"#mesh_atlas"},"down":{"uv":[7,8,7.0625,8.03125],"texture":"#mesh_atlas"}}},{"name":"Voxels","from":[-7,20,-1.75],"to":[21,20.5,11],"faces":{"north":{"uv":[8.875,8.5625,7.125,8.59375],"texture":"#mesh_atlas"},"east":{"uv":[12.46875,14.8125,11.78125,14.84375],"texture":"#mesh_atlas"},"south":{"uv":[7.125,8.8125,8.875,8.84375],"texture":"#mesh_atlas"},"west":{"uv":[13.3125,14.84375,14,14.875],"texture":"#mesh_atlas"},"up":{"uv":[0,9.75,1.75,9.0625],"texture":"#mesh_atlas"},"down":{"uv":[0,8.375,1.75,9.0625],"texture":"#mesh_atlas"}}},{"name":"Voxels","from":[-7,20,11.5],"to":[21,20.5,12],"faces":{"north":{"uv":[8.875,8.65625,7.125,8.6875],"texture":"#mesh_atlas"},"east":{"uv":[9.21875,13.4375,9.1875,13.46875],"texture":"#mesh_atlas"},"south":{"uv":[7.125,8.6875,8.875,8.71875],"texture":"#mesh_atlas"},"west":{"uv":[9.1875,13.34375,9.21875,13.375],"texture":"#mesh_atlas"},"up":{"uv":[7.125,8.75,8.875,8.71875],"texture":"#mesh_atlas"},"down":{"uv":[7.125,8.75,8.875,8.78125],"texture":"#mesh_atlas"}}},{"name":"Voxels","from":[-7,20,12],"to":[-5.5,20.5,13],"faces":{"north":{"uv":[5.375,10.75,5.28125,10.78125],"texture":"#mesh_atlas"},"east":{"uv":[15.96875,14.75,15.90625,14.78125],"texture":"#mesh_atlas"},"south":{"uv":[5.28125,11.4375,5.375,11.46875],"texture":"#mesh_atlas"},"west":{"uv":[9.21875,14.71875,9.28125,14.75],"texture":"#mesh_atlas"},"up":{"uv":[8.8125,11.59375,8.90625,11.53125],"texture":"#mesh_atlas"},"down":{"uv":[8.8125,11.46875,8.90625,11.53125],"texture":"#mesh_atlas"}}},{"name":"Voxels","from":[-7,20.5,11],"to":[21,21,11.5],"faces":{"north":{"uv":[8.875,8.40625,7.125,8.4375],"texture":"#mesh_atlas"},"east":{"uv":[9.21875,13.53125,9.1875,13.5625],"texture":"#mesh_atlas"},"south":{"uv":[7.125,8.4375,8.875,8.46875],"texture":"#mesh_atlas"},"west":{"uv":[9.1875,13.46875,9.21875,13.5],"texture":"#mesh_atlas"},"up":{"uv":[7.125,8.65625,8.875,8.625],"texture":"#mesh_atlas"},"down":{"uv":[7.125,8.59375,8.875,8.625],"texture":"#mesh_atlas"}}},{"name":"Voxels","from":[-6.5,-15.5,-1.75],"to":[21,-15,11],"faces":{"north":{"uv":[8.84375,8.34375,7.125,8.375],"texture":"#mesh_atlas"},"east":{"uv":[15.21875,14.8125,14.53125,14.84375],"texture":"#mesh_atlas"},"south":{"uv":[7.125,8.375,8.84375,8.40625],"texture":"#mesh_atlas"},"west":{"uv":[11.09375,14.8125,11.78125,14.84375],"texture":"#mesh_atlas"},"up":{"uv":[3.5625,11.4375,5.28125,10.75],"texture":"#mesh_atlas"},"down":{"uv":[3.5625,11.4375,5.28125,12.125],"texture":"#mesh_atlas"}}},{"name":"Voxels","from":[-6.5,19.5,12.5],"to":[-6,20,13],"faces":{"north":{"uv":[9.21875,13.71875,9.1875,13.75],"texture":"#mesh_atlas"},"east":{"uv":[9.21875,13.84375,9.1875,13.875],"texture":"#mesh_atlas"},"south":{"uv":[9.1875,13.78125,9.21875,13.8125],"texture":"#mesh_atlas"},"west":{"uv":[9.1875,13.8125,9.21875,13.84375],"texture":"#mesh_atlas"},"up":{"uv":[9.1875,13.71875,9.21875,13.6875],"texture":"#mesh_atlas"},"down":{"uv":[9.1875,13.5625,9.21875,13.59375],"texture":"#mesh_atlas"}}},{"name":"Voxels","from":[-6.5,20.5,-1.75],"to":[20.5,21,11],"faces":{"north":{"uv":[8.8125,8.0625,7.125,8.09375],"texture":"#mesh_atlas"},"east":{"uv":[15.4375,14.84375,14.75,14.875],"texture":"#mesh_atlas"},"south":{"uv":[7.125,8.09375,8.8125,8.125],"texture":"#mesh_atlas"},"west":{"uv":[9.71875,14.8125,10.40625,14.84375],"texture":"#mesh_atlas"},"up":{"uv":[3.5625,9.375,5.25,8.6875],"texture":"#mesh_atlas"},"down":{"uv":[3.5625,8,5.25,8.6875],"texture":"#mesh_atlas"}}},{"name":"Voxels","from":[-6.5,20.5,11.5],"to":[20.5,21,12],"faces":{"north":{"uv":[8.8125,8.1875,7.125,8.21875],"texture":"#mesh_atlas"},"east":{"uv":[9.21875,13.90625,9.1875,13.9375],"texture":"#mesh_atlas"},"south":{"uv":[7.125,8.21875,8.8125,8.25],"texture":"#mesh_atlas"},"west":{"uv":[9.1875,13.875,9.21875,13.90625],"texture":"#mesh_atlas"},"up":{"uv":[7.125,8.1875,8.8125,8.15625],"texture":"#mesh_atlas"},"down":{"uv":[7.125,8.125,8.8125,8.15625],"texture":"#mesh_atlas"}}},{"name":"Voxels","from":[-6.5,20.5,12],"to":[-3.5,21,13],"faces":{"north":{"uv":[11.6875,14.75,11.5,14.78125],"texture":"#mesh_atlas"},"east":{"uv":[15.28125,14.75,15.21875,14.78125],"texture":"#mesh_atlas"},"south":{"uv":[13.75,14.75,13.9375,14.78125],"texture":"#mesh_atlas"},"west":{"uv":[15.53125,14.75,15.59375,14.78125],"texture":"#mesh_atlas"},"up":{"uv":[8.625,11.53125,8.8125,11.46875],"texture":"#mesh_atlas"},"down":{"uv":[8.65625,12.40625,8.84375,12.46875],"texture":"#mesh_atlas"}}},{"name":"Voxels","from":[-6.5,21,11],"to":[20.5,21.5,11.5],"faces":{"north":{"uv":[8.8125,8.3125,7.125,8.34375],"texture":"#mesh_atlas"},"east":{"uv":[9.21875,14.03125,9.1875,14.0625],"texture":"#mesh_atlas"},"south":{"uv":[7.125,8.28125,8.8125,8.3125],"texture":"#mesh_atlas"},"west":{"uv":[9.1875,13.9375,9.21875,13.96875],"texture":"#mesh_atlas"},"up":{"uv":[7.125,8.28125,8.8125,8.25],"texture":"#mesh_atlas"},"down":{"uv":[10.625,15.09375,12.3125,15.125],"texture":"#mesh_atlas"}}},{"name":"Voxels","from":[-6,-16,-1.75],"to":[21,-15.5,11],"faces":{"north":{"uv":[8.8125,8.03125,7.125,8.0625],"texture":"#mesh_atlas"},"east":{"uv":[15.90625,14.8125,15.21875,14.84375],"texture":"#mesh_atlas"},"south":{"uv":[7.125,8,8.8125,8.03125],"texture":"#mesh_atlas"},"west":{"uv":[14.0625,14.84375,14.75,14.875],"texture":"#mesh_atlas"},"up":{"uv":[3.5625,10.75,5.25,10.0625],"texture":"#mesh_atlas"},"down":{"uv":[3.5625,9.375,5.25,10.0625],"texture":"#mesh_atlas"}}},{"name":"Voxels","from":[-6,-15.5,12],"to":[21,-15,13],"faces":{"north":{"uv":[14.375,15.1875,12.6875,15.21875],"texture":"#mesh_atlas"},"east":{"uv":[14.96875,14.75,14.90625,14.78125],"texture":"#mesh_atlas"},"south":{"uv":[8.9375,15.15625,10.625,15.1875],"texture":"#mesh_atlas"},"west":{"uv":[14.96875,14.75,15.03125,14.78125],"texture":"#mesh_atlas"},"up":{"uv":[7.25,11.875,8.9375,11.8125],"texture":"#mesh_atlas"},"down":{"uv":[7.25,11.875,8.9375,11.9375],"texture":"#mesh_atlas"}}},{"name":"Voxels","from":[-6,-15,13],"to":[21,-13.5,13.5],"faces":{"north":{"uv":[8.8125,12.125,7.125,12.21875],"texture":"#mesh_atlas"},"east":{"uv":[8.9375,12.21875,8.90625,12.3125],"texture":"#mesh_atlas"},"south":{"uv":[7.125,12.3125,8.8125,12.40625],"texture":"#mesh_atlas"},"west":{"uv":[8.90625,12.125,8.9375,12.21875],"texture":"#mesh_atlas"},"up":{"uv":[12.3125,15.1875,14,15.15625],"texture":"#mesh_atlas"},"down":{"uv":[10.625,15.15625,12.3125,15.1875],"texture":"#mesh_atlas"}}},{"name":"Voxels","from":[-6,-13.5,13.5],"to":[21,-12,14],"faces":{"north":{"uv":[8.8125,12.21875,7.125,12.3125],"texture":"#mesh_atlas"},"east":{"uv":[7,8,6.96875,8.09375],"texture":"#mesh_atlas"},"south":{"uv":[7.125,12.03125,8.8125,12.125],"texture":"#mesh_atlas"},"west":{"uv":[8.90625,12.3125,8.9375,12.40625],"texture":"#mesh_atlas"},"up":{"uv":[8.9375,15.15625,10.625,15.125],"texture":"#mesh_atlas"},"down":{"uv":[14,15.15625,15.6875,15.1875],"texture":"#mesh_atlas"}}},{"name":"Voxels","from":[-6,-12,13.5],"to":[-3,-9.5,14],"faces":{"north":{"uv":[7.125,13.40625,6.9375,13.5625],"texture":"#mesh_atlas"},"east":{"uv":[9.15625,8.625,9.125,8.78125],"texture":"#mesh_atlas"},"south":{"uv":[6.9375,11.40625,7.125,11.5625],"texture":"#mesh_atlas"},"west":{"uv":[9.15625,8.78125,9.1875,8.9375],"texture":"#mesh_atlas"},"up":{"uv":[12.8125,14.78125,13,14.75],"texture":"#mesh_atlas"},"down":{"uv":[13,14.75,13.1875,14.78125],"texture":"#mesh_atlas"}}},{"name":"Voxels","from":[-6,-9.5,14],"to":[-3,-5.5,14.5],"faces":{"north":{"uv":[7.125,11.5625,6.9375,11.8125],"texture":"#mesh_atlas"},"east":{"uv":[9.125,12.03125,9.09375,12.28125],"texture":"#mesh_atlas"},"south":{"uv":[6.9375,11.8125,7.125,12.0625],"texture":"#mesh_atlas"},"west":{"uv":[9.09375,12.28125,9.125,12.53125],"texture":"#mesh_atlas"},"up":{"uv":[12.625,14.78125,12.8125,14.75],"texture":"#mesh_atlas"},"down":{"uv":[6.9375,13.375,7.125,13.40625],"texture":"#mesh_atlas"}}},{"name":"Voxels","from":[-6,-5.5,14.5],"to":[-3,-1.5,15],"faces":{"north":{"uv":[7.125,13.8125,6.9375,14.0625],"texture":"#mesh_atlas"},"east":{"uv":[9.125,11.53125,9.09375,11.78125],"texture":"#mesh_atlas"},"south":{"uv":[6.9375,13.5625,7.125,13.8125],"texture":"#mesh_atlas"},"west":{"uv":[9.09375,11.78125,9.125,12.03125],"texture":"#mesh_atlas"},"up":{"uv":[13.5625,14.78125,13.75,14.75],"texture":"#mesh_atlas"},"down":{"uv":[13.1875,14.75,13.375,14.78125],"texture":"#mesh_atlas"}}},{"name":"Voxels","from":[-6,-1.5,15],"to":[-3,3,15.5],"faces":{"north":{"uv":[7.125,14.46875,6.9375,14.75],"texture":"#mesh_atlas"},"east":{"uv":[9.125,13.34375,9.09375,13.625],"texture":"#mesh_atlas"},"south":{"uv":[6.9375,14.1875,7.125,14.46875],"texture":"#mesh_atlas"},"west":{"uv":[9.09375,13.90625,9.125,14.1875],"texture":"#mesh_atlas"},"up":{"uv":[11.3125,14.78125,11.5,14.75],"texture":"#mesh_atlas"},"down":{"uv":[6.9375,11.375,7.125,11.40625],"texture":"#mesh_atlas"}}},{"name":"Voxels","from":[-6,2.5,15.5],"to":[21,3,16],"faces":{"north":{"uv":[15.6875,15.125,14,15.15625],"texture":"#mesh_atlas"},"east":{"uv":[9.21875,14.21875,9.1875,14.25],"texture":"#mesh_atlas"},"south":{"uv":[8.9375,15.09375,10.625,15.125],"texture":"#mesh_atlas"},"west":{"uv":[9.1875,14.125,9.21875,14.15625],"texture":"#mesh_atlas"},"up":{"uv":[12.3125,15.15625,14,15.125],"texture":"#mesh_atlas"},"down":{"uv":[10.625,15.125,12.3125,15.15625],"texture":"#mesh_atlas"}}},{"name":"Voxels","from":[-6,3,15],"to":[-3.5,3.5,16],"faces":{"north":{"uv":[16,15.09375,15.84375,15.125],"texture":"#mesh_atlas"},"east":{"uv":[9.40625,14.71875,9.34375,14.75],"texture":"#mesh_atlas"},"south":{"uv":[14.3125,14.75,14.46875,14.78125],"texture":"#mesh_atlas"},"west":{"uv":[9.40625,14.71875,9.46875,14.75],"texture":"#mesh_atlas"},"up":{"uv":[8.78125,11.75,8.9375,11.6875],"texture":"#mesh_atlas"},"down":{"uv":[8.78125,11.75,8.9375,11.8125],"texture":"#mesh_atlas"}}},{"name":"Voxels","from":[-5.5,21,-1.75],"to":[19.5,21.5,11],"faces":{"north":{"uv":[8.9375,10.75,7.375,10.78125],"texture":"#mesh_atlas"},"east":{"uv":[13.15625,14.8125,12.46875,14.84375],"texture":"#mesh_atlas"},"south":{"uv":[7.375,11.1875,8.9375,11.21875],"texture":"#mesh_atlas"},"west":{"uv":[13.15625,14.8125,13.84375,14.84375],"texture":"#mesh_atlas"},"up":{"uv":[5.375,14.0625,6.9375,13.375],"texture":"#mesh_atlas"},"down":{"uv":[5.375,14.0625,6.9375,14.75],"texture":"#mesh_atlas"}}},{"name":"Voxels","from":[-5.5,21,11.5],"to":[19.5,21.5,12],"faces":{"north":{"uv":[8.9375,10.9375,7.375,10.96875],"texture":"#mesh_atlas"},"east":{"uv":[9.21875,13.0625,9.1875,13.09375],"texture":"#mesh_atlas"},"south":{"uv":[7.375,11.03125,8.9375,11.0625],"texture":"#mesh_atlas"},"west":{"uv":[9.1875,13.03125,9.21875,13.0625],"texture":"#mesh_atlas"},"up":{"uv":[7.375,11.15625,8.9375,11.125],"texture":"#mesh_atlas"},"down":{"uv":[7.375,11.15625,8.9375,11.1875],"texture":"#mesh_atlas"}}},{"name":"Voxels","from":[-5.5,21,12],"to":[-1,21.5,13],"faces":{"north":{"uv":[8.90625,11.40625,8.625,11.4375],"texture":"#mesh_atlas"},"east":{"uv":[8.9375,10.65625,8.875,10.6875],"texture":"#mesh_atlas"},"south":{"uv":[8.625,11.375,8.90625,11.40625],"texture":"#mesh_atlas"},"west":{"uv":[8.5625,10.03125,8.625,10.0625],"texture":"#mesh_atlas"},"up":{"uv":[13.625,15.5625,13.90625,15.5],"texture":"#mesh_atlas"},"down":{"uv":[11.75,15.5,12.03125,15.5625],"texture":"#mesh_atlas"}}},{"name":"Voxels","from":[-5.5,21.5,11],"to":[19.5,22,11.5],"faces":{"north":{"uv":[8.9375,10.84375,7.375,10.875],"texture":"#mesh_atlas"},"east":{"uv":[9.21875,13.1875,9.1875,13.21875],"texture":"#mesh_atlas"},"south":{"uv":[7.375,10.71875,8.9375,10.75],"texture":"#mesh_atlas"},"west":{"uv":[9.1875,13.15625,9.21875,13.1875],"texture":"#mesh_atlas"},"up":{"uv":[7.375,10.8125,8.9375,10.78125],"texture":"#mesh_atlas"},"down":{"uv":[7.375,10.8125,8.9375,10.84375],"texture":"#mesh_atlas"}}},{"name":"Voxels","from":[-4,1.5,15.5],"to":[18,2.5,17],"faces":{"north":{"uv":[8.625,11.53125,7.25,11.59375],"texture":"#mesh_atlas"},"east":{"uv":[5.34375,9.375,5.25,9.4375],"texture":"#mesh_atlas"},"south":{"uv":[7.25,11.34375,8.625,11.40625],"texture":"#mesh_atlas"},"west":{"uv":[5.25,8.6875,5.34375,8.75],"texture":"#mesh_atlas"},"up":{"uv":[14.375,15.5,15.75,15.40625],"texture":"#mesh_atlas"},"down":{"uv":[14.375,15.3125,15.75,15.40625],"texture":"#mesh_atlas"}}},{"name":"Voxels","from":[-4,2.5,16],"to":[18,3,17],"faces":{"north":{"uv":[15.75,15.1875,14.375,15.21875],"texture":"#mesh_atlas"},"east":{"uv":[15.09375,14.75,15.03125,14.78125],"texture":"#mesh_atlas"},"south":{"uv":[12.3125,15.09375,13.6875,15.125],"texture":"#mesh_atlas"},"west":{"uv":[15.09375,14.75,15.15625,14.78125],"texture":"#mesh_atlas"},"up":{"uv":[7.25,11.46875,8.625,11.40625],"texture":"#mesh_atlas"},"down":{"uv":[7.25,11.46875,8.625,11.53125],"texture":"#mesh_atlas"}}},{"name":"Voxels","from":[-4,3,16],"to":[-3.5,4,17],"faces":{"north":{"uv":[9.21875,14.375,9.1875,14.4375],"texture":"#mesh_atlas"},"east":{"uv":[8.125,10.21875,8.0625,10.28125],"texture":"#mesh_atlas"},"south":{"uv":[9.1875,14.4375,9.21875,14.5],"texture":"#mesh_atlas"},"west":{"uv":[8.3125,10.09375,8.375,10.15625],"texture":"#mesh_atlas"},"up":{"uv":[9.15625,8.375,9.1875,8.3125],"texture":"#mesh_atlas"},"down":{"uv":[9.1875,14.5625,9.21875,14.625],"texture":"#mesh_atlas"}}},{"name":"Voxels","from":[-4,3.5,12.5],"to":[5.5,4.5,13],"faces":{"north":{"uv":[7.96875,10.15625,7.375,10.21875],"texture":"#mesh_atlas"},"east":{"uv":[8.9375,10.875,8.90625,10.9375],"texture":"#mesh_atlas"},"south":{"uv":[7.375,10.21875,7.96875,10.28125],"texture":"#mesh_atlas"},"west":{"uv":[8.90625,11.46875,8.9375,11.53125],"texture":"#mesh_atlas"},"up":{"uv":[11.40625,14.8125,12,14.78125],"texture":"#mesh_atlas"},"down":{"uv":[10.8125,14.78125,11.40625,14.8125],"texture":"#mesh_atlas"}}},{"name":"Voxels","from":[-4,3.5,13],"to":[-3.5,4,16],"faces":{"north":{"uv":[9.21875,13.75,9.1875,13.78125],"texture":"#mesh_atlas"},"east":{"uv":[12.0625,14.75,11.875,14.78125],"texture":"#mesh_atlas"},"south":{"uv":[9.1875,13.59375,9.21875,13.625],"texture":"#mesh_atlas"},"west":{"uv":[12.0625,14.75,12.25,14.78125],"texture":"#mesh_atlas"},"up":{"uv":[9.15625,10.625,9.1875,10.4375],"texture":"#mesh_atlas"},"down":{"uv":[9.125,10.25,9.15625,10.4375],"texture":"#mesh_atlas"}}},{"name":"Voxels","from":[-4,4.5,12.5],"to":[-3,7.5,13],"faces":{"north":{"uv":[9.1875,10.25,9.15625,10.4375],"texture":"#mesh_atlas"},"east":{"uv":[9.15625,9.5,9.125,9.6875],"texture":"#mesh_atlas"},"south":{"uv":[9.125,9.125,9.15625,9.3125],"texture":"#mesh_atlas"},"west":{"uv":[9.15625,9.5,9.1875,9.6875],"texture":"#mesh_atlas"},"up":{"uv":[8.90625,11.4375,8.9375,11.40625],"texture":"#mesh_atlas"},"down":{"uv":[9.1875,12.59375,9.21875,12.625],"texture":"#mesh_atlas"}}},{"name":"Voxels","from":[-4,7.5,12],"to":[-3,11.5,12.5],"faces":{"north":{"uv":[9.1875,11.96875,9.15625,12.21875],"texture":"#mesh_atlas"},"east":{"uv":[9.125,8.03125,9.09375,8.28125],"texture":"#mesh_atlas"},"south":{"uv":[9.125,11.71875,9.15625,11.96875],"texture":"#mesh_atlas"},"west":{"uv":[9.125,14.21875,9.15625,14.46875],"texture":"#mesh_atlas"},"up":{"uv":[8.90625,8.1875,8.9375,8.15625],"texture":"#mesh_atlas"},"down":{"uv":[8.90625,11.375,8.9375,11.40625],"texture":"#mesh_atlas"}}},{"name":"Voxels","from":[-4,11.5,11.5],"to":[-3,15.5,12],"faces":{"north":{"uv":[9.125,10.53125,9.09375,10.78125],"texture":"#mesh_atlas"},"east":{"uv":[9.125,11.28125,9.09375,11.53125],"texture":"#mesh_atlas"},"south":{"uv":[9.09375,10.78125,9.125,11.03125],"texture":"#mesh_atlas"},"west":{"uv":[9.09375,11.03125,9.125,11.28125],"texture":"#mesh_atlas"},"up":{"uv":[9.0625,8.0625,9.09375,8.03125],"texture":"#mesh_atlas"},"down":{"uv":[12.53125,14.84375,12.5625,14.875],"texture":"#mesh_atlas"}}},{"name":"Voxels","from":[-3.5,1,15.5],"to":[17.5,1.5,17],"faces":{"north":{"uv":[11.5625,15,10.25,15.03125],"texture":"#mesh_atlas"},"east":{"uv":[15.1875,15.5,15.09375,15.53125],"texture":"#mesh_atlas"},"south":{"uv":[11.5625,15,12.875,15.03125],"texture":"#mesh_atlas"},"west":{"uv":[15,15.5,15.09375,15.53125],"texture":"#mesh_atlas"},"up":{"uv":[7.125,12.03125,8.4375,11.9375],"texture":"#mesh_atlas"},"down":{"uv":[14.375,15.21875,15.6875,15.3125],"texture":"#mesh_atlas"}}},{"name":"Voxels","from":[-3.5,1.5,17],"to":[17.5,4,17.5],"faces":{"north":{"uv":[12.0625,15.5625,10.75,15.71875],"texture":"#mesh_atlas"},"east":{"uv":[16,15.5625,15.96875,15.71875],"texture":"#mesh_atlas"},"south":{"uv":[12.625,15.5625,13.9375,15.71875],"texture":"#mesh_atlas"},"west":{"uv":[9.15625,8.625,9.1875,8.78125],"texture":"#mesh_atlas"},"up":{"uv":[14.1875,15.03125,15.5,15],"texture":"#mesh_atlas"},"down":{"uv":[12.875,15,14.1875,15.03125],"texture":"#mesh_atlas"}}},{"name":"Voxels","from":[-3.5,14.5,1],"to":[21,15.5,11.5],"faces":{"north":{"uv":[8.78125,11.75,7.25,11.8125],"texture":"#mesh_atlas"},"east":{"uv":[8.03125,10.28125,7.375,10.34375],"texture":"#mesh_atlas"},"south":{"uv":[7.25,11.6875,8.78125,11.75],"texture":"#mesh_atlas"},"west":{"uv":[8.25,11.625,8.90625,11.6875],"texture":"#mesh_atlas"},"up":{"uv":[5.375,12.71875,6.90625,12.0625],"texture":"#mesh_atlas"},"down":{"uv":[5.375,12.71875,6.90625,13.375],"texture":"#mesh_atlas"}}},{"name":"Voxels","from":[-3,14.5,11.5],"to":[18,15.5,12],"faces":{"north":{"uv":[8.59375,11.21875,7.25,11.28125],"texture":"#mesh_atlas"},"east":{"uv":[9.21875,14.5,9.1875,14.5625],"texture":"#mesh_atlas"},"south":{"uv":[7.25,11.28125,8.59375,11.34375],"texture":"#mesh_atlas"},"west":{"uv":[9.1875,14.625,9.21875,14.6875],"texture":"#mesh_atlas"},"up":{"uv":[13.6875,15.125,15.03125,15.09375],"texture":"#mesh_atlas"},"down":{"uv":[8.9375,15.0625,10.28125,15.09375],"texture":"#mesh_atlas"}}},{"name":"Voxels","from":[-3.5,21.5,-1.75],"to":[17.5,22,11],"faces":{"north":{"uv":[11.59375,15.0625,10.28125,15.09375],"texture":"#mesh_atlas"},"east":{"uv":[14.75,14.875,14.0625,14.90625],"texture":"#mesh_atlas"},"south":{"uv":[11.59375,15.0625,12.90625,15.09375],"texture":"#mesh_atlas"},"west":{"uv":[10.40625,14.8125,11.09375,14.84375],"texture":"#mesh_atlas"},"up":{"uv":[5.375,11.375,6.6875,10.6875],"texture":"#mesh_atlas"},"down":{"uv":[5.375,11.375,6.6875,12.0625],"texture":"#mesh_atlas"}}},{"name":"Voxels","from":[-3.5,21.5,11.5],"to":[17.5,22,12],"faces":{"north":{"uv":[10.25,15.03125,8.9375,15.0625],"texture":"#mesh_atlas"},"east":{"uv":[9.125,8,9.09375,8.03125],"texture":"#mesh_atlas"},"south":{"uv":[10.25,15.03125,11.5625,15.0625],"texture":"#mesh_atlas"},"west":{"uv":[9.15625,11.21875,9.1875,11.25],"texture":"#mesh_atlas"},"up":{"uv":[14.21875,15.09375,15.53125,15.0625],"texture":"#mesh_atlas"},"down":{"uv":[12.90625,15.0625,14.21875,15.09375],"texture":"#mesh_atlas"}}},{"name":"Voxels","from":[-3.5,21.5,12],"to":[3,22,13],"faces":{"north":{"uv":[8.84375,11.9375,8.4375,11.96875],"texture":"#mesh_atlas"},"east":{"uv":[9.1875,8.375,9.125,8.40625],"texture":"#mesh_atlas"},"south":{"uv":[15.53125,15.0625,15.9375,15.09375],"texture":"#mesh_atlas"},"west":{"uv":[9.125,8.28125,9.1875,8.3125],"texture":"#mesh_atlas"},"up":{"uv":[7.375,10.15625,7.78125,10.09375],"texture":"#mesh_atlas"},"down":{"uv":[7.375,10.03125,7.78125,10.09375],"texture":"#mesh_atlas"}}},{"name":"Voxels","from":[-3.5,22,11],"to":[17.5,22.5,11.5],"faces":{"north":{"uv":[15.5,15.03125,14.1875,15.0625],"texture":"#mesh_atlas"},"east":{"uv":[8.9375,8.125,8.90625,8.15625],"texture":"#mesh_atlas"},"south":{"uv":[8.9375,15,10.25,15.03125],"texture":"#mesh_atlas"},"west":{"uv":[15.96875,14.9375,16,14.96875],"texture":"#mesh_atlas"},"up":{"uv":[12.875,15.0625,14.1875,15.03125],"texture":"#mesh_atlas"},"down":{"uv":[11.5625,15.03125,12.875,15.0625],"texture":"#mesh_atlas"}}},{"name":"Voxels","from":[-3,0,15],"to":[21,3,15.5],"faces":{"north":{"uv":[1.5,8,0,8.1875],"texture":"#mesh_atlas"},"east":{"uv":[9.1875,9.3125,9.15625,9.5],"texture":"#mesh_atlas"},"south":{"uv":[0,8.1875,1.5,8.375],"texture":"#mesh_atlas"},"west":{"uv":[9.125,9.3125,9.15625,9.5],"texture":"#mesh_atlas"},"up":{"uv":[7.375,10.71875,8.875,10.6875],"texture":"#mesh_atlas"},"down":{"uv":[7.375,10.65625,8.875,10.6875],"texture":"#mesh_atlas"}}},{"name":"Voxels","from":[-1,22,-1.75],"to":[15,22.5,11],"faces":{"north":{"uv":[9.96875,14.96875,8.96875,15],"texture":"#mesh_atlas"},"east":{"uv":[9.71875,14.8125,9.03125,14.84375],"texture":"#mesh_atlas"},"south":{"uv":[14.96875,14.9375,15.96875,14.96875],"texture":"#mesh_atlas"},"west":{"uv":[14.75,14.875,15.4375,14.90625],"texture":"#mesh_atlas"},"up":{"uv":[5.375,9.46875,6.375,8.78125],"texture":"#mesh_atlas"},"down":{"uv":[5.375,8.09375,6.375,8.78125],"texture":"#mesh_atlas"}}},{"name":"Voxels","from":[-1,22,11.5],"to":[15,22.5,13],"faces":{"north":{"uv":[12.96875,14.9375,11.96875,14.96875],"texture":"#mesh_atlas"},"east":{"uv":[14.84375,14.75,14.75,14.78125],"texture":"#mesh_atlas"},"south":{"uv":[14.96875,14.96875,15.96875,15],"texture":"#mesh_atlas"},"west":{"uv":[8.84375,8.375,8.9375,8.40625],"texture":"#mesh_atlas"},"up":{"uv":[5.375,8.09375,6.375,8],"texture":"#mesh_atlas"},"down":{"uv":[7.25,11.59375,8.25,11.6875],"texture":"#mesh_atlas"}}},{"name":"Voxels","from":[-1,22.5,11],"to":[15,23,11.5],"faces":{"north":{"uv":[13.96875,14.9375,12.96875,14.96875],"texture":"#mesh_atlas"},"east":{"uv":[9.21875,12.9375,9.1875,12.96875],"texture":"#mesh_atlas"},"south":{"uv":[13.96875,14.9375,14.96875,14.96875],"texture":"#mesh_atlas"},"west":{"uv":[9.1875,12.90625,9.21875,12.9375],"texture":"#mesh_atlas"},"up":{"uv":[11.96875,15,12.96875,14.96875],"texture":"#mesh_atlas"},"down":{"uv":[9.96875,14.96875,10.96875,15],"texture":"#mesh_atlas"}}},{"name":"Voxels","from":[2,4.5,1],"to":[4,14.5,11.5],"faces":{"north":{"uv":[5.3125,9.4375,5.25,10.0625],"texture":"#mesh_atlas"},"east":{"uv":[8.4375,13.09375,7.78125,13.71875],"texture":"#mesh_atlas"},"south":{"uv":[5.3125,8.75,5.375,9.375],"texture":"#mesh_atlas"},"west":{"uv":[7.125,13.09375,7.78125,13.71875],"texture":"#mesh_atlas"},"up":{"uv":[5.28125,11.4375,5.34375,10.78125],"texture":"#mesh_atlas"},"down":{"uv":[5.28125,11.46875,5.34375,12.125],"texture":"#mesh_atlas"}}},{"name":"Voxels","from":[2,4.5,11.5],"to":[4,11.5,12],"faces":{"north":{"uv":[9.03125,14.0625,8.96875,14.5],"texture":"#mesh_atlas"},"east":{"uv":[9.0625,9.65625,9.03125,10.09375],"texture":"#mesh_atlas"},"south":{"uv":[8.96875,13.1875,9.03125,13.625],"texture":"#mesh_atlas"},"west":{"uv":[9.0625,10.09375,9.09375,10.53125],"texture":"#mesh_atlas"},"up":{"uv":[9.59375,14.75,9.65625,14.71875],"texture":"#mesh_atlas"},"down":{"uv":[15.46875,14.75,15.53125,14.78125],"texture":"#mesh_atlas"}}},{"name":"Voxels","from":[2,4.5,12],"to":[4,7.5,12.5],"faces":{"north":{"uv":[8.09375,10.03125,8.03125,10.21875],"texture":"#mesh_atlas"},"east":{"uv":[9.1875,8.9375,9.15625,9.125],"texture":"#mesh_atlas"},"south":{"uv":[9.03125,8.375,9.09375,8.5625],"texture":"#mesh_atlas"},"west":{"uv":[8.09375,10.03125,8.125,10.21875],"texture":"#mesh_atlas"},"up":{"uv":[15.28125,14.78125,15.34375,14.75],"texture":"#mesh_atlas"},"down":{"uv":[15.34375,14.75,15.40625,14.78125],"texture":"#mesh_atlas"}}},{"name":"Voxels","from":[3,22.5,-1.75],"to":[11,23,11],"faces":{"north":{"uv":[15.9375,14.875,15.4375,14.90625],"texture":"#mesh_atlas"},"east":{"uv":[14.53125,14.8125,13.84375,14.84375],"texture":"#mesh_atlas"},"south":{"uv":[15.4375,14.84375,15.9375,14.875],"texture":"#mesh_atlas"},"west":{"uv":[8.25,11.59375,8.9375,11.625],"texture":"#mesh_atlas"},"up":{"uv":[6.625,10.6875,7.125,10],"texture":"#mesh_atlas"},"down":{"uv":[7.125,12.40625,7.625,13.09375],"texture":"#mesh_atlas"}}},{"name":"Voxels","from":[3,22.5,11.5],"to":[11,23,13],"faces":{"north":{"uv":[13.09375,14.78125,12.59375,14.8125],"texture":"#mesh_atlas"},"east":{"uv":[14.65625,14.75,14.5625,14.78125],"texture":"#mesh_atlas"},"south":{"uv":[13.09375,14.78125,13.59375,14.8125],"texture":"#mesh_atlas"},"west":{"uv":[14.65625,14.75,14.75,14.78125],"texture":"#mesh_atlas"},"up":{"uv":[12.0625,15.71875,12.5625,15.625],"texture":"#mesh_atlas"},"down":{"uv":[6.375,8,6.875,8.09375],"texture":"#mesh_atlas"}}},{"name":"Voxels","from":[3,23,11],"to":[11,23.5,11.5],"faces":{"north":{"uv":[16,15,15.5,15.03125],"texture":"#mesh_atlas"},"east":{"uv":[9.21875,14.25,9.1875,14.28125],"texture":"#mesh_atlas"},"south":{"uv":[15.5,14.90625,16,14.9375],"texture":"#mesh_atlas"},"west":{"uv":[9.1875,13.96875,9.21875,14],"texture":"#mesh_atlas"},"up":{"uv":[15.5,15.0625,16,15.03125],"texture":"#mesh_atlas"},"down":{"uv":[13.59375,14.78125,14.09375,14.8125],"texture":"#mesh_atlas"}}},{"name":"Voxels","from":[5,3,11.5],"to":[5.5,4.5,12],"faces":{"north":{"uv":[8.90625,8.03125,8.875,8.125],"texture":"#mesh_atlas"},"east":{"uv":[9.03125,8.03125,9,8.125],"texture":"#mesh_atlas"},"south":{"uv":[8.90625,12.03125,8.9375,12.125],"texture":"#mesh_atlas"},"west":{"uv":[9.0625,8.5625,9.09375,8.65625],"texture":"#mesh_atlas"},"up":{"uv":[9.1875,13.53125,9.21875,13.5],"texture":"#mesh_atlas"},"down":{"uv":[9.15625,11,9.1875,11.03125],"texture":"#mesh_atlas"}}},{"name":"Voxels","from":[5,3.5,12],"to":[5.5,4.5,12.5],"faces":{"north":{"uv":[16,14.84375,15.96875,14.90625],"texture":"#mesh_atlas"},"east":{"uv":[7.96875,10.09375,7.9375,10.15625],"texture":"#mesh_atlas"},"south":{"uv":[15.9375,14.84375,15.96875,14.90625],"texture":"#mesh_atlas"},"west":{"uv":[7.9375,10.03125,7.96875,10.09375],"texture":"#mesh_atlas"},"up":{"uv":[9.1875,12.6875,9.21875,12.65625],"texture":"#mesh_atlas"},"down":{"uv":[8.90625,11.4375,8.9375,11.46875],"texture":"#mesh_atlas"}}},{"name":"Voxels","from":[5.5,3.5,11.5],"to":[21.5,4.5,12],"faces":{"north":{"uv":[11.75,15.5,10.75,15.5625],"texture":"#mesh_atlas"},"east":{"uv":[8.9375,11.625,8.90625,11.6875],"texture":"#mesh_atlas"},"south":{"uv":[12.625,15.5,13.625,15.5625],"texture":"#mesh_atlas"},"west":{"uv":[8.90625,11.53125,8.9375,11.59375],"texture":"#mesh_atlas"},"up":{"uv":[10.96875,14.96875,11.96875,14.9375],"texture":"#mesh_atlas"},"down":{"uv":[12.96875,14.96875,13.96875,15],"texture":"#mesh_atlas"}}},{"name":"Voxels","from":[5.5,4,12],"to":[21.5,4.5,12.5],"faces":{"north":{"uv":[14.96875,14.96875,13.96875,15],"texture":"#mesh_atlas"},"east":{"uv":[9.21875,13.40625,9.1875,13.4375],"texture":"#mesh_atlas"},"south":{"uv":[10.96875,14.96875,11.96875,15],"texture":"#mesh_atlas"},"west":{"uv":[9.1875,13.375,9.21875,13.40625],"texture":"#mesh_atlas"},"up":{"uv":[8.96875,14.96875,9.96875,14.9375],"texture":"#mesh_atlas"},"down":{"uv":[9.96875,14.9375,10.96875,14.96875],"texture":"#mesh_atlas"}}},{"name":"Voxels","from":[5.5,4,12.5],"to":[18,4.5,13],"faces":{"north":{"uv":[15.5,14.90625,14.71875,14.9375],"texture":"#mesh_atlas"},"east":{"uv":[9.21875,13.09375,9.1875,13.125],"texture":"#mesh_atlas"},"south":{"uv":[11,14.875,11.78125,14.90625],"texture":"#mesh_atlas"},"west":{"uv":[9.1875,13.125,9.21875,13.15625],"texture":"#mesh_atlas"},"up":{"uv":[10.21875,14.875,11,14.84375],"texture":"#mesh_atlas"},"down":{"uv":[9.4375,14.875,10.21875,14.90625],"texture":"#mesh_atlas"}}},{"name":"Voxels","from":[8.5,3,11.5],"to":[21.5,3.5,12],"faces":{"north":{"uv":[13.09375,14.90625,12.28125,14.9375],"texture":"#mesh_atlas"},"east":{"uv":[9.21875,12.6875,9.1875,12.71875],"texture":"#mesh_atlas"},"south":{"uv":[11.46875,14.90625,12.28125,14.9375],"texture":"#mesh_atlas"},"west":{"uv":[9.1875,12.75,9.21875,12.78125],"texture":"#mesh_atlas"},"up":{"uv":[13.09375,14.9375,13.90625,14.90625],"texture":"#mesh_atlas"},"down":{"uv":[13.90625,14.90625,14.71875,14.9375],"texture":"#mesh_atlas"}}},{"name":"Voxels","from":[8.5,3.5,12],"to":[21.5,4,12.5],"faces":{"north":{"uv":[9.84375,14.90625,9.03125,14.9375],"texture":"#mesh_atlas"},"east":{"uv":[16,14.96875,15.96875,15],"texture":"#mesh_atlas"},"south":{"uv":[15.03125,15.09375,15.84375,15.125],"texture":"#mesh_atlas"},"west":{"uv":[8.90625,11.34375,8.9375,11.375],"texture":"#mesh_atlas"},"up":{"uv":[9.84375,14.9375,10.65625,14.90625],"texture":"#mesh_atlas"},"down":{"uv":[10.65625,14.90625,11.46875,14.9375],"texture":"#mesh_atlas"}}},{"name":"Voxels","from":[8.5,3.5,12.5],"to":[18,4,13],"faces":{"north":{"uv":[9.625,14.78125,9.03125,14.8125],"texture":"#mesh_atlas"},"east":{"uv":[9.21875,14.28125,9.1875,14.3125],"texture":"#mesh_atlas"},"south":{"uv":[12,14.78125,12.59375,14.8125],"texture":"#mesh_atlas"},"west":{"uv":[15.96875,14.75,16,14.78125],"texture":"#mesh_atlas"},"up":{"uv":[10.21875,14.8125,10.8125,14.78125],"texture":"#mesh_atlas"},"down":{"uv":[9.625,14.78125,10.21875,14.8125],"texture":"#mesh_atlas"}}},{"name":"Voxels","from":[9,2,11.5],"to":[21.5,3,12.5],"faces":{"north":{"uv":[8.15625,10.875,7.375,10.9375],"texture":"#mesh_atlas"},"east":{"uv":[8.9375,13.71875,8.875,13.78125],"texture":"#mesh_atlas"},"south":{"uv":[15.1875,15.5,15.96875,15.5625],"texture":"#mesh_atlas"},"west":{"uv":[8.875,9.71875,8.9375,9.78125],"texture":"#mesh_atlas"},"up":{"uv":[8.15625,11.03125,8.9375,10.96875],"texture":"#mesh_atlas"},"down":{"uv":[7.375,10.96875,8.15625,11.03125],"texture":"#mesh_atlas"}}},{"name":"Voxels","from":[9,2.5,12.5],"to":[21,3.5,13],"faces":{"north":{"uv":[8.125,10.34375,7.375,10.40625],"texture":"#mesh_atlas"},"east":{"uv":[9.21875,14.6875,9.1875,14.75],"texture":"#mesh_atlas"},"south":{"uv":[7.375,10.46875,8.125,10.53125],"texture":"#mesh_atlas"},"west":{"uv":[9.125,8.3125,9.15625,8.375],"texture":"#mesh_atlas"},"up":{"uv":[12.5625,14.90625,13.3125,14.875],"texture":"#mesh_atlas"},"down":{"uv":[11.78125,14.84375,12.53125,14.875],"texture":"#mesh_atlas"}}},{"name":"Voxels","from":[9,3,12],"to":[21.5,3.5,12.5],"faces":{"north":{"uv":[12.5625,14.875,11.78125,14.90625],"texture":"#mesh_atlas"},"east":{"uv":[9.21875,13.21875,9.1875,13.25],"texture":"#mesh_atlas"},"south":{"uv":[9.4375,14.84375,10.21875,14.875],"texture":"#mesh_atlas"},"west":{"uv":[9.1875,13.3125,9.21875,13.34375],"texture":"#mesh_atlas"},"up":{"uv":[11,14.875,11.78125,14.84375],"texture":"#mesh_atlas"},"down":{"uv":[10.21875,14.875,11,14.90625],"texture":"#mesh_atlas"}}},{"name":"Voxels","from":[9.5,4.5,1],"to":[11.5,14.5,11.5],"faces":{"north":{"uv":[5.375,9.4375,5.3125,10.0625],"texture":"#mesh_atlas"},"east":{"uv":[7.78125,14.34375,7.125,14.96875],"texture":"#mesh_atlas"},"south":{"uv":[5.25,8.75,5.3125,9.375],"texture":"#mesh_atlas"},"west":{"uv":[7.78125,14.34375,8.4375,14.96875],"texture":"#mesh_atlas"},"up":{"uv":[5.3125,10.75,5.375,10.09375],"texture":"#mesh_atlas"},"down":{"uv":[5.25,10.09375,5.3125,10.75],"texture":"#mesh_atlas"}}},{"name":"Voxels","from":[9.5,4.5,11.5],"to":[11.5,11.5,12],"faces":{"north":{"uv":[9.03125,14.5,8.96875,14.9375],"texture":"#mesh_atlas"},"east":{"uv":[9.09375,9.65625,9.0625,10.09375],"texture":"#mesh_atlas"},"south":{"uv":[8.96875,13.625,9.03125,14.0625],"texture":"#mesh_atlas"},"west":{"uv":[8.9375,8,8.96875,8.4375],"texture":"#mesh_atlas"},"up":{"uv":[9.53125,14.75,9.59375,14.71875],"texture":"#mesh_atlas"},"down":{"uv":[9.46875,14.71875,9.53125,14.75],"texture":"#mesh_atlas"}}},{"name":"Voxels","from":[9.5,4.5,12],"to":[11.5,7.5,12.5],"faces":{"north":{"uv":[8.03125,10.03125,7.96875,10.21875],"texture":"#mesh_atlas"},"east":{"uv":[9.15625,9.875,9.125,10.0625],"texture":"#mesh_atlas"},"south":{"uv":[7.0625,10.6875,7.125,10.875],"texture":"#mesh_atlas"},"west":{"uv":[9.15625,9.875,9.1875,10.0625],"texture":"#mesh_atlas"},"up":{"uv":[8.875,8.5625,8.9375,8.53125],"texture":"#mesh_atlas"},"down":{"uv":[8.875,8.65625,8.9375,8.6875],"texture":"#mesh_atlas"}}},{"name":"Voxels","from":[11,21.5,12],"to":[17.5,22,13],"faces":{"north":{"uv":[14.90625,14.78125,14.5,14.8125],"texture":"#mesh_atlas"},"east":{"uv":[9.1875,8.40625,9.125,8.4375],"texture":"#mesh_atlas"},"south":{"uv":[14.09375,14.78125,14.5,14.8125],"texture":"#mesh_atlas"},"west":{"uv":[9.125,8.5,9.1875,8.53125],"texture":"#mesh_atlas"},"up":{"uv":[9.03125,14.90625,9.4375,14.84375],"texture":"#mesh_atlas"},"down":{"uv":[8.4375,11.96875,8.84375,12.03125],"texture":"#mesh_atlas"}}},{"name":"Voxels","from":[15,21,12],"to":[19.5,21.5,13],"faces":{"north":{"uv":[8.90625,11.4375,8.625,11.46875],"texture":"#mesh_atlas"},"east":{"uv":[9.1875,8.125,9.125,8.15625],"texture":"#mesh_atlas"},"south":{"uv":[8.625,11.34375,8.90625,11.375],"texture":"#mesh_atlas"},"west":{"uv":[9.125,8.15625,9.1875,8.1875],"texture":"#mesh_atlas"},"up":{"uv":[8.65625,12.875,8.9375,12.8125],"texture":"#mesh_atlas"},"down":{"uv":[8.65625,12.875,8.9375,12.9375],"texture":"#mesh_atlas"}}},{"name":"Voxels","from":[15.5,2.5,13],"to":[21,3,15],"faces":{"north":{"uv":[8.9375,11.25,8.59375,11.28125],"texture":"#mesh_atlas"},"east":{"uv":[8.9375,10.125,8.8125,10.15625],"texture":"#mesh_atlas"},"south":{"uv":[8.59375,11.21875,8.9375,11.25],"texture":"#mesh_atlas"},"west":{"uv":[8.125,10.03125,8.25,10.0625],"texture":"#mesh_atlas"},"up":{"uv":[8.3125,12.8125,8.65625,12.6875],"texture":"#mesh_atlas"},"down":{"uv":[8.3125,12.8125,8.65625,12.9375],"texture":"#mesh_atlas"}}},{"name":"Voxels","from":[17,-12,13.5],"to":[21,-9.5,14],"faces":{"north":{"uv":[8.5625,12.40625,8.3125,12.5625],"texture":"#mesh_atlas"},"east":{"uv":[8.9375,12.53125,8.90625,12.6875],"texture":"#mesh_atlas"},"south":{"uv":[8.65625,12.53125,8.90625,12.6875],"texture":"#mesh_atlas"},"west":{"uv":[9.125,8.78125,9.15625,8.9375],"texture":"#mesh_atlas"},"up":{"uv":[14.5,15.53125,14.75,15.5],"texture":"#mesh_atlas"},"down":{"uv":[14.75,15.5,15,15.53125],"texture":"#mesh_atlas"}}},{"name":"Voxels","from":[17,-9.5,14],"to":[21,-5.5,14.5],"faces":{"north":{"uv":[8.3125,12.6875,8.0625,12.9375],"texture":"#mesh_atlas"},"east":{"uv":[9.1875,11.46875,9.15625,11.71875],"texture":"#mesh_atlas"},"south":{"uv":[15.75,15.25,16,15.5],"texture":"#mesh_atlas"},"west":{"uv":[9.125,11.21875,9.15625,11.46875],"texture":"#mesh_atlas"},"up":{"uv":[13.9375,15.53125,14.1875,15.5],"texture":"#mesh_atlas"},"down":{"uv":[14.1875,15.5,14.4375,15.53125],"texture":"#mesh_atlas"}}},{"name":"Voxels","from":[17,-5.5,14.5],"to":[21,-1.5,15],"faces":{"north":{"uv":[8.3125,12.4375,8.0625,12.6875],"texture":"#mesh_atlas"},"east":{"uv":[9.1875,11.71875,9.15625,11.96875],"texture":"#mesh_atlas"},"south":{"uv":[1.5,8.125,1.75,8.375],"texture":"#mesh_atlas"},"west":{"uv":[9.125,11.46875,9.15625,11.71875],"texture":"#mesh_atlas"},"up":{"uv":[9.9375,14.78125,10.1875,14.75],"texture":"#mesh_atlas"},"down":{"uv":[10.1875,14.75,10.4375,14.78125],"texture":"#mesh_atlas"}}},{"name":"Voxels","from":[17,-1.5,15],"to":[21,0,15.5],"faces":{"north":{"uv":[7.125,9.46875,6.875,9.5625],"texture":"#mesh_atlas"},"east":{"uv":[5.375,10.78125,5.34375,10.875],"texture":"#mesh_atlas"},"south":{"uv":[6.625,9.46875,6.875,9.5625],"texture":"#mesh_atlas"},"west":{"uv":[5.34375,11.46875,5.375,11.5625],"texture":"#mesh_atlas"},"up":{"uv":[9.4375,14.78125,9.6875,14.75],"texture":"#mesh_atlas"},"down":{"uv":[9.6875,14.75,9.9375,14.78125],"texture":"#mesh_atlas"}}},{"name":"Voxels","from":[17.5,3,13],"to":[21,3.5,16],"faces":{"north":{"uv":[10.65625,14.75,10.4375,14.78125],"texture":"#mesh_atlas"},"east":{"uv":[12.4375,14.75,12.25,14.78125],"texture":"#mesh_atlas"},"south":{"uv":[10.65625,14.75,10.875,14.78125],"texture":"#mesh_atlas"},"west":{"uv":[11.6875,14.75,11.875,14.78125],"texture":"#mesh_atlas"},"up":{"uv":[8.6875,13.28125,8.90625,13.09375],"texture":"#mesh_atlas"},"down":{"uv":[8.4375,13.09375,8.65625,13.28125],"texture":"#mesh_atlas"}}},{"name":"Voxels","from":[17.5,3,16],"to":[18,4,17],"faces":{"north":{"uv":[5.375,8.6875,5.34375,8.75],"texture":"#mesh_atlas"},"east":{"uv":[8.3125,10.09375,8.25,10.15625],"texture":"#mesh_atlas"},"south":{"uv":[12.03125,15.5,12.0625,15.5625],"texture":"#mesh_atlas"},"west":{"uv":[8.875,13.78125,8.9375,13.84375],"texture":"#mesh_atlas"},"up":{"uv":[5.34375,9.4375,5.375,9.375],"texture":"#mesh_atlas"},"down":{"uv":[9.1875,14.3125,9.21875,14.375],"texture":"#mesh_atlas"}}},{"name":"Voxels","from":[17.5,3.5,13],"to":[18,4,16],"faces":{"north":{"uv":[9.21875,13.28125,9.1875,13.3125],"texture":"#mesh_atlas"},"east":{"uv":[13.5625,14.75,13.375,14.78125],"texture":"#mesh_atlas"},"south":{"uv":[9.1875,13.25,9.21875,13.28125],"texture":"#mesh_atlas"},"west":{"uv":[12.4375,14.75,12.625,14.78125],"texture":"#mesh_atlas"},"up":{"uv":[8.90625,13.28125,8.9375,13.09375],"texture":"#mesh_atlas"},"down":{"uv":[8.65625,13.09375,8.6875,13.28125],"texture":"#mesh_atlas"}}},{"name":"Voxels","from":[17,4.5,1],"to":[21,14.5,11.5],"faces":{"north":{"uv":[8.65625,13.71875,8.4375,14.34375],"texture":"#mesh_atlas"},"east":{"uv":[7.78125,13.71875,7.125,14.34375],"texture":"#mesh_atlas"},"south":{"uv":[8.65625,13.71875,8.875,14.34375],"texture":"#mesh_atlas"},"west":{"uv":[7.78125,13.71875,8.4375,14.34375],"texture":"#mesh_atlas"},"up":{"uv":[6.90625,12.71875,7.125,12.0625],"texture":"#mesh_atlas"},"down":{"uv":[6.90625,12.71875,7.125,13.375],"texture":"#mesh_atlas"}}},{"name":"Voxels","from":[17.5,4.5,11.5],"to":[21.5,11.5,12],"faces":{"north":{"uv":[7.125,9.5625,6.875,10],"texture":"#mesh_atlas"},"east":{"uv":[9.0625,8.5625,9.03125,9],"texture":"#mesh_atlas"},"south":{"uv":[6.625,9.5625,6.875,10],"texture":"#mesh_atlas"},"west":{"uv":[9.03125,10.09375,9.0625,10.53125],"texture":"#mesh_atlas"},"up":{"uv":[15.65625,14.8125,15.90625,14.78125],"texture":"#mesh_atlas"},"down":{"uv":[9.1875,14.75,9.4375,14.78125],"texture":"#mesh_atlas"}}},{"name":"Voxels","from":[17.5,4.5,12],"to":[21.5,7.5,12.5],"faces":{"north":{"uv":[15,15.53125,14.75,15.71875],"texture":"#mesh_atlas"},"east":{"uv":[9.15625,10.8125,9.125,11],"texture":"#mesh_atlas"},"south":{"uv":[14.5,15.53125,14.75,15.71875],"texture":"#mesh_atlas"},"west":{"uv":[9.15625,11.03125,9.1875,11.21875],"texture":"#mesh_atlas"},"up":{"uv":[15.15625,14.8125,15.40625,14.78125],"texture":"#mesh_atlas"},"down":{"uv":[15.40625,14.78125,15.65625,14.8125],"texture":"#mesh_atlas"}}},{"name":"Voxels","from":[17,4.5,12.5],"to":[18,7.5,13],"faces":{"north":{"uv":[9.1875,10.8125,9.15625,11],"texture":"#mesh_atlas"},"east":{"uv":[9.15625,10.4375,9.125,10.625],"texture":"#mesh_atlas"},"south":{"uv":[9.125,10.625,9.15625,10.8125],"texture":"#mesh_atlas"},"west":{"uv":[9.15625,10.625,9.1875,10.8125],"texture":"#mesh_atlas"},"up":{"uv":[9.1875,13,9.21875,12.96875],"texture":"#mesh_atlas"},"down":{"uv":[9.1875,13,9.21875,13.03125],"texture":"#mesh_atlas"}}},{"name":"Voxels","from":[17,7.5,12],"to":[18,11.5,12.5],"faces":{"north":{"uv":[9.1875,12.46875,9.15625,12.71875],"texture":"#mesh_atlas"},"east":{"uv":[9.15625,12.71875,9.125,12.96875],"texture":"#mesh_atlas"},"south":{"uv":[9.125,12.46875,9.15625,12.71875],"texture":"#mesh_atlas"},"west":{"uv":[9.15625,12.71875,9.1875,12.96875],"texture":"#mesh_atlas"},"up":{"uv":[9.1875,12.59375,9.21875,12.5625],"texture":"#mesh_atlas"},"down":{"uv":[9.1875,12.875,9.21875,12.90625],"texture":"#mesh_atlas"}}},{"name":"Voxels","from":[17,11.5,11.5],"to":[18,14.5,12],"faces":{"north":{"uv":[9.15625,10.0625,9.125,10.25],"texture":"#mesh_atlas"},"east":{"uv":[9.1875,9.6875,9.15625,9.875],"texture":"#mesh_atlas"},"south":{"uv":[9.15625,10.0625,9.1875,10.25],"texture":"#mesh_atlas"},"west":{"uv":[9.125,9.6875,9.15625,9.875],"texture":"#mesh_atlas"},"up":{"uv":[9.1875,12.8125,9.21875,12.78125],"texture":"#mesh_atlas"},"down":{"uv":[9.1875,12.8125,9.21875,12.84375],"texture":"#mesh_atlas"}}},{"name":"Voxels","from":[17.5,20.5,12],"to":[20.5,21,13],"faces":{"north":{"uv":[14.125,14.75,13.9375,14.78125],"texture":"#mesh_atlas"},"east":{"uv":[8.9375,10.6875,8.875,10.71875],"texture":"#mesh_atlas"},"south":{"uv":[14.125,14.75,14.3125,14.78125],"texture":"#mesh_atlas"},"west":{"uv":[5.3125,10.0625,5.375,10.09375],"texture":"#mesh_atlas"},"up":{"uv":[8.625,11.59375,8.8125,11.53125],"texture":"#mesh_atlas"},"down":{"uv":[8.65625,12.46875,8.84375,12.53125],"texture":"#mesh_atlas"}}},{"name":"Voxels","from":[19.5,16,12],"to":[21.5,20,12.5],"faces":{"north":{"uv":[8.6875,10.40625,8.5625,10.65625],"texture":"#mesh_atlas"},"east":{"uv":[9.15625,13.21875,9.125,13.46875],"texture":"#mesh_atlas"},"south":{"uv":[8.125,10.15625,8.25,10.40625],"texture":"#mesh_atlas"},"west":{"uv":[9.15625,12.96875,9.1875,13.21875],"texture":"#mesh_atlas"},"up":{"uv":[8.125,10.15625,8.25,10.125],"texture":"#mesh_atlas"},"down":{"uv":[8.125,10.0625,8.25,10.09375],"texture":"#mesh_atlas"}}},{"name":"Voxels","from":[19.5,20,12],"to":[21,20.5,13],"faces":{"north":{"uv":[8.9375,12.9375,8.84375,12.96875],"texture":"#mesh_atlas"},"east":{"uv":[14.90625,14.75,14.84375,14.78125],"texture":"#mesh_atlas"},"south":{"uv":[8.5625,12.40625,8.65625,12.4375],"texture":"#mesh_atlas"},"west":{"uv":[15.78125,14.75,15.84375,14.78125],"texture":"#mesh_atlas"},"up":{"uv":[7.96875,10.28125,8.0625,10.21875],"texture":"#mesh_atlas"},"down":{"uv":[8.03125,10.28125,8.125,10.34375],"texture":"#mesh_atlas"}}},{"name":"Voxels","from":[20,-16,12],"to":[21,-15.5,13],"faces":{"north":{"uv":[8.9375,9.5625,8.875,9.59375],"texture":"#mesh_atlas"},"east":{"uv":[8.9375,9.46875,8.875,9.5],"texture":"#mesh_atlas"},"south":{"uv":[8.875,9.53125,8.9375,9.5625],"texture":"#mesh_atlas"},"west":{"uv":[8.875,9.5,8.9375,9.53125],"texture":"#mesh_atlas"},"up":{"uv":[7.875,10.15625,7.9375,10.09375],"texture":"#mesh_atlas"},"down":{"uv":[7.25,10.03125,7.3125,10.09375],"texture":"#mesh_atlas"}}},{"name":"Voxels","from":[20,-15.5,13],"to":[21,-15,13.5],"faces":{"north":{"uv":[8.9375,8.8125,8.875,8.84375],"texture":"#mesh_atlas"},"east":{"uv":[9.21875,14.15625,9.1875,14.1875],"texture":"#mesh_atlas"},"south":{"uv":[8.875,8.78125,8.9375,8.8125],"texture":"#mesh_atlas"},"west":{"uv":[9.1875,14.1875,9.21875,14.21875],"texture":"#mesh_atlas"},"up":{"uv":[8.875,9.4375,8.9375,9.40625],"texture":"#mesh_atlas"},"down":{"uv":[8.875,9.4375,8.9375,9.46875],"texture":"#mesh_atlas"}}},{"name":"Voxels","from":[20,-15,13.5],"to":[21,-13.5,14],"faces":{"north":{"uv":[12.625,15.625,12.5625,15.71875],"texture":"#mesh_atlas"},"east":{"uv":[9,8.03125,8.96875,8.125],"texture":"#mesh_atlas"},"south":{"uv":[15.6875,15.21875,15.75,15.3125],"texture":"#mesh_atlas"},"west":{"uv":[8.90625,8.03125,8.9375,8.125],"texture":"#mesh_atlas"},"up":{"uv":[8.875,8.75,8.9375,8.71875],"texture":"#mesh_atlas"},"down":{"uv":[8.875,8.75,8.9375,8.78125],"texture":"#mesh_atlas"}}},{"name":"Voxels","from":[20,-13.5,14],"to":[21,-9.5,14.5],"faces":{"north":{"uv":[8.875,10.40625,8.8125,10.65625],"texture":"#mesh_atlas"},"east":{"uv":[9.125,8.28125,9.09375,8.53125],"texture":"#mesh_atlas"},"south":{"uv":[8.75,10.40625,8.8125,10.65625],"texture":"#mesh_atlas"},"west":{"uv":[9.15625,13.96875,9.1875,14.21875],"texture":"#mesh_atlas"},"up":{"uv":[8.875,8.625,8.9375,8.59375],"texture":"#mesh_atlas"},"down":{"uv":[8.875,8.625,8.9375,8.65625],"texture":"#mesh_atlas"}}},{"name":"Voxels","from":[20,-9.5,14.5],"to":[21,-5.5,15],"faces":{"north":{"uv":[8.75,10.40625,8.6875,10.65625],"texture":"#mesh_atlas"},"east":{"uv":[9.125,9.53125,9.09375,9.78125],"texture":"#mesh_atlas"},"south":{"uv":[8.875,10.15625,8.9375,10.40625],"texture":"#mesh_atlas"},"west":{"uv":[9.09375,9.78125,9.125,10.03125],"texture":"#mesh_atlas"},"up":{"uv":[8.875,8.46875,8.9375,8.4375],"texture":"#mesh_atlas"},"down":{"uv":[8.875,8.46875,8.9375,8.5],"texture":"#mesh_atlas"}}},{"name":"Voxels","from":[20,-5.5,15],"to":[21,-1.5,15.5],"faces":{"north":{"uv":[9.03125,8.125,8.96875,8.375],"texture":"#mesh_atlas"},"east":{"uv":[9.125,9.03125,9.09375,9.28125],"texture":"#mesh_atlas"},"south":{"uv":[9.03125,14.53125,9.09375,14.78125],"texture":"#mesh_atlas"},"west":{"uv":[9.09375,9.28125,9.125,9.53125],"texture":"#mesh_atlas"},"up":{"uv":[15.9375,15.1875,16,15.15625],"texture":"#mesh_atlas"},"down":{"uv":[8.875,8,8.9375,8.03125],"texture":"#mesh_atlas"}}},{"name":"Voxels","from":[20,-1.5,15.5],"to":[21,2.5,16],"faces":{"north":{"uv":[9.09375,14.28125,9.03125,14.53125],"texture":"#mesh_atlas"},"east":{"uv":[9.125,8.53125,9.09375,8.78125],"texture":"#mesh_atlas"},"south":{"uv":[9.03125,14.03125,9.09375,14.28125],"texture":"#mesh_atlas"},"west":{"uv":[9.09375,8.78125,9.125,9.03125],"texture":"#mesh_atlas"},"up":{"uv":[15.9375,15.09375,16,15.0625],"texture":"#mesh_atlas"},"down":{"uv":[15.9375,15.125,16,15.15625],"texture":"#mesh_atlas"}}},{"name":"Voxels","from":[20,3.5,12.5],"to":[21,11.5,13],"faces":{"north":{"uv":[7.125,8.96875,7.0625,9.46875],"texture":"#mesh_atlas"},"east":{"uv":[9.09375,13.53125,9.0625,14.03125],"texture":"#mesh_atlas"},"south":{"uv":[8.4375,10.15625,8.5,10.65625],"texture":"#mesh_atlas"},"west":{"uv":[9.03125,13.53125,9.0625,14.03125],"texture":"#mesh_atlas"},"up":{"uv":[14,14.875,14.0625,14.84375],"texture":"#mesh_atlas"},"down":{"uv":[8.96875,8,9.03125,8.03125],"texture":"#mesh_atlas"}}},{"name":"Voxels","from":[20,3.5,13],"to":[21,7.5,13.5],"faces":{"north":{"uv":[9.09375,13.28125,9.03125,13.53125],"texture":"#mesh_atlas"},"east":{"uv":[9.15625,13.96875,9.125,14.21875],"texture":"#mesh_atlas"},"south":{"uv":[9.03125,13.03125,9.09375,13.28125],"texture":"#mesh_atlas"},"west":{"uv":[9.15625,14.21875,9.1875,14.46875],"texture":"#mesh_atlas"},"up":{"uv":[9.125,8.59375,9.1875,8.5625],"texture":"#mesh_atlas"},"down":{"uv":[9.125,8.59375,9.1875,8.625],"texture":"#mesh_atlas"}}},{"name":"Voxels","from":[20,7.5,12],"to":[21,15.5,12.5],"faces":{"north":{"uv":[8.9375,13.84375,8.875,14.34375],"texture":"#mesh_atlas"},"east":{"uv":[9.0625,12.03125,9.03125,12.53125],"texture":"#mesh_atlas"},"south":{"uv":[6.9375,10.875,7,11.375],"texture":"#mesh_atlas"},"west":{"uv":[9,8.375,9.03125,8.875],"texture":"#mesh_atlas"},"up":{"uv":[9.125,8.46875,9.1875,8.4375],"texture":"#mesh_atlas"},"down":{"uv":[9.125,8.46875,9.1875,8.5],"texture":"#mesh_atlas"}}},{"name":"Voxels","from":[20,11.5,11.5],"to":[21,15.5,12],"faces":{"north":{"uv":[9.09375,11.78125,9.03125,12.03125],"texture":"#mesh_atlas"},"east":{"uv":[9.15625,12.96875,9.125,13.21875],"texture":"#mesh_atlas"},"south":{"uv":[9.03125,11.53125,9.09375,11.78125],"texture":"#mesh_atlas"},"west":{"uv":[9.15625,13.21875,9.1875,13.46875],"texture":"#mesh_atlas"},"up":{"uv":[9.125,8.28125,9.1875,8.25],"texture":"#mesh_atlas"},"down":{"uv":[15.40625,14.75,15.46875,14.78125],"texture":"#mesh_atlas"}}},{"name":"Voxels","from":[20,19.5,12.5],"to":[21.5,20,13],"faces":{"north":{"uv":[16,14.78125,15.90625,14.8125],"texture":"#mesh_atlas"},"east":{"uv":[9.21875,14.0625,9.1875,14.09375],"texture":"#mesh_atlas"},"south":{"uv":[14.46875,14.75,14.5625,14.78125],"texture":"#mesh_atlas"},"west":{"uv":[9.1875,14.09375,9.21875,14.125],"texture":"#mesh_atlas"},"up":{"uv":[8.8125,8.1875,8.90625,8.15625],"texture":"#mesh_atlas"},"down":{"uv":[8.84375,8.34375,8.9375,8.375],"texture":"#mesh_atlas"}}},{"name":"Voxels","from":[20.5,16,12.5],"to":[21.5,19.5,13],"faces":{"north":{"uv":[9.09375,9.4375,9.03125,9.65625],"texture":"#mesh_atlas"},"east":{"uv":[9.15625,11,9.125,11.21875],"texture":"#mesh_atlas"},"south":{"uv":[14.4375,15.5,14.5,15.71875],"texture":"#mesh_atlas"},"west":{"uv":[9.15625,11.25,9.1875,11.46875],"texture":"#mesh_atlas"},"up":{"uv":[9.125,8.09375,9.1875,8.0625],"texture":"#mesh_atlas"},"down":{"uv":[9.125,8.09375,9.1875,8.125],"texture":"#mesh_atlas"}}},{"name":"Voxels","from":[21,-0.5,10.5],"to":[23,1.5,11],"faces":{"north":{"uv":[5.375,8,5.25,8.125],"texture":"#mesh_atlas"},"east":{"uv":[8.9375,12.6875,8.90625,12.8125],"texture":"#mesh_atlas"},"south":{"uv":[6.9375,14.0625,7.0625,14.1875],"texture":"#mesh_atlas"},"west":{"uv":[1.71875,8,1.75,8.125],"texture":"#mesh_atlas"},"up":{"uv":[8.8125,8.21875,8.9375,8.1875],"texture":"#mesh_atlas"},"down":{"uv":[8.8125,8.21875,8.9375,8.25],"texture":"#mesh_atlas"}}},{"name":"Voxels","from":[21,4.5,11],"to":[21.5,15.5,11.5],"faces":{"north":{"uv":[9.03125,11.75,9,12.4375],"texture":"#mesh_atlas"},"east":{"uv":[9,10.375,8.96875,11.0625],"texture":"#mesh_atlas"},"south":{"uv":[8.96875,11.0625,9,11.75],"texture":"#mesh_atlas"},"west":{"uv":[9,11.0625,9.03125,11.75],"texture":"#mesh_atlas"},"up":{"uv":[9.1875,13.65625,9.21875,13.625],"texture":"#mesh_atlas"},"down":{"uv":[9.1875,13.65625,9.21875,13.6875],"texture":"#mesh_atlas"}}},{"name":"Voxels","from":[21.5,-1,11],"to":[23,2,13],"faces":{"north":{"uv":[15.09375,15.53125,15,15.71875],"texture":"#mesh_atlas"},"east":{"uv":[7.125,8.78125,7,8.96875],"texture":"#mesh_atlas"},"south":{"uv":[15.09375,15.53125,15.1875,15.71875],"texture":"#mesh_atlas"},"west":{"uv":[6.9375,10.6875,7.0625,10.875],"texture":"#mesh_atlas"},"up":{"uv":[8.84375,13.09375,8.9375,12.96875],"texture":"#mesh_atlas"},"down":{"uv":[8.5625,12.4375,8.65625,12.5625],"texture":"#mesh_atlas"}}},{"name":"Voxels","from":[21.5,-0.5,13],"to":[23,1.5,13.5],"faces":{"north":{"uv":[8.9375,12.40625,8.84375,12.53125],"texture":"#mesh_atlas"},"east":{"uv":[8.40625,10.03125,8.375,10.15625],"texture":"#mesh_atlas"},"south":{"uv":[7.78125,10.03125,7.875,10.15625],"texture":"#mesh_atlas"},"west":{"uv":[8.84375,8,8.875,8.125],"texture":"#mesh_atlas"},"up":{"uv":[15.90625,14.84375,16,14.8125],"texture":"#mesh_atlas"},"down":{"uv":[8.8125,8.125,8.90625,8.15625],"texture":"#mesh_atlas"}}},{"name":"Voxels","from":[23,-0.5,11],"to":[23.5,1.5,13],"faces":{"north":{"uv":[8.5625,10.03125,8.53125,10.15625],"texture":"#mesh_atlas"},"east":{"uv":[8.90625,12.6875,8.78125,12.8125],"texture":"#mesh_atlas"},"south":{"uv":[8.8125,8,8.84375,8.125],"texture":"#mesh_atlas"},"west":{"uv":[8.65625,12.6875,8.78125,12.8125],"texture":"#mesh_atlas"},"up":{"uv":[8.5,10.15625,8.53125,10.03125],"texture":"#mesh_atlas"},"down":{"uv":[8.46875,10.03125,8.5,10.15625],"texture":"#mesh_atlas"}}},{"name":"Voxels","from":[22,0.5,12.5],"to":[22.75,1.5,24.5],"rotation":{"angle":-45,"axis":"x","origin":[22,0.5,12.5]},"faces":{"north":{"uv":[8.75,10.03125,8.6875,10.09375],"texture":"#mesh_atlas"},"east":{"uv":[8.125,10.40625,7.375,10.46875],"texture":"#mesh_atlas"},"south":{"uv":[8.75,10.03125,8.8125,10.09375],"texture":"#mesh_atlas"},"west":{"uv":[7.375,10.53125,8.125,10.59375],"texture":"#mesh_atlas"},"up":{"uv":[7,8.78125,7.0625,8.03125],"texture":"#mesh_atlas"},"down":{"uv":[7.0625,8.03125,7.125,8.78125],"texture":"#mesh_atlas"}}},{"name":"Voxels","from":[21.5,9.5,19.75],"to":[23.25,11,21.25],"rotation":{"angle":45,"axis":"x","origin":[21.5,9.5,19.75]},"faces":{"north":{"uv":[8.90625,12.03125,8.8125,12.125],"texture":"#mesh_atlas"},"east":{"uv":[8.90625,12.3125,8.8125,12.40625],"texture":"#mesh_atlas"},"south":{"uv":[8.84375,11.9375,8.9375,12.03125],"texture":"#mesh_atlas"},"west":{"uv":[6.875,8,6.96875,8.09375],"texture":"#mesh_atlas"},"up":{"uv":[8.8125,12.21875,8.90625,12.125],"texture":"#mesh_atlas"},"down":{"uv":[8.8125,12.21875,8.90625,12.3125],"texture":"#mesh_atlas"}}}],"gui_light":"front"}