{
	"format_version": "1.21.6",
	"credit": "Made with Blockbench",
	"texture_size": [32, 32],
	"textures": {
		"0": "item/flans/weapons/melee/dumbell",
		"particle": "item/flans/weapons/melee/dumbell"
	},
	"elements": [
		{
			"name": "dumbell_0",
			"from": [5, 9, 0],
			"to": [7, 15, 1],
			"faces": {
				"north": {"uv": [7, 1, 5, 7], "texture": "#0"},
				"east": {"uv": [6, 1, 7, 7], "texture": "#0"},
				"south": {"uv": [5, 1, 7, 7], "texture": "#0"},
				"west": {"uv": [5, 1, 6, 7], "texture": "#0"},
				"up": {"uv": [5, 1, 7, 2], "texture": "#0"},
				"down": {"uv": [5, 6, 7, 7], "texture": "#0"}
			}
		},
		{
			"name": "dumbell_1",
			"from": [4, 8, 0],
			"to": [5, 14, 1],
			"faces": {
				"north": {"uv": [5, 2, 4, 8], "texture": "#0"},
				"east": {"uv": [4, 2, 5, 8], "texture": "#0"},
				"south": {"uv": [4, 2, 5, 8], "texture": "#0"},
				"west": {"uv": [4, 2, 5, 8], "texture": "#0"},
				"up": {"uv": [4, 2, 5, 3], "texture": "#0"},
				"down": {"uv": [4, 7, 5, 8], "texture": "#0"}
			}
		},
		{
			"name": "dumbell_2",
			"from": [7, 11, 0],
			"to": [8, 14, 1],
			"faces": {
				"north": {"uv": [8, 2, 7, 5], "texture": "#0"},
				"east": {"uv": [7, 2, 8, 5], "texture": "#0"},
				"south": {"uv": [7, 2, 8, 5], "texture": "#0"},
				"west": {"uv": [7, 2, 8, 5], "texture": "#0"},
				"up": {"uv": [7, 2, 8, 3], "texture": "#0"},
				"down": {"uv": [7, 4, 8, 5], "texture": "#0"}
			}
		},
		{
			"name": "dumbell_3",
			"from": [3, 7, 0],
			"to": [4, 13, 1],
			"faces": {
				"north": {"uv": [4, 3, 3, 9], "texture": "#0"},
				"east": {"uv": [3, 3, 4, 9], "texture": "#0"},
				"south": {"uv": [3, 3, 4, 9], "texture": "#0"},
				"west": {"uv": [3, 3, 4, 9], "texture": "#0"},
				"up": {"uv": [3, 3, 4, 4], "texture": "#0"},
				"down": {"uv": [3, 8, 4, 9], "texture": "#0"}
			}
		},
		{
			"name": "dumbell_4",
			"from": [8, 12, 0],
			"to": [9, 13, 1],
			"faces": {
				"north": {"uv": [9, 3, 8, 4], "texture": "#0"},
				"east": {"uv": [8, 3, 9, 4], "texture": "#0"},
				"south": {"uv": [8, 3, 9, 4], "texture": "#0"},
				"west": {"uv": [8, 3, 9, 4], "texture": "#0"},
				"up": {"uv": [8, 3, 9, 4], "texture": "#0"},
				"down": {"uv": [8, 3, 9, 4], "texture": "#0"}
			}
		},
		{
			"name": "dumbell_5",
			"from": [2, 8, 0],
			"to": [3, 12, 1],
			"faces": {
				"north": {"uv": [3, 4, 2, 8], "texture": "#0"},
				"east": {"uv": [2, 4, 3, 8], "texture": "#0"},
				"south": {"uv": [2, 4, 3, 8], "texture": "#0"},
				"west": {"uv": [2, 4, 3, 8], "texture": "#0"},
				"up": {"uv": [2, 4, 3, 5], "texture": "#0"},
				"down": {"uv": [2, 7, 3, 8], "texture": "#0"}
			}
		},
		{
			"name": "dumbell_6",
			"from": [1, 9, 0],
			"to": [2, 11, 1],
			"faces": {
				"north": {"uv": [2, 5, 1, 7], "texture": "#0"},
				"east": {"uv": [1, 5, 2, 7], "texture": "#0"},
				"south": {"uv": [1, 5, 2, 7], "texture": "#0"},
				"west": {"uv": [1, 5, 2, 7], "texture": "#0"},
				"up": {"uv": [1, 5, 2, 6], "texture": "#0"},
				"down": {"uv": [1, 6, 2, 7], "texture": "#0"}
			}
		},
		{
			"name": "dumbell_7",
			"from": [7, 7, 0],
			"to": [8, 10, 1],
			"faces": {
				"north": {"uv": [8, 6, 7, 9], "texture": "#0"},
				"east": {"uv": [7, 6, 8, 9], "texture": "#0"},
				"south": {"uv": [7, 6, 8, 9], "texture": "#0"},
				"west": {"uv": [7, 6, 8, 9], "texture": "#0"},
				"up": {"uv": [7, 6, 8, 7], "texture": "#0"},
				"down": {"uv": [7, 8, 8, 9], "texture": "#0"}
			}
		},
		{
			"name": "dumbell_8",
			"from": [6, 8, 0],
			"to": [7, 9, 1],
			"faces": {
				"north": {"uv": [7, 7, 6, 8], "texture": "#0"},
				"east": {"uv": [6, 7, 7, 8], "texture": "#0"},
				"south": {"uv": [6, 7, 7, 8], "texture": "#0"},
				"west": {"uv": [6, 7, 7, 8], "texture": "#0"},
				"up": {"uv": [6, 7, 7, 8], "texture": "#0"},
				"down": {"uv": [6, 7, 7, 8], "texture": "#0"}
			}
		},
		{
			"name": "dumbell_9",
			"from": [8, 6, 0],
			"to": [9, 9, 1],
			"faces": {
				"north": {"uv": [9, 7, 8, 10], "texture": "#0"},
				"east": {"uv": [8, 7, 9, 10], "texture": "#0"},
				"south": {"uv": [8, 7, 9, 10], "texture": "#0"},
				"west": {"uv": [8, 7, 9, 10], "texture": "#0"},
				"up": {"uv": [8, 7, 9, 8], "texture": "#0"},
				"down": {"uv": [8, 9, 9, 10], "texture": "#0"}
			}
		},
		{
			"name": "dumbell_10",
			"from": [9, 5, 0],
			"to": [10, 8, 1],
			"faces": {
				"north": {"uv": [10, 8, 9, 11], "texture": "#0"},
				"east": {"uv": [9, 8, 10, 11], "texture": "#0"},
				"south": {"uv": [9, 8, 10, 11], "texture": "#0"},
				"west": {"uv": [9, 8, 10, 11], "texture": "#0"},
				"up": {"uv": [9, 8, 10, 9], "texture": "#0"},
				"down": {"uv": [9, 10, 10, 11], "texture": "#0"}
			}
		},
		{
			"name": "dumbell_11",
			"from": [13, 2, 0],
			"to": [14, 8, 1],
			"faces": {
				"north": {"uv": [14, 8, 13, 14], "texture": "#0"},
				"east": {"uv": [13, 8, 14, 14], "texture": "#0"},
				"south": {"uv": [13, 8, 14, 14], "texture": "#0"},
				"west": {"uv": [13, 8, 14, 14], "texture": "#0"},
				"up": {"uv": [13, 8, 14, 9], "texture": "#0"},
				"down": {"uv": [13, 13, 14, 14], "texture": "#0"}
			}
		},
		{
			"name": "dumbell_12",
			"from": [10, 0, 0],
			"to": [11, 7, 1],
			"faces": {
				"north": {"uv": [11, 9, 10, 16], "texture": "#0"},
				"east": {"uv": [10, 9, 11, 16], "texture": "#0"},
				"south": {"uv": [10, 9, 11, 16], "texture": "#0"},
				"west": {"uv": [10, 9, 11, 16], "texture": "#0"},
				"up": {"uv": [10, 9, 11, 10], "texture": "#0"},
				"down": {"uv": [10, 15, 11, 16], "texture": "#0"}
			}
		},
		{
			"name": "dumbell_13",
			"from": [12, 1, 0],
			"to": [13, 7, 1],
			"faces": {
				"north": {"uv": [13, 9, 12, 15], "texture": "#0"},
				"east": {"uv": [12, 9, 13, 15], "texture": "#0"},
				"south": {"uv": [12, 9, 13, 15], "texture": "#0"},
				"west": {"uv": [12, 9, 13, 15], "texture": "#0"},
				"up": {"uv": [12, 9, 13, 10], "texture": "#0"},
				"down": {"uv": [12, 14, 13, 15], "texture": "#0"}
			}
		},
		{
			"name": "dumbell_14",
			"from": [14, 3, 0],
			"to": [15, 7, 1],
			"faces": {
				"north": {"uv": [15, 9, 14, 13], "texture": "#0"},
				"east": {"uv": [14, 9, 15, 13], "texture": "#0"},
				"south": {"uv": [14, 9, 15, 13], "texture": "#0"},
				"west": {"uv": [14, 9, 15, 13], "texture": "#0"},
				"up": {"uv": [14, 9, 15, 10], "texture": "#0"},
				"down": {"uv": [14, 12, 15, 13], "texture": "#0"}
			}
		},
		{
			"name": "dumbell_15",
			"from": [11, 0, 0],
			"to": [12, 6, 1],
			"faces": {
				"north": {"uv": [12, 10, 11, 16], "texture": "#0"},
				"east": {"uv": [11, 10, 12, 16], "texture": "#0"},
				"south": {"uv": [11, 10, 12, 16], "texture": "#0"},
				"west": {"uv": [11, 10, 12, 16], "texture": "#0"},
				"up": {"uv": [11, 10, 12, 11], "texture": "#0"},
				"down": {"uv": [11, 15, 12, 16], "texture": "#0"}
			}
		},
		{
			"name": "dumbell_16",
			"from": [15, 4, 0],
			"to": [16, 6, 1],
			"faces": {
				"north": {"uv": [16, 10, 15, 12], "texture": "#0"},
				"east": {"uv": [15, 10, 16, 12], "texture": "#0"},
				"south": {"uv": [15, 10, 16, 12], "texture": "#0"},
				"west": {"uv": [15, 10, 16, 12], "texture": "#0"},
				"up": {"uv": [15, 10, 16, 11], "texture": "#0"},
				"down": {"uv": [15, 11, 16, 12], "texture": "#0"}
			}
		},
		{
			"name": "dumbell_17",
			"from": [9, 1, 0],
			"to": [10, 4, 1],
			"faces": {
				"north": {"uv": [10, 12, 9, 15], "texture": "#0"},
				"east": {"uv": [9, 12, 10, 15], "texture": "#0"},
				"south": {"uv": [9, 12, 10, 15], "texture": "#0"},
				"west": {"uv": [9, 12, 10, 15], "texture": "#0"},
				"up": {"uv": [9, 12, 10, 13], "texture": "#0"},
				"down": {"uv": [9, 14, 10, 15], "texture": "#0"}
			}
		},
		{
			"name": "dumbell_18",
			"from": [8, 2, 0],
			"to": [9, 3, 1],
			"faces": {
				"north": {"uv": [9, 13, 8, 14], "texture": "#0"},
				"east": {"uv": [8, 13, 9, 14], "texture": "#0"},
				"south": {"uv": [8, 13, 9, 14], "texture": "#0"},
				"west": {"uv": [8, 13, 9, 14], "texture": "#0"},
				"up": {"uv": [8, 13, 9, 14], "texture": "#0"},
				"down": {"uv": [8, 13, 9, 14], "texture": "#0"}
			}
		}
	],
	"gui_light": "front",
	"display": {
		"thirdperson_righthand": {
			"rotation": [45, -90, 0],
			"translation": [-5.75, -1.25, 0.25],
			"scale": [0.8, 0.8, 0.8]
		},
		"thirdperson_lefthand": {
			"rotation": [45, 90, 0],
			"translation": [5.75, -1.25, 0],
			"scale": [0.8, 0.8, 0.8]
		},
		"firstperson_righthand": {
			"rotation": [90, -90, 35],
			"translation": [-2.75, 3.75, -2.5],
			"scale": [0.8, 0.8, 0.8]
		},
		"firstperson_lefthand": {
			"rotation": [90, 90, -35],
			"translation": [8.25, 4, -1.5],
			"scale": [0.8, 0.8, 0.8]
		},
		"ground": {
			"translation": [0, 3.5, 1.5],
			"scale": [0.8, 0.8, 0.8]
		},
		"gui": {
			"rotation": [14, -180, 0],
			"translation": [0.31, 1.75, 0]
		},
		"head": {
			"translation": [0, 13, 2]
		},
		"fixed": {
			"rotation": [1, -3, 90],
			"translation": [-0.25, -0.25, 7.5]
		}
	},
	"groups": [
		{
			"name": "dumbell",
			"origin": [8, 8, 8],
			"color": 0,
			"children": [0, 1, 2, 3, 4, 5, 6, 7, 8, 9, 10, 11, 12, 13, 14, 15, 16, 17, 18]
		}
	]
}