{
	"format_version": "1.21.6",
	"credit": "Made with Blockbench",
	"texture_size": [64, 64],
	"textures": {
		"0": "item/flans/weapons/mg/combat_mg",
		"particle": "item/flans/weapons/mg/combat_mg"
	},
	"elements": [
		{
			"name": "combat_mg_0",
			"from": [0, 15, 0],
			"to": [2, 16, 1],
			"faces": {
				"north": {"uv": [2, 0, 0, 1], "texture": "#0"},
				"east": {"uv": [1, 0, 2, 1], "texture": "#0"},
				"south": {"uv": [0, 0, 2, 1], "texture": "#0"},
				"west": {"uv": [0, 0, 1, 1], "texture": "#0"},
				"up": {"uv": [0, 0, 2, 1], "texture": "#0"},
				"down": {"uv": [0, 0, 2, 1], "texture": "#0"}
			}
		},
		{
			"name": "combat_mg_1",
			"from": [1, 14, 0],
			"to": [3, 15, 1],
			"faces": {
				"north": {"uv": [3, 1, 1, 2], "texture": "#0"},
				"east": {"uv": [2, 1, 3, 2], "texture": "#0"},
				"south": {"uv": [1, 1, 3, 2], "texture": "#0"},
				"west": {"uv": [1, 1, 2, 2], "texture": "#0"},
				"up": {"uv": [1, 1, 3, 2], "texture": "#0"},
				"down": {"uv": [1, 1, 3, 2], "texture": "#0"}
			}
		},
		{
			"name": "combat_mg_2",
			"from": [2, 12, 0],
			"to": [4, 14, 1],
			"faces": {
				"north": {"uv": [4, 2, 2, 4], "texture": "#0"},
				"east": {"uv": [3, 2, 4, 4], "texture": "#0"},
				"south": {"uv": [2, 2, 4, 4], "texture": "#0"},
				"west": {"uv": [2, 2, 3, 4], "texture": "#0"},
				"up": {"uv": [2, 2, 4, 3], "texture": "#0"},
				"down": {"uv": [2, 3, 4, 4], "texture": "#0"}
			}
		},
		{
			"name": "combat_mg_3",
			"from": [4, 8, 0],
			"to": [5, 13, 1],
			"faces": {
				"north": {"uv": [5, 3, 4, 8], "texture": "#0"},
				"east": {"uv": [4, 3, 5, 8], "texture": "#0"},
				"south": {"uv": [4, 3, 5, 8], "texture": "#0"},
				"west": {"uv": [4, 3, 5, 8], "texture": "#0"},
				"up": {"uv": [4, 3, 5, 4], "texture": "#0"},
				"down": {"uv": [4, 7, 5, 8], "texture": "#0"}
			}
		},
		{
			"name": "combat_mg_4",
			"from": [3, 11, 0],
			"to": [4, 12, 1],
			"faces": {
				"north": {"uv": [4, 4, 3, 5], "texture": "#0"},
				"east": {"uv": [3, 4, 4, 5], "texture": "#0"},
				"south": {"uv": [3, 4, 4, 5], "texture": "#0"},
				"west": {"uv": [3, 4, 4, 5], "texture": "#0"},
				"up": {"uv": [3, 4, 4, 5], "texture": "#0"},
				"down": {"uv": [3, 4, 4, 5], "texture": "#0"}
			}
		},
		{
			"name": "combat_mg_5",
			"from": [5, 9, 0],
			"to": [6, 12, 1],
			"faces": {
				"north": {"uv": [6, 4, 5, 7], "texture": "#0"},
				"east": {"uv": [5, 4, 6, 7], "texture": "#0"},
				"south": {"uv": [5, 4, 6, 7], "texture": "#0"},
				"west": {"uv": [5, 4, 6, 7], "texture": "#0"},
				"up": {"uv": [5, 4, 6, 5], "texture": "#0"},
				"down": {"uv": [5, 6, 6, 7], "texture": "#0"}
			}
		},
		{
			"name": "combat_mg_6",
			"from": [2, 8, 0],
			"to": [3, 11, 1],
			"faces": {
				"north": {"uv": [3, 5, 2, 8], "texture": "#0"},
				"east": {"uv": [2, 5, 3, 8], "texture": "#0"},
				"south": {"uv": [2, 5, 3, 8], "texture": "#0"},
				"west": {"uv": [2, 5, 3, 8], "texture": "#0"},
				"up": {"uv": [2, 5, 3, 6], "texture": "#0"},
				"down": {"uv": [2, 7, 3, 8], "texture": "#0"}
			}
		},
		{
			"name": "combat_mg_7",
			"from": [6, 8, 0],
			"to": [7, 11, 1],
			"faces": {
				"north": {"uv": [7, 5, 6, 8], "texture": "#0"},
				"east": {"uv": [6, 5, 7, 8], "texture": "#0"},
				"south": {"uv": [6, 5, 7, 8], "texture": "#0"},
				"west": {"uv": [6, 5, 7, 8], "texture": "#0"},
				"up": {"uv": [6, 5, 7, 6], "texture": "#0"},
				"down": {"uv": [6, 7, 7, 8], "texture": "#0"}
			}
		},
		{
			"name": "combat_mg_8",
			"from": [7, 7, 0],
			"to": [8, 10, 1],
			"faces": {
				"north": {"uv": [8, 6, 7, 9], "texture": "#0"},
				"east": {"uv": [7, 6, 8, 9], "texture": "#0"},
				"south": {"uv": [7, 6, 8, 9], "texture": "#0"},
				"west": {"uv": [7, 6, 8, 9], "texture": "#0"},
				"up": {"uv": [7, 6, 8, 7], "texture": "#0"},
				"down": {"uv": [7, 8, 8, 9], "texture": "#0"}
			}
		},
		{
			"name": "combat_mg_9",
			"from": [8, 6, 0],
			"to": [10, 9, 1],
			"faces": {
				"north": {"uv": [10, 7, 8, 10], "texture": "#0"},
				"east": {"uv": [9, 7, 10, 10], "texture": "#0"},
				"south": {"uv": [8, 7, 10, 10], "texture": "#0"},
				"west": {"uv": [8, 7, 9, 10], "texture": "#0"},
				"up": {"uv": [8, 7, 10, 8], "texture": "#0"},
				"down": {"uv": [8, 9, 10, 10], "texture": "#0"}
			}
		},
		{
			"name": "combat_mg_10",
			"from": [1, 5, 0],
			"to": [2, 8, 1],
			"faces": {
				"north": {"uv": [2, 8, 1, 11], "texture": "#0"},
				"east": {"uv": [1, 8, 2, 11], "texture": "#0"},
				"south": {"uv": [1, 8, 2, 11], "texture": "#0"},
				"west": {"uv": [1, 8, 2, 11], "texture": "#0"},
				"up": {"uv": [1, 8, 2, 9], "texture": "#0"},
				"down": {"uv": [1, 10, 2, 11], "texture": "#0"}
			}
		},
		{
			"name": "combat_mg_11",
			"from": [5, 6, 0],
			"to": [6, 8, 1],
			"faces": {
				"north": {"uv": [6, 8, 5, 10], "texture": "#0"},
				"east": {"uv": [5, 8, 6, 10], "texture": "#0"},
				"south": {"uv": [5, 8, 6, 10], "texture": "#0"},
				"west": {"uv": [5, 8, 6, 10], "texture": "#0"},
				"up": {"uv": [5, 8, 6, 9], "texture": "#0"},
				"down": {"uv": [5, 9, 6, 10], "texture": "#0"}
			}
		},
		{
			"name": "combat_mg_12",
			"from": [10, 1, 0],
			"to": [11, 8, 1],
			"faces": {
				"north": {"uv": [11, 8, 10, 15], "texture": "#0"},
				"east": {"uv": [10, 8, 11, 15], "texture": "#0"},
				"south": {"uv": [10, 8, 11, 15], "texture": "#0"},
				"west": {"uv": [10, 8, 11, 15], "texture": "#0"},
				"up": {"uv": [10, 8, 11, 9], "texture": "#0"},
				"down": {"uv": [10, 14, 11, 15], "texture": "#0"}
			}
		},
		{
			"name": "combat_mg_13",
			"from": [11, 2, 0],
			"to": [12, 7, 1],
			"faces": {
				"north": {"uv": [12, 9, 11, 14], "texture": "#0"},
				"east": {"uv": [11, 9, 12, 14], "texture": "#0"},
				"south": {"uv": [11, 9, 12, 14], "texture": "#0"},
				"west": {"uv": [11, 9, 12, 14], "texture": "#0"},
				"up": {"uv": [11, 9, 12, 10], "texture": "#0"},
				"down": {"uv": [11, 13, 12, 14], "texture": "#0"}
			}
		},
		{
			"name": "combat_mg_14",
			"from": [9, 5, 0],
			"to": [10, 6, 1],
			"faces": {
				"north": {"uv": [10, 10, 9, 11], "texture": "#0"},
				"east": {"uv": [9, 10, 10, 11], "texture": "#0"},
				"south": {"uv": [9, 10, 10, 11], "texture": "#0"},
				"west": {"uv": [9, 10, 10, 11], "texture": "#0"},
				"up": {"uv": [9, 10, 10, 11], "texture": "#0"},
				"down": {"uv": [9, 10, 10, 11], "texture": "#0"}
			}
		},
		{
			"name": "combat_mg_15",
			"from": [12, 2, 0],
			"to": [13, 6, 1],
			"faces": {
				"north": {"uv": [13, 10, 12, 14], "texture": "#0"},
				"east": {"uv": [12, 10, 13, 14], "texture": "#0"},
				"south": {"uv": [12, 10, 13, 14], "texture": "#0"},
				"west": {"uv": [12, 10, 13, 14], "texture": "#0"},
				"up": {"uv": [12, 10, 13, 11], "texture": "#0"},
				"down": {"uv": [12, 13, 13, 14], "texture": "#0"}
			}
		},
		{
			"name": "combat_mg_16",
			"from": [8, 4, 0],
			"to": [9, 5, 1],
			"faces": {
				"north": {"uv": [9, 11, 8, 12], "texture": "#0"},
				"east": {"uv": [8, 11, 9, 12], "texture": "#0"},
				"south": {"uv": [8, 11, 9, 12], "texture": "#0"},
				"west": {"uv": [8, 11, 9, 12], "texture": "#0"},
				"up": {"uv": [8, 11, 9, 12], "texture": "#0"},
				"down": {"uv": [8, 11, 9, 12], "texture": "#0"}
			}
		},
		{
			"name": "combat_mg_17",
			"from": [13, 0, 0],
			"to": [14, 5, 1],
			"faces": {
				"north": {"uv": [14, 11, 13, 16], "texture": "#0"},
				"east": {"uv": [13, 11, 14, 16], "texture": "#0"},
				"south": {"uv": [13, 11, 14, 16], "texture": "#0"},
				"west": {"uv": [13, 11, 14, 16], "texture": "#0"},
				"up": {"uv": [13, 11, 14, 12], "texture": "#0"},
				"down": {"uv": [13, 15, 14, 16], "texture": "#0"}
			}
		},
		{
			"name": "combat_mg_18",
			"from": [9, 2, 0],
			"to": [10, 4, 1],
			"faces": {
				"north": {"uv": [10, 12, 9, 14], "texture": "#0"},
				"east": {"uv": [9, 12, 10, 14], "texture": "#0"},
				"south": {"uv": [9, 12, 10, 14], "texture": "#0"},
				"west": {"uv": [9, 12, 10, 14], "texture": "#0"},
				"up": {"uv": [9, 12, 10, 13], "texture": "#0"},
				"down": {"uv": [9, 13, 10, 14], "texture": "#0"}
			}
		},
		{
			"name": "combat_mg_19",
			"from": [14, 0, 0],
			"to": [15, 4, 1],
			"faces": {
				"north": {"uv": [15, 12, 14, 16], "texture": "#0"},
				"east": {"uv": [14, 12, 15, 16], "texture": "#0"},
				"south": {"uv": [14, 12, 15, 16], "texture": "#0"},
				"west": {"uv": [14, 12, 15, 16], "texture": "#0"},
				"up": {"uv": [14, 12, 15, 13], "texture": "#0"},
				"down": {"uv": [14, 15, 15, 16], "texture": "#0"}
			}
		},
		{
			"name": "combat_mg_20",
			"from": [15, 1, 0],
			"to": [16, 3, 1],
			"faces": {
				"north": {"uv": [16, 13, 15, 15], "texture": "#0"},
				"east": {"uv": [15, 13, 16, 15], "texture": "#0"},
				"south": {"uv": [15, 13, 16, 15], "texture": "#0"},
				"west": {"uv": [15, 13, 16, 15], "texture": "#0"},
				"up": {"uv": [15, 13, 16, 14], "texture": "#0"},
				"down": {"uv": [15, 14, 16, 15], "texture": "#0"}
			}
		}
	],
	"gui_light": "front",
	"display": {
		"thirdperson_righthand": {
			"rotation": [-40, -90, 0],
			"translation": [-5.75, 1.25, -2.25],
			"scale": [0.8, 0.8, 0.8]
		},
		"thirdperson_lefthand": {
			"rotation": [-40, 90, 0],
			"translation": [5.75, 1.25, -2.5],
			"scale": [0.8, 0.8, 0.8]
		},
		"firstperson_righthand": {
			"rotation": [1, -90, 35],
			"translation": [-5, 3.75, -2.5],
			"scale": [0.8, 0.8, 0.8]
		},
		"firstperson_lefthand": {
			"rotation": [0, 90, -35],
			"translation": [6, 4, -1.5],
			"scale": [0.8, 0.8, 0.8]
		},
		"ground": {
			"translation": [0, 3.5, 1.5],
			"scale": [0.8, 0.8, 0.8]
		},
		"gui": {
			"rotation": [14, -180, 0],
			"translation": [0.31, 1.75, 0]
		},
		"head": {
			"translation": [0, 13, 2]
		},
		"fixed": {
			"rotation": [1, -3, 90],
			"translation": [-0.25, -0.25, 7.5]
		}
	},
	"groups": [
		{
			"name": "combat_mg",
			"origin": [8, 8, 8],
			"color": 0,
			"children": [0, 1, 2, 3, 4, 5, 6, 7, 8, 9, 10, 11, 12, 13, 14, 15, 16, 17, 18, 19, 20]
		}
	]
}